최초 출현 연도,색인표제어,원어,단어 형성법,뜻풀이,빈도
2020,각자도생주의,(各自圖生主義),합성,제각기 살아갈 방법을 꾀하는 태도나 경향.,14
2020,감염병특별관리지역,(感染病特別管理地域),,감염병의 확산을 막기 위해 통상적인 수준보다 더 강한 방역 조치와 관리가 이루어지는 지역. 특정 지역을 중심으로 코로나19가 확산되기 시작하던 단계에서 효율적으로 방역 활동을 하기 위해 적용되었다.,310
2020,거스름돈계좌적립서비스,(거스름돈計座積立<영>service),,현금으로 계산한 후 거슬러 받은 돈을 구매자의 은행 계좌로 곧바로 입금해 주는 서비스. =잔돈 계좌 적립 서비스.,12
2020,건식세차장,(乾式洗車場),,"물을 이용하지 않고 에어건, 진공청소기 따위로 세차를 하는 세차장.",79
2020,게이밍숍,(<영>gaming shop),,게임 용품을 체험해 보고 구매할 수 있는 가게.,22
2020,격리생활시설,(隔離生活施設),,감염병 환자 혹은 감염병 검사 결과를 기다리는 사람이 사회와 분리된 채 일상적인 생활을 할 수 있도록 마련한 시설. 코로나19의 확산을 막기 위해 증상이 나타나거나 의심되는 사람들을 사회로부터 떼어 놓고 생활하도록 만들어 놓은 시설이다.,310
2020,공감소비운동,(共感消費運動),,"경제적 어려움을 겪는 소상공인 및 취약 계층에 공감대를 형성하면서 이들에게 경제적으로 도움을 주려는 사회적 운동. 코로나19의 확산으로 인해 지역 경제가 어려워지자 기독교계에서 시작한 운동으로, 부활절 헌금을 온누리 상품권으로 바꾸어 교인들에게 나누어 주고 전통 시장이나 지역 상가에서 물품을 산 후 물품이 필요한 취약 계층에게 전달하는 방식이다.",60
2020,공공생활권,(公共生活圈),,"사회 구성원들이 일상적으로 두루 활동하는 범위. 전통 시장, 공원, 광장, 버스 정류장, 관광 시설, 역사 주변 따위가 해당된다.",310
2020,공공선별진료소,(公共選別診療所),,"정부에서 사람들이 감염 여부를 검사받을 수 있도록 마련한 진료소. 코로나19의 확산으로 인해, 증상 유무나 역학적 연관성에 관계없이 누구나 감염 여부를 검사받을 수 있도록 만들어진 의료 시설이다.",33
2020,공공재정환수제도,(公共財政還收制度),,정당하지 않은 방법으로 구축한 정부의 재정을 도로 거두어들이는 제도.,310
2020,공기단백질,(空氣蛋白質),합성,"공기 중에 포함된 이산화 탄소, 질소, 산소 따위를 이용하여 만드는 단백질.",30
2020,공동주택사육허가제,(共同住宅飼育許可制),,"아파트, 연립 주택 따위의 공동 주택 내에서 맹견을 기르고자 할 때, 정부의 허가를 받도록 하는 제도.",26
2020,공유식기,(共有食器),,"공동으로 대여하여 사용하는 일인용 식판, 수저, 컵 따위의 식기구.",20
2020,공익기능증진직불금,(公益機能增進直拂金),,"농업, 어업 활동을 통해 지역을 유지하고 환경을 보전하는 등 사회 구성원 모두가 누릴 수 있는 편익을 높이기 위해 생산자에게 정부가 직접 보조하여 주는 돈.",32
2020,공익기능증진직불제,(公益機能增進直拂制),,"농업, 어업 활동을 통해 지역을 유지하고 환경을 보전하는 등 사회 구성원 모두가 누릴 수 있는 편익을 높이기 위해 생산자에게 정부가 직접 보조금을 주는 제도.",95
2020,공적마스크,(公的<영>mask),,"정부가 수급을 관리하는 마스크. 코로나19의 확산으로 마스크 품귀 현상이 발생함에 따라, 마스크 공급 문제를 해결하기 위해 생산량의 대부분을 정부에서 구매하여 공적 판매처를 통해 판매한 마스크이다.",310
2020,공적마스크제도,(公的<영>mask制度),,"공적 마스크 보급과 관련하여 만든 제도. 코로나19의 확산으로 마스크 품귀 현상이 발생함에 따라 정부에서 공적 마스크를 유통하기로 하고, 공적 마스크를 구매할 수 있는 날짜 및 장소, 구매량을 정한 제도이다. 2020년 2월 27일부터 시행되었고 이후 마스크 수급이 안정되자 2020년 7월 11일부로 폐지되었다.",310
2020,공적판매처,(公的販賣處),,"공적 마스크를 판매하는 장소. 또는 그 기관. 코로나19의 확산으로 마스크 품귀 현상이 나타나자 정부에서 공적 마스크 제도를 시행하면서 공적 마스크 판매를 지정한 장소이다. 일부 약국 및 의료 기관, 우체국, 공영 홈쇼핑 등이 이에 해당한다. =마스크 공적 판매처.",310
2020,공정신호등,(公正信號燈),,"영화의 상영관 점유율에 따라 색깔을 달리하여 표시하는 전산 시스템. 영화별 상영관 점유 상황을 관객들에게 안내하기 위한 시스템으로, 상영관 독과점을 방지하기 위해 도입되었다. 특정 영화의 점유율이 40%를 넘어가면 노란색으로, 50%를 넘어가면 빨간색으로 나타낸다.",55
2020,관내득표,(管內得票),,"사전 투표 시, 사전 투표소가 설치되어 있는 구, 시, 군에 주소를 둔 관내 선거인으로부터 얻은 찬성표.",80
2020,관외득표,(管外得票),,"사전 투표 시, 사전 투표소가 설치되어 있는 구, 시, 군 밖에 주소를 둔 관외 선거인으로부터 얻은 찬성표.",100
2020,교섭단체전권주의,(交涉團體專權主義),,교섭 단체가 그들의 권력을 통해 국회 운영의 의사 결정을 좌지우지하는 태도.,15
2020,교양툰,(敎養<영>←cartoon),합성,문화에 대한 깊은 지식 따위를 소재나 주제로 삼아 교양을 쌓는 데 도움을 주는 만화.,20
2020,교육재난지원금,(敎育災難支援金),,전국적인 재난 사태로 인해 학교에서 정상적인 수업을 받지 못한 학생들에게 지원하여 주는 돈. 코로나19의 확산으로 학생들이 학교에 가지 못하고 가정에서 온라인 학습 등을 함에 따라 가정에 전가된 경제적 부담을 덜어 주기 위해 일부 지방 자치 단체에서 지급하는 교육 지원금이다.,310
2020,국가기후비상사태,(國家氣候非常事態),,천재지변의 잦은 발생으로 인해 공공의 안녕 및 질서 유지가 힘들 정도로 국가가 혼란에 빠진 상태.,60
2020,국가돌봄병원,(國家돌봄病院),,"재난 및 공공 보건 위기에 대응하기 위해 국가 차원에서 설립 및 운영하는 병원. 국군 병원, 경찰 병원, 보훈 병원 등 기존 공공 의료 시설의 연계 및 협력 체계를 중심으로 한다.",6
2020,국가연구개발혁신법,(國家硏究開發革新法),,중앙 행정 기관이 연구 개발을 위해 지원하는 사업에 대한 관리 규정을 체계적으로 바꾼 법. 기존의 복잡한 관리 규정을 간소화ㆍ체계화하는 것을 주요 골자로 하여 연구자가 행정 업무에 대한 부담 없이 연구에 전념할 수 있도록 하는 것이 목적이다. 2020년 6월 9일 제정되었고 2021년 1월 1일부터 시행되었다.,310
2020,국민내일배움카드,(國民來日배움<영>card),,직업 능력 개발 훈련이 필요한 사람들이 관련된 지원을 받을 수 있도록 정부에서 발급하는 카드.,310
2020,국민안심마스크,(國民安心<영>mask),,"정부가 주도로 하여 생산하고 보급한 필터 교체형 면 마스크. 코로나19의 확산으로 마스크 품귀 현상이 발생함에 따라 일회용 보건 마스크를 대체하기 위해 제작된 마스크로, 이중으로 된 면 사이에 필터를 끼워 넣어 사용한다.",310
2020,국제초청결혼,(國際招請結婚),,국적이 다른 외국인을 청하여 국내로 불러 결혼하는 일.,17
2020,국평오,(國平五),축약,"‘국민들의 평균은 5등급‘을 줄여 이르는 말. 국민의 평균적인 지능이 수능 점수의 중간값인 5등급을 받는 수준이라는 뜻으로, 주로 상대방을 폄하하며 비난조로 이르는 말이다.",22
2020,귀가안심보험,(歸家安心保險),,집으로 돌아가는 길에 발생할 수 있는 사고로 인한 손해를 보상하는 보험.,310
2020,그린스테이,(<영>green stay),,"물, 에너지, 화학 물질 등의 불필요한 사용을 줄이는 친환경적 숙박 문화를 이르는 말.",310
2020,그린스완,(<영>green swan),,"기후 변화가 초래한 경제적 위기를 이르는 말. 전혀 예상하지 못했던 일로 인한 경제적 위기를 뜻하는 ‘블랙 스완’에서 나온 말로, 환경 오염으로 인한 이상 기후 현상이 막대한 경제적 비용을 발생시키며 엄청난 경제 위기를 맞을 수 있다는 의미로 사용된다.",310
2020,금스크,(金<영>←mask),혼성,금에 맞먹을 만큼 비싸고 귀한 마스크. 코로나19의 확산으로 마스크 품귀 현상이 발생하며 나타난 말이다.,189
2020,금융안정특별대출제도,(金融安定特別貸出制度),,한국은행이 민간 기업에서 발행한 회사채를 담보로 하여 은행 및 비은행 금융 기관에 자금을 빌려주는 제도. 회사채 시장의 안정을 꾀하고 금융 기관의 자금 조달을 돕기 위해 신설되었다.,310
2020,금융투자소득세,(金融投資所得稅),,금융 상품 및 투자 상품을 통해 실현된 모든 소득과 손실을 합산한 금액에 대하여 부과하는 세금.,310
2020,기간안정산업기금,(基幹安定産業基金),,"기간산업의 경영난 및 그에 따른 근로자의 고용 불안을 해소하기 위해 정부가 지급하는 기금. 코로나19의 확산으로 인해 기간산업계가 어려움을 겪자 정부가 지원하는 돈으로, 한국 산업 은행이 기업에 자금을 빌려주고 정부에서 지급 보증을 해 주는 형식으로 운영된다. 기간산업을 영위하는 기업이나 기간산업 기업을 지원하기 위해 설립된 회사 및 기구를 지원 대상으로 한다. =기간산업 기금, 기간산업 안정 기금.",11
2020,기간산업기금,(基幹産業基金),,"기간산업의 경영난 및 그에 따른 근로자의 고용 불안을 해소하기 위해 정부가 지급하는 기금. 코로나19의 확산으로 인해 기간산업계가 어려움을 겪자 정부가 지원하는 돈으로, 한국 산업 은행이 기업에 자금을 빌려주고 정부에서 지급 보증을 해 주는 형식으로 운영된다. 기간산업을 영위하는 기업이나 기간산업 기업을 지원하기 위해 설립된 회사 및 기구를 지원 대상으로 한다. =기간산업 안정 기금, 기간 안정 산업 기금.",310
2020,기간산업안정기금,(基幹産業安定基金),,"기간산업의 경영난 및 그에 따른 근로자의 고용 불안을 해소하기 위해 정부가 지급하는 기금. 코로나19의 확산으로 인해 기간산업계가 어려움을 겪자 정부가 지원하는 돈으로, 한국 산업 은행이 기업에 자금을 빌려주고 정부에서 지급 보증을 해 주는 형식으로 운영된다. 기간산업을 영위하는 기업이나 기간산업 기업을 지원하기 위해 설립된 회사 및 기구를 지원 대상으로 한다. =기간산업 기금, 기간 안정 산업 기금.",310
2020,기간산업안정자금,(基幹産業安定資金),,"기간산업의 경영난 및 그에 따른 근로자의 고용 불안을 해소하기 위해 정부가 지급하는 자금. 코로나19의 확산으로 인해 기간산업계가 어려움을 겪자 정부가 지원하는 돈으로, 한국 산업 은행이 기업에 자금을 빌려주고 정부에서 지급 보증을 해 주는 형식으로 운영된다. 기간산업을 영위하는 기업이나 기간산업 기업을 지원하기 위해 설립된 회사 및 기구를 지원 대상으로 한다.",310
2020,기간산업지원금,(基幹産業支援金),,"기간산업의 경영난 및 그에 따른 근로자의 고용 불안을 해소하기 위해 정부가 지급하는 지원금. 코로나19의 확산으로 인해 기간산업계가 어려움을 겪자 정부가 지원하는 돈으로, 한국 산업 은행이 기업에 자금을 빌려주고 정부에서 지급 보증을 해 주는 형식으로 운영된다. 기간산업을 영위하는 기업이나 기간산업 기업을 지원하기 위해 설립된 회사 및 기구를 지원 대상으로 한다.",37
2020,기본재난소득,(基本災難所得),,"전국적인 재난 사태로 인해 경제적으로 어려운 상황에 처한 사람이 기본 생활을 유지할 수 있도록 정부에서 지급하는 소득. 코로나19의 대유행으로 인한 경제적 위기 상황을 극복하기 위해 정부에서 국민들에게 지원금을 지급하는 방안을 논의하는 과정에서 나온 말이다. =재난 기본 소득, 재난 생계 소득.",304
2020,기본재난지원금,(基本災難支援金),,"전국적인 재난 사태로 인해 국민들에게 정부가 지급하는 지원금. 코로나19의 확산으로 인한 경제 위축이 장기화되자 국민들의 생계를 지원하고 위축된 소비 심리를 진작하기 위해 마련된 제도로, 지급 주체가 지방 자치 단체일 경우 각 지방 자치 단체에 따라 지급 내용과 용어가 조금씩 다르다.",33
2020,기부금특별법,(寄附金特別法),,지급된 긴급 재난 지원금을 수령하지 않고 국고로 기탁하는 금전에 대한 사항을 제정한 법률. 주요 내용은 코로나19의 경제적 파장으로 인해 국민에게 지급된 긴급 재난 지원금을 수령자가 스스로 국고로 기부 의사를 밝히고 기탁하거나 일정 기간 이내에 수령하지 않을 경우 자동적으로 기부금으로 간주된다는 것 따위이다.,186
2020,기안기금채권,(基安基金債券),,기간산업 안정 기금을 조성하기 위해 발행된 채권.,109
2020,기업구호긴급자금,(企業救護緊急資金),,국가의 경제 위기로 인해 도산 위기에 처한 기업들을 지원하기 위한 자금. 코로나19의 장기화로 인한 경제 위축 때문에 어려움을 겪는 기업들을 지원하는 돈이다.,310
2020,기후행동가,(氣候行動家),,기후 위기의 심각성을 느끼고 환경을 위해 일상 속에서 친환경적 행동을 실천하고 알리는 사람.,177
2020,긴급정서돌봄,(緊急情緖돌봄),,정서 조절에 어려움을 겪고 있는 학생들을 도와주기 위해 지방 자치 단체에서 지원 인력 및 공간을 제공하는 제도.,1
2020,긴급고용안정자금,(緊急雇傭安定資金),,"전국적인 재난 사태로 인해 소득 혹은 매출이 감소한 특수 형태 근로 종사자 및 프리랜서, 영세 자영업자 등의 취약 계층을 지원하기 위해 정부가 긴급하게 지급하는 자금. 코로나19의 확산과 그에 따른 경제 위기로 인해 마련된 제도이다.",310
2020,긴급고용안정지원금,(緊急雇傭安定支援金),,"전국적인 재난 사태로 인해 소득 혹은 매출이 감소한 특수 형태 근로 종사자 및 프리랜서, 영세 자영업자 등의 취약 계층을 지원하기 위해 정부가 긴급하게 지급하는 지원금. 코로나19의 확산과 그에 따른 경제 위기로 인해 마련된 제도이다. =긴급 고용 지원금.",310
2020,긴급고용유지지원금,(緊急雇傭維持支援金),,전국적인 재난 사태로 인한 경기 침체 속에서도 계속해서 근로자들의 고용을 유지하는 기업에 정부가 지원하는 자금. 코로나19의 확산으로 인한 경영 위기 속에서도 휴직 혹은 일시 휴업 따위를 이용하여 근로자들의 일자리를 보장해 주는 기업을 위해 정부가 지원하는 돈이다.,25
2020,긴급고용지원금,(緊急雇傭支援金),,"전국적인 재난 사태로 인해 소득 혹은 매출이 감소한 특수 형태 근로 종사자 및 프리랜서, 영세 자영업자 등의 취약 계층을 지원하기 위해 정부가 긴급하게 지급하는 지원금. 코로나19의 확산과 그에 따른 경제 위기로 인해 마련된 제도이다. =긴급 고용 안정 지원금.",289
2020,긴급돌봄제도,(緊急돌봄制度),,"전국적인 재난 사태가 발생한 상황에서 정부가 지정한 기관이 노인이나 아동 등을 맡아 돌보아 주는 제도. 코로나19의 확산으로 인해 대부분의 보육 시설 및 학교, 복지관 등이 문을 닫으면서 발생한 돌봄 공백을 없애기 위해서 마련된 제도이다.",127
2020,긴급돌봄지원단,(緊急돌봄支援團),,"전국적인 재난 사태로 인해 발생한 노인이나 장애인, 아동 등의 돌봄 공백을 해소하기 위해 지방 자치 단체와 고용 계약을 맺고 채용된 인력. 코로나19의 확산에 따라 자가 격리 대상자 또는 확진자로 분류된 노인 및 장애인과 지정된 전문 시설에 동반 입소하여 돌봄 서비스를 제공한다.",310
2020,긴급돌봄학교,(緊急돌봄學校),,전국적인 재난 사태가 발생한 상황에서 돌봄 교실을 운영하도록 정부가 지정한 학교. 코로나19의 확산으로 인해 대부분의 학교가 휴교함에 따라 발생한 돌봄 공백을 없애고 맞벌이 부부의 보육 부담을 줄이기 위해서 마련되었다.,136
2020,긴급민생지원금,(緊急民生支援金),,"생계에 어려움을 겪는 국민들에게 정부가 긴급하게 지급하는 지원금. 코로나19의 확산으로 인한 경제 위축이 장기화되자 국민들의 생계를 지원하고 위축된 소비 심리를 진작하기 위해 마련된 제도로, 지급 주체가 지방 자치 단체일 경우 각 지방 자치 단체에 따라 지급 내용과 용어가 조금씩 다르다.",310
2020,긴급생계수당,(緊急生計手當),,전국적인 재난 사태로 인해 경제적으로 어려운 상황에 처한 사람을 돕기 위해 정부에서 긴급하게 지급하는 수당. 코로나19의 대유행으로 인한 경제적 위기 상황을 극복하기 위해 정부에서 국민들에게 지원금을 지급하는 방안을 논의하는 과정에서 나온 말이다. =긴급 재난 수당.,25
2020,긴급생존자금,(緊急生存資金),,"전국적인 재난 사태로 인해 국민들에게 정부가 긴급하게 지급하는 자금. 코로나19의 확산으로 인한 경제 위축이 장기화되자 국민들의 생계를 지원하고 위축된 소비 심리를 진작하기 위해 마련된 제도로, 지급 주체가 지방 자치 단체일 경우 각 지방 자치 단체에 따라 지급 내용과 용어가 조금씩 다르다.",310
2020,긴급재난기본소득,(緊急災難基本所得),,"전국적인 재난 사태로 인해 경제적으로 어려운 상황에 처한 사람이 기본 생활을 유지할 수 있도록 정부에서 긴급하게 지급하는 소득. 코로나19의 대유행으로 인한 경제적 위기 상황을 극복하기 위해 정부에서 국민들에게 지원금을 지급하는 방안을 논의하는 과정에서 나온 말이다. =긴급 재난 소득, 긴급 재난 지원 소득.",310
2020,긴급재난기부금,(緊急災難寄附金),,긴급 재난 지원금을 수령한 사람의 자발적 의사에 따라서 환수된 모집 기부금과 긴급 재난 지원금을 기간 내에 수령하지 않아 자동적으로 환수된 의제 기부금을 아울러 이르는 말. 코로나19의 확산과 그에 따른 경제 위기로 인해 지급된 긴급 재난 지원금을 기부금으로 활용하여 주로 노동자들의 고용 불안을 해소하기 위한 고용 보험 기금으로 사용된다.,310
2020,긴급재난생계지원자금,(緊急災難生計支援資金),,"전국적인 재난 사태로 인해 생계에 어려움을 겪는 국민들에게 정부가 긴급하게 지급하는 자금. 코로나19의 확산으로 인한 경제 위축이 장기화되자 국민들의 생계를 지원하고 위축된 소비 심리를 진작하기 위해 마련된 제도로, 지급 주체가 지방 자치 단체일 경우 각 지방 자치 단체에 따라 지급 내용과 용어가 조금씩 다르다.",7
2020,긴급재난생계지원금,(緊急災難生計支援金),,"전국적인 재난 사태로 인해 생계에 어려움을 겪는 국민들에게 정부가 긴급하게 지급하는 지원금. 코로나19의 확산으로 인한 경제 위축이 장기화되자 국민들의 생계를 지원하고 위축된 소비 심리를 진작하기 위해 마련된 제도로, 지급 주체가 지방 자치 단체일 경우 각 지방 자치 단체에 따라 지급 내용과 용어가 조금씩 다르다. =긴급 재난 생활 지원금, 재난 긴급 생활 지원금.",310
2020,긴급재난생계비,(緊急災難生計費),,"전국적인 재난 사태로 인해 생계에 어려움을 겪는 국민들에게 정부가 긴급하게 지급하는 비용. 코로나19의 확산으로 인한 경제 위축이 장기화되자 국민들의 생계를 지원하고 위축된 소비 심리를 진작하기 위해 마련된 제도로, 지급 주체가 지방 자치 단체일 경우 각 지방 자치 단체에 따라 지급 내용과 용어가 조금씩 다르다. =긴급 재난 생활비, 재난 긴급 생활비.",310
2020,긴급재난생활지원금,(緊急災難生活支援金),,"전국적인 재난 사태로 인해 생계에 어려움을 겪는 국민들에게 정부가 긴급하게 지급하는 지원금. 코로나19의 확산으로 인한 경제 위축이 장기화되자 국민들의 생계를 지원하고 위축된 소비 심리를 진작하기 위해 마련된 제도로, 지급 주체가 지방 자치 단체일 경우 각 지방 자치 단체에 따라 지급 내용과 용어가 조금씩 다르다. =긴급 재난 생계 지원금, 재난 긴급 생활 지원금.",186
2020,긴급재난생활비,(緊急災難生活費),,"전국적인 재난 사태로 인해 생계에 어려움을 겪는 국민들에게 정부가 긴급하게 지급하는 비용. 코로나19의 확산으로 인한 경제 위축이 장기화되자 국민들의 생계를 지원하고 위축된 소비 심리를 진작하기 위해 마련된 제도로, 지급 주체가 지방 자치 단체일 경우 각 지방 자치 단체에 따라 지급 내용과 용어가 조금씩 다르다. =재난 긴급 생활비, 긴급 재난 생계비.",310
2020,긴급재난소득,(緊急災難所得),,"전국적인 재난 사태로 인해 경제적으로 어려운 상황에 처한 사람이 기본 생활을 유지할 수 있도록 정부에서 긴급하게 지급하는 소득. 코로나19의 대유행으로 인한 경제적 위기 상황을 극복하기 위해 정부에서 국민들에게 지원금을 지급하는 방안을 논의하는 과정에서 나온 말이다. =긴급 재난 기본 소득, 긴급 재난 지원 소득.",310
2020,긴급재난수당,(緊急災難手當),,전국적인 재난 사태로 인해 경제적으로 어려운 상황에 처한 사람을 돕기 위해 정부에서 긴급하게 지급하는 수당. 코로나19의 대유행으로 인한 경제적 위기 상황을 극복하기 위해 정부에서 국민들에게 지원금을 지급하는 방안을 논의하는 과정에서 나온 말이다. =긴급 생계 수당.,204
2020,긴급재난지원소득,(緊急災難支援所得),,"전국적인 재난 사태로 인해 경제적으로 어려운 상황에 처한 사람이 기본 생활을 유지할 수 있도록 정부에서 긴급하게 지급하는 소득. 코로나19의 대유행으로 인한 경제적 위기 상황을 극복하기 위해 정부에서 국민들에게 지원금을 지급하는 방안을 논의하는 과정에서 나온 말이다. =긴급 재난 기본 소득, 긴급 재난 소득.",187
2020,긴급재난금,(緊急災難金),,"전국적인 재난 사태로 인해 생계에 어려움을 겪는 국민들에게 정부가 긴급하게 지급하는 일정 금액의 현금 혹은 현물. 코로나19의 확산으로 인한 경제 위축이 장기화되자 국민들의 생계를 지원하고 위축된 소비 심리를 진작하기 위해 마련된 제도로, 지급 주체가 지방 자치 단체일 경우 각 지방 자치 단체에 따라 지급 내용과 용어가 조금씩 다르다.",310
2020,긴급청년수당,(緊急靑年手當),,전국적인 재난 사태로 인해 일자리를 잃거나 구직에 어려움을 겪고 있는 청년들을 위해 정부에서 긴급하게 지급하는 수당. 코로나19로 인한 재난 상황에서 지급되기 시작했다. =청년 긴급 수당.,15
2020,깜깜이감염,(깜깜이感染),,감염병 확진자의 감염 경로에 대한 정보가 매우 부족한 현상. 코로나19의 역학 조사 과정에서 확진자가 감염된 경로나 원인에 대해 정확하게 파악할 수 없는 경우를 이르는 말이다.,310
2020,꾸밈노동파업,(꾸밈勞動罷業),,"일하는 여성들이 자신들에게 요구되는 패션, 메이크업 따위의 용모 관리에 쓰이는 노동을 거부하고 중지하는 일.",18
2020,꾸안꾸룩,(꾸안꾸<영>look),,꾸민 듯하면서도 안 꾸민 듯한 자연스러운 느낌을 추구한 옷차림.,310
2020,끼니노동,(끼니勞動),,가정주부가 가족들의 끼니를 챙기기 위하여 들이는 노력. 또는 그러한 일.,2
2020,낀낀세대,(낀낀世代),,기성세대와 신세대 사이에 있는 ‘낀 세대’를 강조하여 이르는 말. 주로 1960년대에 태어난 오팔육 세대와 1980년대에 태어난 밀레니엄 세대 사이에 끼어 공동체주의와 개인주의를 모두 가지고 있는 세대를 이르는 말이다.,39
2020,내돈내산,,축약,"‘내 돈 주고 내가 삼’을 줄여 이르는 말. 주로 특정 제품의 사용 후기를 남길 때, 그 제품을 생산한 업체로부터 광고비를 일절 받지 않고 스스로 구매하여 남기는 솔직한 후기라는 사실을 강조하여 이르는 말이다.",310
2020,노마스크족,(<영>no mask族),,"마스크를 쓰려고 하지 않는 사람. 또는 그런 무리. 코로나19 바이러스, 인플루엔자 등의 병원체 감염을 막기 위해 감염을 매개하는 침방울을 차단해 주는 마스크를 써야함에도 불구하고 개인적인 불편함을 이유로 마스크를 쓰지 않아 다른 사람들에게 불안감을 주며 공공 보건을 저해하는 사람 또는 그런 무리를 이르는 말이다.",165
2020,노튜버존,(<영>▼no←Youtuber zone),,개인 방송용으로 영상을 촬영하는 사람들의 출입을 금지하는 곳.,35
2020,녹녹갈등,(綠綠葛藤),,"‘녹색과 녹색의 갈등’을 줄여 이르는 말. 온실가스 배출 등의 환경 문제를 해결하기 위해 풍력, 수력 따위의 재생 가능 에너지 개발을 추구하는 과정에서 오히려 또 다른 환경 문제가 발생할 경우에 생기는 의견 대립을 말한다.",14
2020,뉴트로국악,(<영>▼←new retro國樂),,현대 음악의 방식에 따라 재해석한 국악.,37
2020,단마토,(단<영>←tomato),혼성,일반적인 토마토에 비해 당도가 더 높은 토마토. 다량의 감미 성분을 포함하고 있는 스테비아를 이용하여 재배한 것으로 열량이 낮고 당도가 높다는 특징을 가진다.,310
2020,달고나커피,(달고나<영>coffee),합성,"인스턴트 커피 가루, 뜨거운 물, 설탕 등의 재료를 크림처럼 될 때까지 휘저은 후, 이를 우유 위에 올려 만든 커피. 베이킹 소다와 설탕으로 만든 과자인 달고나와 그 맛이 비슷하여 붙여진 이름이다. 코로나19의 확산과 그에 따른 사회적 거리 두기의 시행으로 인해 집에 머무르는 시간이 늘면서, 그 시간을 보낼 소일거리를 찾는 이들로부터 시작되었다.",310
2020,댕댕이피자,(댕댕이<이>pizza),,"반려견이 먹을 수 있도록 만든 피자. 강아지가 잘 소화할 수 있도록 밀가루 대신 쌀가루 반죽을 사용하고 그 위에 강아지가 좋아하는 소고기, 고구마, 닭 가슴살 따위를 토핑으로 올려 만든 것이 특징이다.",7
2020,덕분에챌린지,(德分에<영>challenge),,코로나19의 종식을 위해 일선에서 애쓰고 있는 의료진ㆍ자원봉사자ㆍ방역 종사자에게 존경과 감사를 전하는 국민 참여 캠페인. ‘존경’을 뜻하는 수어인 엄지 손가락을 펴서 세운 오른손 주먹을 왼쪽 손바닥 위에 올린 채로 환하게 웃는 모습을 사진으로 찍어 누리 소통망 서비스(SNS)에 올리고 다음 참여자를 지목하는 릴레이 방식으로 이어진다.,310
2020,도슨트북,(<영>docent book),,"공연이나 전시회 따위에서 관람객에게 공연이나 전시와 관련한 설명을 제공하기 위한 종이책, 전자책, 오디오 북 등을 통틀어 이르는 말. 미술관 혹은 박물관 등에서 관람객에게 전시와 관련된 설명을 해 주는 사람인 도슨트에서 따온 말이다. ⇒규범 표기는 미확정이다.",310
2020,돈쭐,,혼성,공익을 위해서 자발적으로 착한 행동을 한 가게 혹은 기업의 제품을 소비함으로써 그 행동을 격려하는 일을 이르는 말. ‘돈’과 ‘혼쭐내다’의 ‘혼쭐’을 결합하여 반어적으로 나타낸 말이다.,310
2020,돌밥돌밥,,축약,"‘돌아서면 밥 차리고 또 돌아서면 밥을 차림’을 줄여 이르는 말. 코로나19의 확산과 그에 따른 사회적 거리 두기의 시행으로 인해 가족 구성원들이 집에서 아침밥, 점심밥, 저녁밥을 모두 먹는 일이 많아지자 매끼 식사를 직접 준비하는 가정주부의 고됨을 표현한 말이다.",310
2020,동양인포비아,(東洋人<영>phobia),,동양 사람에 대하여 불안감과 거부감을 느끼는 증세. 코로나19 확산 초기에 일부 서양 사람들이 주변의 동양 사람들을 보균자로 간주하며 생겨난 말이다.,8
2020,동학개미,(東學개미),,"동학 개미 운동에 참여한 국내 개인 투자자들을 이르는 말. 코로나19의 확산과 그에 따른 경제 위기로 인해, 우리나라 주식 시장에서 외국인 투자자들의 대규모 매도세와 국내 개인 투자자들의 대규모 매수세가 맞물린 상황에서, 코스피 지수 및 코스닥 지수의 폭락을 막기 위해 매도된 매물을 조금이라도 매수한 사람을 말한다.",310
2020,동학개미운동,(東學개미運動),,"코스피 지수 및 코스닥 지수의 폭락을 막기 위한 국내 개인 투자자들의 대규모 매수세를 동학 농민 운동에 빗대어 이르는 말. 코로나19의 확산과 그에 따른 경제 위기로 인해, 우리나라 주식 시장에 대해 불안감을 느끼기 시작한 외국인 투자자들이 대규모 매도세를 이어 갔고, 이에 맞서 매도된 매물을 힘겹게 매수하여 우리나라 주식 시장을 지켜낸 국내 개인 투자자들의 모습과 그 상황이 1894년에 일어난 반외세 운동인 동학 농민 운동과 유사하여 붙여진 이름이다.",310
2020,뒷계정,(뒷計定),합성,자신의 신원을 직접적으로 드러내지 않은 채로 별도의 목적을 위해 만들어진 비공개 계정을 이르는 말.,12
2020,드라이브스루선별진료소,(<영>drive-through選別診療所),,"자동차에 탄 채로 감염병의 감염 여부를 검사 받을 수 있도록 마련한 곳. 코로나19의 급격한 확산으로 인해 진단 검사에 대한 수요가 늘어나자, 짧은 시간 내에 많은 사람들을 검사하고, 대기자 및 의료진의 교차 감염 위험을 줄이기 위해 도입된 의료 시설이다.",310
2020,등린이,(登린이),혼성,등산을 시작한 지 얼마 되지 않은 사람을 이르는 말. ‘등산’과 ‘어린이’를 합친 말이다. 코로나19의 확산을 방지하기 위해 실내에서 하는 활동의 많은 부분에서 제약이 생기자 여가 활동으로 등산에 관심을 가지기 시작한 사람들이 늘어나는 상황에서 나온 말이다.,310
2020,등원수업,(登園授業),,"어린이집, 유치원, 입시 학원 따위의 현실 공간에 마련된 교육 장소에 학생들이 직접 가서 듣는 수업. 온라인으로 행해지는 가상 수업에 반대되는 말이다.",310
2020,딥페이크물,(<영>deepfake物),접미 파생,인공 지능 기술을 활용하여 두 개 이상의 영상을 합성한 영상 편집물. 기존의 영상을 컴퓨터가 학습하게 한 후 대상이 되는 영상에 프레임 단위로 합성하여 가짜 영상을 만들어 내는 인공 지능 기술인 ‘딥페이크’를 사용하여 붙여진 이름이다. 특정 연예인이나 일반인의 영상을 기존의 성인 비디오에 합성하여 불법적으로 음란물을 만들어 내는 데 기술을 사용하고 있어 문제가 되고 있다. ⇒규범 표기는 미확정이다.,310
2020,랜선놀이,(<영>LAN線놀이),,온라인상에 있는 영상이나 글 따위를 보면서 집 안에서 하는 놀이. 코로나19의 확산과 그에 따른 사회적 거리 두기의 시행으로 인해 현실 공간에서의 모임이 제한되자 전파되었다.,218
2020,랜선문화,(<영>LAN線文化),,"현실 공간이 아닌 온라인을 통하여 이루어지는 문화. 코로나19의 확산으로 인해 현실 공간에서 이루어졌던 일, 교육, 사회생활, 문화생활 따위가 온라인상에서 이루어지는 것을 통틀어 이르는 말이다.",310
2020,랜선생파,(<영>LAN線生<영>←party),,"현실 공간이 아닌 온라인상에서 여는 생일 파티. 코로나19의 확산과 그에 따른 사회적 거리 두기의 시행으로 인해 현실 공간에서의 모임이 제한되자 전파되었으며, 주로 화상 회의 프로그램을 통해 모여서 생일을 축하하고 각자가 준비한 음식을 먹으며 대화를 나누는 행위 따위로 나타난다.",27
2020,랜선여행족,(<영>LAN線旅行族),,현실 공간이 아닌 온라인상에서 간접적으로 여행을 하는 사람. 또는 그러한 무리. 코로나19의 확산으로 인해 현실 공간에서의 여행이 제한되자 집 안에서 여행하고 싶은 장소와 관련된 영상을 보거나 누리 소통망 서비스(SNS)에 여행했던 사진을 게시하는 행위 따위를 하는 사람들을 이르는 말이다.,82
2020,랜선운동,(<영>LAN線運動),,온라인상에 있는 영상이나 글을 보면서 집 안에서 하는 운동. 혹은 집 안에서 화상 회의 프로그램을 통해 다른 사람들과 함께 하는 운동. 코로나19의 확산과 그에 따른 사회적 거리 두기의 시행으로 인해 현실 공간의 체육 시설 따위의 사용이 제한되자 전파되었다.,224
2020,랜선음악회,(<영>LAN線音樂會),,"현실 공간이 아닌 온라인상에서 여는 음악회. 코로나19의 확산과 그에 따른 사회적 거리 두기의 시행으로 인해 현실 공간에서의 음악회가 제한되자 전파되었으며, 실시간으로 송출된 소리 및 영상을 각자의 집에서 감상하는 방식으로 나타난다.",310
2020,랜선초대장,(<영>LAN線招待狀),,현실 공간이 아닌 온라인상 공간으로 초대하기 위해서 보내는 편지.,30
2020,랜선축하,(<영>LAN線祝賀),,"현실 공간이 아닌 온라인상에서 하는 축하. 코로나19의 확산과 그에 따른 사회적 거리 두기의 시행으로 인해 현실 공간에서의 모임이 제한되자 전파되었으며, 생일이나 어버이날 따위의 기념일에 화상 회의 프로그램을 통해 축하하는 마음을 전하며 대화를 나누는 등의 방식으로 나타난다.",63
2020,랜선호캉스,(<영>LAN線<영>←hotel<프>←vacance),,현실 공간이 아닌 온라인상으로 호텔 곳곳을 둘러보며 즐기는 휴가. 코로나19로 인해 밖에서 휴가나 여행을 즐기기 어려워진 데서 생겨난 말이다.,64
2020,마스크메이크업,(<영>▼mask makeup),,"마스크의 착용을 고려해 두고 하는 화장법. 마스크 착용 시 눈과 같이 보이는 부분을 강조하거나, 마스크에 화장품이 잘 묻어나지 않도록 하는 화장법 등을 뜻한다. 코로나19로 마스크의 착용이 일상화된 데에서 비롯된 말이다. =마스크 화장법.",310
2020,마스크없무새,(<영>mask없鵡새),,"“마스크 없어요.”라는 말을 앵무새처럼 반복하는 약사를 이르는 말. 코로나19의 확산으로 보건 마스크의 구입이 어렵던 시기에, 공적 마스크 판매를 맡은 약사가 마스크가 부족해서 손님에게 “마스크 없어요.”라는 말을 계속 반복했다는 데에서 비롯되었다.",22
2020,마스크프루프,(<영>▼mask proof),,장시간 마스크를 착용해도 화장이 지워지거나 묻어나지 않도록 하는 일. 코로나19로 인해 마스크 착용이 일상화된 데서 비롯되었다.,310
2020,마스크화장법,(<영>mask化粧法),,"마스크의 착용을 고려해 두고 하는 화장법. 마스크 착용 시 눈과 같이 보이는 부분을 강조하거나, 마스크에 화장품이 잘 묻어나지 않도록 하는 화장법 등을 뜻한다. 코로나19로 마스크의 착용이 일상화된 데에서 비롯된 말이다. =마스크 메이크업.",33
2020,마스크공적판매처,(<영>mask公的販賣處),,"공적 마스크를 판매하는 장소. 또는 그 기관. 코로나19의 확산으로 마스크 품귀 현상이 나타나자 정부에서 공적 마스크 제도를 시행하면서 공적 마스크 판매를 지정한 장소이다. 일부 약국 및 의료 기관, 우체국, 공영 홈쇼핑 등이 이에 해당한다. =공적 판매처.",310
2020,마스크오부제,(<영>mask五部制),,"일주일을 출생 연도별로 구분하여 지정 요일에만 마스크를 구입할 수 있게 한 제도. 코로나19의 확산으로 보건 마스크의 구입이 어렵게 되자, 월요일은 1ㆍ6년, 화요일은 2ㆍ7년, 수요일은 3ㆍ8년, 목요일은 4ㆍ9년, 금요일은 5ㆍ0년으로 출생 연도가 끝나는 사람들이 공적 판매처에서 정해진 수량의 마스크를 구매할 수 있었다. 2020년 3월 9일에 시행되어 2020년 7월 11일에 폐지되었다.",3
2020,마스크의무제,(<영>mask義務制),,실내와 실외에서 식사를 하는 등의 불가피한 경우를 제외하고 마스크의 착용을 의무화하는 제도. 코로나19의 감염과 확산을 막기 위하여 시행되었다.,15
2020,마코인,(<영>▼←mask Bitcoin),혼성,나날이 올라가는 마스크 가격을 가상 화폐 비트코인에 빗대어 이르는 말. 코로나19의 확산으로 마스크의 가격이 치솟자 생겨난 말이다.,10
2020,먹튜브,(먹←Youtube),혼성,먹는 방송을 주제로 하는 동영상 공유 서비스 채널을 이르는 말.,89
2020,멘탈데믹,(<영>▼metal←pandemic),혼성,공동체 전체에 정신적인 트라우마가 전염병처럼 유행하는 현상. 코로나19로 사회ㆍ경제적 손실 및 우울감이 전 세계적으로 확산되며 생겨난 말이다.,259
2020,몰수보호시설,(沒收保護施設),,보호받지 못하는 동물들을 몰수한 후 국가에서 안전하게 보호하기 위해 만든 시설. 특히 멸종 위기종인 반달가슴곰을 보호하기 위한 시설이다.,17
2020,무인적조관측시스템,(無人赤潮觀測<영>system),,"사람이 없이 적조 현상을 관찰하고 예측할 수 있는 시스템. 24시간 내내 적조 현상을 예찰할 수 있으며, 고수온ㆍ적조로 인한 피해를 예방하고 최소화하는 데 목적을 둔다.",8
2020,문고리드림,(門고리드림),,상대방에게 물건을 줄 때 직접 대면하지 않고 문고리에 물건을 걸어서 전달하는 일. 넓은 의미로 문고리뿐만 아니라 문 앞에 물건을 두는 일도 포함된다.,6
2020,미세먼지점검단,(微細먼지點檢團),,"미세 먼지 발생을 줄이기 위하여 과도한 미세 먼지 배출을 감시하고 단속하는 사람들의 무리. 불법적인 소각을 단속하고, 사업장에서 미세 먼지 저감 조치를 준수하는지 등을 확인하는 일을 한다.",20
2020,미세먼지떨이식수사,(微細먼지떨이式搜査),,아주 작은 잘못이나 흠이라도 찾기 위하여 빈틈없이 모조리 조사하는 방식의 수사를 비유적으로 이르는 말.,0
2020,미세먼지계절관리제,(微細먼지季節管理制),,"고농도 미세 먼지의 발생이 빈번한 12월부터 3월까지 평상시보다 강력한 관리와 대책으로 미세 먼지의 발생을 줄이기 위한 제도. 이 기간 동안 배출 가스 5등급 차량의 운행이 제한되며, 대기 오염 물질 배출 사업장이 집중 관리 대상이 된다.",310
2020,배달거지,(配達거지),,배달 중인 음식을 고객에게 전달하기 전에 몰래 빼 먹는 배달원을 속되게 이르는 말.,310
2020,베어마겟돈,(<영>bearmageddon),차용,통화 완화 정책을 사용해도 주가가 오히려 폭락하는 현상을 이르는 말. 성경에서 종말을 의미하는 ‘아마겟돈(Armageddon)’과 시세가 하락하는 주식 시장을 상징하는 ‘곰(bear)’을 결합하여 만든 말이다.,3
2020,부머리무버,(<영>boomer remover),,"베이비 부머 세대에게 치명적으로 작용할 수 있는 코로나19를 이르는 말. ‘베이비 부머’ 세대를 뜻하는 ‘부머(boomer)’와 없앤다는 의미의 ‘리무버(remober)’를 결합하여 만든 말로, 코로나19가 현재 노인 세대인 베이비 부머 세대에게 치명적으로 작용하여 사망으로 이르게 하는 경우가 많다는 데에서 유래하였다.",39
2020,분노방정식,(憤怒方程式),,"집값 폭등 이후 주택 보유 수에 따라 유주택자였던 사람, 무주택자, 1주택자, 다주택자가 각자의 상황에 따라 서로를 보는 태도를 나타낸 도식. 몇 년 전 집을 판 유주택자와 다주택자가 만나면 큰 전쟁이 일어나고, 무주택자와 1주택자 간에는 작은 전투가 일어나며, 다주택자는 무주택자를 멍청한 놈으로 여기고, 무주택자는 다주택자를 나쁜 놈으로 생각한다는 등의 내용이 포함된다.",4
2020,불매유탄,(不買流彈),,원래 불매하려는 상품과 직접적인 관계가 없는 상품의 불매가 이루어지는 일을 비유적으로 이르는 말.,10
2020,블랙아웃화요일,(<영>blackout火曜日),,"인종 차별을 규탄하는 시위에 연대와 지지를 표명하는 캠페인. 미국 음반사에서 시작된 이 캠페인은 2020년 6월 2일 화요일 업무를 중단하고 인종 차별에 항의한 것으로, 전 세계 대중 음악계와 방송계 등으로 확산되었다.",250
2020,비화이트국,(非<영>white國),접두 파생,정부가 외국과 교역 시 전략 물자 수출 절차를 간소화할 수 있도록 정한 우대국에 해당하지 않는 국가. =비백색 국가.,40
2020,비대면강의,(非對面講義),,"교수자와 학습자가 직접 마주하지 않고, 주로 온라인을 통해 이루어지는 강의. 코로나19로 직접적인 대면 활동이 제한되면서 생겨난 말이다.",310
2020,비대면시험,(非對面試驗),,"교수자와 학습자가 직접 마주하지 않고, 주로 온라인상에서 이루어지는 시험. 코로나19로 직접적인 대면 활동이 제한되면서 생겨난 말이다.",310
2020,비례신당,(比例新黨),,비례 대표제 선거에서 비례 대표 후보를 내기 위해 새로 만든 신당.,310
2020,비례연합공천,(比例聯合公薦),,여러 정당들이 같은 목적을 가지고 연합하여 단일한 비례 후보를 추천하는 일.,16
2020,비례연합정당,(比例聯合政黨),,비례 대표제 선거에서 정당의 득표수를 높이기 위하여 선거 연합의 방식으로 합쳐진 정당. =비례 연합당.,310
2020,비례연합당,(比例聯合黨),,비례 대표제 선거에서 정당의 득표수를 높이기 위하여 선거 연합의 방식으로 합쳐진 정당. =비례 연합 정당.,310
2020,비례위성정당,(比例衛星政黨),,비례 대표제 선거에서 비례 의석을 많이 확보하기 위하여 창당한 위성 정당. =비례 위성당.,310
2020,비례위성당,(比例衛星黨),,비례 대표제 선거에서 비례 의석을 많이 확보하기 위하여 창당한 위성 정당. =비례 위성 정당.,34
2020,비례자매정당,(比例姊妹政黨),,정치적 이념이 같은 사람들끼리 비례 대표제 선거에 대비하여 창당한 친선 관계의 정당.,49
2020,비례전문정당,(比例專門政黨),,연동형 비례 대표 선거제를 대비해서 정당들이 비례 대표 의석을 확보하기 위해 만든 정당.,265
2020,비말차단,(飛沫遮斷),,병원체의 감염을 매개할 수 있는 침방울을 통하지 못하게 함. 주로 비말로 매개되는 코로나19의 감염원을 차단한다는 의미에서 생겨난 말이다.,310
2020,비말마스크,(飛沫<영>mask),,"병원체의 감염을 매개할 수 있는 침방울의 유입을 차단하기 위해 쓰는 마스크. 주로 비말을 매개로 전파되는 코로나19를 예방하기 위해 쓰는 마스크의 한 종류이다. 보건 마스크에 비해 두께가 얇아 숨쉬기 편하면서도 덴탈 마스크와 비슷한 수준의 침방울 차단 효과가 있다. =비말 차단 마스크, 비말 차단용 마스크.",310
2020,비말차단마스크,(飛沫遮斷<영>mask),,"병원체의 감염을 매개할 수 있는 침방울의 유입을 차단하기 위해 쓰는 마스크. 주로 비말을 매개로 전파되는 코로나19를 예방하기 위해 쓰는 마스크의 한 종류이다. 보건 마스크에 비해 두께가 얇아 숨쉬기 편하면서도 덴탈 마스크와 비슷한 수준의 침방울 차단 효과가 있다. =비말 마스크, 비말 차단용 마스크.",310
2020,비말차단용마스크,(飛沫遮斷用<영>mask),,"병원체의 감염을 매개할 수 있는 침방울의 유입을 차단하기 위해 쓰는 마스크. 주로 비말을 매개로 전파되는 코로나19를 예방하기 위해 쓰는 마스크의 한 종류이다. 보건 마스크에 비해 두께가 얇아 숨쉬기 편하면서도 덴탈 마스크와 비슷한 수준의 침방울 차단 효과가 있다. =비말 마스크, 비말 차단 마스크.",310
2020,비백색국가,(非白色國家),,정부가 외국과 교역 시 전략 물자 수출 절차를 간소화할 수 있도록 정한 우대국에 해당하지 않는 국가. =비화이트국.,214
2020,비화이트리스트,(非<영>white list),,일본 정부가 외국과 교역 시 전략 물자 수출 절차를 간소화할 수 있도록 지정한 우대국 리스트에 포함되지 않는 국가들의 목록.,50
2020,뻥골프,(뻥<영>golf),합성,"공을 세게 쳐서 장타로 멀리 보낸 후, 그린 근처에서 웨지로 처리하는 방식의 골프 수법. 장타를 앞세워 비거리를 늘리는 데 주력하는 수법이다.",10
2020,사골차,(四骨車),합성,오랫동안 단종되지 않고 동일한 모델로 출시된 차를 오랜 시간 우려내는 사골에 비유하여 이르는 말.,7
2020,사스코로나바이러스이,(<영>SARS corona virus二),,코로나19를 일으키는 바이러스. 2003년에 유행한 사스(SARS)의 병원체인 사스 코로나바이러스와 구조가 비슷하여 붙인 이름이다.,0
2020,사이버술자리,(<영>cyber술자리),,"현실 공간이 아닌 온라인상에서 이루어지는 술자리. 코로나19로 대면 활동이 제한되면서 생겨난 말로, 각자의 공간에서 화상 카메라로 서로의 모습을 보면서 술을 마시는 자리를 의미한다.",3
2020,사전환자분류소,(事前患者分類所),,"응급실에 내원하기 전에 환자를 상태에 따라 분류하는 곳. 코로나19 감염 여부와 중증도에 따라 환자를 분류하는 곳으로, 응급실 내의 감염 문제를 해결하고 중증 응급 환자를 신속히 치료하기 위한 목적으로 설치되었다.",310
2020,사회진입활동비,(社會進入活動費),,"청년 정책 중 하나로, 미취업 청년의 구직을 돕기 위해 주는 지원금. 졸업 또는 중퇴 후 2년이 지나도록 취업하지 못한 청년에게 최대 300만 원까지 지원한다.",295
2020,산린이,(山린이),혼성,산에 오르기 시작한 지 얼마 되지 않은 사람. ‘산’과 ‘어린이’를 결합하여 만든 말로 등산 초보자를 의미한다. 코로나19의 확산을 방지하기 위해 실내에서 하는 활동의 많은 부분에서 제약이 생기자 여가 활동으로 등산에 관심을 가지기 시작한 사람들이 늘어나는 상황에서 나온 말이다.,310
2020,상거래신용등급,(商去來信用等級),,"상거래 신용 지수를 바탕으로 나눈 신용 등급. 한국형 상거래 신용 지수는 동종 업계 평균 대비 결제 기간, 고용 인원, 거래처 수 등을 토대로 산출하며, 이 지수를 기준으로 1~10 등급의 상거래 신용 등급이 나누어진다.",11
2020,상상코로나,(想像<영>←corona virus),,피로나 재채기와 같은 일상적인 증상에도 코로나19의 감염을 의심하는 현상.,126
2020,상생특별보증,(相生特別保證),,"정부ㆍ지자체ㆍ관련 업체가 협력하여 경제적으로 어려운 중소ㆍ중견 기업에 제공하는 보증. 코로나19로 경제적 위기를 겪고 있는 기업을 지원하기 위한 것으로, 정부ㆍ지자체ㆍ관련 업체가 보증 재원을 마련하면 보증 기관에서 해당 업체를 대상으로 보증하는 방식이다.",310
2020,생활지원사,(生活支援士),,노인 복지 관련 기관에서 노인에게 맞춤형 돌봄 서비스를 제공하는 사람. 전화나 방문을 통해 안부를 확인하고 기초적인 일상생활을 도와주는 일 등을 한다.,310
2020,생활방역수칙,(生活防疫守則),,"일상생활 속에서 전염병이 발생하거나 확산되는 것을 막기 위해 생활 속에서 지켜야 하는 전염병 예방 수칙. 경제 활동과 사회 활동을 하면서도 생활 속에서 코로나19를 예방하기 위해 지켜야 하는 규칙을 의미한다. 아프면 집에 머물기, 30초 이상 흐르는 물에 손 씻기 등이 이에 해당한다.",310
2020,생활방역시스템,(生活防疫<영>system),,일상생활 속에서 전염병이 발생하거나 확산되는 것을 막기 위한 방역 시스템. 경제 활동과 사회 활동을 하면서도 생활 속에서 코로나19를 예방하기 위한 방역 시스템을 의미한다.,310
2020,생활방역체계,(生活防疫體系),,일상생활 속에서 전염병이 발생하거나 확산되는 것을 막기 위한 방역 체계. 경제 활동과 사회 활동을 하면서도 생활 속에서 코로나19를 예방하기 위한 방역 체계를 의미한다.,310
2020,생활방역체제,(生活防疫體制),,일상생활 속에서 전염병이 발생하거나 확산되는 것을 막기 위한 방역 체제. 경제 활동과 사회 활동을 하면서도 생활 속에서 코로나19를 예방하기 위한 방역 체제를 의미한다.,310
2020,생활속거리두기,(生活속距離두기),,일상생활 속에서 전염병이 발생하거나 확산되는 것을 막기 위해 타인과 일정한 거리를 유지하는 일. 코로나19의 감염과 확산을 막기 위해 생겨난 말이다.,310
2020,생활치료센터,(生活治療<영>center),,"전염병에 걸렸으나 증상이 없거나 경미한 증상을 보이는 환자의 생활과 치료를 위한 시설. 코로나19의 확산으로 중증 환자의 병상 부족 문제를 해결하기 위해 만든 것으로, 일반 병원 외의 지정된 기숙사, 연수원 등의 시설이 이에 해당한다. =생활 치료 시설.",310
2020,생활치료시설,(生活治療施設),,"전염병에 걸렸으나 증상이 없거나 경미한 증상을 보이는 환자의 생활과 치료를 위한 시설. 코로나19의 확산으로 중증 환자의 병상 부족 문제를 해결하기 위해 만든 것으로, 일반 병원 외의 지정된 기숙사, 연수원 등의 시설이 이에 해당한다. =생활 치료 센터.",310
2020,선별검사센터,(選別檢査<영>center),,전염병 등의 감염 여부를 검사하기 위해 설치한 시설. 코로나19의 감염 여부를 검사하기 위한 시설이다.,310
2020,선별문진표,(選別問診表),,"전염병 등의 감염 여부를 파악하기 위하여, 사전에 준비된 질문에 간단히 답하는 문서. 코로나19의 감염 여부를 사전에 파악하기 위하여 발열 여부와 해외 방문 이력 등을 표시한다.",30
2020,성범죄백서,(性犯罪白書),,"법무부에서 발간한, 성범죄자와 재범자의 범행 특성을 분석하여 그 내용을 국민에게 알리기 위해 작성한 보고서. 2000년 성 매수자 신상 공개 제도가 도입되고 20여년 간 누적된 성범죄자 전원을 대상으로 분석한 내용이다.",310
2020,세계보건안전지수,(世界保健安全指數),,"전 세계 국가를 대상으로 전염병 대응 체계, 감지 및 보고, 대응의 신속성, 보건 체계 등을 평가하여 국가의 보건 안정성을 나타낸 지수. 영국의 경제 분석 기관인 이코노미스트 인텔리전스 유닛과 미국의 존스 홉킨스 대학이 공동으로 개발하였다.",35
2020,세대균형지표,(世代均衡指標),,형평성의 개념을 도입하여 사회‧경제적 기회 등에 있어 세대 간의 균형성을 나타내는 지표.,25
2020,세미브리더,(<영>semi breeder),접두 파생,오염 물질의 농도를 줄이기 위하여 용광로 꼭대기에 설치한 대기 오염 저감 장치.,182
2020,소득감소진술서,(所得減少陳述書),,"객관적으로 소득 감소를 증명할 자료가 없을 시, 소득 감소에 관한 내용을 본인이 스스로 작성한 문서. 정부가 코로나19로 소득이 감소하여 기존 대출의 원금을 상환하기 어려운 가계의 대출 원금 상환을 유예해 주었는데, 소득 감소를 증명할 수 없는 경우 소득 감소 진술서를 제출할 수 있도록 하였다.",32
2020,소방직무제,(消防職務制),,소방 직무를 채용 시점부터 일정 계급까지 구분하여 선택 직무로 근무하도록 하는 제도. 우수 인재를 확보하고 소방 직무의 전문성을 높이기 위한 제도이다.,13
2020,소부장산업,(素部裝産業),,"소재 산업, 부품 산업, 장비 산업을 아울러 이르는 말.",310
2020,소부장특별법,(素部裝特別法),,"소재ㆍ부품ㆍ장비와 관련한 산업의 대외 의존도를 낮추고 경쟁력을 강화하기 위해 제정한 법률. 2019년 7월부터 일본 정부가 반도체 생산에 필수적인 품목들을 한국으로 수출하는 데에 규제를 강화하였고, 이에 대응하기 위해 한국 정부에서 시행하였다. 2001년 제정된 ‘소재ㆍ부품 특별법’을 전면 개편하여 2019년 9월 국회에 발의되고 2020년 4월에 시행되었다. 정식 명칭은 ‘소재ㆍ부품ㆍ장비 산업 경쟁력 강화를 위한 특별 조치법’이다. =소재ㆍ부품ㆍ장비 산업 특별법.",310
2020,소액테크,(少額<영>tech),,소액이라도 벌거나 아껴서 돈을 모으는 일.,3
2020,소재부품장비산업특별법,(素材部品裝備産業特別法),,"소재ㆍ부품ㆍ장비와 관련한 산업의 대외 의존도를 낮추고 경쟁력을 강화하기 위해 제정한 법률. 2019년 7월부터 일본 정부가 반도체 생산에 필수적인 품목들을 한국으로 수출하는 데에 규제를 강화하였고, 이에 대응하기 위해 한국 정부에서 시행하였다. 2001년 제정된 ‘소재ㆍ부품 특별법’을 전면 개편하여 2019년 9월 국회에 발의되고 2020년 4월에 시행되었다. 정식 명칭은 ‘소재ㆍ부품ㆍ장비 산업 경쟁력 강화를 위한 특별 조치법’이다. =소부장 특별법.",155
2020,손실배수,(損失倍數),,"파생 결합 펀드에서, 원금 손실률을 계산하는 데에 쓰이는 배수. 금리 하회 폭에 손실 배수를 곱한 비율만큼 원금 손실이 발생한다.",310
2020,쇄국방역,(鎖國防疫),,"감염원이 외부에서 유입되는 것을 차단하기 위해, 국내로의 입국을 금지하거나 국경을 봉쇄하여 전염병의 발병과 확산을 막는 일. 코로나19의 감염과 확산을 막기 위하여 일부 나라에서 시행된 방역 조치이다.",8
2020,수리감염역학,(數理感染疫學),,미분 방정식이나 차분 방정식 등의 수학적 개념을 적용하여 전염병의 확산 과정을 파악하고 종식 시기 등을 예측하는 학문. 코로나19의 발병으로 수리 감염 역학에 대한 관심이 증가하게 되었다.,4
2020,수사심사관,(搜査審査官),,경찰서에서 사건의 수사 과정과 결과를 독립적으로 심사하는 일을 맡은 사람.,310
2020,수사심사관제,(搜査審査官制),,부실 수사와 유착 등을 막기 위해 수사 심사관이 사건의 수사 과정과 결과를 독립적으로 심사하는 제도.,35
2020,수소리포머,(水素<영>reformer),,액화 천연가스에서 수소를 추출하는 장치.,310
2020,수소사회형성법안,(水素社會形成法案),,수소 사회 형성을 위해 기반을 조성하고 수소 산업의 발전적인 생태계를 조성하기 위한 법안. 2019년 8월에 국회에서 발의되어 2020년 1월에 통과되었다.,47
2020,수출심사우대국,(輸出審査優待國),,정부가 외국과 교역 시 전략 물자 수출 절차를 간소화할 수 있도록 정한 국가. =수출 우대국.,310
2020,수출우대국,(輸出優待國),,정부가 외국과 교역 시 전략 물자 수출 절차를 간소화할 수 있도록 정한 국가. =수출 심사 우대국.,310
2020,스테이앳홈챌린지,(<영>stay at home challenge),,코로나19 감염을 예방하기 위해 생활 예방 수칙을 잘 지키면서 집에 머무르자는 메시지를 전달하는 챌린지. 집에서 재미있게 노는 모습을 촬영해서 자신의 누리 소통망 서비스(SNS) 계정에 올리는 방식으로 진행된다.,197
2020,스펙품앗이,(<영>spec품앗이),,부모들이 서로의 자녀에게 대입이나 취업 등에 활용할 수 있는 스펙을 불법적으로 만들어 주는 일.,310
2020,승차진료소,(乘車診療所),,차에 탄 채로 전염병의 감염 여부를 검사받을 수 있도록 마련한 시설이나 장소. 코로나19의 감염 여부를 검사하기 위한 선별 진료소의 한 유형이다.,199
2020,시니어상권,(<영>senior商圈),,노인들을 대상으로 하는 상업의 세력이 미치는 범위.,2
2020,시민애도장,(市民哀悼葬),,탈북민 모자를 추모하기 위해 일반 시민들이 함께 모여 지내는 장례.,38
2020,식빵세대,(食빵世代),,"1970년대에 태어난 세대로, 동일한 형태의 식빵처럼 개성이 없고 주어진 목적에 자신을 맞추고 순응하며 살아가는 세대.",1
2020,신속사용승인,(迅速使用承認),,"공중 보건의 위기 상황에 대응하기 위해, 의료 제품을 신속하게 사용할 수 있도록 승인하는 일. 코로나19의 전 세계적인 확산으로, 코로나19의 백신과 치료제 등에 대한 신속 사용 승인이 요구되었다.",109
2020,신속전액보증,(迅速全額保證),,"국가적 재난 상황으로 인한 경기 침체를 극복하기 위해, 경제적 위기를 겪은 영세 기업과 소상공인에게 일정 금액을 국가가 전액 신속하게 보증하는 일. 코로나19로 경제적 어려움을 겪은 영세 기업과 소상공인에게 최대 5,000만 원까지 국가가 전액 보증한다.",54
2020,신속통로제,(迅速通路制),,기업인들의 필수 경제 활동을 보장하기 위해 기업인의 입국 절차를 간소화하는 제도. 코로나19 검사에서 음성 판정을 받으면 격리를 면제받는다.,210
2020,신종코로나감염증,(新種<영>←corona virus感染症),,"사스 코로나바이러스 2(SARS-CoV-2)에 감염되어 발생하는 호흡기 증후군. 발열, 권태감, 기침, 호흡 곤란, 폐렴 따위의 다양한 호흡기 증상을 보인다. =신종 코로나바이러스 감염증, 코로나바이러스 감염증 일구.",310
2020,신종코로나바이러스감염증,(新種<영>corona virus感染症),,"사스 코로나바이러스 2(SARS-CoV-2)에 감염되어 발생하는 호흡기 증후군. 발열, 권태감, 기침, 호흡 곤란, 폐렴 따위의 다양한 호흡기 증상을 보인다. =신종 코로나 감염증, 코로나바이러스 감염증 일구.",310
2020,신중국공포,(新中國恐怖),,"미국과 중국 간의 신냉전 상황에서, 미국이 중국에 대해 느끼는 두려움.",1
2020,실버역세권,(<영>silver驛勢圈),,노년층이 자주 이용하는 시설이 분포하는 범위.,1
2020,실종아동주간,(失踪兒童週間),,사회적 차원에서 실종 아동에 대한 책임감을 불러일으키고 아동의 실종을 예방하기 위하여 특별히 정한 일정한 주간. 실종 아동의 날인 매년 5월 25일부터 일주일 동안의 기간이다.,79
2020,실효이자비용,(實效利子費用),,금융 기관에서 대출받은 금액에 대해 실제로 부담하는 이자 비용.,10
2020,쌉에이블,(쌉<영>able),합성,마땅히 할 수 있음.,2
2020,쌉파서블,(쌉<영>possible),합성,마땅히 할 수 있거나 될 수 있음.,28
2020,아동돌봄쿠폰,(兒童돌봄<영>coupon),,"아동 양육 가구의 부담을 덜기 위해 정부에서 지급하는 지원금. 코로나19로 인한 재난 상황에서 지급되기 시작했다. =아동 양육 쿠폰, 아이 돌봄 쿠폰.",310
2020,아동양육쿠폰,(兒童養育<영>coupon),,"아동 양육 가구의 부담을 덜기 위해 정부에서 지급하는 지원금. 코로나19로 인한 재난 상황에서 지급되기 시작했다. =아동 돌봄 쿠폰, 아이 돌봄 쿠폰.",140
2020,아베노마스크,(<일>Abeno mask),차용,"일본에서, 코로나19의 대유행으로 인한 마스크 부족 현상을 완화하기 위해 일본 정부가 가구당 2장씩 지급한 면 마스크. 배포된 마스크의 품질이 나빠 실용성이 떨어진다는 점을 아베 정권의 경제 정책 ‘아베노믹스’에 빗대어 비꼬는 말이다.",310
2020,아이돌봄쿠폰,(아이돌봄<영>coupon),,"아동 양육 가구의 부담을 덜기 위해 정부에서 지급하는 지원금. 코로나19로 인한 재난 상황에서 지급되기 시작했다. =아동 돌봄 쿠폰, 아동 양육 쿠폰.",20
2020,아이돌봄포인트,(아이돌봄<영>point),,아이를 돌보는 데 드는 비용을 줄이기 위해 지급하는 포인트. 정부에서 제공하는 양육 지원 서비스를 이용하는 카드로 지급받아 현금처럼 사용할 수 있다. 코로나19로 인한 재난 상황에서 지급되기 시작했다.,25
2020,안방요금,(안房料金),,극장에서 상영하는 영화를 텔레비전으로 관람하기 위해 지불하는 요금. 코로나19로 인한 재난 상황에서 최신 개봉 영화를 관람하는 장소가 다양화되면서 극장에서 영화를 관람하기 위해 지불하는 요금에 상대하여 이르는 말이다.,2
2020,안보삼각형,(安保三角形),,"한국과 미국, 일본이 연합하여 만든 안보 협력 체제를 이르는 말.",18
2020,안심가림막,(安心가림幕),,다른 사람의 시선을 차단해 사생활을 보호하거나 다른 사람과의 직접적인 접촉을 피하기 위하여 설치한 막. 주로 은행이나 관공서 등 대면 서비스가 필수적인 장소에서 코로나19의 확산을 방지하기 위해 사용된다.,283
2020,안심면회,(安心面會),,다른 사람과 직접 접촉하지 않고 가림막을 사이에 두거나 온라인으로 하는 면회. 주로 요양원이나 병원 등 코로나19의 감염에 취약한 사람들이 많은 장소에서 시행되기 시작했다.,310
2020,안심외래진료소,(安心外來診療所),,코로나19의 확산을 방지하고자 호흡기 질환 증상이 있는 환자들을 따로 진찰하기 위하여 마련한 진료소.,280
2020,애국테마주,(愛國<독>thema株),,국제 관계가 주식 시장에 영향을 미칠 때 자기 나라에 이롭거나 도움이 되기 위한 투자로 인해 거래가 급증하는 주식.,310
2020,애프터코로나,(<영>▼after←corona virus),,코로나19의 세계적 대유행이 종식된 뒤의 시기.,310
2020,약물치유법원,(藥物治癒法院),,범죄자의 약물 중독을 치유하여 재범을 방지하기 위하여 법원에서 운영하는 프로그램.,1
2020,양압차량,(陽壓車輛),,"양압 장치가 설비된 차량. 차량 내부의 압력을 대기압보다 높게 유지하여 병원균이나 화학 물질, 방사능 물질 등으로 오염된 외부 공기가 내부로 유입되지 않도록 막는다. =양압차.",4
2020,양압차,(陽壓車),합성,"양압 장치가 설비된 차량. 차량 내부의 압력을 대기압보다 높게 유지하여 병원균이나 화학 물질, 방사능 물질 등으로 오염된 외부 공기가 내부로 유입되지 않도록 막는다. =양압 차량.",3
2020,양육쿠폰,(養育<영>coupon),,자녀를 양육하는 부모의 부담을 줄이기 위해 정부에서 지급하는 지원금. 코로나19로 인한 재난 상황에서 지급되기 시작했다.,140
2020,양자보안폰,(量子保安<영>phone),,양자 암호 통신 기술을 바탕으로 한 칩 셋이 탑재되어 보안성이 뛰어난 휴대 전화.,310
2020,어린이생명법안,(어린이生命法案),,어린이의 생명을 안전하게 보호할 수 있는 법안을 통틀어 이르는 말.,38
2020,어선원보험법,(漁船員保險法),,어업에 종사하는 어선원과 어선에 대한 보험 제도를 실시하여 어선원의 재해를 보상하고 어선의 복구를 촉진하도록 제정된 법률. 정식 명칭은 ‘어선원 및 어선 재해 보상 보험법’이다.,6
2020,어퍼웨어,(<영>upperwear),차용,화상 회의나 영상 통화 따위를 하기 위해 상의만 차려입는 옷차림. 화면을 통해 주로 상체 쪽만 상대방에게 보이기 때문에 상의는 잘 차려입고 화면에 보이지 않는 하의는 편하게 입는다. 코로나19의 확산을 방지하기 위한 사회적 거리 두기의 일환으로 재택근무나 온라인 수업 따위가 일상화되는 상황에서 나온 말이다.,13
2020,언컨택트,(<영>▼uncontact),접두 파생,"다른 사람과 접촉하지 않음. 코로나19의 확산을 방지하기 위한 사회적 거리 두기의 일환으로 재택근무나 온라인 수업, 키오스크 주문 따위가 일반화되는 상황에서 나온 말이다.",310
2020,언택트경제,(<영>▼un←contact經濟),,다른 사람과 접촉하지 않고 이루어지는 경제 활동. 코로나19의 확산을 방지하기 위해 비대면으로 하는 경제 활동이 일반화되는 상황에서 나온 말이다.,310
2020,언택트러닝,(<영>▼un←contact learning),,교사와 학생이 접촉하지 않고 이루어지는 학습. 코로나19의 확산을 방지하기 위해 비대면으로 하는 학습 활동이 일반화되는 상황에서 나온 말이다.,153
2020,언택트범죄,(<영>▼un←contact犯罪),,다른 사람과 접촉하지 않고 저지르는 범죄. 코로나19의 확산을 방지하기 위해 비대면으로 하는 활동이 일반화되는 상황에서 나온 말이다.,96
2020,언택트산업,(<영>▼un←contact産業),,다른 사람과 접촉하지 않고 재화나 서비스를 공급하는 산업. 코로나19의 확산을 방지하기 위해 비대면으로 하는 활동이 일반화되는 상황에서 나온 말이다.,310
2020,언택트시네마,(<영>▼un←contact cinema),,직원이나 다른 손님과 접촉하지 않고 이용할 수 있는 극장. 코로나19의 확산을 방지하기 위해 비대면으로 하는 활동이 일반화되는 상황에서 나온 말이다.,272
2020,언택트영업,(<영>▼un←contact營業),,고객과 접촉하지 않고 상품이나 서비스를 판매하는 영업 전략. 코로나19의 확산을 방지하기 위해 비대면으로 하는 활동이 일반화되는 상황에서 나온 말이다.,310
2020,언택트존,(<영>▼un←contact zone),,직원과 접촉하지 않고 물건을 구매하거나 서비스를 제공받을 수 있는 곳. 코로나19의 확산을 방지하기 위해 비대면으로 하는 활동이 일반화되는 상황에서 나온 말이다.,274
2020,언택트주,(<영>▼un←contact株),합성,다른 사람과 접촉하지 않고 재화나 서비스를 공급하는 산업과 관련된 주식. 코로나19의 확산을 방지하기 위해 비대면으로 하는 활동과 관련된 산업이 발전하는 상황에서 나온 말이다.,310
2020,에코프로파일링,(<영>echo profiling),,범죄의 피해자나 증인에게 소리를 들려주고 사건과 관련한 기억을 떠올리게 하여 진술과 증거를 수집하는 방식.,1
2020,엔번방사건,(<영>n番房事件),,2019년 초 개설된 성 착취물 공유 단체 채팅방을 통해 일어난 사건. 대화 내용이 남지 않는 온라인 메신저를 이용하여 아동 및 청소년 등의 피해자를 협박해 성 착취물을 제작하고 이를 무상 또는 유상으로 유포한 디지털 성범죄 사건을 가리킨다.,170
2020,여객자동차운송플랫폼,(旅客自動車運送<영>platform),,"‘여객 자동차 운수 사업법’을 따라, 사람들의 수요에 따라 자동차를 이용하여 유료로 사람을 태워 나르는 서비스를 제공하는 플랫폼.",310
2020,연관검색어정화운동,(聯關檢索語淨化運動),,포털 사이트에 특정 어휘를 검색했을 때 나타나는 부정적인 연관 검색어를 긍정적인 것으로 바꾸려고 힘쓰는 일. 또는 그런 활동.,12
2020,연락제한요청권,(連絡制限要請權),,채무자의 정상적인 생활을 보장하기 위하여 추심에 관련한 연락을 제한해 달라고 요청할 수 있는 권리.,270
2020,연령서열주의,(年齡序列主義),,나이의 많고 적음을 중시하는 사고방식.,2
2020,오저치고,(오저<영>←chicken go),축약,‘오늘 저녁 치킨 고’를 줄여 이르는 말. 주로 치킨을 함께 먹을 것을 권할 때 쓰는 말이다.,85
2020,오케팅,(오<영>←ticketing),혼성,"온라인 쇼핑몰에서, 저렴하게 판매하는 오징어를 사기 위해 한꺼번에 많은 사람이 몰려 경쟁이 벌어지는 일을 이르는 말. 2020년 3월 30일, 코로나19로 인한 재난 상황으로 경제적 어려움을 겪는 어민을 돕기 위해 지자체와 유통업계가 협력하여 마련한 행사에서 비롯하였다.",310
2020,온라인개학,(<영>on-line開學),,방학이 끝난 후에 인터넷으로 수업을 다시 시작함. 코로나19의 확산을 방지하기 위해 온라인을 통해 2020년 1학기를 시작하면서 나온 말이다.,310
2020,온라인노인정,(<영>on-line老人亭),,과거에 유행했던 노래나 영상 따위의 콘텐츠를 즐기는 사람들이 모이는 온라인 공간을 ‘노인정’에 비유하여 이르는 말.,32
2020,온라인뷰잉룸,(<영>▼on-line viewing room),,온라인상으로 예술 작품을 감상할 수 있는 공간. 코로나19의 확산을 방지하기 위해 예술 작품을 전시하거나 판매하는 일을 온라인으로 진행하게 되면서 나온 말이다.,310
2020,온라인실버타운,(<영>▼on-line silver town),,과거에 유행했던 노래나 영상 따위의 콘텐츠를 즐기는 사람들이 모이는 온라인 공간을 ‘실버타운’에 비유하여 이르는 말.,2
2020,온라인탑골공원,(<영>▼on-line塔골公園),,과거에 유행했던 노래나 영상 따위의 콘텐츠를 즐기는 사람들이 모이는 온라인 공간을 ‘탑골 공원’에 비유하여 이르는 말.,310
2020,온택트,(<영>▼on←contact),혼성,온라인상으로 다른 사람과 접촉함. 코로나19의 확산을 방지하기 위해 온라인으로 하는 활동이 일반화되는 상황에서 나온 말이다.,310
2020,요린이,(料린이),혼성,요리를 처음 시작하거나 요리에 익숙하지 않은 사람을 이르는 말. 코로나19의 확산과 그에 따른 사회적 거리 두기의 시행으로 인해 외식을 하는 대신 집에서 요리하는 일에 관심을 가지기 시작한 사람들이 늘어나는 상황에서 나온 말이다.,310
2020,우한코로나,(Wuhan[武漢]<영>←corona virus),,"‘코로나바이러스 감염증 일구’를 달리 이르는 말. 2019년 12월 중국 우한시에서 집단으로 호흡기 질병에 감염되는 사건이 발생하자 이 질병을 일으킨 신종 코로나바이러스 감염증을 가리키는 말로 사용되었다. 지리적 위치를 나타내는 말이 병명에 포함되지 않도록 하는 더블유에이치오(WHO)의 2015년 지침에 따라 2020년 2월 더블유에이치오(WHO)에서는 ‘코비드 일구(COVID-19)’를 공식 명칭으로 발표하였고, 한국 정부에서는 ‘코로나바이러스 감염증-19’와 ‘코로나19’를 국내 공식 명칭과 그 약칭으로 발표하였다.",310
2020,우한폐렴,(Wuhan[武漢]肺炎▽),,"‘코로나바이러스 감염증 일구’를 달리 이르는 말. 이 질병에 감염된 사람이 폐렴과 비슷한 증상을 보이는 데서 비롯한 말이다. 2019년 12월 중국 우한시에서 집단으로 호흡기 질병에 감염되는 사건이 발생하자 이 질병을 일으킨 신종 코로나바이러스 감염증을 가리키는 말로 사용되었다. 지리적 위치를 나타내는 말이 병명에 포함되지 않도록 하는 더블유에이치오(WHO)의 2015년 지침에 따라 2020년 2월 더블유에이치오(WHO)에서는 ‘코비드 일구(COVID-19)’를 공식 명칭으로 발표하였고, 한국 정부에서는 ‘코로나바이러스 감염증-19’와 ‘코로나19’를 국내 공식 명칭과 그 약칭으로 발표하였다.",310
2020,워라밸일자리장려금,(<영>←work-life balance일자리奬勵金),,"자녀 돌봄이나 건강, 학업 따위의 사정에 따라 일하는 시간을 줄이고자 하는 근로자의 고용 유지를 장려하기 위해 정부에서 사업주에게 내어 주는 돈. 사업주는 해당 근로자의 단축 근로 시간에 대한 임금 감소액의 일부를 보전하거나, 간접 노무비 지급 또는 대체 인력 채용을 위한 비용으로 장려금을 활용할 수 있다. 코로나19로 인한 재난 상황에서 긴급 자녀 돌봄, 단축 근무를 통한 사회적 거리 두기 동참 등을 위하여 장려금의 신청이 급증하였다.",310
2020,워킹스루,(<영>▼walking through),합성,특정 장소에 걸어서 들어가거나 나오면서 서비스를 이용하는 방식. 코로나19의 확산을 방지하기 위해 활용되기 시작했다.,310
2020,워킹스루진료소,(<영>▼walking through診療所),,환자가 걸어서 들어가거나 나오면서 의료진에게 진료를 받을 수 있도록 설비를 갖춘 곳. 코로나19의 확산을 방지하기 위해 설치되기 시작했다.,310
2020,원격수업시대,(遠隔授業時代),,컴퓨터 통신 따위를 활용하여 교사와 학생이 직접 만나지 않고 수업이 이루어지는 시대. 코로나19의 확산을 방지하기 위해 온라인으로 하는 수업이 일반화되는 상황에서 나온 말이다.,170
2020,위기아동경보망,(危機兒童警報網),,학대를 당하고 있거나 학대로 의심되는 상태의 아동을 파악하고 구조할 수 있도록 구축한 체계.,9
2020,위기극복수당,(危機克服手當),,"경제적으로 위험한 시기를 극복할 수 있도록 정부에서 지급하는 수당. 코로나19의 대유행으로 인한 경제적 위기 상황을 극복하기 위해 고양시, 인천시 등에서 사용한 용어이다.",79
2020,위기관리참모훈련,(危機管理參謀訓鍊),,적의 도발이나 테러 따위의 위기 상황에 적절히 대처하는 방법을 가르치기 위한 훈련. 통상적으로 한국군과 주한 미군이 연합하여 실시하는 지휘소 연습의 예비 단계에서 이루어지는 훈련이다.,310
2020,위드코로나,(<영>▼with←corona virus),,코로나19를 통제하며 안전하게 생활하는 상황을 이르는 말.,310
2020,위성비례정당,(衛星比例政黨),,"2020년 제21 대 국회 의원 선거에서, 비례 대표 국회 의원을 더 많이 확보하고자 하는 거대 정당을 보조하기 위해 만들어진 정당.",310
2020,위험유포지수,(危險流布指數),,국가의 전략 물자에 관한 무역 관리 제도를 평가한 결과를 나타내는 지수. =위험 행상 지수.,15
2020,위험행상지수,(危險行商指數),,국가의 전략 물자에 관한 무역 관리 제도를 평가한 결과를 나타내는 지수. =위험 유포 지수.,40
2020,유덜트,(<영>▼←youthful adult),혼성,자기 자신을 꾸며 나이보다 젊어 보이는 성인.,8
2020,유튜버셀러,(<영>▼Youtuber seller),합성,동영상 공유 플랫폼에서 동영상을 만드는 사람이나 동영상에 출연한 사람이 소개하거나 추천하여 많이 팔린 책.,46
2020,으뜸효율가전,(으뜸效率家電),,에너지 소비 효율 등급이 높은 가정용 전자 기기.,310
2020,음향집게,(音響집게),,음파를 이용해 물체를 집는 도구.,22
2020,의료수어통역사,(醫療手語通譯士),,청각 장애인이나 언어 장애인이 의료 기관을 이용할 때 수화 언어를 모르는 의료진과 의사소통할 수 있도록 말을 전해 주는 사람.,98
2020,이시국여행,(이時局旅行),,많은 사람들이 코로나19의 확산을 방지하기 위해 노력하는 가운데 굳이 떠나는 여행을 비난조로 이르는 말.,70
2020,이학습터,(<영>←electronic學習터),,"초중등학교의 학생들과 교사들이 이용할 수 있는 온라인 교수 학습 사이트. 동영상 강의나 실시간 화상 수업을 통해 자율 보충 학습, 방과 후 수업, 학습 관리 등 학교 정규 수업의 보조적 수단으로 활용한다. 교육부와 전국 17개 시도 교육청에서 운영하며, 코로나19의 확산을 방지하기 위해 2020년 4월 온라인 개학을 하는 데에 이용되면서 학교 정규 수업의 보조적 수단뿐만 아니라 주 수단으로서도 활용되기 시작했다.",42
2020,이동검체채취,(移動檢體採取),,직접 병원에 방문하여 검사를 받기 어려운 환자를 위해 의료진이 병원 밖의 환자가 있는 곳으로 가서 검체를 받는 일. 코로나19의 의심 증상이 있는 환자를 신속하게 진단하여 질병의 확산을 방지하기 위해 시작되었다.,310
2020,이동선별진료,(移動選別診療),,일정한 기준에 따라 환자를 선별하여 병원 밖에서 진찰과 치료를 하는 일. 코로나19의 의심 증상이 있는 환자를 신속하게 진단하여 질병의 확산을 방지하기 위해 시작되었다.,310
2020,이동선별진료소,(移動選別診療所),,일정한 기준에 따라 환자를 선별하여 진찰과 치료를 하기 위해 자동차나 간이 시설을 따위를 활용하여 임시로 마련한 진료소. 코로나19의 의심 증상이 있는 환자를 신속하게 진단하여 질병의 확산을 방지하기 위해 설치되기 시작했다.,310
2020,이링기아,(<영>←Yilingia spiciformis),차용,"2019년에 중국 후베이성 이릉(夷陵)에서 발견한 선캄브리아 시대 후기에 번성한 것으로 추정되는 노래기처럼 생긴 화석 동물. 좌우 대칭의 형태인 몸통은 길이 약 10cm, 너비 약 0.6~2.5cm로, 연속된 마디로 이루어져 있다.",3
2020,이생집망,(이生집亡),축약,‘이번 생에 내 집 마련은 망했음’을 줄여 이르는 말. 주택의 가격이 급격히 오름에 따라 젊은 사람들이 스스로의 힘으로 주택을 사는 일이 점점 더 어려워지는 현실을 자조적으로 이르는 말이다.,310
2020,인싸커피,(<영>▼←insider coffee),,"‘인싸들이 마시는 커피’라는 뜻으로, 최근 사람들 사이에 인기가 있거나 화제가 된 커피의 종류를 가리키는 말. 코로나19의 확산을 방지하기 위해 커피숍이 아닌 집에서 즐길 수 있는 커피를 만드는 방법 따위를 누리 소통망 서비스(SNS)를 통해 공유하면서 나온 말이다.",5
2020,일시귀국생,(一時歸國生),,외국에서 유학하다가 잠시 귀국한 학생.,7
2020,일탈계정,(逸脫計定),,"누리 소통망 서비스(SNS)에서, 주로 사용하는 계정 이외에 일탈을 위해서 따로 사용하는 계정. =일탈계.",120
2020,일탈계,(逸脫計),합성,"누리 소통망 서비스(SNS)에서, 주로 사용하는 계정 이외에 일탈을 위해서 따로 사용하는 계정. =일탈 계정.",310
2020,임금직무정보시스템,(賃金職務情報<영>system),,"노동자와 사용자가 합리적인 임금 체계를 만들 수 있도록 임금과 직무에 관련한 정보를 제공하는 시스템. 고용 노동부에서 운영하는 시스템으로, 임금이나 직무에 대한 정보나 임금 체계를 개편한 사례 등을 찾아볼 수 있다.",310
2020,임시지방공휴일,(臨時地方公休日),,그때그때의 필요에 따라 지방 자치 단체에서 정한 공휴일.,4
2020,자가격리면제서,(自家隔離免除書),,"코로나19 대유행 이후에, 감염병의 확산을 방지하기 위하여 해외에서 입국한 사람들은 일정 기간 동안 자가 격리를 해야 하지만, 부득이한 사유로 자가 격리 의무를 면해 줄 필요가 있는 경우에 정부에서 발급하여 주는 문서. 배우자나 직계 존비속의 장례식 참석 등의 인도적 목적이나 공익적 목적을 위해 발급받을 수 있다.",310
2020,자가격리앱,(自家隔離<영>app),,"정부가 감염병의 확산 방지를 위하여 해외에서 입국한 이후 자가 격리 중인 사람들을 보호하고 관리하기 위하여 만든 애플리케이션. 사용자에게 자가 격리 생활 수칙, 감염병 증상에 대한 자가 진단, 전담 공무원의 비상 연락망 등의 정보를 제공한다. 코로나19의 확산을 방지하기 위해 사용되기 시작했다.",310
2020,자본심화지수,(資本深化指數),,상품을 만드는 데 필요한 요소들 가운데 노동력을 대체한 자원이 증가한 비율을 나타내는 지수. 이 지수가 높을수록 생산에서 노동력의 투입이 줄어들었음을 의미한다.,4
2020,자유계약점포,(自由契約店鋪),,기존의 가맹 계약이 만료되었거나 만료를 앞두고 있어 다른 회사와 자유롭게 계약할 수 있는 가맹점.,5
2020,자율공급망,(自律供給網),,"빅 데이터, 인공 지능 따위의 첨단 정보 기술에 기반하여 최적의 방법으로 제품을 공급하기 위한 연결망.",20
2020,작아격리,(작아隔離),,자가 격리를 하는 중에 살이 쪄서 옷이 작아진 것을 재미있게 이르는 말. 코로나19의 확산을 방지하기 위해 집에 있는 시간이 길어지고 활동량이 줄어들면서 급격히 살이 찐 사람들이 생긴 상황에서 나온 말이다.,63
2020,잔돈계좌적립서비스,(殘돈計座積立<영>service),,현금으로 계산한 후 거슬러 받은 돈을 구매자의 은행 계좌로 곧바로 입금해 주는 서비스. =거스름돈 계좌 적립 서비스.,84
2020,재난구조수당,(災難救助手當),,재난을 당하여 어려움에 빠진 사람을 돕기 위해 정부에서 지급하는 수당. 코로나19의 대유행으로 인한 경제적 위기 상황을 극복하기 위해 정부에서 국민들에게 지원금을 지급하는 방안을 논의하는 과정에서 나온 말이다.,20
2020,재난극복수당,(災難克服手當),,"전국적인 재난 사태로 인해 경제적으로 어려운 상황에 처한 사람을 돕기 위해 정부에서 지급하는 수당. 코로나19의 대유행으로 인한 경제적 위기 상황을 극복하기 위해 정부에서 국민들에게 지원금을 지급하는 방안을 논의하는 과정에서 나온 말이다. =재난 생계 수당, 재난 수당.",289
2020,재난기본소득,(災難基本所得),,"전국적인 재난 사태로 인해 경제적으로 어려운 상황에 처한 사람이 기본 생활을 유지할 수 있도록 정부에서 지급하는 소득. 코로나19의 대유행으로 인한 경제적 위기 상황을 극복하기 위해 정부에서 국민들에게 지원금을 지급하는 방안을 논의하는 과정에서 나온 말이다. =기본 재난 소득, 재난 생계 소득.",310
2020,재난기본소득제,(災難基本所得制),,전국적인 재난 사태로 인해 경제적으로 어려운 상황에 처한 사람이 기본 생활을 유지할 수 있도록 정부에서 소득을 지급하는 제도. ‘재난 기본 소득’은 코로나19의 대유행으로 인한 경제적 위기 상황을 극복하기 위해 정부에서 국민들에게 지원금을 지급하는 방안을 논의하는 과정에서 나온 말이다.,283
2020,재난긴급생활지원금,(災難緊急生活支援金),,"전국적인 재난 사태로 인해 생계에 어려움을 겪는 국민들에게 정부가 긴급하게 지급하는 지원금. 코로나19의 확산으로 인한 경제 위축이 장기화되자 국민들의 생계를 지원하고 위축된 소비 심리를 진작하기 위해 마련된 제도로, 지급 주체가 지방 자치 단체일 경우 각 지방 자치 단체에 따라 지급 내용과 용어가 조금씩 다르다. =긴급 재난 생계 지원금, 긴급 재난 생활 지원금.",310
2020,재난긴급생활비,(災難緊急生活費),,"전국적인 재난 사태로 인해 생계에 어려움을 겪는 국민들에게 정부가 긴급하게 지급하는 비용. 코로나19의 확산으로 인한 경제 위축이 장기화되자 국민들의 생계를 지원하고 위축된 소비 심리를 진작하기 위해 마련된 제도로, 지급 주체가 지방 자치 단체일 경우 각 지방 자치 단체에 따라 지급 내용과 용어가 조금씩 다르다. =긴급 재난 생활비, 긴급 재난 생계비.",310
2020,재난긴급소득지원제도,(災難緊急所得支援制度),,재난을 당하여 경제적으로 긴급한 상황에 처한 사람이 기본 생활을 유지할 수 있도록 정부에서 소득을 지원하는 제도. 코로나19의 대유행으로 인한 경제적 위기 상황을 극복하기 위해 정부에서 국민들에게 지원금을 지급하는 방안을 논의하는 과정에서 나온 말이다.,1
2020,재난생계소득,(災難生計所得),,"전국적인 재난 사태로 인해 경제적으로 어려운 상황에 처한 사람이 기본 생활을 유지할 수 있도록 정부에서 지급하는 소득. 코로나19의 대유행으로 인한 경제적 위기 상황을 극복하기 위해 정부에서 국민들에게 지원금을 지급하는 방안을 논의하는 과정에서 나온 말이다. =기본 재난 소득, 재난 기본 소득.",310
2020,재난생계수당,(災難生計手當),,"전국적인 재난 사태로 인해 경제적으로 어려운 상황에 처한 사람을 돕기 위해 정부에서 지급하는 수당. 코로나19의 대유행으로 인한 경제적 위기 상황을 극복하기 위해 정부에서 국민들에게 지원금을 지급하는 방안을 논의하는 과정에서 나온 말이다. =재난 극복 수당, 재난 수당.",310
2020,재난생계지원금,(災難生計支援金),,"전국적인 재난 사태로 인해 생계에 어려움을 겪는 국민들에게 정부가 지급하는 지원금. 코로나19의 확산으로 인한 경제 위축이 장기화되자 국민들의 생계를 지원하고 위축된 소비 심리를 진작하기 위해 마련된 제도로, 지급 주체가 지방 자치 단체일 경우 각 지방 자치 단체에 따라 지급 내용과 용어가 조금씩 다르다. =재난 생활 지원금.",310
2020,재난생계비,(災難生計費),,"전국적인 재난 사태로 인해 생계에 어려움을 겪는 국민들에게 정부가 지급하는 비용. 코로나19의 확산으로 인한 경제 위축이 장기화되자 국민들의 생계를 지원하고 위축된 소비 심리를 진작하기 위해 마련된 제도로, 지급 주체가 지방 자치 단체일 경우 각 지방 자치 단체에 따라 지급 내용과 용어가 조금씩 다르다. =재난 생활비.",310
2020,재난생활안정자금,(災難生活安定資金),,"전국적인 재난 사태로 인해 생계에 어려움을 겪는 국민들에게 정부가 지급하는 자금. 코로나19의 확산으로 인한 경제 위축이 장기화되자 국민들의 생계를 지원하고 위축된 소비 심리를 진작하기 위해 마련된 제도로, 지급 주체가 지방 자치 단체일 경우 각 지방 자치 단체에 따라 지급 내용과 용어가 조금씩 다르다.",100
2020,재난생활지원금,(災難生活支援金),,"전국적인 재난 사태로 인해 생계에 어려움을 겪는 국민들에게 정부가 지급하는 지원금. 코로나19의 확산으로 인한 경제 위축이 장기화되자 국민들의 생계를 지원하고 위축된 소비 심리를 진작하기 위해 마련된 제도로, 지급 주체가 지방 자치 단체일 경우 각 지방 자치 단체에 따라 지급 내용과 용어가 조금씩 다르다. =재난 생계 지원금.",262
2020,재난생활비,(災難生活費),,"전국적인 재난 사태로 인해 생계에 어려움을 겪는 국민들에게 정부가 지급하는 비용. 코로나19의 확산으로 인한 경제 위축이 장기화되자 국민들의 생계를 지원하고 위축된 소비 심리를 진작하기 위해 마련된 제도로, 지급 주체가 지방 자치 단체일 경우 각 지방 자치 단체에 따라 지급 내용과 용어가 조금씩 다르다. =재난 생계비.",310
2020,재난소득기금,(災難所得基金),,전국적인 재난 사태로 인해 소득이 줄어든 국민들을 지원하기 위해 정부에서 마련한 기금. 코로나19로 인한 재난 상황에서 기금을 마련하기 시작했다.,29
2020,재난수당,(災難手當),,"전국적인 재난 사태로 인해 경제적으로 어려운 상황에 처한 사람을 돕기 위해 정부에서 지급하는 수당. 코로나19의 대유행으로 인한 경제적 위기 상황을 극복하기 위해 정부에서 국민들에게 지원금을 지급하는 방안을 논의하는 과정에서 나온 말이다. =재난 극복 수당, 재난 생계 수당.",310
2020,재량간주시간근로제,(裁量看做時間勤勞制),,근로 시간을 측정하기 어려운 직무를 담당하는 근로자가 스스로 업무 시간을 정하여 근무할 수 있도록 하는 제도.,6
2020,재미슬쩍꾼,,,이야기나 영화 따위의 줄거리를 아직 모르는 사람이 직접 내용을 확인하기 전에 중요한 내용을 그 사람에게 미리 알려서 재미를 잃게 만드는 사람.,2
2020,재양성자,(再陽性者),접미 파생,바이러스 따위의 병원체에 감염되어 완치되었다가 다시 같은 종류의 감염원으로 인해 감염된 사람.,310
2020,전자보석제도,(電子保釋制度),,전자 기기를 사용하여 실시간으로 이동 경로 따위를 관리하는 조건으로 형사 피고인을 풀어 주는 제도.,200
2020,전자수행추적시스템,(電子隨行追跡<영>system),,지피에스와 영상분석 기법을 이용해 운동선수들의 이동 경로 및 이동량 따위의 정보를 파악함으로써 선수 관리에 대한 데이터를 생성하는 시스템.,4
2020,젊집사,,축약,‘젊을 때 집을 사라’를 줄여 이르는 말. 집을 사는 것이 점점 어려워질 것이라는 불안감에 젊은 세대들이 빚을 내서 내 집 마련에 뛰어드는 현상에서 비롯된 말이다.,2
2020,정보감염증,(情報感染症),,사실 확인 없이 과도하게 생산되어 유통되는 정보에 과민하게 반응하는 현상을 일컫는 말. 코로나19와 관련하여 확인되지 않은 정보가 급속히 퍼지면서 혼란을 가져오는 데서 생겨난 말이다.,310
2020,종합지급결제사업,(綜合支給決濟事業),,"은행의 예금이나 여신 업무를 제외한, 계좌 이체, 각종 대금이나 공과금 납부 따위의 계좌를 기반으로 한 서비스를 단일한 온라인 플랫폼을 통해 제공하는 사업. =종합 지급 결제업.",310
2020,종합지급결제사업자,(綜合支給決濟事業者),,"은행의 예금이나 여신 업무를 제외한, 계좌 이체, 각종 대금이나 공과금 납부 따위의 계좌를 기반으로 한 서비스를 단일한 온라인 플랫폼을 통해 제공하는 사업자. =종합 지급 결제업자.",310
2020,종합지급결제업,(綜合支給決濟業),,"은행의 예금이나 여신 업무를 제외한, 계좌 이체, 각종 대금이나 공과금 납부 따위의 계좌를 기반으로 한 서비스를 단일한 온라인 플랫폼을 통해 제공하는 사업. =종합 지급 결제 사업.",310
2020,종합지급결제업자,(綜合支給決濟業者),,"은행의 예금이나 여신 업무를 제외한, 계좌 이체, 각종 대금이나 공과금 납부 따위의 계좌를 기반으로 한 서비스를 단일한 온라인 플랫폼을 통해 제공하는 사업자. =종합 지급 결제 사업자.",166
2020,좋반,,축약,"‘좋아요 반사’를 줄여 이르는 말. 누군가가 자신의 게시물에 ‘좋아요’를 누르면, 나도 상대방의 게시물에 ‘좋아요’를 누르겠다는 것을 말한다.",38
2020,줌폭탄,(Zoom폭탄),합성,화상 회의에 초대받지 않은 사람들이 무단으로 참여하여 정상적인 회의 진행을 방해하는 행위. 코로나19로 인한 재난 상황에서 비대면 상황이 많아지면서 생겨난 말이다.,27
2020,집중감염원,(集中感染源),,한정된 공간에 있는 사람들 사이에서 바이러스나 세균을 퍼뜨리는 근원. 또는 그러한 공간이나 장소. 코로나19로 인한 재난 상황에서 만들어진 말이다.,4
2020,집중사냥지역,(集中사냥地域),,아프리카 돼지 열병 바이러스에 감염된 동물의 폐사체가 발견된 곳을 중심으로 300㎢ 내의 지역을 이르는 말.,252
2020,집콕시대,(집콕時代),,집에서 보내는 시간이 길어진 시대. 코로나19로 인한 외부 활동 제한으로 생겨난 말이다.,310
2020,집콕요리,(집콕料理),,외식 대신 집에서 음식을 만듦. 또는 그 음식. 코로나19로 인한 외부 활동 제한으로 생겨난 말이다.,199
2020,집콕운동,(집콕運動),,집 안에서 간단하게 할 수 있는 운동. 코로나19로 인한 외부 활동 제한으로 생겨난 말이다.,310
2020,집터파크,(집<영>←water park),,집에서 물놀이를 하며 워터 파크에서 노는 듯한 분위기를 내는 일. 또는 그 공간. 코로나19로 인해 외부 활동에 제약이 생기면서 사용되는 말이다. =홈터 파크.,105
2020,차령공제율,(車齡控除率),,비영업용 승용차에 부과되는 자동차세를 차의 연식에 따라 일정한 금액을 감면하는 비율.,6
2020,채식선택제,(菜食選擇制),,학교 급식에서 채식을 원하는 학생들이 채식 식단을 선택할 수 있도록 하는 제도.,175
2020,책값반환제,(冊값返還制),,신간을 구입해 읽고 난 후 구입한 서점이나 거주하는 지자체에 반납하면 지자체의 예산으로 책 구매자에게 책값을 돌려주는 제도.,309
2020,청년긴급수당,(靑年緊急手當),,전국적인 재난 사태로 인해 일자리를 잃거나 구직에 어려움을 겪고 있는 청년들을 위해 정부에서 긴급하게 지급하는 수당. 코로나19로 인한 재난 상황에서 지급되기 시작했다. =긴급 청년 수당.,145
2020,청무피사,(請무<영>←premium사),축약,"‘청약은 무슨, 피 주고 사라’를 줄여 이르는 말. 아파트 청약의 경쟁률이 높아지면서 청약 당첨을 통해 아파트를 구입하기 어려워진 상황을 말한다.",80
2020,청포족,(請抛族),접미 파생,아파트 청약 제도를 이용해서 아파트를 구매하는 일을 포기하는 사람. 또는 그런 무리.,310
2020,촌므파탈,(村<프>←homme fatale),혼성,세련됨이 없이 어수룩한 데가 있지만 매력적인 남성 캐릭터를 이르는 말.,310
2020,취합검사기법,(聚合檢査技法),,"같은 병원체에 의한 감염자가 동시다발적으로 발생할 때 감염 여부를 확인하는 검사 방법의 하나. 여러 명의 검체를 섞은 검체를 검사하고 여기서 양성이 나오면 다시 개별검사를 하는 방식으로 이루어진다. 코로나19와 같이 전국적인 감염이 발생할 때 사용되는 검사 기법이다. =취합 검사법, 혼합 검사법, 혼합 검체 기법.",146
2020,취합검사법,(聚合檢査法),,"같은 병원체에 의한 감염자가 동시다발적으로 발생할 때 감염 여부를 확인하는 검사 방법의 하나. 여러 명의 검체를 섞은 검체를 검사하고 여기서 양성이 나오면 다시 개별검사를 하는 방식으로 이루어진다. 코로나19와 같이 전국적인 감염이 발생할 때 사용되는 검사 기법이다. =취합 검사 기법, 혼합 검사법, 혼합 검체 기법.",310
2020,친환경집밥,(親環境집밥),,자연환경에 해를 주지 않으면서 생산한 식재료를 사용하여 집에서 직접 만들어 먹는 음식. 코로나19의 확산과 그에 따른 사회적 거리 두기의 시행으로 인해 외식 대신 집에서 건강한 식재료로 음식을 만들어서 식사를 하는 일에 관심이 높아지는 상황에서 나온 말이다.,48
2020,카피방,(<영>copy房),합성,다른 단톡방에서 생산되고 공유되었던 자료들을 복제하여 다시 배포하는 단톡방.,5
2020,캠린이,(<영>←camping린이),혼성,캠핑을 즐기기 시작한 지 얼마 되지 않아 캠핑과 관련된 활동에 서툰 사람. 코로나19의 확산을 방지하기 위해 실내에서 하는 활동의 많은 부분에서 제약이 생기자 여가 활동으로 캠핑에 관심을 가지기 시작한 사람들이 늘어나는 상황에서 나온 말이다.,310
2020,케이방역,(K防疫),,감염병에 대처하는 한국의 방역 체계를 일컫는 말. 코로나19의 전 세계적 확산 상황에서 사용되기 시작하였다.,260
2020,케이진단키트,(K診斷kit),,감염병에 걸렸는지를 간편하고 빠르게 진단하는 검사 기구 가운데 한국에서 개발하여 생산하는 검사 기구를 이르는 말. 코로나19의 전 세계적 확산 상황에서 사용되기 시작하였다.,1
2020,코돌이,(<영>←corona virus돌이),혼성,‘코로나돌이’를 줄여 이르는 말.,310
2020,코로나공조,(<영>←corona virus共助),,코로나19를 극복하기 위하여 여러 기관이나 국가들이 함께 협력하는 일.,263
2020,코로나대출,(<영>←corona virus貸出),,코로나19의 영향으로 수익이 감소한 소상공인과 중소기업 따위의 경제 주체에게 지원할 목적으로 하는 대출.,310
2020,코로나베이비,(<영>←corona virus baby),,코로나19가 유행하는 기간에 잉태되어 태어난 아기. =코로나둥이.,229
2020,코로나베이비붐,(<영>←corona virus baby boom),,코로나19로 인하여 집에 머무는 시간이 많아지면서 출생률이 급격하게 높아지는 현상.,47
2020,코로나보릿고개,(<영>←corona virus 보릿고개),,코로나19로 인해 경기가 침체하여 각 경제 주체의 재정 상태가 어려워진 상황을 비유적으로 이르는 말.,310
2020,코로나블랙,(<영>←corona virus black),,코로나19의 확산으로 인해 우울감보다 심한 좌절감이나 절망감 따위를 느끼는 상태.,310
2020,코로나블랙스완,(<영>←corona virus black swan),,코로나19가 전 세계의 사회와 경제에 영향을 주는 위기 상황을 이르는 말.,4
2020,코로나블랙홀,(<영>←corona virus black hole),,코로나19로 인해 코로나19와 직접적인 관련이 없는 여러 가지 쟁점들이 충분히 논의되지 못하고 사라지는 것을 비유적으로 이르는 말.,240
2020,코로나블루,(<영>←corona virus blue),,코로나19의 확산으로 인해 불안함이나 우울함을 느끼는 상태.,310
2020,코로나비만,(<영>←corona virus肥滿),,코로나19의 확산으로 활동량이 줄어들면서 생기는 비만.,163
2020,코로나사피엔스,(<영>←corona virus sapiens),,코로나19로 인해 기존과 달라진 삶의 방식으로 살아가게 된 인류를 비유적으로 이르는 말.,310
2020,코로나세대,(<영>←corona virus世代),,코로나19로 인해 학업이나 취업 따위에 영향을 받는 세대.,310
2020,코로나쇼크,(<영>←corona virus shock),,코로나19로 인해 세계 각국이 받은 사회 전반의 충격을 이르는 말.,310
2020,코로나수능,(<영>←corona virus修能),,코로나19의 확산세 속에 치러지는 대학 수학 능력 시험을 이르는 말.,310
2020,코로나수당,(<영>←corona virus手當),,코로나19로 인한 영향을 받는 사람들이나 코로나19 감염증과 관련한 업무에 직접적으로 종사하는 사람들을 대상으로 특별히 지급하는 수당.,175
2020,코로나신데렐라,(<영>←corona virus Cinderella),,코로나19의 확산으로 인해 급격한 성장세를 보인 기업을 비유적으로 이르는 말.,8
2020,코로나안개,(<영>←corona virus안개),,코로나19의 확산으로 인해 미래가 불확실한 상황을 비유적으로 이르는 말.,32
2020,코로나앱,(<영>←corona virus←application),,코로나19 확진자 현황이나 동선 따위의 코로나19와 관련된 정보를 확인할 수 있는 응용 프로그램.,310
2020,코로나우울감,(<영>←corona virus憂鬱感),,코로나19로 인해 외부 활동이 제한되면서 느끼는 답답하거나 언짢은 느낌을 이르는 말.,310
2020,코로나우울증,(<영>←corona virus憂鬱症),,코로나19 사태가 장기화되면서 외출 자제와 감염 불안감 등으로 인해 나타나는 우울 증세.,310
2020,코로나이혼,(<영>←corona virus離婚),,코로나19로 인해 부부가 가정에서 함께 보내는 시간이 많아지면서 갈등이 심해져 하게 되는 이혼. =코비디보스.,176
2020,코로나전쟁,(<영>←corona virus戰爭),,코로나19를 퇴치하기 위해 노력하는 것을 전쟁에 비유하여 이르는 말.,310
2020,코로나정치01,(<영>←corona virus政治),,코로나19 사태를 정치인의 잘못을 덮거나 정치적 경쟁 상대를 공격하는 수단 따위로 이용하는 행태.,0
2020,코로나정치02,(<영>←corona virus政治),,코로나19 사태에 대응하는 정치 행위.,0
2020,코로나채권,(<영>←corona virus債券),,코로나19에 대응하기 위한 자금 마련을 목적으로 발행하는 채권.,310
2020,코로나총선,(<영>←corona virus總選),,코로나19 사태 속에서 치러지는 총선.,310
2020,코로나특수,(<영>←corona virus特需),,코로나19의 유행으로 인해 특정 업종이 호황을 누리거나 특정 상품의 수요가 많아지는 것을 이르는 말.,310
2020,코로나팬데믹,(<영>←corona virus pandemic),,코로나19가 세계적으로 크게 유행하는 현상.,310
2020,코로나포비아,(<영>←corona virus phobia),,코로나19가 장기화되면서 사람들이 코로나19에 대해 두려움을 느끼는 증세.,310
2020,코로나피싱,(<영>←corona virus phishing),,코로나19 확진자의 경로나 무료 마스크 제공 따위의 정보를 문자 메시지나 이메일로 보내어 악성 사이트에 접속하도록 유도하는 유형의 사기 수법.,127
2020,코로나돌이,(<영>←corona virus돌이),접미 파생,코로나19가 유행하는 기간에 치른 선거에서 당선된 사람.,1
2020,코로나둥이,(<영>←corona virus둥이),접미 파생,코로나19가 유행하는 기간에 잉태되어 태어난 아기. =코로나 베이비.,15
2020,코로나일구,(<영>←corona virus一九),,‘코로나바이러스 감염증 일구’를 줄여 이르는 말.,175
2020,코로나바이러스감염증일구,(<영>←corona virus感染症一九),,"사스 코로나바이러스 이(SARS-CoV-2)에 감염되어 발생하는 호흡기 증후군. 발열, 권태감, 기침, 호흡 곤란, 페렴 따위의 다양한 호흡기 증상을 보인다. =신종 코로나 감염증, 신종 코로나바이러스 감염증.",0
2020,코로나칼립스,(<영>←corona virus apocalypse),혼성,코로나19로 인해 코로나19 사태 이전의 평범한 일상생활로 되돌아가기 힘든 상황을 종말에 빗대어 이르는 말.,2
2020,코로나케이션,(<영>coronacation),차용,코로나19로 인해 수업이 학교 현장에서 이루어지지 않고 집에 머물면서 온라인 비대면 수업으로 진행하는 상황을 방학에 빗대어 이르는 말.,40
2020,코로노미,(<영>←corona virus economy),혼성,코로나19가 경제 활동에 미치는 영향을 이르는 말. 코로나19를 뜻하는 ‘코로나(coronavirus)’와 경제를 뜻하는 ‘이코노미(economy)’를 결합하여 만든 말이다.,112
2020,코로노미쇼크,(<영>←corona virus←economy shock),,코로나19의 확산에 영향을 받아 발생하는 경제적 충격을 이르는 말.,97
2020,코로니얼세대,(<영>coronial 世代),,1980년대 초반부터 2000년대 초반에 출생한 밀레니얼 세대에 빗대어 코로나19 시대에 태어난 세대들을 이르는 말.,0
2020,코비드일구,(<영>COVID一九),,‘코로나바이러스 감염증 일구’를 달리 이르는 말. 세계 보건 기구에서 제안한 명칭이다.,4
2020,코비디보스,(<영>covidivorce),차용,코로나19로 인해 부부가 가정에서 함께 보내는 시간이 많아지면서 갈등이 심해져 하게 되는 이혼. =코로나 이혼.,83
2020,코비디엇,(<영>covidiot),차용,코로나19 예방을 위해 시행되는 방역 수칙이나 사회적 거리두기를 지키지 않는 사람을 이르는 말.,40
2020,큐레이터봇,(<영>curator bot),,미술관이나 박물관에서 전시 작품을 선정하거나 주제를 기획하기 위해 구축된 프로그램.,24
2020,큐코노미,(<영>▼←quarantine economy),혼성,코로나19로 인해 사람들이 외부 활동을 제한받음으로 인해 영향을 받는 경제 상황을 이르는 말.,58
2020,탑골가요,(塔골歌謠),,오래전에 유행했던 노래를 주로 나이 든 사람들이 많이 찾는 탑골 공원에 빗대어 이르는 말.,310
2020,탑골스타,(塔골<영>star),,오래전에 인기를 얻었던 연예인을 주로 나이 든 사람들이 많이 찾는 탑골 공원에 빗대어 이르는 말.,210
2020,택배없는날,(宅配없는날),,택배 기사들의 휴식을 위하여 택배 업무를 하지 않기로 지정한 날.,310
2020,턱스크,(턱<영>←mask),혼성,마스크를 올바르게 착용하지 않고 턱에 걸치는 것을 이르는 말. 여러 사람이 모이는 장소에서는 코로나19의 확산을 방지하기 위해 마스크가 입과 코를 완전히 덮도록 착용해야 한다는 정부의 방역 지침에 어긋나는 행위이다.,310
2020,퇴사플래너,(退社<영>planner),,사직서를 제출하거나 회사에 있는 개인 짐을 수거하는 따위의 퇴직과 관련된 일을 전문적으로 조력하는 사람.,4
2020,퇴식로봇,(退食<영>robot),,식사를 끝낸 빈 그릇을 올려 두면 이를 수거하여 세척을 하는 곳으로 자율적으로 이동하는 로봇.,190
2020,투게더앳홈,(<영>together at home),,인기 연예인들을 중심으로 시작된 코로나19 대응 기금 모금 운동의 하나. 온라인으로 자선 콘서트를 열어 코로나19 대응을 위한 기금을 모으는 방식으로 진행된다.,310
2020,트래블버블,(<영>travel bubble),,코로나19 확산과 관련하여 안정성이 보장된 국가들끼리 상호 협의하여 의무적인 격리 없이 이동하는 것을 허용하는 것을 이르는 말.,310
2020,파생포비아,(派生<영>phobia,,파생 상품에 대하여 두려움이나 거부감을 가져 파생 상품에 투자하는 것을 꺼리는 현상.,12
2020,팬티코딩,(<영>▼←panties coding),,코로나19로 인해 재택근무가 용이한 컴퓨터 프로그래머의 업무가 편한 옷차림으로 이루어지는 것을 비유적으로 이르는 말.,3
2020,펫시터중개업,(<영>pet sitter仲介業),,반려동물을 돌보는 일을 전문적으로 하는 사람과 수요자를 연결해 주는 일을 하는 영업.,27
2020,포스트코로나,(<영>post←corona virus),,코로나19가 종식된 이후의 상황을 이르는 말.,310
2020,포켓팅,(<영>▼←potato ticketing),혼성,코로나19로 어려워진 감자 농가를 돕기 위해 강원도에서 판매하는 감자를 사는 것을 치열한 경쟁을 벌이며 공연 표를 예매하는 것에 빗대어 이르는 말.,267
2020,플랫폼운송면허,(<영>platform運送免許),,위치 기반 서비스와 같은 정보 시스템 환경을 구축하고 차량을 확보하여 사람 또는 화물을 운송하기 위해 취득해야 하는 면허.,253
2020,플랫폼운송중개사업,(<영>platform運送仲介事業),,위치 기반 서비스와 같은 정보 시스템 환경을 구축하여 여객과 운송 차량을 중간에서 소개하는 일을 하는 사업.,56
2020,플랫폼운수사업,(<영>platform運輸事業),,위치 기반 서비스와 같은 정보 시스템 환경을 구축하고 차량을 확보하여 사람 또는 화물을 운송하는 사업.,84
2020,플랫폼운수사업자,(<영>platform運輸事業者),,위치 기반 서비스와 같은 정보 시스템 환경을 구축하고 차량을 확보하여 사람 또는 화물을 운송하는 서비스를 제공하는 사람.,40
2020,플루닛,(<영>ploonet),차용,행성을 돌던 위성이 행성으로 변했을 때 해당 천체를 이르는 말.,310
2020,피캉스,(<영>←PC房<프>←vacance),혼성,피시방에서 보내는 휴가.,65
2020,핀셋방역,(<영>pincette防疫),,"핀셋으로 물건을 집는 것처럼, 전체가 아닌 특정 업종이나 집단을 선별하여 방역 활동을 하는 방법. 특정 집단을 중심으로 코로나19가 확산되기 시작하던 단계에서 효율적으로 방역 활동을 하기 위해 활용되었다.",310
2020,학부모안심학년,(學父母安心學年),,학교에 처음 입학하여 적응하는 데 도움이 필요한 ‘초등학교 1학년’을 가리키는 말. 2020년부터 교육부에서 시행한 ‘학부모 안심 학년제’에서 나온 말이다.,5
2020,학부모안심학년제,(學父母安心學年制),,"학교에 처음 입학하여 적응하는 데 도움이 필요한 ‘초등학교 1학년’을 지원하기 위한 제도. 교육부에서 2020년부터 시행한 제도로, 기초 학력이 부족한 학생들이나 방과 후 돌봄이 필요한 학생들을 위한 지원을 확대하며 교실 환경을 개선하고 등하굣길 안전시설을 강화하였다.",104
2020,호프테이프,(<영>▼hope tape),,장기 실종 아동의 정보가 인쇄되어 있는 포장용 테이프.,310
2020,혼합검사법,(混合檢査法),,"같은 병원체에 의한 감염자가 동시다발적으로 발생할 때 감염 여부를 확인하는 검사 방법의 하나. 여러 명의 검체를 섞은 검체를 검사하고 여기서 양성이 나오면 다시 개별검사를 하는 방식으로 이루어진다. 코로나19와 같이 전국적인 감염이 발생할 때 사용되는 검사 기법이다. =취합 검사법, 취합 검사 기법, 혼합 검체 기법.",2
2020,혼합검체기법,(混合檢體技法),,"같은 병원체에 의한 감염자가 동시다발적으로 발생할 때 감염 여부를 확인하는 검사 방법의 하나. 여러 명의 검체를 섞은 검체를 검사하고 여기서 양성이 나오면 다시 개별검사를 하는 방식으로 이루어진다. 코로나19와 같이 전국적인 감염이 발생할 때 사용되는 검사 기법이다. =취합 검사법, 취합 검사 기법, 혼합 검사법.",15
2020,홈터파크,(<영>▼home←water park),,집에서 물놀이를 하며 워터 파크에서 노는 듯한 분위기를 내는 일. 또는 그 공간. 코로나19로 인해 외부 활동에 제약이 생기면서 사용되는 말이다. =집터 파크.,154
2020,홈테인먼트,(<영>home←entertainment),혼성,집에서 즐기는 오락물을 이르는 말. 코로나19로 인해 외부 활동에 제약이 생기면서 사용되는 말이다.,310
2020,화상벌레,(火傷벌레),,"‘청딱지 개미 반날개’를 달리 이르는 말. 몸의 길이는 6~8mm 정도로, 독성 물질을 분비하기 때문에 피부에 닿았을 때 화상을 입은 것과 같은 상처가 생겨 ‘화상 벌레’라고 부른다.",310
2020,확찐자,(확찐者),접미 파생,코로나19로 인해 외부 활동에 제약이 생기면서 활동량이 줄어들어 살이 찐 사람.,310
2021,가덕도신공항건설을위한특별법,(加德島新空港建設을爲한特別法),,부산 가덕도에 새로운 공항을 건설하는 데 있어 신속하게 건설 사업을 진행할 수 있도록 한시적 특례를 부여하는 법률. 2021년 3월 16일에 공포되었고 2021년 9월 17일에 시행되었다.,310
2021,가덕도특별법,(加德島特別法),,부산 가덕도에 새로운 공항을 건설하는 데 있어 신속하게 건설 사업을 진행할 수 있도록 한시적 특례를 부여하는 법률. 2021년 3월 16일에 공포되었고 2021년 9월 17일에 시행되었다. 정식 명칭은 ‘가덕도 신공항 건설을 위한 특별법’이다.,310
2021,가마니전략,(가마니戰略),,"어떠한 행동을 하지 않고도 상대의 실책 등을 통해 이익을 도모하는 전략. 주로 정치 분야에서, 정부나 여당, 야당이 상대 측의 실책에 따라 발생한 지지율 상승 등의 반사 이익을 꾀하는 전략을 이르는 말이다.",70
2021,가불구취,(價不購取),축약,‘가치관과 불일치하면 구독을 취소함’을 줄여 이르는 말. 자신의 가치관과 미디어 콘텐츠의 가치관이 일치하지 않으면 해당 채널의 구독을 취소함을 이르는 말이다.,28
2021,가상전화면접방식,(假想電話面接方式),,"실제 해외여행처럼 비행기를 타고 출국하지만 목적지에 착륙하지 않고, 낮은 고도로 목적지 상공을 비행하며 돌아본 후 출발지로 돌아오는 여행. 코로나19의 확산으로 해외여행이 제한되며 생겨난 여행 상품이다.",4
2021,가상출국여행,(假想出國旅行),,정보 형태로 남아 실물이 없이 사이버상으로 거래되는 가상 화폐 등의 가상 공간에서만 사용할 수 있는 자산에 대한 산업을 통틀어 관리하는 데 필요한 사항을 규정한 법안. 2021년 5월에 국회에서 발의되었다.,150
2021,가상자산업법,(假想資産業法),,가상으로 부여된 전화번호를 통해 전화로 말을 주고받으며 면접을 진행하는 방식.,310
2021,가정대기자,(家庭待機者),,"감염병에 대한 확진 판정을 받고도 병원 이송이나 생활 치료 센터 입소가 어려워 가정에서 대기하는 사람. 코로나19 확진 환자가 급증하여 환자를 치료할 수 있는 의료 시설이 부족해지면서 생긴 말로, 의료 시설에 들어가기 위해 가정에서 기다리는 사람을 이르는 말이다.",310
2021,가족돌봄휴가연장법,(家族돌봄休暇延長法),,"가족 돌봄이 필요한 경우 근로자의 휴가 기간을 연장할 수 있도록 규정한 법률. 코로나19의 장기화로 어린이집ㆍ유치원ㆍ학교 등의 휴원ㆍ휴업ㆍ휴교가 실시됨에 따라 가족 돌봄이 필요한 경우 근로자는 기존 10일을 포함하여 최장 20일까지 휴가를 연장할 수 있으며, 한 부모 가족의 경우 최장 25일까지 연장할 수 있다. 2020년 9월 국회에서 해당 법안이 통과되었다.",200
2021,감마변이,(<그>gamma變異),,일본에서 최초로 발견된 코로나19의 변이 바이러스. 브라질에서 일본으로 입국한 사람에게서 처음 발견되었다. 국가에 대한 낙인 효과를 제거하기 위해 바이러스의 이름을 그리스어 숫자로 대체하게 되었다.,310
2021,감염병전담요양병원,(感染病專擔療養病院),,요양 병원 내에서 발생한 감염병 환자의 진료 및 치료 등을 전문적으로 맡기 위한 요양 병원. 주로 코로나19에 대한 진료 및 치료를 위해 지정된 병원을 이르는 말이다.,310
2021,강제중도금,(强制中途金),,"계약금을 치르고 마지막 잔금을 치르기 전에, 매도자의 일방적인 계약 파기를 막기 위해 매수자가 약정한 날짜보다 이른 시기에 무작정 매도인의 계좌에 입금하는 돈.",12
2021,개인대주제도,(個人貸株制度),,"증권 시장에서, 개인 투자자에게 매도 증권을 빌려줌으로써 안정적으로 주식을 차입하여 공매도 거래를 할 수 있도록 지원하는 제도.",310
2021,갭코노미,(<영>gapconomy),차용,자산 시장과 실물 경제의 괴리가 커지고 사람들 사이의 자산 격차가 벌어지는 경제 상황을 이르는 말.,5
2021,거점전담병원의무지정기한,(據點專擔病院義務指定期限),,"특정 지역의 병원에 대해, 감염병의 진료 및 치료를 전담하기 위한 거점의 역할을 하도록 의무적으로 정해 놓은 기간. 코로나19의 확산세에 대비하여 거점 전담 병원에 대한 지정 기한을 연장하면서 생겨난 말이다.",26
2021,거점접종센터,(據點接種<영>center),,특정 지역에서 감염병의 백신 접종을 위해 거점의 역할을 하도록 지정된 접종 센터. 전국적으로 코로나19 백신 접종을 시작하면서 생겨난 말이다.,104
2021,건강생활실천지원금제,(健康生活實踐支援金制),,"스스로 자신의 건강을 잘 돌보고 건강한 생활을 위해 실천한 사람에게 지원금을 지급하는 제도. 2021년 7월부터 2024년 6월까지 국민 건강 보험 공단에서 시범 사업으로 운영 중이다. 만성 질환자나 건강 위험 요소가 있는 사람을 대상으로 하며, 개인의 실천 과정과 개선 정도에 따라 지원금을 제공한다.",310
2021,검사임용개혁법,(檢事任用改革法),,"기존의 검사 임용 제도를 개혁하기 위한 것으로, 변호사 또는 관련 사회 경력을 갖춘 사람을 검사로 임용하도록 규정한 법안. 2020년 12월에 국회에서 발의되었다.",34
2021,검수완박,(檢授完剝),축약,"‘검찰의 수사권을 완전히 박탈함’을 줄여 이르는 말. 검찰은 법률에서 정한 예외적인 경우에 한해 수사 업무를 수행하며, 기소 및 공판 업무를 전담한다는 것이 주요 내용이다.",310
2021,검체로봇,(檢體<영>robot),,"검사, 시험, 분석 따위를 위해 생물이나 물질을 채취하는 로봇. 코로나19 감염 여부를 검사하기 위해 면봉을 사람 콧속까지 넣어 자동적으로 검체를 채취하는 용도로 개발되었다.",8
2021,고대면접촉,(高對面接觸),,높은 빈도로 다른 사람을 직접 마주함. 코로나19의 확산을 방지하기 위한 사회적 거리 두기의 일환으로 ‘비대면 접촉’이 일반화되자 이에 상대하여 이르는 말이다.,120
2021,골플루언서,(<영>▼←golf influencer),혼성,골프와 관련한 의견이나 정보를 소셜 미디어에 공유하여 대중에게 영향을 미치는 사람.,310
2021,공동격리자,(共同隔離者),,전염병의 확진으로 자가 격리자와 같은 공간에 거주하여 함께 격리해야 하는 사람. 코로나19의 확산을 방지하기 위한 사회적 거리 두기 조치가 시행되었을 때 자가 격리자와 동일한 규제나 지원 제도를 적용받았다.,310
2021,공민지,(公민지),혼성,"공공 기관에서 일하는 엠제트(MZ) 세대를 이르는 말. ‘공공 기관’의 첫 음절인 ‘공’, ‘밀레니엄 세대’의 첫머리 문자인 엠(M)을 활용한 ‘민’, ‘제트 세대’의 제트(Z)를 활용한 ‘지’를 결합하여 만든 말로 , 최근 공공 기관에 채용되어 일하는 1980년대 초부터 2000년대 초반에 태어난 세대를 이르는 말이다.",310
2021,공스장,(公<영>▼←health場),혼성,"운동 기구를 갖추어 놓은 공원을 이르는 말. ‘공원’과 ‘헬스장’을 결합하여 만든 말로, 코로나19의 확산 상황에서 실내에서 운동할 수 있는 시설들의 영업이 제한되자 주목받기 시작했다.",82
2021,공정벌금,(公正罰金),,범죄인의 재산이나 소득에 비례하여 차등적으로 부과하는 벌금.,150
2021,공정벌금제,(公正罰金制),,범죄인의 재산이나 소득에 비례하여 차등적으로 벌금을 부과하는 제도. =재산 비례 벌금제.,65
2021,관음충,(觀淫蟲),합성,다른 사람을 몰래 훔쳐봄으로써 성적 만족을 얻는 사람을 벌레에 빗대어 이르는 말. 차별 및 비하하는 의미가 포함되어 있으므로 사용에 주의가 필요하다.,93
2021,구글갑질방지법,(Google甲질防止法),,"구글, 애플 등 앱 마켓 사업자가 불가피한 경우를 제외하고는 앱 마켓 운영사에 특정한 결제 방식을 강제할 수 없도록 한 법률. 2021년 8월 31일에 국회 본회의를 통과해 9월 14일부터 시행되었다.",310
2021,구레니얼,(俱<영>←millennial),혼성,밀레니얼의 윗 세대이면서도 밀레니얼 세대와 소통하고 교감하는 능력이 있는 중장년 세대. ‘함께 구(俱)’와 ‘밀레니얼 세대’를 뜻하는 ‘밀레니얼’을 결합하여 만든 말이다.,3
2021,국가치료격리병상,(國家治療隔離病床),,감염병 환자들을 일반 환자들과 따로 수용하여 치료하기 위해 국가에서 설치ㆍ운영하는 병상을 이르는 말. 코로나19의 전 세계적 확산 상황에서 사용되기 시작하였다.,6
2021,국방유공자예우법,(國防有功者禮遇法),,군 복무자를 유공자로서 대우하여 국가가 합당하게 예우하는 데에 필요한 사항을 규정한 법안. 정식 명칭은 ‘국방 유공자 예우에 관한 법률’이다. 2021년 4월에 국회에서 발의되었다.,16
2021,군싹,,축약,"‘군침이 싹 돎’를 줄여 이르는 말로, 군침이 돌 만큼 맛있어 보이는 음식을 두고 하는 말.",66
2021,그린패스,(<영>green pass),,"이탈리아ㆍ이스라엘 등 유럽에서, 코로나19 백신 접종을 완료하였음을 증명하는 표. 국내에서는 ‘백신 패스’로 불리는 제도와 유사한 것으로, 코로나19 백신 미접종자가 식당, 약국 등의 다중 이용 시설에 출입하는 것을 제한하기 위해 만들어진 조치이다.",310
2021,근력저축운동,(筋力貯蓄運動),,"돈을 차곡차곡 모으듯이 근육의 힘을 점진적으로 기르기 위한 운동. 코로나19의 확산으로 야외 활동이 제한된 상황에서, 실내에서 자주 할 수 있는 간단한 동작으로 구성된 운동이다.",27
2021,근원환자,(根源患者),,"감염병의 확산세가 커지는 구역에서, 처음 감염이 시작되어 병을 옮긴 환자. 주로 코로나19와 관련하여 생겨난 말이다.",163
2021,근육적금,(筋肉積金),,"근력을 보조하기 위해 실처럼 가는 형상 기억 합금으로 만든 옷감. 실제 옷감처럼 가볍고 부드러우며, 팔, 다리와 같이 힘이 필요한 신체 부위의 옷 위에 부착하여 근력을 보조하는 로봇 기술의 일종이다.",62
2021,근육옷감,(筋肉옷감),,운동하여 근육을 차곡차곡 쌓는 일을 적금에 빗대어 이르는 말.,145
2021,금융소송원,(金融訴訟院),,"월급이나 상여금, 복지 포인트 등의 금전적인 보상을 통해 일하면서 겪는 정신적인 고통을 치유하고 행복감을 느끼게 하는 것을 비유적으로 이르는 말.",7
2021,금융치료01,(金融治療),,둘 이상의 금융 회사가 동일한 기업에 소속된 집단을 이르는 말. 카드ㆍ보험ㆍ증권 등 금융 회사를 두 개 이상 운영하면서 자산 규모가 오조 원 이상인 기업이 이에 해당한다.,310
2021,금융치료02,(金融治療),,"금융 복합 기업 집단에서 발생할 수 있는 경영ㆍ재무상의 위험 등을 효과적으로 감독ㆍ관리하기 위해 필요한 사항을 정한 법률. 정식 명칭은 ‘금융 복합 기업 집단의 감독에 관한 법률’로, 2021년 6월 30일부터 시행되었다.",310
2021,금융복합기업집단,(金融複合企業集團),,"최근 피소 횟수가 많아진 ‘금융 감독원’을 이르는 말. 금융 감독원이 진행하는 금융사에 대한 종합 검사 과정에서, 제재ㆍ징계 등 검사 결과에 반발하는 금융사가 금융 감독원에 대한 소송을 제기하는 수가 많아지며 생겨난 말이다.",310
2021,금융복합기업집단법,(金融複合企業集團法),,"범죄나 나쁜 일을 저질렀을 때 과태료나 합의금, 배상금 등을 물어 반성하게 만드는 것을 비유적으로 이르는 말.",310
2021,급식개미,(給食개미),,주식 시장에서 개인적으로 주식 투자를 하는 중ㆍ고등학생을 이르는 말.,1
2021,기근바이러스,(飢饉<영>virus),,기근이 세계적으로 퍼지는 현상을 바이러스에 빗대어 이르는 말. 주로 코로나19의 유행으로 식량 위기가 심각해지자 생겨난 말이다.,30
2021,기변기추,(機變機追),축약,‘기기 변경’과 ‘기기 추가’를 아울러 이르는 말. 자동차ㆍ자전거 따위의 이동 수단의 기기에 대해 계속해서 변경이나 추가를 하는 행위를 이르는 말이다.,0
2021,기본소득국민운동,(基本所得國民運動),,기본 소득 제도의 추진과 안정화를 위한 범국민적 동원 운동. 특정 지역이나 특정 계층뿐만 아니라 전 국민이 기본 소득을 보장받을 수 있도록 기본 소득 도입에 대다수 국민의 동참을 요구하는 운동이다.,310
2021,기본소득토지세,(基本所得土地稅),,"토지 소유로 발생하는 불로 소득에 대해 토지의 소유자에게 세를 부과하고, 그 세수를 기본 소득으로 배당하는 제도.",310
2021,기초학술기본법,(基礎學術基本法),,"인문학, 사회 과학 등의 기초 학술 분야를 지원하고 육성하는 데에 필요한 사항을 규정한 법안. 2021년 3월 24일에 국회에서 발의되었다.",28
2021,기후테크,(氣候<영>tech),합성,첨단 정보 기술을 기후 분야에 적용하여 온실가스의 배출량을 줄어거나 지구 온난화 등의 기후 문제를 해결하도록 돕는 기술.,310
2021,기후민감계층,(氣候敏感階層),,"다른 계층에 비해 홍수, 가뭄, 지진 해일 따위의 기상 변화로 인한 곤경에 처할 가능성이 더 높은 저소득 취약 계층.",253
2021,깃깔따구속,(깃깔따구屬),합성,"일반적으로 흐르는 물에서 서식하는 파리목 깔따굿과에 속하는 속류. 국내 미기록 종이었지만 2020년 제주 서귀포시 수돗물에서 깃깔따구속 유충이 발견되었으며, 사람을 물지는 않는다고 알려져 있다.",63
2021,껄무새,(껄鵡새),혼성,자신이 하는 말에 아쉬움을 나타내는 종결 어미 ‘-ㄹ걸’을 앵무새처럼 반복하여 붙여 말하는 사람. 주로 주식이나 가상 화폐 따위의 경제적인 투자와 관련해 투자 시기나 매입ㆍ매도 규모 등을 반복적으로 후회하는 사람을 이르는 말이다.,144
2021,꼬마개미,,,주식 시장에서 개인적으로 주식 투자를 하는 어린아이를 이르는 말.,6
2021,냥또,(냥←Lotto),혼성,"고양이를 키우는 상황이 운이 좋음을 비유적으로 이르는 말. 일반적으로 고양이들이 싫어하는 산책이나 옷 착용, 샤워 따위의 활동을 거부하지 않는 고양이를 키우는 상황에서 나온 말이다.",15
2021,네카라쿠배,(←Naver←Kakao←Line←Coupang配),축약,"대형 아이티 기업 ‘네이버, 카카오, 라인, 쿠팡, 배달의 민족’을 아울러 이르는 말. 각 기업의 앞 글자를 따 만들어진 말이다.",310
2021,네카라쿠배당토,(←Naver←Kakao←Line←Coupang配當←Toss),축약,"대형 아이티 기업 ‘네이버, 카카오, 라인, 쿠팡, 배달의 민족, 당근 마켓, 토스’를 아울러 이르는 말. 각 기업의 앞 글자를 따 만들어진 말이다.",310
2021,네카라쿠배당토직야,(←Naver←Kakao←Line←Coupang配當←Toss直야),축약,"대형 아이티 기업 ‘네이버, 카카오, 라인, 쿠팡, 배달의 민족, 당근 마켓, 토스, 직방, 야놀자’를 아울러 이르는 말. 각 기업의 앞 글자를 따 만들어진 말이다.",42
2021,넷술족,(←Netfix술族),접미 파생,넷플릭스를 시청하면서 혼자 술을 즐기는 사람. 또는 그런 무리.,52
2021,노가더,(<일>←dokata[土方]<영>←er),접미 파생,막일을 직업으로 하는 사람을 세련되게 이르는 말.,11
2021,노쇼백신,(<영>no-show vaccine),,백신을 예약한 사람이 나타나지 않아 남게 된 백신. 코로나19의 감염과 확산을 막기 위한 예방 접종을 실시하면서 생겨난 말이다.,310
2021,다크이코노미,(<영>dark economy),,"오프라인 매장은 창고로 사용하고 구매와 운영은 주로 온라인으로 이루어지는 경제 활동. 불이 꺼져 있는 어두운 매장을 나타내는 표현으로, 코로나19로 오프라인 매장의 매출이 급감하는 것에 대한 대처로 생겨났다.",25
2021,단일정액제,(單一定額制),,"부동산 거래 시 중개 수수료를, 매매의 경우 0.5% 이하에서, 임대차 계약의 경우 0.4% 이하에서 정하는 제도. 부동산 가격이 급격하게 올라가면서 중개 수수료의 부담을 낮추기 위해 제안된 제도이다.",249
2021,단풍방역,(丹楓防疫),,가을철에 여행객이 몰리는 관광지에서 코로나19의 확산을 차단하는 일.,127
2021,당근질,,접미 파생,가까운 동네에서 중고로 물건을 사고파는 일. 중고 거래 애플리케이션인 ‘당근 마켓’에서 비롯된 말이다.,9
2021,당모치,(당모<영>←chicken),축약,‘당연히 모든 치킨은 옳음’을 줄여 이르는 말. 모든 치킨은 맛있기 때문에 메뉴를 고를 때 고민할 필요가 없다는 의미이다.,38
2021,대깨족,(대깨族),접미 파생,지지하는 정치인이 하는 일은 옳고 그름을 따지지 않고 무조건 따르는 사람. 또는 그런 무리. 차별 및 비하하는 의미가 포함되어 있으므로 사용에 주의가 필요하다.,1
2021,대네수엘라,(大←Venezuela),혼성,"‘대한민국’과 ‘베네수엘라’를 결합하여 만든 말로, 우리나라 정부의 정책이 베네수엘라의 실패한 정책을 닮아 간다는 말.",29
2021,대북방송금지법,(對北放送禁止法),,통일부가 2021년 1월 말 발의한 ‘남북 교류 협력에 관한 법률 개정안’에 통일부 장관의 승인이 필요한 반출ㆍ반입 항목에 ‘정보 통신망을 통한 송ㆍ수신’이 추가한 것을 북한 인권 단체의 대북 라디오 방송 송출을 막기 위한 것으로 보고 비판적으로 이르는 말.,7
2021,대팔대사,,축약,‘대충 팔고 대충 사.’를 줄여 이르는 말. 부동산 가치는 항상 오르기 때문에 따지지 말고 사야 한다는 의미이다.,10
2021,더블링현상,(<영>doubling現象),,전염병의 일일 확진자 수가 전일에 비하여 두 배 이상으로 증가하는 현상. 주로 코로나19에 따른 사회적 거리 두기의 격상 기준으로 사용되었다.,310
2021,덧보고,(덧報告),접두 파생,공식적인 보고가 끝난 이후 비공식적으로 이어지는 보고. ‘백 브리핑(back briefing)’의 순화어이다.,56
2021,데스크패션,(<영>▼desk fashion),,"하의는 편안하게 입고 상의는 보다 신경 써서 입는 스타일. 코로나19로 인해 화상 회의, 온라인 수업 등의 비대면 환경이 자리 잡으면서 생겨난 말이다.",3
2021,데이터담보대출,(<영>data擔保貸出),,데이터를 담보로 하여 돈을 빌려주거나 빌리는 일.,69
2021,델타변이,(<그>delta變異),,인도에서 최초로 발견된 코로나19의 변이 바이러스. 국가에 대한 낙인 효과를 제거하기 위해 바이러스의 이름을 그리스어 숫자로 대체하게 되었다.,310
2021,도보배달맨,(徒步配達<영>man),,"도보나 킥보드, 자전거, 전기 자전거 등을 이용하여 배달하는 사람. =도보 배달원.",2
2021,도보배달원,(徒步配達配),,"도보나 킥보드, 자전거, 전기 자전거 등을 이용하여 배달하는 사람. =도보 배달 맨.",310
2021,돔황챠,,생성,"‘도망쳐’를 변형한 말로, 어떤 일이 기대에 미치지 못하거나 잘못되었을 때 그 일을 피하여 도망치라는 뜻으로 하는 말.",35
2021,동물특별사법경찰관,(動物特別司法警察官),,"동물 관련 범죄를 전담하는 특별 사법 경찰관. 길고양이 학대, 반려견 살해, 불법 도살 등의 동물을 대상으로 한 범죄에 대응한다.",3
2021,뒷광고,(뒷廣告),합성,보는 사람이 광고임을 알아차리지 못하도록 의도적으로 속이는 광고. 개인 방송을 통한 광고가 활성화되면서 일부 사람들이 금전적 대가를 받았다는 사실을 숨기고 자신이 직접 구입한 상품인 것처럼 광고한 것에서 비롯된 말이다.,310
2021,디지털시장법,(<영>digital市場法),,"미국의 대형 정보 기술 기업을 대상으로 경쟁사 차별 금지, 인수 합병 시 사전 신고, 혐오 표현ㆍ위조 상품 판매 금지 등을 위반할 시 연간 매출액의 최대 10%를 벌금으로 부과하는 법안. 유럽 연합에서 미국 대형 기업의 독점 구조를 개선하기 위해 도입하였다.",310
2021,따상상,(<영>←double上上),축약,주식 시장에서 신규 상장 종목이 공모가 대비 두 배의 시초가를 형성하고 이틀 연속으로 상한가를 기록하는 일.,310
2021,따상상상,(<영>←double上上上),축약,주식 시장에서 신규 상장 종목이 공모가 대비 두 배의 시초가를 형성하고 사흘 연속으로 상한가를 기록하는 일.,310
2021,딱내스,(딱내<영>←style),축약,‘딱 내 스타일’을 줄여 이르는 말.,3
2021,딴봉띠집회,(<미>←ttanpongtti集會),,"2021년 3월부터 12월까지 광주의 미얀마 노동자, 학생, ‘미얀마 군부 쿠데타 반대와 민주화 지지 광주 연대’를 중심으로 미얀마 군부 독재에 저항하고자 열린 집회. ‘딴봉띠’는 큰소리로 악귀를 쫓는 미얀마의 전통 풍습을 뜻한다.",50
2021,뚜따,,축약,‘뚜껑이 따지는 자동차’를 줄여 이르는 말. 자동차 지붕을 접거나 따로 떼어 낼 수 있도록 만든 차를 의미한다.,104
2021,뚝년배,(뚝年輩),혼성,"교육 방송 이비에스(EBS) 캐릭터 ‘뚝딱이’와 ‘동년배’를 결합하여 만든 말로, 1994년 이비에스(EBS) <딩동댕 유치원>을 보고 자란 1980년대 후반에서 90년대에 태어난 사람. 또는 그런 나이.",5
2021,라이크커머스,(<영>like cummerce),,물건을 사고파는 데에 소셜 네트워크의 ‘좋아요’가 기반이 되는 전자 상거래 방식.,289
2021,라할살,,축약,‘라고 말할 때 살걸.’을 줄여 이르는 말. 주로 주식 시장에서 본인이 투자하지 않은 종목의 가격이 크게 올라 아쉬움을 나타낼 때 쓴다.,3
2021,랜선사원,(<영>LAN線社員),,온라인으로 혼자 재택근무를 하는 사원. 코로나19의 확산으로 인해 회사에 출근하여 다른 사원들과 같은 공간에서 일하지 않고 온라인을 통해 비대면으로 업무를 보는 사람이 많아진 상황에서 나온 말이다.,1
2021,랜선코칭,(<영>LAN線<영>coaching),,온라인상에서 학습자에게 필요한 능력을 개발할 수 있도록 돕는 일. 코로나19의 확산을 방지하기 위해 비대면으로 하는 활동이 일반화되는 상황에서 나온 말이다.,93
2021,랜친실안,(<영>LAN親實안),축약,‘랜선상에서는 친하지만 실제로는 안 친한 사이’를 줄여 이르는 말.,2
2021,레이블링게임,(<영>labeling game),,"테스트를 통해 자신의 정체성에 이름을 부여하고, 이를 다른 사람과 공유하며 놀이처럼 즐기는 것.",310
2021,레이어드홈,(<영>layered home),,단순히 거주하는 것뿐만 아니라 업무와 여가 생활 등의 다양한 활동을 할 수 있는 집.,310
2021,레지던스트랙,(<영>residence track),,코로나19 상황에서 장기 체류하는 사람을 위해 입국 후 14일간 자가 대기 조치 및 피시아르(PCR) 검사 음성 결과 제출을 조건으로 입국을 보장하는 제도.,310
2021,로빈후드운동,(Robin Hood運動),,미국의 개인 투자자들이 기관과 외국인에 맞서 미국 주식을 대거 사들인 상황을 비유적으로 이르는 말.,6
2021,로켓정산법,(<영>rocket定算法),,판매 대금의 지급 기한을 30일로 규정하는 법안. 2021년 1월에 발의되었다.,64
2021,록다운세대,(<영>lockdown世代),,"코로나19 이후로 교육과 직업 훈련, 소득, 일자리가 줄어들어 어려움을 겪는 청년 세대. 국제 노동 기구에서 청년 세대의 상황을 ‘봉쇄’에 빗대어 표현한 말이다.",20
2021,롤링바스켓,(<영>rolling basket),,바퀴가 달린 쇼핑용 바구니.,16
2021,롤코족,(<영>←roller coaster族),접미 파생,롤러코스터를 타듯이 삶을 즐기고 짧은 유행을 빠르게 따라가는 사람. 또는 그런 무리.,22
2021,롤코라이프,(<영>←roller coaster life),,롤러코스터를 타듯이 삶을 즐기고 짧은 유행을 빠르게 따라가는 생활 방식.,127
2021,루빙뽕,,생성,웃음 소리를 재미있게 나타내는 말. 주로 'ㅋㅋ루빙뽕'의 형태로 자주 사용된다.,1
2021,리뷰거지,(<영>review거지),,"리뷰를 빌미로 하여 과도한 요청을 하거나 이미 사용한 제품을 교환, 환불하거나 금전적 보상을 취하려는 소비자.",15
2021,리뷰진상,(<영>review진상),,리뷰를 빌미로 하여 과도한 요청을 하거나 정당하지 않은 이유로 불만을 제기하는 소비자.,4
2021,리얼돌방,(<영>realdoll房),합성,신체 일부를 본뜬 인형인 리얼돌을 체험할 수 있게 하고 대가를 받는 유해업소.,16
2021,마기꾼,(<영>←mask欺꾼),혼성,실제 모습보다 마스크를 쓴 모습이 더 나은 사람을 속되게 이르는 말. '마스크'와 '사기꾼'을 결합하여 만든 말이다. 코로나19의 전 세계적인 유행으로 인하여 마스크를 일상적으로 착용하게 된 상황에서 나온 말이다.,310
2021,마꾸,(<영>←mask꾸),축약,‘마스크 꾸미기’를 줄여 이르는 말. 코로나19의 전 세계적인 유행으로 인하여 마스크를 일상적으로 착용하게 된 상황에서 나온 말이다.,132
2021,마드름,(<영>←mask드름),혼성,오랜 시간 마스크를 착용해서 생긴 여드름. 코로나19의 전 세계적인 유행으로 인하여 마스크를 일상적으로 착용하게 된 상황에서 나온 말이다. =마스크네.,19
2021,마스크네,(<영>←mask←acne),혼성,오랜 시간 마스크를 착용해서 생긴 여드름. ‘마스크’와 여드름을 뜻하는 영어 단어 ‘아크네(acne)’를 결합하여 만든 말이다. 코로나19의 전 세계적인 유행으로 인하여 마스크를 일상적으로 착용하게 된 상황에서 나온 말이다. =마드름.,226
2021,많관부,(많關付),축약,‘많은 관심 부탁’을 줄여 이르는 말.,310
2021,먹노매,,축약,"‘먹이를 노리는 매의 눈’을 줄여 이르는 말로, 기회를 엿보거나 결정적인 순간을 놓치지 않기 위해 집중하는 모습.",19
2021,메타노믹스,(<영>metanomics),차용,메타버스에서 독립적인 경제 체제가 구축되거나 실물 경제와 융합되기도 하는 경제 현상을 이르는 말. ‘메타버스(metaverse)’와 ‘이코노믹스(economics)’를 결합하여 만든 말이다. 코로나19의 확산을 방지하기 위해 온라인을 통해 비대면으로 하는 활동이 일반화되는 상황에서 나온 말이다.,310
2021,면역대리지표,(免疫代理指標),,"임상 실험을 하지 않고 백신의 효능을 간접적으로 평가할 수 있는 지표. 코로나19의 전 세계적인 확산으로, 코로나19 백신의 신속한 개발이 요구되는 상황에서 나온 말이다.",310
2021,무인탐사헬기,(無人探査<영>←helicopter機),,사람이 직접 탑승하지 않아도 자동으로 조종할 수 있는 탐사용 헬기.,2
2021,문콕족,(門콕族),접미 파생,"차 문을 여닫을 때, 다른 자동차의 문을 상습적으로 긁거나 찍는 사람. 또는 그런 무리.",1
2021,뭐하회,(뭐하會),축약,‘뭐 하는 회사야?’ 또는 ‘뭐라도 하겠지. 회사인데.’를 줄여 이르는 말. 주로 특정 회사의 주가 관련 정보를 다른 투자자에게 물어보고 답할 때 사용하는 말이다. ‘머하회’로 쓰기도 한다.,1
2021,민지세대,(민지世代),,"‘엠제트(MZ) 세대’를 달리 이르는 말. ‘밀레니엄 세대’의 첫머리 문자인 엠(M)을 활용한 ‘민’, ‘제트 세대’의 제트(Z)를 활용한 ‘지’를 결합하여 ‘민지’라는 이름으로 바꾸어 표현한 말이다.",18
2021,밀보드차트,(<영>▼←military Billboard chart),,군 장병에게 인기 있는 대중가요를 이르는 말. 미국 빌보드 매거진에서 발표하는 대중가요 순위표인 '빌보드 차트'에 빗대어 표현한 말이다.,138
2021,바이드노믹스,(<영>Bidenomics),차용,"미국의 46대 대통령 바이든이 시행한 경제 정책. 경제의 활성화를 통하여 더 나은 미국 재건을 목표로, 증세ㆍ대규모 친환경 공공 투자 정책 따위를 실시하였다.",310
2021,바프,(<영>▼←body profile),축약,‘바디 프로필’을 줄여 이르는 말. 운동과 식단 조절을 통해 탄탄한 몸매를 만든 뒤 사진을 촬영해 기념하는 것을 말한다.,310
2021,반값임대료법,(半값賃貸料法),,전국적인 재난 사태로 인해 매출이 급격히 감소한 사업장에 대해 임대료를 절반으로 낮추도록 한 법. 코로나19의 확산으로 인한 경제 위축이 장기화되고 자영업자의 임대료 부담이 커지자 발의된 법이다.,79
2021,반백신론자,(反<영>vaccine論者),접미 파생,반백신론을 따르거나 주장하는 사람. 백신 접종을 거부하고 그 효능을 의심하는 사람을 일컫는 말이다. 방역 당국에서 코로나19의 감염과 확산을 막기 위해 전 국민을 대상으로 예방 접종을 실시하면서 생겨난 말이다.,8
2021,방꾸,(房꾸),축약,‘방 꾸미기’를 줄여 이르는 말. 커튼이나 수납장 등 방에 필요한 제품을 새로 배치하거나 장식하는 것을 통해 방 안을 꾸미는 행위를 이르는 말이다. 코로나19로 인해 외부 활동을 하기 어려워진 상황에서 생겨난 말이다.,310
2021,방방봐,(放放봐),축약,‘방송은 방송으로만 봐라.’를 줄여 이르는 말. 방송에서 이루어진 가상의 일을 실제와 혼동하지 말라는 뜻으로 쓰는 말이다.,40
2021,방역신뢰국,(防疫信賴國),,감염병에 대처하는 우수한 방역 체계를 보유한 국가를 일컫는 말. 코로나19의 전 세계적 확산 상황에서 사용되기 시작하였다.,78
2021,배민맛,(配民맛),합성,배달 음식 특유의 자극적인 맛. 대표적인 배달 애플리케이션인 ‘배달의 민족’의 앞 글자를 딴 ‘배민’과 ‘맛’을 결합하여 만든 말이다.,19
2021,배배테크,(倍賠<영>tech),,‘배액 배상 재테크’를 줄여 이르는 말. 매수인이 재테크를 할 수 있을 정도로 배액 배상이 흔해진 부동산 시장을 비꼬아 이르는 말이다.,18
2021,백슬로핑,(<영>backslopping),차용,"발효 가공의 한 방법으로서, 이전 발효에 사용된 발효액을 일정량 남겨 그다음 발효에 첨가하는 것.",1
2021,백시케이션01,(<영>vaxication),차용,백신 접종 후 폭발적으로 늘어난 해외여행 수요를 이르는 말. 코로나19가 전 세계적으로 유행한 상황에서 나온 말이다.,0
2021,백시케이션02,(<영>vaxication),차용,백신 접종과 관광을 결합한 여행. 주로 백신이 부족한 나라의 사람이 그렇지 않은 나라로 가서 백신을 접종하고 관광도 하는 여행을 말한다. 코로나19가 전 세계적으로 유행한 상황에서 나온 말이다.,0
2021,백신장벽,(<영>vaccine障壁),,자국의 백신 확보를 위해 외국에 파견되는 사람들의 무리. 코로나19가 전 세계적으로 유행한 상황에서 나온 말이다.,42
2021,백신절벽,(<영>vaccine絕壁),,외국을 여행하는 사람의 백신 접종 이력을 증명하는 문서. 코로나19가 전 세계적으로 유행한 상황에서 나온 말이다.,99
2021,백신디바이드,(<영>vaccine divide),,백신 확보가 어려워 국가 간 백신 수출입이 금지된 상황을 장벽에 빗대어 이르는 말. 코로나19가 전 세계적으로 유행한 상황에서 나온 말이다.,169
2021,백신사절단,(<영>vaccine使節團),,백신 확보량 부족으로 인해 백신 공급이 급격하게 줄어드는 현상. 코로나19가 전 세계적으로 유행한 상황에서 나온 말이다.,306
2021,백신여권,(<영>vaccine旅券),,백신을 확보한 나라와 그렇지 않은 나라 간에 발생하는 사회 경제적 격차. 코로나19가 전 세계적으로 유행한 상황에서 나온 말이다.,310
2021,백신패스,(<영>vaccine pass),,백신 접종 이력을 증명할 수 있는 문서. 또는 백신 접종 이력을 증명한 사람이 이용할 수 있는 서비스. 코로나19가 전 세계적으로 유행한 상황에서 나온 말이다.,310
2021,백신휴가제도,(<영>vaccine休暇制度),,"백신 접종을 위해 휴가를 주는 제도. 코로나19 백신이 보급됨에 따라 백신 접종률을 높이기 위해 시행되었다. 백신을 접종한 다음 날 하루를 부여하고, 이상 반응이 있는 경우 추가로 하루를 더 사용할 수 있다. 코로나19가 전 세계적으로 유행한 상황에서 나온 말이다.",310
2021,베이스시프트,(<영>base shift),,"일정 기간 동안의 경제 성장률이 당초 예상한 수치보다 높게 나타났을 때, 이에 맞춰 남은 기간의 전망 경로를 조정하는 일.",12
2021,베타변이,(<그>beta變異),,남아프리카 공화국에서 최초로 발견된 코로나19의 변이 바이러스. 국가에 대한 낙인 효과를 제거하기 위해 바이러스의 이름을 그리스어 숫자로 대체하게 되었다.,310
2021,벼락거지,,합성,갑자기 된 거지. 주로 주택 가격이 크게 올라서 매매나 전세로 집을 마련할 수 없게 되어 상대적 박탈감을 크게 느끼는 무주택자를 이르는 말이다.,310
2021,부동산블루,(不動産<영>blue),,부동산 가격 상승으로 내 집 마련이 어려워진 사람들이 느끼는 우울감.,310
2021,부머쇼퍼,(<영>▼boomer shopper),,온라인 쇼핑 시장에 유입된 베이비 부머 세대 소비자를 이르는 말. 다른 연령층에 비해 구매력이 큰 중장년층 소비자를 말한다.,36
2021,부패완판,(腐敗完판),축약,‘부패가 완전히 판을 침’을 줄여 이르는 말.,310
2021,브러싱스캠,(<영>brushing scam),,불특정 다수에게 상품을 발송해 해당 상품의 구매량 및 구매 후기를 조작하는 사기. 주로 온라인 쇼핑 시장에서 이루어지는 불법 허위 거래를 말한다.,310
2021,브이노믹스,(<영>▼←virus economics),혼성,바이러스로 인한 감염병 확산이 야기한 일련의 경제 현상을 이르는 말. 코로나19가 전 세계적으로 유행한 상황에서 나온 말이다.,310
2021,비건헬스,(<영>vegan health),,"채식으로 식단을 구성하며 헬스를 하는 일. 닭 가슴살 등의 동물성 단백질이 아닌 콩, 두부 등의 식물성 단백질로 운동에 필요한 단백질을 섭취하는 것을 말한다.",119
2021,비격리여행권역,(非隔離旅行圈域),,"전 세계적으로 전염병이 크게 유행하는 상황에서 방역이 우수한 국가들 사이에 국민들이 해당 국가들을 자유롭게 여행할 수 있도록 맺은 협약. 코로나19가 전 세계적으로 유행한 상황에서 우리나라는 2021년 11월에 싱가포르와 처음 협약을 체결하였다. =여행 안전 권역, 트래블 버블.",310
2021,빵공,(빵工),축약,"‘빵집에서 하는 공부’를 줄여 이르는 말. 코로나19의 확산 상황에서 카페의 영업이 일부 제한되자, 기존에 카페에서 공부하던 사람들이 영업 제한 기준이 상대적으로 낮은 빵집으로 몰리며 생겨난 말이다.",12
2021,빵공족,(빵工族),접미 파생,"빵집에서 공부하는 사람. 또는 그런 무리. 코로나19의 거리 두기 정책 때문에 음식점으로 등록된 사업장만 영업이 가능해져, 독서실이나 카페를 가지 못한 학생들이 빵집으로 몰리면서 생겨난 말이다.",8
2021,사이버레커,(<영>▼cyber wrecker),,"사회적 이슈가 생겼을 때, 그와 관련된 영상을 자극적으로 만들어 인터넷에 올리는 사람을 비유적으로 이르는 말.",310
2021,사전위탁보호제도,(事前委託保護制度),,입양을 하기 전에 양친과 양자 간 친밀감을 미리 조성하고 파양을 막기 위해 국가에서 일정 기간 양자를 돌봐 주며 보호하는 제도. =사전 위탁 보호 제도.,210
2021,사전위탁보호제,(事前委託保護制),,입양을 하기 전에 양친과 양자 간 친밀감을 미리 조성하고 파양을 막기 위해 국가에서 일정 기간 양자를 돌봐 주며 보호하는 제도. =사전 위탁 보호제.,268
2021,산스장,(山▼←health場),혼성,"등산로 입구나 산 중턱에 조성된 실외 헬스장. ‘산’과 ‘헬스장’을 결합하여 만든 말로, 코로나19의 확산 상황에서 실내에서 운동할 수 있는 시설들의 영업이 제한되자 주목받기 시작했다.",310
2021,삼대이모님,(三大姨母님),,"집안일을 하는 데 큰 도움을 주는 대표적인 생활 가전인 ‘빨래 건조기, 로봇 청소기, 식기세척기’를 아울러 이르는 말.",1
2021,상생소비지원금,(相生消費支援金),,전국적인 재난 사태로 인한 경기 침체를 극복하고 위축된 소비 심리를 진작하기 위해 정부가 국민에게 일시적으로 지원하는 현금 또는 현물. 코로나19로 인한 재난 상황에서 카드 사용 금액의 일부를 현금으로 돌려주는 방식으로 지급되기 시작했다.,310
2021,상폐빔,(上廢<영>beam),,상장 폐지를 앞둔 종목의 주가가 급등하는 현상.,240
2021,생떼탕,(生떼湯),접미 파생,억지로 떼를 쓰는 모습을 생태탕을 끓이는 것에 빗대어 이르는 말.,310
2021,서학개미,(西學개미),,서학 개미 운동에 참여한 국내 개인 투자자들을 이르는 말.,310
2021,서학개미운동,(西學개미運動),,"해외 주식에 대한 국내 개인 투자자들의 대규모 매수세를 이르는 말. 코스피 지수 및 코스닥 지수를 회복시킨 ‘동학 개미 운동’ 이후, 국내 개인 투자자들이 해외 주식 또한 대규모로 매수하며 사용된 말이다.",250
2021,세계백신면역개발연합,(世界<영>vaccine免疫開發聯合),,"개발 도상국 어린이들의 면역화를 지원하기 위한 목적으로 2000년에 설립된 국제 기구. 백신 공급 및 접종, 의료 환경 개선, 의료 전문 인력 양성 등에 기여하는 여러 사업들을 수행한다.",14
2021,세금멈춤법,(稅金멈춤法),,반값 임대료법에 따라 감액된 임대료의 절반을 임대인에게 되돌려 주도록 규정한 법안. 코로나19의 확산으로 인한 경제 위축이 장기화되고 반값 임대료법 발의에 따라 생기게 된 임대인의 손실을 보전하기 위해 추가적으로 발의된 법이다.,53
2021,세컨슈머,(<영>▼←second consumer),혼성,당장의 편의가 아니라 경제적 낭비 혹은 환경적 낭비를 줄여 지속 가능한 소비를 추구하는 소비자. 중고 거래를 선호하거나 자원의 재활용 등을 실천한다는 것이 특징이다.,43
2021,손민수하다,,접미 파생,다른 사람의 외모나 행동 따위를 따라 하다. 웹툰 ‘치즈 인 더 트랩’에서 주인공의 외모를 따라 하는 등장인물인 ‘손민수’의 이름으로 만든 말이다.,52
2021,숏케팅,(<영>▼←short marketing),혼성,유행에 민감한 소비자를 사로잡기 위해 단기간 내에 치고 빠지는 방식으로 이루어지는 마케팅.,28
2021,수정체낭절개술,(水晶體囊切開術),,백내장 따위의 안구 관련 질병을 치료하기 위해 수정체낭을 절개하는 수술.,11
2021,쉬세션,(<영>shecession),차용,경기 침체의 영향으로 노동 시장에서 어려움을 겪고 있는 여성의 상황을 이르는 말. 코로나19의 대유행으로 인한 경제적 위기 상황에서 나온 말이다.,55
2021,쉽살재빙,(쉽살재<영>←bingo),축약,‘쉽게만 살아가면 재미없어 빙고’를 줄여 이르는 말. 혼성 그룹 거북이의 히트곡인 ‘빙고’의 가사로 만든 말이다.,26
2021,스가노믹스,(Suga[菅]<영>←economics),혼성,"일본의 99대 내각 총리대신 스가 요시히데가 시행한 경제 정책. 경제의 안정화를 목표로, 지방 경제 활성화 및 소비 활성화를 위한 최저 임금 인상 따위를 실시하였다.",60
2021,스강신청,(<일>sushi[鮨]講申請),,예약 경쟁이 치열한 스시 가게를 예약하는 일을 수강 신청에 빗대어 이르는 말.,122
2021,스펜데믹,(<영>spendemic),차용,팬데믹 상황에서 나타나는 과소비 현상을 이르는 말. 코로나19가 전 세계적으로 크게 유행할 때 외부 활동 제한에 대한 보상 심리가 식품 등에 대한 과잉 소비로 이어지며 나타난 현상이다.,43
2021,스핏후드,(<영>spit hood),,재소자가 교도관에게 침을 뱉는 것을 방지하기 위해 재소자의 얼굴에 씌우는 후드.,9
2021,시기상조회,(時機尙早會),접미 파생,전기 차 개발 기술 및 관련 기반 시설이 부족함에도 불구하고 비교적 이른 시기에 전기 차를 소유한 사람들의 모임을 이르는 말.,4
2021,시심비,(時心比),축약,‘시간 대비 심리적 만족의 비율’을 줄여 이르는 말. 어떤 재화나 서비스를 구입하여 소비하는 데 투자한 시간에서 기대할 수 있는 심리적인 만족도를 말한다.,49
2021,식집사,(植執事),혼성,식물을 시중들듯이 정성스럽게 돌보고 기르는 사람을 비유적으로 이르는 말. 코로나19의 확산으로 인해 외부 활동을 하기보다는 집에 머무르며 식물을 기르는 사람들이 많아지는 상황에서 나온 말이다.,310
2021,신꾸,,축약,‘신발 꾸미기’를 줄여 이르는 말. 신발 표면에 그림을 그리거나 장식품을 부착하는 등 신발을 꾸미는 일을 뜻한다.,310
2021,신속진단검사센터,(迅速診斷檢査<영>center),,질병 혹은 바이러스 등의 감염 여부를 빠르게 진단하기 위해 만든 검사 센터. 코로나19가 전 세계적으로 유행하는 상황에서 학생들이 원활하게 수업을 들을 수 있도록 2021년 4월에 한 대학교에서 시범적으로 운영되었다.,200
2021,싫테,(싫<영>←terror),축약,‘싫어요 테러.’를 줄여 이르는 말. 누리 소통망 서비스나 인터넷 방송 플랫폼 따위에서 많은 사람들이 조직적으로 자신들의 마음에 들지 않거나 동의하지 않는 내용의 게시물을 찾아가 ‘싫어요’ 버튼을 누르는 행위를 이른다.,5
2021,쌀먹,,축약,‘게임 아이템을 팔아서 쌀을 사 먹음’을 줄여 이르는 말. 온라인 게임 따위에서 현금을 받고 계정이나 아이템 등을 팔아 생계유지할 정도로 돈을 버는 행위를 이른다.,250
2021,쏠드족,(<영>←smart old族),접미 파생,누리 소통망 서비스나 디지털 플랫폼 등을 자연스럽게 사용할 수 있으면서 빠르게 변화하는 시대 상황에 잘 적응하는 50대 이상의 사람. 또는 그런 무리.,149
2021,아끼똥,,축약,속담 ‘아끼다 똥 된다.’를 줄여 이르는 말. 무작정 아끼기만 하다가는 정작 필요할 때는 못 쓰게 된다는 뜻이다.,19
2021,아동돌봄특별지원,(兒童돌봄特別支援),,"재난 따위로 인하여 어린 자녀를 돌보는 데 부담이 늘어난 가정을 돕기 위하여 일시적으로 양육비 등을 지원하는 일. 코로나19의 대유행으로 인해 학교, 어린이집, 유치원 등이 휴교 및 휴원하는 기간이 길어짐에 따라 늘어난 가정의 양육 부담을 줄이기 위하여 정부가 2020년 9월에 초등학생 이하의 아동이 있는 가정에 지원금을 지급했다. =아동 특별 돌봄 지원.",76
2021,아동특별돌봄지원,(兒童特別돌봄支援),,"재난 따위로 인하여 어린 자녀를 돌보는 데 부담이 늘어난 가정을 돕기 위하여 일시적으로 지원하는 일에 드는 비용. 코로나19의 대유행으로 인해 학교, 어린이집, 유치원 등이 휴교 및 휴원하는 기간이 길어짐에 따라 늘어난 가정의 양육 부담을 줄이기 위하여 정부가 2020년 9월에 초등학생 이하의 아동이 있는 가정에 아동 1명당 20만 원씩 지원금을 지급했다. = 아동 특별 돌봄비, 아동 특별 돌봄 지원비.",310
2021,아동특별돌봄지원금,(兒童特別돌봄支援金),,"재난 따위로 인하여 어린 자녀를 돌보는 데 부담이 늘어난 가정을 돕기 위하여 일시적으로 지원하는 일에 드는 비용. 코로나19의 대유행으로 인해 학교, 어린이집, 유치원 등이 휴교 및 휴원하는 기간이 길어짐에 따라 늘어난 가정의 양육 부담을 줄이기 위하여 정부가 2020년 9월에 초등학생 이하의 아동이 있는 가정에 아동 1명당 20만 원씩 지원금을 지급했다. = 아동 특별 돌봄비, 아동 특별 돌봄 지원금.",310
2021,아동특별돌봄지원비,(兒童特別돌봄支援費),,"재난 따위로 인하여 어린 자녀를 돌보는 데 부담이 늘어난 가정을 돕기 위하여 일시적으로 지원하는 일에 드는 비용. 코로나19의 대유행으로 인해 학교, 어린이집, 유치원 등이 휴교 및 휴원하는 기간이 길어짐에 따라 늘어난 가정의 양육 부담을 줄이기 위하여 정부가 2020년 9월에 초등학생 이하의 아동이 있는 가정에 아동 1명당 20만 원씩 지원금을 지급했다. = 아동 특별 돌봄 지원비, 아동 특별 돌봄 지원금.",99
2021,아동특별돌봄비,(兒童特別돌봄費),,"재난 따위로 인하여 어린 자녀를 돌보는 데 부담이 늘어난 가정을 돕기 위하여 일시적으로 양육비 등을 지원하는 일. 코로나19의 대유행으로 인해 학교, 어린이집, 유치원 등이 휴교 및 휴원하는 기간이 길어짐에 따라 늘어난 가정의 양육 부담을 줄이기 위하여 정부가 2020년 9월에 초등학생 이하의 아동이 있는 가정에 지원금을 지급했다. =아동 돌봄 특별 지원.",310
2021,아재백신,(←AstraZeneca<영>vaccine),,코로나19를 예방하기 위한 백신 가운데 ‘아스트라제네카 백신’을 줄여 이르는 말. 백신의 부작용이 젊은 층보다 중고령층에서 더 적게 나타나는 경향성이 있어서 해당 백신을 ‘아저씨’를 의미하는 ‘아재’에 빗대어 이르는 말이다.,20
2021,안내스,(안내<영>←style),축약,‘내 스타일이 아님’을 줄여 이르는 말.,2
2021,알몸김치,,,위생 장비를 쓰지 않고 절인 배추로 만든 김치. 김치 제조업체의 직원으로 보이는 사람이 알몸으로 배추를 절이는 통 속에 들어가 배추를 옮기는 영상이 온라인에 퍼지면서 수입 김치의 위생이 논란되었다.,310
2021,알파변이,(<영>alpha變異),,영국에서 발견되고 보고된 코로나19의 변이 바이러스. 국가에 대한 낙인 효과를 제거하기 위해 바이러스의 이름을 그리스어 숫자로 대체하게 되었다.,310
2021,액화수소열차,(液化水素列車),,"액화 수소를 연료로 하는 고속 열차. 에너지 변환 과정에서 오염 물질을 배출하지 않아 친환경적이며, 수소 기체 열차에 비해 운송 효율이 높아 경제적이다.",140
2021,양자난수생성기술,(量子亂數生成技術),,양자 역학의 원리를 이용하여 특정한 규칙을 가지지 않는 임의의 수를 만드는 기술.,90
2021,에브리싱랠리,(<영>everything rally),,"금이나 달러화와 같은 안전 자산을 제외한 모든 자산의 가격이 오르는 현상. 주식, 부동산, 원자재, 가상 화폐 등 모든 자산의 가격이 상승하는 것을 의미한다. 코로나19의 대유행이 전 세계 경제에 큰 영향을 미치게 된 상황에서 나온 말이다.",310
2021,에프와이피,(<영>FYP),축약,"누리 소통망 서비스에서, 개별 이용자가 관심을 가질 만한 콘텐츠를 자동으로 분석하여 추천해 주는 페이지. 자신의 게시물이 다른 사람의 추천 페이지에 노출되어 조회 수를 높일 수 있도록 게시물의 해시태그로 자주 언급된다.",7
2021,엔차신상,(<영>n次新商),,여러 번 거래된 중고 제품이지만 신상품처럼 선호되는 상품.,0
2021,엘에이치로남불,(LH<영>←romance남不),혼성,"임직원들의 땅 투기를 부동산 투자라고 합리화한 한국 토지 주택 공사 직원의 발언을 ‘내로남불’에 빗대어 이르는 말. ‘내로남불’은 ‘내가 하면 로맨스, 남이 하면 불륜’을 줄여 이르는 말로, 다른 사람이 하면 비난할 행위를 자기가 할 때는 합리화하는 태도를 이르는 말이다. 한국 토지 주택 공사의 영문명 이니셜인 ‘엘에이치(LH)’의 모양이 ‘내로남불’의 ‘내’와 비슷하다는 점을 이용하여 풍자적으로 쓰는 말이다.",0
2021,엠뷰티,(<영>▼M beauty),,군인들에게 인기가 많은 미용 용품이나 화장품을 이르는 말.,39
2021,여행안전권역,(旅行安全圈域),,"전 세계적으로 전염병이 크게 유행하는 상황에서 방역이 우수한 국가들 사이에 국민들이 해당 국가들을 자유롭게 여행할 수 있도록 맺은 협약. 코로나19가 전 세계적으로 유행한 상황에서 우리나라는 2021년 11월에 싱가포르와 처음 협약을 체결하였다. =비격리 여행 권역, 트래블 버블.",310
2021,연금개미,(年金개미),,퇴직 연금을 활용하여 주식 시장에서 개인적으로 주식 투자를 하는 사람.,149
2021,영끌매수,(靈끌買收),,자신이 할 수 있는 최대한의 대출을 받아 집을 구매하거나 주식 시장 등에 투자한 사람을 이르는 말.,310
2021,영끌러,(靈끌<영>←er),접미 파생,영혼을 끌어모으듯이 자신이 받을 수 있는 최대한의 대출을 받아 물건을 사들임. 주로 최대한의 대출을 받아 주택을 사는 행위를 이르는 말이다.,67
2021,영끌족,(靈끌族),접미 파생,자신이 할 수 있는 최대한의 대출을 받아 집을 구매하거나 주식 시장 등에 투자한 사람. 또는 그런 무리.,310
2021,영털,(靈털),축약,‘영혼까지 털림’을 줄여 이르는 말. 부동산 가격이 급등하고 토지 개발과 관련된 일을 하는 사람들이 업무상 알게 된 정보를 활용하여 땅 투기를 한 의혹이 제기된 상황에서 성실하게 일해서 돈을 모으고 정당하게 대출을 받아 부동산을 마련하려는 사람들이 상대적 박탈감을 크게 느끼게 됨을 비유적으로 이르는 말이다.,90
2021,오륙남,(五六男),접미 파생,오십 대와 육십 대의 남자를 아울러 이르는 말.,66
2021,오하운,(오하運),축약,‘오늘 하루 운동’을 줄여 이르는 말. 매일 일상적으로 하는 운동을 가리키는 말이다.,310
2021,완내스,(完내<영>←style),축약,‘완전 내 스타일’을 줄여 이르는 말. 어떤 것이 자신의 취향에 딱 맞음을 이르는 말이다.,179
2021,우먼버핏,(<영>woman Buffett),,주식 투자 수익률이 높은 여성을 미국의 유명한 투자가이자 자산가인 워런 버핏(Warren Buffett)에 빗대어 이르는 말. 주식 시장의 단기적인 주가 등락에 반응하기보다는 워런 버핏처럼 우량주에 주목하여 장기적으로 투자하는 경향이 있다.,17
2021,워크레져패션,(<영>work leisure fashion),,일할 때와 여가 시간을 보낼 때 두루 입는 옷차림. 일할 때는 적당히 격식을 차린 것처럼 보이지만 몸에 편안한 것이 특징이다. 코로나19로 인해 화상 회의 등의 비대면 환경이 자리 잡으면서 생겨난 말이다.,2
2021,유도슈트,(誘導<영>chute),,원료를 원료 컨베이어 벨트 끝에서 다음 공정으로 옮기는 장치.,4
2021,육아기본소득,(育兒基本所得),,근로 여부나 재산의 많고 적음에 상관없이 어린 아이를 양육하는 모든 가정에 지급하는 소득. 우리나라에서는 강원도 지방 자치 단체에서 2019년 1월 1일 이후 출생한 아이가 48개월이 될 때까지 아이의 보호자에게 매달 30만 원을 지급한다.,3
2021,육아전문관리사,(育兒專門管理士),,일정 시간 동안 아이를 맡아 돌보는 일을 전문적으로 하는 사람.,112
2021,음토토,(<와>mtoto),차용,"2013년에 케냐 동부의 동굴에서 발굴된 현생 인류의 유골 화석. 스와힐리어의 ‘아이’라는 뜻으로, 2.5세 내지 3세 유아의 유골로 추정된다. 매장 시기는 7만 8000년 전으로 추정되며 현재 아프리카에서 발견된 매장 유적들 가운데 가장 오래된 것으로 기록되었다.",20
2021,의무공공기여,(義務公共寄與),,"토지 개발 사업자가 용도 지역을 변경하거나 용적률을 상향할 때, 공공의 이익을 위하여 의무적으로 지방 자치 단체에 시설을 기부하거나 일정 비율의 돈을 내는 일.",310
2021,이말올,,축약,‘이걸 말아 올림’을 줄여 이르는 말. 하락한 주가를 특정 투자 세력이 움직여서 끌어올릴 때 사용한다.,55
2021,이모카세,(姨母<일>←omaka[御任]se),혼성,"주방장이 만드는 특선 요리. 또는 그런 요리를 내놓는 음식점. 손님이 메뉴판에 적힌 일정한 음식을 주문하지 않고, 주방장이 그날그날의 상황에 따라 엄선하여 만든 음식을 손님에게 내놓는다. 식당이나 주점 따위에서 일하는 중년의 여성을 친근하게 부르는 말인 ‘이모’와 ‘오마카세’를 결합하여 만든 말이다.",310
2021,이왜진,(이왜眞),축약,‘이게 왜 진짜임’을 줄여 이르는 말. 가짜라고 생각한 일이 알고 보니 진짜인 경우에 사용한다.,247
2021,인플루언서블세대,(<영>influenceable世代),,인플루언서가 되고 싶어 하거나 그들처럼 행동하는 세대. ‘인플루언서블’은 누리 소통망 서비스에서 다른 사람들에게 영향을 미치는 사람을 뜻하는 ‘인플루언서’와 어떤 것을 ‘할 수 있는’을 뜻하는 영어 접미사 ‘-어블(-able)’을 결합하여 만든 말이다.,0
2021,일가구일주택법,(一家口一住宅法),,부동산 투기를 막기 위하여 1가구당 1개의 주택만을 보유하도록 하는 법안. 2020년 12월에 국회에서 발의되었으며 정식 명칭은 ‘주거 기본법 일부 개정안’이다.,1
2021,임대료멈춤법,(賃貸料멈춤法),,코로나19의 확산을 방지하기 위해 정부에서 집합을 금지하거나 제한한 업종의 상인들에게 상가의 임대인이 임대료의 전체 또는 일부를 청구할 수 없게 하는 법안. 2020년 12월에 국회에서 발의되었으며 정식 명칭은 ‘상가 건물 임대차 보호법 개정안’이다.,310
2021,자본주의키즈,(資本主義<영>kids),,어릴 때부터 자본주의를 접하면서 자본주의적인 논리를 당연하게 생각하는 아이. 돈이나 소비에 대한 부정적인 편견이 없으며 경제 문제에 밝고 재테크에 큰 관심을 보이는 것이 특징이다.,310
2021,자율방역로봇,(自律防疫<영>robot),,스스로 방역 작업을 할 수 있는 인공 지능 로봇. 코로나19의 확산을 막기 위해 활용되었다.,107
2021,자컨,(自<영>←contents),축약,‘자체 제작 콘텐츠’를 줄여 이르는 말.,310
2021,재난시기상가임대료감면법,(災難時期商家賃貸料減免法),,감염병의 확산과 같은 재난이 일어난 상황으로 인해 정부가 영업 제한이나 영업 정지를 명령하는 업종의 경우 상가의 임대료를 감면받을 수 있도록 하는 법안. 2020년 국회에서 발의되었으며 정식 명칭은 ‘재난 및 안전 관리 기본법 일부 개정 법률안’이다. 코로나19의 대유행으로 인한 경제적 위기 상황을 극복하기 위한 방안을 논의하는 과정에서 나온 말이다.,38
2021,재산비례벌금제,(財産比例罰金制),,범죄인의 재산이나 소득에 비례하여 차등적으로 벌금을 부과하는 제도. =공정 벌금제.,310
2021,재텔근무,(在<영>←hotel勤務),혼성,호텔 객실에서 회사의 업무를 보는 일. ‘재택근무’와 ‘호텔’을 결합하여 만든 말이다. 코로나19의 확산으로 인해 회사에 출근하지 않고 온라인을 통해 비대면으로 업무를 보는 사람이 많아진 상황에서 나온 말이다.,105
2021,잼민이,,접미 파생,‘어린이’를 속되게 이르는 말. 주로 ‘초등학생’을 낮잡아 이르는 말이다. 차별 및 비하하는 의미가 포함되어 있으므로 사용에 주의가 필요하다.,310
2021,전국민재난지원패키지,(全國民災難支援<영>package),,"전국적인 재난 사태로 인해 침체된 경기를 부양하기 위해 도입한 ‘재난 지원금ㆍ상생 소비 지원금ㆍ소상공인 손실 지원금’의 세 가지 정책을 이르는 말. 코로나19의 대유행으로 인한 경제적 위기 상황을 극복하기 위한 방안으로, 전 국민이 세 가지 가운데 적어도 한 가지는 지원받을 수 있다는 의미로 나온 말이다.",60
2021,전략장거리포,(戰略長距離砲),,"사정거리가 1,600킬로미터 이상으로 긴 대포.",8
2021,전월세금지법,(傳月貰禁止法),,수도권 내의 분양가 상한제가 적용되는 신규 아파트에 실거주 의무 기간을 부과하는 법률. 실수요자 위주의 분양 시장을 만드는 것을 목적으로 2021년 2월에 시행되었다. 정식 명칭은 ‘주택법 시행령 일부 개정안’이다.,310
2021,전자예방접종증명서,(電子豫防接種證明書),,예방 접종을 받았음을 증명하는 전자 문서. 코로나19의 감염과 확산을 막기 위한 예방 접종 및 증명을 실시하면서 생겨난 말이다.,310
2021,젊치인,(젊治人),접미 파생,이삼십 대의 정치인을 이르는 말.,310
2021,점심시간일괄휴식제,(點心時間一括休息制),,민원 업무를 담당하는 공무원들이 점심시간 한 시간 동안 업무를 처리하지 않고 모두 쉬도록 하는 제도.,2
2021,정자공여시술,(精子供與施術),,"보조 생식술의 하나로, 정자은행에서 공여받은 정자와 시술 대상의 난자를 결합시키는 시술.",134
2021,정책형뉴딜펀드,(政策型New Deal<영>fund),,뉴딜 관련 기업이나 사업에 투자하기 위하여 정부가 출자하여 만든 모펀드.,310
2021,정치신인트랙,(政治新人<영>track),,본경선에 정치 신인이 반드시 1명 이상 출마할 수 있도록 하는 규칙.,98
2021,제당슈만,(제當<영>←super star만),축약,‘제가 당신을 슈퍼스타로 만들어 드릴게요.’를 줄여 이르는 말. 좋아하는 연예인이 더 높은 인기를 얻을 수 있도록 해당 연예인과 관련된 물건을 구매하는 등의 적극적인 행동을 하고자 하는 마음을 표현하는 말이다. 일본의 티브이(TV) 애니메이션 대사에서 유래하였다.,30
2021,좋댓구알,(좋對購알),축약,"‘좋아요, 댓글, 구독, 알림 설정’을 줄여 이르는 말. 주로 유튜브 영상에서, 해당 영상의 조회 수를 높이기 위해 출연자가 시청자들에게 하는 말이다.",285
2021,주가꿈비율,(株價꿈比率),,10년 후 해당 산업 전체의 시장 규모 예상값과 10년 후 기업의 시장 점유율 예상값을 곱한 값으로 기업의 현재 시가 총액을 나눈 비율. 기업의 미래 가치를 평가하기 위한 지표이다.,122
2021,주불,(住불),축약,"‘주소 불러.’를 줄여 이르는 말. 주로 문자 메시지나 채팅 따위를 통한 의사소통에서, 상대방에게 물건을 택배로 보내기 위해 상대방의 주소를 알려 달라는 뜻으로 쓰는 말이다. 간혹 온라인상에서 시비가 붙었을 때 상대방이 있는 곳에 직접 가서 물리적 충돌을 할 수도 있다는 의미를 위협적으로 전달하기 위해 쓰기도 한다.",310
2021,주포원,(住抛員),접미 파생,‘주택 담보 대출에 대한 상담을 포기한 은행원’을 줄여 이르는 말. 대출과 관련한 정책이나 규정이 자주 바뀌고 복잡해져서 은행원이 고객과 주택 담보 대출을 상담할 때 어려움을 겪는 일이 많아진 상황에서 나온 말이다.,11
2021,주폭방지법,(酒暴防止法),,"술을 마시고 행패를 부리는 일이 일어나지 못하게 막기 위한 법안. 주취 범죄에 대한 처벌을 강화하기 위한 법안으로, 정식 명칭은 ‘주취자 범죄의 예방 및 처벌 등에 관한 법률안’이다. 2021년 4월에 국회에서 발의되었다.",30
2021,줌피로,(Zoom疲勞),합성,화상 회의나 화상 수업 등을 진행하며 개인이 느끼는 정신이나 몸의 피로. 코로나19가 확산하는 상황에서 대면보다는 화면을 주시해야 하는 비대면 상황이 많아지면서 생겨난 말이다.,14
2021,줌술족,(Zoom술族),접미 파생,"사람들을 직접 만나지 않고 화상 회의 플랫폼인 ‘줌(Zoom)’에 접속하여 술을 마시는 사람. 또는 그런 무리. 코로나19로 대면 활동이 제한되면서 생겨난 말로, 각자의 공간에서 화상 카메라로 서로를 보면서 술을 사람들을 의미한다.",2
2021,중수청,(重搜廳),접미 파생,"‘중대 범죄 수사청’을 줄여 이르는 말. 2021년 2월에 국회에서 ‘중대 범죄 수사청 설치 및 운영에 관한 법률안’이 발의되면서 ‘중대 범죄 수사청’을 새로 설치하는 방안이 제안되었다. 법안에 따르면, 중대 범죄에 대하여 기존 검찰이 가진 수사권을 ‘중대 범죄 수사청’이 이관받게 되고 검찰은 주로 공소의 업무를 맡아보게 된다.",310
2021,중수청법,(重搜廳法),합성,"‘중대 범죄 수사청 설치 및 운영에 관한 법률안’을 줄여 이르는 말. ‘중수청’은 ‘중대 범죄 수사청’을 줄여 이르는 말로, 중대 범죄에 대하여 기존 검찰이 가진 수사권을 ‘중수청’이 이관받고 검찰은 주로 공소의 업무를 맡아보게 된다는 내용의 법안이다. 2021년 2월에 국회에서 발의되었다.",310
2021,중수청장,(重搜廳長),접미 파생,‘중대 범죄 수사청장’을 줄여 이르는 말. ‘중대 범죄 수사청’의 소관 업무를 총괄하는 책임자를 가리키는 말이다. 2021년 2월에 국회에서 ‘중대 범죄 수사청 설치 및 운영에 관한 법률안’이 발의되면서 ‘중대 범죄 수사청’을 새로 설치하는 방안이 제안되었다.,236
2021,중앙예방접종센터,(中央豫防接踵center),,"코로나19 예방 접종을 체계적으로 관리하는 중심 기관. 국립 중앙 의료원에 설치되었으며, 2021년 2월에 코로나19 환자 치료 병원의 종사자를 대상으로 한 첫 번째 예방 접종이 시행되었다. 코로나19 예방 접종 시행 외에도, 적정 온도 유지가 필수적인 엠아르엔에이(mRNA) 백신의 보관 및 유통을 관리하고, 예방 접종 매뉴얼을 마련하여 권역 및 지역 예방 접종 센터로 전달하는 등의 기능을 수행한다.",310
2021,지역재생잠재력지수,(地域再生潛在力指數),,"지역의 발전 가능성과 성장 잠재력을 평가하는 지수. 둘째 이상의 출생률을 출산 가능한 인구의 비율로 나눈 것으로, 값이 1 이상이면 인구가 늘고 있음을 보여준다.",172
2021,지옥개미,(地獄개미),합성,수직으로 움직이는 뿔과 턱을 가진 고대의 개미를 비유적으로 이르는 말. 이마에 낫 모양의 뿔이 나 있으며 먹이를 잡기 위해 뿔과 그 아래에 위치한 턱을 함께 이용한 것이 특징적이다.,18
2021,집단면역가설,(集團免疫假說),,백신 접종 따위를 통해 감염증에 대한 집단 면역이 이루어질 수 있다는 가설. 코로나19에 대한 방역 지침을 논의하는 상황에서 나온 말이다.,6
2021,집착광공,(執着狂攻),,어떤 사람이나 대상에 지나치게 집착하는 사람을 이르는 말.,188
2021,쩝쩝박사,(쩝쩝博士),합성,음식이나 먹는 일에 대하여 박식한 사람. 또는 음식을 맛있게 먹을 수 있는 방법을 잘 생각해 내는 사람.,310
2021,쫌쫌따리01,,생성,매우 적고 하찮은 양.,0
2021,쫌쫌따리02,,생성,매우 적고 하찮게 계속하여.,0
2021,차박튀,(車박튀),축약,"‘차를 박고 튀다.’를 줄여 이르는 말로, 주차되어 있는 다른 사람의 차를 들이박고 달아나는 일. 또는 그런 사람.",1
2021,책임등교,(責任登校),,원격 수업에 스스로 참여하기 어려운 유치원생과 초등학교 저학년 학생들이 우선적으로 등교하는 일. 코로나19로 인하여 학교에 등교하지 않고 비대면으로 수업하는 기간이 길어지면서 스스로 원격 수업에 참여할 수 있는 중고등학생 및 초등학교 고학년 학생들과 그보다 더 어린 학생들 사이의 학습 격차가 심각해지는 상황에서 나온 말이다.,159
2021,천스닥,(千<영>←KOSDAQ),혼성,"코스닥 지수가 1,000포인트에 이르거나 1,000포인트를 넘어선 상태를 이르는 말.",310
2021,청년특별구직지원금,(靑年特別求職支援金),,전국적인 재난 사태로 인해 구직 기간이 길어짐에 따라 경제적인 어려움을 겪는 미취업 상태의 저소득층 청년들을 지원하기 위해 정부가 지급하는 지원금. 코로나19의 확산과 그에 따른 경제 위기로 인해 마련된 제도이다.,310
2021,청무구사,(請무舊사),축약,"‘청약은 무슨, 구축이나 사.’를 줄여 이르는 말. 아파트의 값이 계속하여 오르는 상황에서, 신축 아파트의 청약은 당첨 확률이 낮으니 구축 아파트라도 사는 것이 낫다는 뜻으로 쓰는 말이다.",2
2021,청산가정반환율,(淸算假定返還率),,"상조 회사가 청산되었을 때를 가정할 경우, 소비자가 납부한 금액이 소비자에게 반환되는 비율. 회사의 총자산에서 선수금을 제외한 부채를 뺀 뒤 이를 선수금으로 나눈 비율을 백분율로 나타낸다. 회사가 소비자들에게 받은 선수금을 중장기적으로 환급할 수 있는지를 평가하는 지표로 활용되며, 값이 100에 가까울수록 회사가 선수금 전액을 환급할 수 있음을 의미한다.",48
2021,촌캉스,(村<프>←vacance),혼성,시골에서 보내는 휴가. 코로나19로 인해 사람이 많이 몰리는 휴가지를 피해 한적한 시골을 찾아 휴가를 즐기려는 사람들이 많아지는 상황에서 나온 말이다.,310
2021,칩플레이션,(<영>▼chip←inflation),혼성,반도체의 공급 물량 부족으로 인해 반도체를 포함한 관련 품목들의 가격이 상승하는 현상.,269
2021,캐해,(<영>←character解),축약,"‘캐릭터 해석’을 줄여 이르는 말. 특정 인물의 성격이나 표정, 말투, 행동 특성 따위를 자세하게 파악하여 앞으로 어떻게 행동할지 예측하는 것을 이르는 말이다.",105
2021,코끝모,(<영>←corona virus끝모),축약,"‘코로나19가 끝나면 모이자.’를 줄여 이르는 말. 코로나19의 확산과 그에 따른 사회적 거리 두기의 시행으로 인해 대면 모임이 힘들어진 상황에서 나온 말로, 주로 누리 소통망 서비스 따위에서 인사말로 사용된다.",11
2021,코로나레드,(<영>▼←corona virus red),,코로나19의 확산으로 인해 우울감보다 심한 분노감 따위를 느끼는 상태.,310
2021,코로나앵그리,(<영>▼←corona virus angry),,코로나19의 확산으로 인해 우울감보다 극심한 분노를 느끼는 상태.,310
2021,코로나피로도,(<영>←corona virus疲勞度),,코로나19의 장기화로 인해 피로를 느끼는 정도.,142
2021,코로나학번,(<영>←corona virus學番),,코로나19가 유행하기 시작한 2020년과 코로나19 상황이 지속된 2021년에 대학에 입학한 학생들을 이르는 말. 코로나19의 유행으로 대면 수업이나 대학 축제 등 대학 생활을 하는 데에 많은 제한을 받았다.,100
2021,코로나손실보상법,(<영>←corona virus損失補償法),,"코로나19의 감염과 확산을 막기 위한 방역 지침으로 인해 영업 손실을 입은 소상공인에게 국가가 손실의 일정 부분을 보상해 주는 법률. 정식 명칭은 ‘소상공인 보호 및 지원에 관한 법률’이다. 2021년 1월에 발의되어 2021년 7월에 통과되었으며, 2021년 10월에 시행되었다.",310
2021,코비디오파티,(<영>covideo party),,코로나19의 확산과 그에 따른 사회적 거리 두기의 시행으로 인해 사람들이 직접 만나지 못하고 집에서 화상 회의 프로그램을 통하여 여는 파티. ‘코비디오’는 ‘코로나19’와 ‘비디오’를 결합하여 만든 말이다.,0
2021,코세글자,(<영>←corona virus세글字,혼성,‘코로나’를 달리 이르는 말. ‘코로나’는 ‘코로나바이러스 감염증 일구’를 일상적으로 이르는 말이다. 코로나19의 강한 전염성에 대한 우려와 장기화된 코로나19 사태에 대한 염증을 표현한다.,2
2021,코스크,(코<영>←mask),혼성,마스크를 올바르게 착용하지 않고 코 아래로 내리는 것을 이르는 말. 여러 사람이 모이는 장소에서는 코로나19의 확산을 방지하기 위해 마스크가 입과 코를 완전히 덮도록 착용해야 한다는 정부의 방역 지침에 어긋나는 행위이다.,310
2021,코인민심,(<영>coin民心),,가상 화폐에 투자하고 있는 사람들의 마음.,255
2021,코파라치,(<영>←corona virus<이>←paparazzi),혼성,코로나19의 감염과 확산을 막기 위해 시행되는 방역 수칙을 지키지 않는 사람을 신고하여 포상금을 받는 일. 또는 그런 일을 하는 사람.,140
2021,콜체크인,(<영>▼call check-in),,지정된 전화번호로 전화를 걸어 출입 기록을 남김. 코로나19의 확산을 막기 위한 방역 지침에 따라 출입 명부를 수기로 작성하는 절차를 더 간편하게 하고 개인 정보의 유출도 방지하기 위해 2020년 11월부터 도입되었다.,310
2021,쿠세권,(←Coupang勢圈),접미 파생,전자 상거래 플랫폼인 ‘쿠팡’에서 물건을 사면 다음 날 바로 물건을 배송받을 수 있는 주거 지역.,310
2021,크크루삥뽕,,생성,상대를 조롱하는 듯이 웃는 소리.,50
2021,탄소조정세,(炭素調整稅),,생산 과정에서 탄소 배출량이 많은 상품에 대해 부과하는 세금.,310
2021,태그니티마케팅,(<영>▼tag←community marketing),,"누리 소통망 서비스에서, 해시태그를 통하여 같은 관심사나 취향을 공유하는 집단을 대상으로 하는 마케팅. ‘태그니티’는 ‘해시태그’와 ‘커뮤니티’를 결합하여 만든 말이다.",17
2021,턱스크족,(턱<영>←mask族),접미 파생,마스크를 올바르게 착용하지 않고 턱에 걸친 사람. 또는 그런 무리. ‘턱스크’는 여러 사람이 모이는 장소에서 코로나19의 확산을 방지하기 위해 마스크가 입과 코를 완전히 덮도록 착용해야 한다는 정부의 방역 지침에 어긋나는 행위이다.,65
2021,테슬람,(<영>Teslam),차용,미국 기업 ‘테슬라’를 맹목적으로 좋아하거나 신뢰하는 사람을 낮잡아 이르는 말. 이 기업에서 만든 자동차를 맹목적으로 좋아하거나 기업의 소유주를 맹목적으로 추종하는 사람을 가리킨다. 또는 이 기업의 성장 가능성을 고평가하여 기업의 주식이 떨어지지 않을 것이라는 맹목적인 믿음을 고수하는 사람을 가리키기도 한다. 미국 기업 ‘테슬라’와 이슬람교 또는 그 교도를 의미하는 ‘이슬람’을 결합하여 만든 말이다. 차별 및 비하하는 의미가 포함되어 있으므로 사용에 주의가 필요하다.,310
2021,토지임대부기본주택공급촉진특별법,(土地賃貸附基本住宅供給促進特別法),,공공 기관이나 국가가 토지의 소유권을 가지면서 최소한의 임대료를 받고 수요자에게 주택을 공급하는 법안. 2021년 3월에 국회에서 발의되었다.,6
2021,통합수질지수,(統合水質指數),,"시민들이 수질의 상태를 직관적으로 확인할 수 있도록 하천의 오염도를 매우 나쁨에서 매우 좋음까지 5개 등급으로 나눈 지수. 총유기 탄소량, 총인, 총질소, 분원성 대장균군의 4개 주요 수질 항목을 하나의 등급으로 통합하여 평가한다.",27
2021,트윈데믹,(<영>twindemic),차용,"두 종류의 전염병이 동시에 크게 유행하는 현상. 코로나19가 전 세계적으로 유행하는 때에, 독감이 유행할 가능성이 높은 가을과 겨울철이 되면 두 종류의 전염병이 동시에 유행할 가능성이 높음을 강조하는 상황에서 나온 말이다. 쌍둥이를 의미하는 영어 단어 ‘트윈(twin)’과 전염병이 전 세계적으로 유행하는 현상을 의미하는 ‘팬데믹(pandemic)’을 결합하여 만든 말이다.",310
2021,포택트,(<영>▼for←ontact),혼성,온라인상에서 고객의 개인적인 취향이나 요구에 맞추어 서비스를 제공함. ‘…을 위한’을 의미하는 영어 단어 ‘포(for)’와 온라인상으로 다른 사람과 접촉함을 의미하는 ‘온택트’가 결합하여 이루어진 말이다. 코로나19의 확산을 방지하기 위해 온라인으로 하는 활동이 일반화되는 상황에서 나온 말이다.,11
2021,폰꾸,(<영>phone꾸),축약,‘폰 꾸미기’를 줄여 이르는 말. 휴대 전화에 스티커를 붙이거나 전용 액세서리를 부착하는 등으로 휴대 전화를 장식하는 행위를 이르는 말이다.,310
2021,풀멍,,합성,식물을 바라보며 아무 생각 없이 멍하니 있는 일. 코로나19의 확산으로 인해 외부 활동이 어려워지자 실내에서 즐길 수 있는 여가 활동을 선호하는 사람들이 많아진 상황에서 나온 말이다.,310
2021,피코질,(被<일>←kosupure질),축약,‘피해자 코스프레질’을 줄여 이르는 말. 피해자가 아닌 사람이 피해자인 척을 하는 것을 비하하는 말이다.,2
2021,핀플루언서,(<영>finfluencer),차용,"누리 소통망 서비스에서, 금융에 관한 정보나 자신의 의견을 공유하고 폴로어(follower)와 소통하며 그들에게 영향을 미치는 사람. 금융을 의미하는 영어 단어 ‘파이낸스(finance)’와 다른 사람들에게 영향력을 행사하는 사람을 의미하는 ‘인플루언서(influencer)’가 결합하여 이루어진 말이다.",310
2021,하체털기,(下體털기),합성,자동차의 하부에 있는 여러 부품을 손보거나 새것으로 교체하는 일.,0
2021,학대정책계,(虐待政策係),,경찰서에서 아동 학대 범죄를 다루는 업무를 맡은 부서. 아동 학대를 예방하고 피해 아동의 보호를 전담하기 위해 2021년 1월에 신설되었다.,16
2021,한계근로빈곤층,(限界勤勞貧困層),,일하려는 의지가 있지만 실업 상태가 지속됨에 따라 소득이 부족하여 살기가 어려운 계층.,310
2021,한국여행놀이,(韓國旅行놀이),,"외국에서, 자국을 떠나지 않고 한국을 여행하는 흉내를 내는 놀이. 주로 일본에서, 일본 내에 있는 코리아타운을 방문하거나, 집이나 호텔에서 한국 음식을 먹고 한국 콘텐츠를 감상하면서 한국을 여행하는 기분을 내며 즐기는 일을 가리키는 말이다.",198
2021,한복공정,(韓服工程),,한복이 중국의 전통 의상이라고 하는 일부 중국 사람들의 주장을 ‘동북 공정’에 빗대어 이르는 말. ‘동북 공정’은 현재의 중국 영토에서 전개된 여러 민족과 국가의 역사를 모두 중국의 역사로 만들기 위하여 추진된 중국의 국가 연구 사업이다.,310
2021,할미룩,(할미<영>look),,"할머니의 옷차림을 현대적으로 재해석한 패션 스타일. 강렬하고 알록달록한 색상의 조합, 화려한 꽃무늬 자수나 펑퍼짐한 실루엣이 특징이다. =그래니 룩, 할머니 룩.",35
2021,할밍아웃,(할<영>←coming-out),혼성,"자신의 입맛, 패션 스타일 등의 취향이 할머니 같다는 사실을 공개적으로 밝히는 일. 늙은 여자가 손녀나 손자에게 자기 자신을 이르는 말인 ‘할미’와 ‘커밍아웃’을 결합하여 만든 말이다.",14
2021,호모마스쿠스,(<라>▼Homo<영>mask<라>←pithecus),,마스크 착용을 생활화하는 인간. 코로나19가 전 세계적으로 유행한 상황으로 인하여 항상 마스크를 착용하고 일상생활을 하게 된 현대인을 이른다. =호모 마스크쿠스.,78
2021,호모마스크쿠스,(<라>▼Homo<영>mask<라>←pithecus),,마스크 착용을 생활화하는 인간. 코로나19가 전 세계적으로 유행한 상황으로 인하여 항상 마스크를 착용하고 일상생활을 하게 된 현대인을 이른다. =호모 마스쿠스.,10
2021,호텔거지,(<영>hotel거지),,호텔을 리모델링하여 만든 임대 주택에 사는 사람을 낮잡아 이르는 말. 차별 및 비하하는 의미가 포함되어 있으므로 사용에 주의가 필요하다.,204
2021,홈오피스웨어,(<영>home office wear),,재택근무를 할 때 입는 옷차림. 편안하지만 적당히 격식을 차린 것처럼 보이게 입는다. 코로나19로 인해 화상 회의 등의 비대면 환경이 자리 잡으면서 생겨난 말이다.,4
2021,확장가상세계,(擴張假象世界),,"3차원의 가상 세계에서 자신의 역할을 대신하는 가상의 캐릭터를 통해 현실 세계에서처럼 경제, 사회, 문화적 활동을 함으로써 가상 세계와 현실 세계의 경계가 허물어진 세계. =멀티 버스.",310
2021,힙화점,(<영>hip貨店),혼성,최신 트렌드에 밝으면서도 고유한 개성과 감각을 느낄 수 있는 백화점. 유행에 밝음을 의미하는 영어 단어 ‘힙(hip)’과 ‘백화점’을 결합하여 만든 말이다.,67
2022,가상세계패션,(假象世界<영>fashion),,가상 세계에 등장하는 아바타에게 사용하기 위해 디지털 기술을 활용하여 만든 패션 제품.,36
2022,가스테란투스익스팅크투스,(<라>Gasteranthus extinctus),,"게스네리아과의 한 종류. 짙은 홍색의 꽃이 피며 열대, 아열대에서 자란다. 1981년에 처음으로 발견되었을 당시에 이미 멸종된 것으로 알려졌으나 2021년 11월 에콰도르 서부의 센티넬라 산에서 다시 발견되었다.",3
2022,가스플레이션,(<영>gasflation),차용,가스 가격의 상승으로 인해 발생하는 인플레이션. 에너지 공급의 부족과 친환경 정책 등 복합적인 원인으로 인해 발생한 물가 상승 현상이다.,10
2022,가입자퇴직급여보장법,(加入者退職給與保障法),,가입자가 별도로 지시하지 않아도 금융 회사가 사전에 정해진 방법으로 퇴직 연금을 운용하여 퇴직 연금 가입자의 노후 대비 자산 형성에 이바지하고자 제정한 법률.,33
2022,가족돌봄청년,(家族돌봄靑年),,"정신적, 신체적 질병이나 장애, 약물 중독 따위의 문제를 가진 가족을 돌보는 청년.",310
2022,가족돌봄청소년,(家族돌봄靑少年),,"정신적, 신체적 질병이나 장애, 약물 중독 따위의 문제를 가진 가족을 돌보는 청소년.",310
2022,가짜무새,(假짜鵡새),혼성,‘모든 게 가짜’라고 주장하는 사람을 이르는 말.,1
2022,가피단,(加被團),축약,‘가습기 살균제 합의를 위한 피해자 단체’를 줄여 이르는 말. 가습기 살균제로 인한 피해 회복을 위하여 13개의 피해자 단체로 구성되었다.,28
2022,간병이혼,(看病離婚),,부모의 간병을 하는 기간 동안 갈등이 생겨 하게 되는 이혼. 주로 배우자의 부모의 나이가 많아진 오래된 부부 사이에서 나타난다.,9
2022,간호인력인권법,(看護人力人權法),,간호사 한 명당 환자 수를 규정하는 법률. 코로나19가 오랜 기간 이어져 오고 있는 상황에서 간호사의 업무 가중 해소와 인력 부족 문제를 해결하기 위한 방안을 의미한다.,310
2022,갈대멍,,합성,갈대의 움직임을 멍하니 바라보며 아무 생각 없이 시간을 보내는 일.,1
2022,감동심해,(感動심해),,아주 크게 느끼어 마음이 움직임. ‘심하다’의 활용형과 깊은 바닷속을 의미하는 ‘심해’의 발음이 같다는 점을 이용하여 재미있게 이르는 말이다.,44
2022,감트코인,(감<영>←bitcoin),혼성,감자의 가격이 암호 화폐의 시세처럼 불안정하다는 것을 비유적으로 이르는 말. ‘감자’와 암호 화폐를 뜻하는 ‘비트코인’을 결합하여 만든 말이다.,2
2022,개리야스,(개<에>←medias),혼성,개가 입는 내의를 이르는 말. ‘개’와 속옷을 뜻하는 ‘메리야스’를 결합하여 만든 말이다.,310
2022,개발이익국민환수제,(開發利益國民還收制),,국가가 토지를 개발하면서 얻게 된 개발 이익에 대해 공공 환수를 의무화하고 개발 이익을 국민에게 돌려주는 제도.,290
2022,개인경계선,(個人境界線),,가상 세계에서 성희롱이나 학대 등을 막기 위해 일정 거리 이상 다른 아바타가 진입할 수 없도록 설정한 경계선. 아바타 간에 진입할 수 없도록 설정된 거리는 1.2m(4피트)이다.,22
2022,검당유착,(檢黨癒着),,검찰과 야당이 서로 깊은 관계를 가지고 결합해 있음. 또는 검찰과 야당 사이의 부도덕한 밀착 관계.,210
2022,검수단박,(檢搜段剝),축약,‘검찰의 수사권을 단계적으로 박탈함’을 줄여 이르는 말. 검찰이 수사권을 가진 6대 범죄 중 4개 분야를 이관하고 2대 범죄에 해당하는 부패 및 경제 범죄로 수사권을 축소하는 것이 주요 내용이다.,23
2022,검수더박,(檢搜더剝),축약,‘검찰의 수사권을 더 박탈함’을 줄여 이르는 말. 검찰의 수사권을 현재보다 더 제한해야 한다는 주장이다.,3
2022,검수덜박,(檢搜덜剝),축약,"‘검찰의 수사권을 덜 박탈함’을 줄여 이르는 말. 검찰의 직접 수사권의 범위를 축소하되, 일부 사전에 대해서는 수사도 가능하도록 조정하는 것을 말한다.",94
2022,검수완박법,(檢搜完剝法),축약,"‘검찰의 수사권을 완전히 박탈하는 법안’을 줄여 이르는 말. 검찰의 수사권과 기소권을 분리하도록 한 법안으로, 검찰은 법률에서 정한 경우를 제외하고는 기소와 공판 업무만 하게 된다.",310
2022,검역정보사전입력시스템,(檢疫情報事前入力<영>system),,대한민국 입국 시 소요되는 검역 조사 시간을 단축하고 입국자의 편의를 도모하기 위해 질병 관리청이 구축한 시스템.,310
2022,검월완박,(檢月完剝),축약,‘검사의 월급을 완전히 박탈함’을 줄여 이르는 말. 검사의 보수 규정을 행정부의 공무원법 체계로 일원화하여 행정기관 간의 형평성을 도모하자는 내용을 담은 법안을 말한다.,37
2022,검찰면담제,(檢察面談制),,"사전 구속 영장이 신청된 피의자를 검찰이 직접 면담하여 변론의 기회를 주는 제도. 영장의 심사를 강화하고, 피의자의 변론권을 보장하여 부당한 구속을 방지하기 위한 제도를 말한다.",47
2022,검찰정상화법,(檢察正常化法),,검찰의 개혁을 통해 검찰을 정상적인 상태가 되도록 만드는 법안을 이르는 말. 검찰을 개혁하기 위한 것으로 검찰의 수사권을 없애자고 주장하는 법안을 말한다. =검수완박법.,292
2022,검핵관,(檢核關),축약,‘검찰 출신의 핵심 관계자’를 줄여 이르는 말.,310
2022,결송하다,(結悚하다),접미 파생,결혼해서 죄송하다. 코로나19에 따른 방역 지침으로 인해 결혼식을 미루거나 친족 외에는 초대하지 못하는 상황에 쓰이는 말이다.,2
2022,결장협착증,(結腸狹窄症),,맹장과 직장 사이에 있는 결장에 작은 덩어리가 생겨 장내가 좁아지는 증상. 고령층에게 자주 나타나는 질환으로 주기적인 복통을 유발한다.,310
2022,경수완박,(警搜完剝),축약,‘경찰의 수사권을 완전 박탈함’을 줄여 이르는 말.,67
2022,경육남,(慶六男),축약,‘경상도 출신의 육십 대 남자’를 줄여 이르는 말.,152
2022,경제특례시,(經濟特例市),합성,일자리 창출 및 투자 유치 등을 통해 경제를 활성화하여 경제 분야에서 특례가 인정되는 도시.,310
2022,경제부스터샷,(經濟<영>booster shot),,서민 경제를 되살리기 위하여 코로나19로 인해 피해를 입은 국민들에게 제공되는 경제 지원 대책을 이르는 말.,310
2022,고끝낙온,(苦끝樂온),축약,‘고생 끝에 낙이 온다’를 줄여 이르는 말.,3
2022,고등직업교육거점지구지원사업,(高等職業敎育據點地區支援事業),,"지자체와 기업, 전문 대학이 연합체를 조직하여 교육 체계를 개편하고 지역 내의 특화 분야를 선정하는 등의 방법으로 대학이 지역의 거점의 역할을 맡을 수 있도록 지원하는 사업.",5
2022,고소절연작업차,(高所絕緣作業車),,높은 위치에 있는 고압 전기 시설에 대한 작업이 가능하도록 절연 설비를 갖춘 차량.,100
2022,고용평등임금공시제,(雇傭平等賃金公示制),,"성별, 고용 형태별로 임금과 근로 시간 등에 대한 정보와 임금 격차 현황을 공개적으로 게시하여 일반에게 의무적으로 알리는 제도.",310
2022,고준위특별법,(高準位特別法),,고준위 방사성 폐기물을 안전하게 관리하기 위한 절차와 원칙 및 관리 시설의 부지 선정 등에 관한 내용을 담고 있는 법률. =고준위 방사성 폐기물 관리에 관한 특별법.,310
2022,고짠,,축약,‘고소하고 짠맛’을 줄여 이르는 말.,65
2022,골푸어,(<영>▼←golf poor),혼성,자신의 경제력에 비해 비싼 골프 용품들을 구매하여 경제적으로 궁핍한 생활을 하는 사람.,13
2022,공간결정론,(空間決定論),,공간이 사람의 생각과 행동에 영향을 준다는 관점.,7
2022,공공금융플랫폼,(公共金融<영>platform),,"소상공인과 같은 금융 소외층을 중심으로 금융 서비스를 합리적으로 제공받을 수 있는 시스템. 인천시가 설립을 추진하였으며, 인천 이음카드를 업그레이드한 것을 말한다.",100
2022,공공매입약정,(公共買入約定方式),,지방 자치 단체나 정부가 주택을 매입하기로 약속하여 정하는 방식.,165
2022,공급망안정화기금,(供給網安定化基金),,"공급망을 안정시킬 수 있도록 도움을 주는 기업들에게 정부가 재정, 금융, 세제 혜택을 주기 위하여 마련한 기금. 글로벌 공급망 위기에 대응하기 위한 정부의 방안을 말한다.",310
2022,공수완박,(公搜完剝),축약,‘공수처 수사권을 완전히 박탈함’을 줄여 이르는 말. 검찰의 수사권을 박탈하는 법안이 국회를 통과할 경우 고위 공직자 범죄 수사처의 수사권 또한 영향을 받을 것이라는 내용을 말한다.,15
2022,공직후보자역량자격시험,(公職候補者力量資格試驗),,"국민의힘 소속으로 선거에 출마하려는 기초 의원 또는 광역 의원 예비 출마자를 대상으로 정당법, 지방 자치법, 당헌, 당규 등의 직무 수행 능력과, 시사 현안을 묻는 시험. 2022년에 처음 도입되었으며, 공직 후보자 기초 자격 평가, 공천 시험, 공천 자격 시험, 공직 후보자 자격 시험 등으로 불린다.",4
2022,광자력계,(光磁力計),,지구 자기장의 십억분의 일 정도에 불과한 아주 약한 자기장의 변화도 감지할 수 있도록 만든 자력계.,3
2022,교육회복추진단,(敎育回復推進團),,"코로나19의 장기화로 인해 발생하게 된 학생들의 학습, 사회성 등의 교육 결손을 해결하기 위하여 만들어진 추진단. 국내에서는 인천시 교육청이 최초로 시행하였다.",163
2022,굥정,(굥正),생성,"공정하지 못하다는 의미로 사용되며 ‘공정’을 비꼬아 이르는 말. ‘굥’은 대통령의 성인 ‘윤’을 뒤집어 쓴 것으로, 온라인 커뮤니티에서 밈으로 사용된다. 차별 및 비하하는 의미가 포함되어 있으므로 사용에 주의가 필요하다.",109
2022,국가데이터혁신지구,(國家<영>data革新地區),,정부 데이터의 활용과 관리의 구심점 역할을 수행하는 기능이 집중된 거점 지역. 세종시가 정치 및 행정 수도로 입지를 굳히기 위한 방안 중 하나이다.,63
2022,국가민속유산,(國家民俗遺産),,국가가 심의를 거쳐서 보호 대상으로 지정한 민속 유산. ‘국가 민속 문화재’에 대한 새로운 이름이다.,275
2022,국가우주산업벨트,(國家宇宙産業<영>belt),,국가 우주 산업의 육성을 위한 중심지로 만들기 위하여 경상남도와 전라남도의 일부 지역을 하나로 묶어서 지정한 구역.,160
2022,국가우주정책연구센터,(國家宇宙政策硏究<영>center),,"국내외 우주 개발과 관련된 이슈와 현황 등에 대해 객관적인 분석과 연구를 목적으로 설립된 연구 기관. 우주 산업을 육성하기 위하여 민간에서 필요로 하는 정책 수립을 지원하며, 정부의 주요한 우주 개발 계획의 수립을 지원한다.",310
2022,국가유산기본법,(國家遺産基本法),,국가 유산 체제의 변화를 위하여 문화 유산의 유형별 특성에 맞게 필요한 사항을 정한 법률.,310
2022,국가자원안보특별법,(國家資源安保特別法),,공급 기관이 핵심 자원을 의무적으로 비축할 수 있도록 필요한 사항을 제정한 법률. ‘공급망 기본법’ 및 ‘소재ㆍ부품ㆍ장비 산업 경쟁력 강화를 위한 특별 조치법 개정안’과 함께 ‘공급망 삼법’으로 불린다.,310
2022,국가전략기술육성특별법,(國家戰略技術育成特別法),,국가 차원에서 민간의 전략 기술 개발을 제도적으로 지원할 수 있도록 필요한 사항을 제정한 법률. 2023년 2월 국회 본회의를 통과하였다.,310
2022,국가전략기술제품,(國家戰略技術製品),,"반도체 및 배터리, 백신 분야에서 지정된 65개의 기술로 생산되는 제품.",87
2022,국가전임상시험지원센터,(國家前臨牀試驗支援<영>center),,"최초의 국산 코로나19 백신 개발을 위하여 전임상 시험을 위한 통합 관리 기반을 구축하고, 연구 개발의 효율성 제고를 위해 특허 연구 데이터베이스와 특허 분석을 제공하는 기관.",310
2022,국가지도차량,(國家指導車輛),,국가가 위기 상황에 처할 경우 국가 위기 관리 센터를 대신하여 그 역할을 수행하는 차량. =국가 지도 통신 차량.,10
2022,국가지도통신차량,(國家指導通信車輛),,국가가 위기 상황에 처할 경우 국가 위기 관리 센터를 대신하여 그 역할을 수행하는 차량. =국가 지도 차량.,140
2022,국가첨단전략기술,(國家尖端戰略技術),,반도체와 이차 전지 등을 포함하는 첨단 기술. 첨단 산업의 경쟁력 강화와 경제 안보 확보를 목적으로 지정하였다.,310
2022,국가첨단전략산업,(國家尖端戰略産業),,"반도체, 이차 전지, 백신 등을 포함한 첨단 산업.",310
2022,국가첨단전략산업경쟁력강화및보호에관한특별조치법안,(國家尖端戰略産業競爭力强化및保護에關한特別措置法),,"반도체, 이차 전지, 백신과 같은 전략 산업의 생산, 세제 및 기술 보호 지원에 기여하기 위해 만든 법률. =국가 첨단 전략 산업법.",203
2022,국가첨단전략산업특별법,(國家尖端戰略産業特別法),,반도체와 같은 국가 전략 기술이 성장할 수 있도록 하기 위한 지원에 필요한 사항을 규정한 법.,310
2022,국가첨단전략산업법,(國家尖端戰略産業法),,"반도체, 이차 전지, 백신과 같은 전략 산업의 생산, 세제 및 기술 보호 지원에 기여하기 위해 만든 법률. 2022년 하반기부터 시행되었으며 정식 명칭은 ‘국가 첨단 전략 산업 경쟁력 강화 및 보호에 관한 특별 조치법’이다. =국가 첨단 전략 산업 경쟁력 강화 및 보호에 관한 특별 조치법.",310
2022,국립뮤지컬진흥원,(國立<영>musical振興院),,한국 뮤지컬 산업의 기반 조성과 체계화된 지원 정책을 설계하고 실행하기 위해 설립될 기관.,29
2022,국립지질유산센터,(國立地質遺産<영>center),,화석 자연 유산의 통합적인 관리와 화석 산지의 활성화 방안을 마련하기 위해 설립될 기관. 서부 경남 지역 화석 산지의 효율적인 연구와 관리 등을 위하여 진주시가 유치를 추진하였다.,215
2022,국민안심지원제도,(國民安心支援制度),,갑작스러운 위기 상황에 처한 국민들에게 정부가 적절한 복지 서비스를 지원하여 위기 상황을 해결할 수 있도록 돕는 제도. 취약 계층만 이용할 수 있었던 기존의 긴급 복지 지원 제도를 확대 개편하여 위기에 처한 대부분의 국민이 신청 가능하도록 하였다.,138
2022,국민우수제안협의체,(國民優秀提案協議體),,민관 협동 심사 위원들이 국민들이 제안한 우수한 정책을 선정하는 협의체. 선정된 우수 제안을 온라인 국민 투표에 올려 국민과의 소통의 기능을 강화한다는 정부의 방침을 반영한 것이다.,110
2022,국제메탄서약,(國際<영>methane誓約),,2020년과 비교하여 2030년까지 메탄의 배출을 최소 30% 이상 줄인다는 내용의 서약. 메탄이 기후 변화에 영향을 미치는 온실가스이므로 이와 관련하여 국제적 메탄 감축 협력에 대한 논의가 반영된 것이다. =글로벌 메탄 서약.,310
2022,국특완박,(國特完剝),축약,‘국회 의원의 특권을 완전히 박탈함’을 줄여 이르는 말.,22
2022,국현미,(國現美),축약,‘국립 현대 미술관’을 줄여 이르는 말.,100
2022,굿힘당,(굿힘黨),혼성,"‘굿’과 ‘국민의 힘’을 결합하여 만든 말로, 국민의 힘 후보의 선거 대책 본부에 무속인이 개입되었음을 이르는 말. 차별 및 비하하는 의미가 포함되어 있으므로 사용에 주의가 필요하다.",38
2022,궁케팅,(宮<영>←ticketing),혼성,"궁궐을 의미하는 ‘궁’과 ‘티켓팅’을 결합하여 만든 말로, 궁궐에서 열리는 기획 행사에 참여하기 위한 예매 경쟁이 치열하다는 것을 이르는 말.",59
2022,규제심판제,(規制審判制),,민간 전문가가 참여하여 현행 규제의 개선 및 중립적인 심사를 권고하기 위해 마련한 제도. 주로 투자 계획이 신속하게 실현되도록 하기 위하여 투자에 걸림돌이 될 수 있는 각종 규제를 개선하는 것을 말한다.,129
2022,그레이그린,(<영>grey green),,기후 위기에 적극적으로 대응하는 노인층을 이르는 말.,310
2022,그린플레이션,(<영>greenflation),차용,산업 구조의 친환경적인 전환이 원인이 되어 일어나는 인플레이션. 기후 위기를 극복하기 위한 세계 각국의 친환경 정책이 가격 인상을 유발한다는 것을 말한다.,310
2022,글로벌메탄서약,(<영>global methane誓約),,2020년과 비교하여 2030년까지 메탄의 배출을 최소 30% 이상 줄인다는 내용의 서약. 메탄이 기후 변화에 영향을 미치는 온실가스이므로 이와 관련하여 국제적 메탄 감축 협력에 대한 논의가 반영된 것이다. =국제 메탄 서약.,310
2022,기회발전특구특별법,(機會發展特區特別法),,개인이나 기업에게 규제 특례나 파격적인 세제 혜택을 제공하여 지방으로의 이전이나 지방에 대한 투자를 유도하고자 제정한 법률. 정식 명칭은 ‘지방 자치 분권 및 지역 균형 발전에 관한 특별법’이다.,87
2022,기후영향사업,(氣候影響事業),,"온실가스를 줄이는 감축 사업, 연료 소비를 증가시키는 배출 사업 등 기후에 영향을 미치는 사업.",15
2022,기후인지예산제,(氣候認知豫算制),,환경 및 기후가 미치는 효과를 사전에 파악하여 예산의 편성 및 집행에 반영하는 제도. 2022년에 경상남도에서 전국 최초로 시행하였다.,34
2022,깊꾸,(<영>▼←gift emoticon꾸),축약,‘기프티콘 꾸미기’를 줄여 이르는 말. 선물을 위해 인터넷상에서 거래되는 상품권인 ‘기프티콘’을 예쁘게 꾸미는 일이다.,16
2022,깐부쇼어링,(깐부<영>shoring),,"글로벌 경제 위기에 대비하기 위해 동맹국이나 우방국끼리 공급망을 공동으로 구축하는 일. 친한 친구를 뜻하는 ‘깐부’와 재화나 서비스의 생산지를 뜻하는 ‘쇼어링(shoring)’을 결합하여 만든 말이다. 코로나19 팬데믹의 영향으로 글로벌 공급망이 불안정해진 상황에서 나온 말이다. =동맹 쇼어링, 프렌드 쇼어링.",46
2022,꼼수완박,(꼼수完拍),축약,"‘꼼수들의 완전한 박자’를 줄여 이르는 말. 2022년 5월, ‘검찰청법 개정안’ 및 ‘형사 소송법 개정안’을 공포하는 과정에서 특정 정당이 째째한 수단들을 박자를 맞추 듯 시의적절하게 동원하였음을 비난조로 이르는 말이다.",19
2022,꾸자사모,(꾸資사모),축약,‘꾸준히 자산을 사서 모으자’를 줄여 이르는 말. 장기적인 관점에서 투자하는 방식을 이른다.,4
2022,나이토그래피,(<영>▼←night photography),혼성,밤에도 사진을 선명하게 촬영할 수 있게 하는 스마트폰의 카메라 기능. 밤을 뜻하는 ‘나이트(night)’와 사진 촬영 기법을 뜻하는 ‘포토그래피(photography)’를 결합하여 만든 말이다.,310
2022,남산프레스티지벨트,(南山<영>prestige belt),,"서울특별시에 있는 남산을 중심으로 하여 백화점, 호텔, 고급 주거 단지 등이 모인 지역.",74
2022,내검남네,(내檢남<영>←negative),축약,"‘내가 하면 검증, 남이 하면 네거티브’를 줄여 이르는 말. 주로 정치에서, 남이 할 때는 상대방의 부정적인 면만을 크게 부각시키는 방식이라고 비난하던 행위를 정작 자신이 할 때는 합리화하는 태도를 말한다.",25
2022,내돈내받,,축약,‘내 돈 내고 내가 받음’을 줄여 이르는 말. 국민연금 혹은 여러 복지 정책으로 지원금을 받지만 결국 자신이 납부한 세금을 돌려받는 것에 불과한 상황을 비판적으로 이르는 말이다.,3
2022,내비실거리제,(<영>←navigation實거리制),,식당과 배달 장소의 직선 거리가 아닌 내비게이션상의 실제 거리를 기준으로 배달료를 책정하는 요금 체계.,1
2022,내손내산,,축약,"‘내 손으로 내가 삼’을 줄여 이르는 말. 주로 물건을 소개하는 상황에서, 광고가 아니라 내 손으로 내가 직접 산 물건임을 나타내기 위해 사용하는 말이다.",18
2022,내손내잡,,축약,‘내 손으로 내가 잡음’를 줄여 이르는 말. 주로 낚시에서 직접 잡은 물고기들을 가리킬 때 쓰는 말이다.,310
2022,너또다,(너또<영>←diet),축약,‘너 또 다이어트하니?’를 줄여 이르는 말.,12
2022,네버코비드,(<영>never COVID),,코로나19 바이러스에 노출되어도 감염이 잘 되지 않음을 이르는 말.,63
2022,네버코비드족,(<영>never COVID族),,코로나19 바이러스에 노출되어도 감염이 잘 되지 않는 사람. 또는 그런 무리.,65
2022,네카라쿠배토당야,(←Naver←Kakao←Line←Coupang配←Toss當야),축약,"대형 아이티 기업 ‘네이버, 카카오, 라인, 쿠팡, 배달의 민족, 토스, 당근 마켓, 야놀자’를 아울러 이르는 말. 각 기업의 앞 글자를 따 만들어진 말이다.",3
2022,노교수존,(<영>no敎授<영>zone),,대학 교수의 출입을 금지하는 곳. 일부 대학 교수의 무례한 행동으로 다른 손님이 피해를 입지 않도록 하기 위해 대학 교수의 출입을 금지하는 카페나 음식점 따위를 말한다.,57
2022,노동전환지원금,(勞動轉換支援金),,"기업에서 고용주가 근로자의 직무 이동을 돕는 서비스를 제공할 경우, 정부에서 해당 근로자에게 지급하는 지원금.",228
2022,노숙런,(露宿<영>run),,"원하는 물건을 구매하기 위해 백화점 등의 개점 시간을 기다리며 밖에서 노숙을 하다가, 개점하자마자 입장해 물건을 구매를 하는 일. ‘노숙’과 달리다를 의미하는 영어 단어 ‘런(Run)’을 결합하여 만든 말이다.",80
2022,녹색위장행위,(綠色僞裝行爲),,"실제로는 친환경적인 행동을 하지 않으면서, 마치 친환경적인 행동인 것처럼 거짓으로 꾸미는 행위. 주로 기업에서, 제품 생산 중에 발생하는 환경 오염과 같은 문제는 축소하고, 자원 재활용 따위의 친환경적인 과정만을 강조하는 행위 등을 가리킨다.",310
2022,농접근권,(聾接近權),,어떠한 정보에도 접근할 수 있는 청각 장애인의 권리. 주로 음성 언어로 의사소통이 이루어지는 환경에서 청각 장애인의 원활한 정보 접근을 위하여 수어 통역 따위를 제공하는 등 청각 장애인의 권리를 보장할 수 있는 방안의 필요성이 제기되는 상황에서 나온 말이다.,4
2022,농어민기본소득지원금,(農漁民基本所得支援金),,"농어민의 기본 생활을 돕고, 지속적인 농어업 활동을 장려하기 위해 정부가 지급하는 지원금. 지급 주체가 지방 자치 단체일 경우 각 지방 자치 단체에 따라 지급 내용과 용어가 조금씩 다르다.",4
2022,뇌로빅,(腦<영>←aerobics),혼성,신체의 건강을 위하여 에어로빅을 하는 것처럼 뇌의 건강을 위하여 두뇌를 훈련하는 일.,19
2022,눕코노미,(눕<영>←economy),혼성,"항공기 내에서 여러 개의 빈 좌석에 누워서 이동하는 것. ‘눕다’와 항공기의 일반석을 뜻하는 ‘이코노미(economy)’를 결합하여 만든 말로, 코로나19의 확산으로 인해 항공기 탑승객이 줄어들자 일반석에서도 주위의 빈 좌석을 이용해 누워서 이동할 수 있게 된 상황에서 나온 말이다.",38
2022,닉코노미,(<영>▼←nickname economy),혼성,친근하거나 기발한 별명을 가진 제품이 높은 판매량을 보이는 경제 효과를 이르는 말. 별명을 뜻하는 ‘닉네임(nickname)’과 경제를 뜻하는 ‘이코노미(economy)’를 결합하여 만든 말이다.,1
2022,다누리호,(다누리號),접미 파생,"우리나라 최초의 달 궤도 탐사선. 2022년 8월에 미국 케이프커내버럴 항공 우주국 기지에서 발사에 성공하였다. 2022년 12월부터 2023년 12월까지 약 1년간, 달의 남북극 상공 100km를 통과하는 원 궤도를 돌며 달의 표면을 관측하는 역할을 한다.",310
2022,다중궤도위성,(多重軌道衛星),,"정지 궤도 위성, 저궤도 위성, 중궤도 위성을 모두 포함하는 확장된 위성 시스템을 이르는 말.",310
2022,달파멸콩,,혼성,"‘달걀, 파, 멸치, 콩’을 아울러 이르는 말. 주로 정치에서, 좌파 성향의 정당을 타파하고 공산주의 또는 공산주의자를 멸하는 기조를 이르는 말이다. 차별 및 비하하는 의미가 포함되어 있으므로 사용에 주의가 필요하다.",210
2022,닭피부모,(닭피父母),,"중국 사회에서 닭의 피를 사람에게 수혈하듯, 자녀의 교육에 수단과 방법을 가리지 않는 열성적인 부모를 이르는 말.",3
2022,당평세대,(躺平世代),,"중국에서 사회ㆍ경제적 상황으로 인해 취업, 내 집 마련, 결혼 및 출산 등을 포기하고 최저 생계만 유지한 채 소극적으로 지내는 세대.",1
2022,대기정체지수,(大氣停滯指數),,"대기가 정체되어 있는 정도를 수치로 나타낸 지수. 지상 및 대기 상하층에 부는 바람의 세기에 따라서, ‘낮음, 보통, 높음, 매우 높음’의 4단계로 나타낸다.",310
2022,대깨좌,(대깨左),축약,"‘대가리가 깨져도 좌파’를 줄여 이르는 말. 주로 정치에서, 좌파 성향을 지닌 단체나 정당 따위를 맹목적으로 지지하는 사람을 비판적으로 이르는 말이다. 차별 및 비하하는 의미가 포함되어 있으므로 사용에 주의가 필요하다.",3
2022,대사직시대,(大辭職時代),,직장을 그만두는 사람이 많아진 시대. =대퇴직 시대.,33
2022,대장동게이트,(大庄洞<영>gate),,경기도 성남시 분당구 대장동의 개발 사업과 관련된 비리 의혹 사건.,310
2022,대장동방지법,(大庄洞防止法),,"민간과 공공이 함께하는 도시 개발 사업의 공공성과 투명성을 높이기 위하여 만든 법안을 아울러 이르는 말. 민관 공동 도시 개발 사업에서, 민간 참여자의 이윤율 상한을 10%로 제한하는 ‘도시 개발법 개정안’, 해당 택지에 분양가 상한제를 적용하는 ‘주택법 개정안’, 개발 부담금을 계획 입지는 40%, 개별 입지는 50% 수준으로 상향하는 ‘개발 이익 환수법 개정안’이 주요 3대 법안이다. 경기도 성남시 분당구 대장동의 개발 사업과 관련된 비리 의혹에 의해 촉발되었기 때문에 이러한 이름이 붙었다.",310
2022,대퇴직시대,(大退職時代),,직장을 그만두는 사람이 많아진 시대. =대사직 시대.,97
2022,더블링확진,(<영>doubling確診),,감염병 따위의 확진자 수가 기준 기간 대비 두 배 이상으로 급격하게 증가하는 것을 이르는 말.,4
2022,델타크론,(<그>deltacron),차용,키프로스 공화국에서 최초로 발견된 코로나19의 변이 바이러스. 델타 변이와 오미크론의 혼합종이다. 국가에 대한 낙인 효과를 제거하기 위해 바이러스의 이름을 그리스어 숫자로 대체하게 되었다.,310
2022,도그폰,(<영>dog phone),,"반려견이 주인에게 전화를 걸 수 있도록 고안된 휴대 전화. 부드러운 공 모양으로, 반려견이 공을 흔들면 공 내부의 가속도계가 움직임을 감지하여 미리 등록된 번호로 영상 통화를 거는 방식이다.",8
2022,도제담낭,(陶製膽囊),,담낭 벽의 석회가 침착해서 굳어지는 질병.,15
2022,도한놀이,(渡韓놀이),,"주로 젊은 일본 여성들이 일본 현지에서 한국풍의 장소에 찾아가 한국 음식을 먹으며 한국 여행을 하는 것처럼 노는 일. 코로나19의 확산으로 인해 한국 여행이 어려워지자, 일본 내에서 한국 콘텐츠를 간접적으로나마 즐기기 위하여 생겨난 문화이다.",310
2022,동맹쇼어링,(同盟<영>shoring),,"글로벌 경제 위기에 대비하기 위해 동맹국이나 우방국끼리 공급망을 공동으로 구축하는 일. 코로나19 팬데믹의 영향으로 글로벌 공급망이 불안정해진 상황에서 나온 말이다. =깐부 쇼어링, 프렌드 쇼어링.",25
2022,득템력,(得<영>←item力),접미 파생,경제적 지불 능력만으로는 구매할 수 없는 희소한 물건을 획득하는 능력.,285
2022,디깅소비,(<영>digging消費),합성,특정 분야에 깊이 파고들어 시간과 돈을 소비하며 만족감을 느끼는 소비 방식. 무언가를 파는 행동을 의미하는 영어 단어 ‘디깅(digging)’과 ‘소비’를 결합하여 만든 말이다.,310
2022,디깅족,(<영>digging族),접미 파생,특정 분야에 깊이 파고들어 시간과 돈을 소비하며 만족감을 느끼는 사람. 또는 그런 무리. 무언가를 파는 행동을 의미하는 영어 단어 ‘디깅(digging)’과 ‘족’을 결합하여 만든 말이다.,310
2022,디지털자산기본법,(<영>digital資産基本法),,"가상 화폐, 암호 화폐, 엔에프티 따위의 디지털 자산에 관한 기본 사항을 정리하고, 디지털 자산의 이용자를 보호하는 것을 주요 목적으로 하는 법안.",310
2022,디지털자산통합거래소,(<영>digital資産統合去來所),,"가상 화폐, 암호 화폐, 엔에프티 따위의 디지털 자산을 한데 모아 거래할 수 있는 상설 시장.",10
2022,디지털헬스지표,(<영>digital health指標),,"병원 운영 전반에 관한 디지털 전환 정도를 수치로 나타낸 지표. 지배 구조 및 인력, 개인별 맞춤 의료 지원 등의 항목에서의 정보 통신 기술 적용 및 활용의 정도를 평가한다.",277
2022,떠돌이쉬파리,,생성,"쉬파릿과의 곤충. 몸의 길이는 8~14mm이며, 가슴은 회색을 띠며 앞가슴 등판에 세 개의 검은색 세로줄이 있다. 날개는 투명하고, 다리는 검은색이다. 사람과 동물의 배설물 주위에 모인다. (Boettcherisca peregrina)",17
2022,러스틱라이프,(<영>rustic life),,도시를 떠나 시골에서 편안함과 매력을 느끼며 사는 생활 방식을 이르는 말. ‘시골 특유의’를 의미하는 영어 단어 ‘러스틱(rustic)’과 ‘삶’을 의미하는 영어 단어 ‘라이프(life)’를 결합하여 만든 말이다.,310
2022,러시스트,(<영>russist),차용,"러시아인을 극단적인 전체주의적 신념을 가진 파시스트로 비난하여 이르는 말. 2022년 러시아가 우크라이나를 침공한 것을 두고, 우크라이나에서 러시아를 비난하기 위해 사용한 말이다.",60
2022,런치플레이션,(<영>lunchflation),차용,점심 식사에 소요되는 비용이 오르는 현상.,310
2022,리뷰깡,(<영>review깡),합성,"배달 음식의 리뷰를 악의적으로 작성한 후, 해당 리뷰의 삭제를 조건으로 음식값을 환불받는 행위.",7
2022,리핑력,(<영>ripping力),접미 파생,굴삭기 따위의 기계가 땅이나 암석을 파내는 힘.,2
2022,릴렉스코지룩,(<영>▼relax cozy look),,일상적으로 편안하고 아늑한 느낌을 추구하는 옷차림. 규범 표기는 ‘릴랙스 코지 룩’이다.,1
2022,맘따남,(맘따男),축약,‘마음이 따뜻한 남자’를 줄여 이르는 말. 주변 사람에게 정답고 포근한 남자를 말한다.,17
2022,맘시생,(<영>mom試生),혼성,자녀를 둔 여성 공시생을 이르는 말. 어머니를 뜻하는 영어 단어 ‘맘(mom)’과 공무원 채용 시험을 준비하는 사람을 뜻하는 ‘공시생’을 결합하여 만든 말이다.,29
2022,멍미노피자,(멍←Domino pizza),혼성,반려견이 먹을 수 있도록 만든 피자. 피자 전문점인 ‘도미노 피자’에 빗대어 이르는 말이다.,48
2022,멍스킨라빈스,(멍←Baskin Robbins),혼성,반려견이 먹을 수 있도록 만든 아이스크림. 아이스크림 전문점인 ‘배스킨라빈스’에 빗대어 이르는 말이다.,48
2022,메타보이스,(<영>meta voice),,"웹상에 구축된 가상 세계 플랫폼에 접속하여, 현실 세계에서의 목소리가 아닌 다른 목소리로 의사소통하는 일.",310
2022,메타사피엔스,(<영>meta<라>sapiens),,웹상에서 아바타를 활용하여 사회문화적ㆍ경제적 활동을 하는 등 가상 공간을 적극적으로 활용하는 사람. =메타버시안.,100
2022,메타모빌리티,(<영>meta mobility),,자동차 등의 이동 수단을 매개로 웹상에 구축된 가상 세계 플랫폼의 가상 공간 내에서 이동과 관련된 경험을 하거나 개인적인 시간을 보내는 일. 가상 세계와 현실 세계의 혼합을 뜻하는 ‘메타버스(metaverse)’와 이동을 뜻하는 ‘모빌리티(mobility)’를 결합하여 만든 말이다.,310
2022,메타물리학,(<영>meta物理學),,"사물과 존재의 물리적 특성을 초월하여, 사물의 본질이나 존재의 근본 원리를 탐구하는 학문. 형이상학을 뜻하는 ‘메타 피직스(meta physics)’의 역어이다.",5
2022,메타바이오아트,(<영>meta bio art),,가상 공간 내에 표현된 바이오아트. 주로 컴퓨터나 전자 미디어를 활용하여 예술 작품을 표현한다.,25
2022,메타소셜네트워크,(<영>meta social network),,"웹상에 구축된 가상 세계 플랫폼에 접속하여, 자신의 생각이나 여러 가지 정보를 교환하며 맺는 사회적 관계.",18
2022,메타버시안,(<영>metaversian),차용,웹상에서 아바타를 활용하여 사회문화적ㆍ경제적 활동을 하는 등 가상 공간을 적극적으로 활용하는 사람. =메타사피엔스.,4
2022,멸콩,,혼성,"‘멸치’와 ‘콩’의 앞 글자를 따 만든 말로, 공산주의 또는 공산주의자를 멸한다는 뜻을 가진 ‘멸공’을 이와 발음이 유사하도록 만들어 우회적으로 표현한 말. 차별 및 비하하는 의미가 포함되어 있으므로 사용에 주의가 필요하다.",310
2022,무피장타,(無被長打),접두 파생,"야구에서, 투수가 타자에게 장타를 허용하지 않는 일.",46
2022,무지출챌린지,(無支出<영>challenge),,일정 기간 동안 지출을 아예 하지 않는 극단적 절약 운동.,310
2022,뮨파,(뮨派),접미 파생,문재인 대통령의 지지자 중 제20대 대선 과정에서 윤석열 대선 후보를 지지했던 사람들을 뜻하는 말. 문재인 대통령의 성인 ‘문’과 윤석열 대통령의 성인 ‘윤’을 결합하여 만든 말이다.,45
2022,바이미식스,(<영>←bio二未<영>six),축약,"대한민국의 미래 유망 산업으로 예측되는 ‘바이오산업, 이차 전지, 미래 자동차, 6G’를 줄여 이르는 말.",144
2022,방심패스,(放心<영>pass),,"‘방역 패스’의 시행이 초래할 수 있는 부정적 상황을 비판적으로 이르는 말. 백신 접종 이력만으로 다중 이용 시설의 출입 가능 여부를 판단하는 것은 백신 접종이 곧 안전하다는 신호로 여겨질 수 있어, 오히려 방역과 관련해 방심을 유발할 수 있다는 의미이다.",11
2022,방역패스,(防疫<영>pass),,"코로나19 백신 미접종자가 식당, 약국 등의 다중 이용 시설에 출입하는 것을 제한하기 위한 제도. 또는 코로나19 백신 접종 여부나 음성 확인을 했다는 일종의 보건 증명서.",310
2022,배꼽착륙,(배꼽着陸),,"‘동체 착륙’을 달리 이르는 말. 비행기 따위의 착륙 장치가 작동이 안 될 때, 비행기 동체의 중앙 부분을 직접 땅에 대어 착륙하는 것을 배꼽이 땅에 닿는 것에 빗대어 표현한 말이다.",52
2022,백신국가책임제,(<영>vaccine國家責任制),,"감염병 따위의 치료를 위한 백신의 개발과 생산, 접종, 부작용 추적 및 관리 등에 있어서, 국가가 법률적 주체가 되어 사회적 부담을 책임지는 제도.",310
2022,백신패스제,(<영>vaccine pass制),,"코로나19 백신 미접종자가 식당, 약국 등의 다중 이용 시설에 출입하는 것을 제한하는 제도.",208
2022,백케팅,(<영>▼←vaccine ticketing),혼성,백신 예약에 많은 사람이 한꺼번에 몰려 치열한 경쟁을 벌이는 일을 이르는 말. 전국적으로 코로나19 백신 접종을 시작하며 백신 물량이 부족해지자 생겨난 말이다.,8
2022,법카농단,(法<영>←card壟斷),,법인 카드를 본래의 목적이나 범위에 맞지 않게 함부로 사용함으로써 개인적인 이익을 취한 비리 사건을 이르는 말.,40
2022,베케플레이션,(<영>▼←vacation inflation),혼성,"휴가철에 항공비, 숙박비, 식비 등 휴가를 보내기 위한 비용이 지속적으로 상승하는 현상. 휴가를 뜻하는 영어 단어 ‘베이케이션(vacation)’과 물가 상승 상태를 뜻하는 영어 단어 ‘인플레이션(inflation)’을 결합하여 만든 말이다. 코로나19의 확산이 잦아들어 여행 수요가 폭발적으로 늘어났으나, 그동안 축소되어 있던 여행 관련 인프라가 이 수요를 따라가지 못하면서 생겨난 현상이다.",215
2022,벼락빚거지,,합성,가능한 만큼 최대한으로 대출을 받아 집을 구매하였으나 집값 하락과 금리 인상으로 큰 빚이 생긴 사람. 또는 그런 무리.,2
2022,별다꾸,(別다꾸),축약,"‘별 걸 다 꾸민다’를 줄여 이르는 말. 마스크 꾸미기, 휴대폰 꾸미기 등 꾸미기 열풍에서 비롯된 말이다.",310
2022,볕멍,,합성,볕을 쬐며 아무 생각 없이 멍하게 시간을 보내는 일.,1
2022,보복회식,(報復會食),,"감염병 따위로 하지 못했던 회식을, 상황이 나아진 후 급격히 자주 하는 것. 또는 그런 회식. 코로나19의 확산과 사회적 거리 두기의 시행으로 인하여 억눌렸던 회식 문화가 상황이 바뀌면서 급격히 늘어나게 된 상황에서 생겨난 말이다.",60
2022,분식주의자,(粉食主義者),접미 파생,분식을 즐겨 먹는 사람.,2
2022,블세,(<영>←blown save),축약,"‘블론 세이브’를 줄여 이르는 말. 야구에서, 세이브 상황에 등판한 투수가 상대 팀에게 동점 혹은 역전을 허용하는 일을 이르는 말이다.",1
2022,비말환자,(飛沫患者),,비말을 통해 감염병에 감염된 환자.,2
2022,비호감선거,(非好感選擧),,"네거티브 선거 전략이 난무하여, 유권자들이 선거 자체에 호감을 느끼지 못하는 일.",310
2022,빵스킹,(빵<영>←busking),혼성,길거리 행사를 통해 판매 중인 빵을 소개하고 시식 기회를 제공하는 일. ‘빵’과 길거리 공연을 뜻하는 ‘버스킹’을 결합하여 만든 말이다.,1
2022,뼈말라족,(뼈말라族),접미 파생,"뼈가 드러날 정도로, 과도하게 마른 몸매를 아름답다고 느끼는 사람. 또는 그런 무리.",100
2022,사불,(<영>←cyberbullying),축약,사이버불링(Cyber bullying)을 줄여 이르는 말.,310
2022,삶포자,(삶抛者),접미 파생,‘삶을 포기한 사람’을 줄여 이르는 말.,2
2022,삼미남,(三未男),축약,‘삼십 대 미혼 남성’을 줄여 이르는 말.,8
2022,삼캉스,(蔘<프>←vacance),혼성,삼계탕을 먹으며 보내는 휴가.,80
2022,삼현에엘,(三現←SK←LG),축약,"대형 기업인 ‘삼성, 현대, 에스케이, 엘지’를 아울러 이르는 말. 각 기업의 앞 글자를 따 만들어진 말이다.",6
2022,새똥광,(새똥光),혼성,새똥 따위로 지저분해진 태양광 발전 시설. ‘새똥’과 ‘태양광’을 결합하여 만든 말이다.,34
2022,서육남,(서六男),축약,‘서울대 출신의 육십 대 남자’를 줄여 이르는 말.,245
2022,선학개미,(先學개미),,비상장 주식을 매수하는 투자자를 이르는 말.,264
2022,설거지남,(설거지男),접미 파생,외벌이 가정에서 전업주부 아내에게 경제권을 주고 용돈을 받아 쓰면서 집안일까지 하는 유부남을 비하하여 이르는 말. 타인이 식사를 마치고 남은 그릇을 설거지하는 것에 빗대어 이르는 말이다. 차별 및 비하하는 의미가 포함되어 있으므로 사용에 주의가 필요하다.,15
2022,설거지론,(설거지論),접미 파생,"외벌이 가정에서 전업주부 아내에게 경제권을 주고 용돈을 받아 쓰면서 집안일까지 하는 것을, 타인이 식사를 마치고 남은 그릇을 설거지하는 것에 빗대어 이르는 말. 차별 및 비하하는 의미가 포함되어 있으므로 사용에 주의가 필요하다.",248
2022,소상공인긴급금융구조안,(小商工人緊急金融救助案),,"코로나19로 인해 대출 이자의 부담이 늘어난 소상공인을 위하여 제시한 방안. 대출 금리의 부담을 낮추고 상환 기간은 늘리며, 과잉 부채를 감면하는 것이 주요 내용이다.",98
2022,소상공인방역지원금,(小商工人防疫支援金),,"코로나19의 확산에 따른 사회적 거리 두기의 시행으로 인하여 매출이 줄어든 소상공인에게 정부가 지급하는 지원금. 1차 지원금은 2021년 12월 27일부터 100만 원이, 2차 지원금은 2022년 2월 23일부터 300만 원이 지원금 대상자에게 지급되었다.",310
2022,소식좌,(小食座),접미 파생,음식을 보통 사람보다 매우 적게 먹는 사람을 이르는 말. 주로 방송 등에서 음식 섭취량이 매우 적은 사람을 강조할 때 사용한다.,310
2022,소주런,(燒酒<영>run),,소주 가격의 인상으로 인해 소주 구입을 위한 사람들이 아직 가격이 오르지 않은 가게로 몰리는 현상.,30
2022,소확수,(小確收),축약,‘소소하지만 확실한 수익’을 줄여 이르는 말. 주식 투자 따위에서 작지만 확실한 수익을 내는 것을 말한다.,2
2022,손주턴,(孫주<영>turn),합성,도시에서 나고 자란 손주 세대들이 조부모가 거주하는 시골로 이주하는 것을 이르는 말.,2
2022,술쓰,,축약,‘술 쓰레기’를 줄여 이르는 말. 술을 잘 못 마시는 사람을 이르는 말이다.,2
2022,슈붕,(<프>▼chou←<영>cream붕),축약,‘슈크림이 들어있는 붕어빵’을 줄여 이르는 말.,310
2022,슈퍼면역자,(<영>super免疫者),,"면역력이 보통의 사람보다 훨씬 뛰어나, 감염병 따위에 잘 걸리지 않거나 병원 미생물에 대항하는 항체를 잘 만드는 사람.",134
2022,스까국,(스까國),접미 파생,"‘부산’을 ‘무엇이든지 섞어 먹는 나라’에 빗대어 이르는 말. 음식을 섞어 먹는 부산 지역의 식문화를 표현한 말로, 주로 인터넷상에서 부산 지역을 우스꽝스럽게 표현하기 위하여 사용한다. 차별 및 비하하는 의미가 포함되어 있으므로 사용에 주의가 필요하다.",1
2022,스텔스오미크론,(<영>stealth<그>omikron),,"코로나19의 변이 바이러스인 ‘오미크론’의 하위 변이. 최초 발견 시 피시아르(PCR) 검사에서 다른 변이 바이러스와 잘 구분되지 않았기 때문에, 레이더에 탐지되지 않는 ‘스텔스’에 빗대어 명명하게 되었다.",310
2022,스프링깅,(<영>▼←spring plogging),혼성,봄에 산책 또는 조깅을 하면서 쓰레기 따위를 줍는 행위를 이르는 말. 봄을 뜻하는 ‘스프링(spring)’과 조깅을 하면서 쓰레기 따위를 줍는 행위를 뜻하는 ‘플로깅(plogging)’을 결합하여 만든 말이다.,5
2022,식테크족,(植<영>tech族),접미 파생,식물을 이용하여 재테크를 하는 사람. 또는 그런 무리.,11
2022,신윤핵관,(新尹核館),접두 파생,‘새로운 윤석열 대통령 측 핵심 관계자’를 이르는 말.,310
2022,신뢰가치사슬,(信賴價値사슬),,"국가 간 신뢰를 바탕으로 한 산업 경쟁력과 공급망 강화와 관련된 모든 활동의 연계. 특히 반도체 산업에서 미국 중심의 우방국, 동맹국 간의 가치 사슬을 의미한다.",90
2022,신속방문검사,(迅速訪問檢査),,이동형 현장 신속 피시아르(PCR) 검사소를 활용하여 확진자 발생시 학생이 교내에서 빠르게 코로나 감염 여부를 확인할 수 있도록 하는 검사 방식.,4
2022,신호처리박스,(信號處理<영>box),,발사체의 산화제 탱크와 연료 탱크 사이에 위치하여 센서 신호를 처리하는 장비. 누리호 2차 발사 당시 산화제 탱크의 레벨 센서에서 신호 이상이 확인되어 점검 대상이 되었다.,106
2022,실재감테크,(實在感<영>tech),,시공간의 물리적 한계를 극복하여 가상 세계를 실제 세계처럼 느낄 수 있게 하는 기술.,160
2022,실질신용갭률,(實質信用<영>gap率),,실질 민간 신용과 장기 추세 사이의 격차를 판단할 수 있는 지표.,56
2022,쓴또쓴,,축약,‘쓴 사람 또 쓴다’를 줄여 이르는 말.,14
2022,아동거부업소,(兒童拒否業所),,영유아나 어린이의 출입을 금지하는 곳. =노키즈존,3
2022,아세틸글리신,(<영>acetylglycin),차용,"장내 미생물의 대사산물로, 체중 감소와 관련된 것으로 밝혀진 생리활성 물질.",1
2022,아키테이너,(<영>architainer),차용,건축가로서 얼굴이 알려져 방송인으로 활동하는 사람을 이르는 말. 건축가를 뜻하는 ‘아키텍트((architect)’와 연예인을 뜻하는 ‘인터테이너(entertainer)’를 결합하여 만든 말이다.,12
2022,악깡버,,축약,‘악으로 깡으로 버텨라’를 줄여 이르는 말.,10
2022,안티워크,(<영>anti work),,전 세계적으로 퍼지고 있는 반노동 운동. 일을 하여도 행복해질 수 없을 것이라는 믿음에서 시작된 운동이다.,95
2022,약자감별사,(略字鑑別師),,특정 계층이 사회적 약자인지 아닌지를 자신의 주관적 기준에 따라 판단하는 사람을 비난조로 이르는 말.,3
2022,약제배송로봇,(藥劑配送<영>robot),,병원 약제팀에서 병동까지 약품을 배송하는 로봇.,120
2022,약케팅,(藥<영>←ticketing),혼성,전통 과자의 하나인 약과 구매에 많은 사람이 한꺼번에 몰려 치열한 경쟁을 벌이는 일을 이르는 말.,156
2022,어다행다,(어<영>←diet행<영>←diet),축약,‘어차피 다이어트를 할 거라면 행복하게 다이어트하자’를 줄여 이르는 말.,254
2022,어쩔티비,(어쩔<영>←TV),합성,주로 가전제품 앞에 ‘어쩔’이라는 말이 붙어 대꾸하는 형식으로 쓰이는 말. ‘어쩔’ 뒤에는 여러가지 단어가 쓰일 수 있는데 특별한 의미를 더하지는 않는다.,310
2022,언수처,(言搜處),혼성,"고위 공직자 범죄 수사처가 언론인, 교수, 정치인 등의 정보를 사찰한 것을 비판하는 말.",1
2022,언시처,(言視處),혼성,고위 공직자 범죄 수사처가 언론을 감시하는 기관으로 변질되었다는 것을 나타내는 말.,7
2022,언자완박,(言自完剝),축약,‘언론의 자유 완전 박탈’을 줄여 이르는 말.,190
2022,언취완박,(言取完剝),축약,‘언론의 취재권 완전 박탈’을 줄여 이르는 말.,2
2022,업토버,(<영>uptober),차용,10월에 비트코인 가격이 상승하는 경향에 대한 기대를 나타내 말. 위쪽을 뜻하는 ‘업(Up)’과 시월을 뜻하는 ‘옥토버(Octpber)’를 결합하여 만든 말이다.,310
2022,에듀핀,(<영>▼←education fintech),혼성,디지털 플랫폼을 활용하여 실시하는 금융 교육ㆍ재무 교육 등을 일컫는 말. 교육을 뜻하는 ‘에듀케이션(education)’과 첨단 정보 기술을 기반으로 한 금융 서비스인 ‘핀테크(fintech)’를 결합하여 만든 말이다.,49
2022,에스비엔,(<영>SBN),생성,"‘선배님’을 의미하는 말. ‘선배님’의 초성 ‘ㅅ, ㅂ, ㄴ’에 해당하는 로마자 ‘s, b, n’을 조합한 말이다.",4
2022,영끌거지,(靈끌거지),합성,최대한의 대출을 받아 집을 구매하였으나 집값 하락과 금리 인상으로 크게 손해를 본 사람. 또는 그런 무리.,30
2022,영문음성확인서,(英文陰性確認書),,유전자 증폭 검사 결과 코로나에 감염되지 않았음을 증명하는 영어로 된 문서. 코로나 팬데믹 당시 도착 국가에서 입국자에게 비행기 탑승전 72시간 내의 검사 결과지를 요구하였다.,310
2022,영털족,(靈털族),접미 파생,가능한 만큼 최대한으로 대출을 받았으나 시장 변화와 금리 인상으로 큰 손해를 본 사람. 또는 그런 무리.,17
2022,예테크,(預<영>tech),혼성,예금 금리가 상승한 것을 이용한 제테크.,310
2022,예측범죄지도,(豫測犯罪地圖),,시시 티브이로 과거 범죄 빅데이터를 분석해 시간대별로 범죄 우려가 있는 지역을 표시해 주는 감시 시스템.,33
2022,오다망,(오<영>←diet亡),축약,‘오늘도 다이어트 망함’을 줄여 이르는 말.,10
2022,오미크론부스터샷,(<영>omicron booster shot),,코로나19의 변이 바이러스인 오미크론까지 무력화할 수 있는 추가 접종 백신.,99
2022,오운완,(오運完),축약,‘오늘 운동 완료’를 줄여 이르는 말.,310
2022,오커스,(<영>AUKUS),차용,"인도 태평양 지역의 평화와 안정을 촉진하고자 호주, 영국, 미국 3개국이 2021년 설립한 안보 협력체.",310
2022,온학교교육회복학습지원,(온學校敎育回復學習支援),,코로나19로 인한 학생들의 교육 결손 회복을 위하여 경상북도 교육청이 도내 모든 학생들에게 지원하는 지원금. 일인당 삼십만 원을 지급하며 유치원부터 고등학교까지의 학생들과 특수 학교 및 방송 통신 학교 등의 학생들을 대상으로 한다.,48
2022,와이노믹스,(<영>▼Y←economics),혼성,"윤석열 대통령이 시행한 경제 정책. 민간이 주도하고 정부가 뒷받침하는 경제 성장 정책으로, 윤석열 대통령의 이니셜 와이(Y)에 경제를 의미하는 ‘이코노믹스(economics)’를 결합하여 만든 말이다.",23
2022,완졸,(完卒),축약,‘완벽한 졸업’을 줄여 이르는 말.,3
2022,왝플레이션,(<영>whackflation),차용,코로나 팬데믹으로 인해 갑작스럽고 예측 불가능하게 발생한 인플레이션. ‘세게 후려치다’라는 의미를 가진 영어 단어 ‘Whack’과 인플레이션이 결합된 말이다.,19
2022,용와대,(龍瓦臺),혼성,서울 용산에 있는 우리나라 대통령 집무실. ‘용산’과 ‘청와대’를 결합하여 만든 말이다.,310
2022,웃수저,,합성,별 다른 노력 없이 남을 웃길 수 있는 재능을 가진 사람을 비유적으로 이르는 말.,310
2022,웃안웃,,축약,‘웃긴데 안 웃기다’를 줄여 이르는 말. 표면적으로는 헛웃음이 나오지만 실제로 처한 상황이나 처지가 슬프거나 안타까워 마냥 재미있지 않은 상황을 의미한다.,16
2022,위꾸,(胃꾸),축약,‘위장 꾸미기’를 줄여 이르는 말. 위장을 맛있는 음식들로 꾸몄다는 뜻으로 맛있는 음식을 먹는 행위를 이른다.,15
2022,유교패치,(儒敎<영>patch),,"외국의 문화 요소가 한국식으로 수정되는 일, 또는 외국인이 한국의 유교 문화를 빠르게 습득하는 일을 비유적으로 이르는 말.",4
2022,음튜버,(音<영>←youtuber),축약,‘음악 유튜버’를 줄여 이르는 말. 음악에 관련된 개인 방송 채널을 운영하는 사람을 말한다.,1
2022,이플레이션,(<영>▼E←inflation),혼성,에너지의 수급 불안이 주된 원인이 되어 일어나는 인플레이션.,23
2022,인체인터넷,(人體<영>internet),,사물 인터넷을 신체에 삽입하거나 이식하여 인공 지능을 통해 정보를 수집하고 제어ㆍ관리할 수 있도록 고안된 시스템.,3
2022,일자리도약장려금,(일자리跳躍奬勵金),,"청년 고용 활성화를 위하여, 취업에 어려움을 겪고 있는 청년들을 고용하는 기업에게 정부가 지급하는 장려금. 5인 이상의 중소 기업 등에서 취업 애로 청년을 정규직으로 채용하고 6개월 이상 고용 유지 시, 최장 2년간 최대 1,200만 원을 지원한다.",310
2022,자금이동추적시스템,(資金移動追跡<영>system),,금융권에서 자금 세탁을 방지하기 위해 해외 송금 시에 국제 은행 간 통신 협회가 요구하는 형식에 따라 정보를 기록하고 공유하는 시스템.,153
2022,자기공명탄성검사,(磁氣共鳴彈性檢査),,엠아르아이와 음파를 결합해 장기의 시각적 영상을 생성하여 간이 딱딱하게 굳어진 정도를 예측하는 검사.,3
2022,자이낸스,(<영>▼Z←finance),혼성,모바일 플랫폼에 익숙한 제트 세대가 중심이 되는 금융 흐름을 이르는 말. ‘제트 세대’의 첫 머리 문자인 ‘제트(Z)’와 금융을 의미하는 영어 단어 ‘파이낸스(finance)’를 결합하여 만든 말이다.,96
2022,장포족,(場抛族),접미 파생,물가의 상승으로 인해 장을 보는 것을 포기하고 배달 음식만을 시켜 먹는 사람. 또는 그런 무리.,92
2022,재택수강생,(在宅受講生),,집에서 컴퓨터 통신망을 통해 수업을 받는 사람.,1
2022,재택응시생,(在宅應試生),,집에서 컴퓨터 통신망을 통해 시험을 치는 사람.,42
2022,재택치료키트,(在宅治療<영>kit),,"코로나19 확진자가 집에서 치료받기 위해 필요한 물품 세트. 코로나19가 장기화되면서 경증 또는 무증상 환자의 경우 재택 치료를 받을 수 있도록 제공되었으며 체온계, 산소 포화도 측정기 등이 포함된다. =재택 키트.",310
2022,재택키트,(在宅<영>kit),,"코로나19 확진자가 집에서 치료받기 위해 필요한 물품 세트. 코로나19가 장기화되면서 경증 또는 무증상 환자의 경우 재택 치료를 받을 수 있도록 제공되었으며 체온계, 산소 포화도 측정기 등이 포함된다. =재택 치료 키트.",104
2022,저짤래미,,생성,‘우짤래미’를 맞받아서 대꾸하는 말.,4
2022,저쩔티비,(저쩔<영>←TV),합성,"‘어쩔티비’를 맞받아서 대꾸하는 말. ‘저쩔’ 뒤에는 여러가지 단어가 쓰일 수 있으며, 특별한 의미를 더하지는 않는다.",126
2022,전력시장긴급정산상한가격,(電力市場緊急精算上限價格制度),,국제 유가를 비롯한 연료비가 급등하더라도 평균 가격의 최대 25% 이내로 제한하여 전기 요금의 가격을 정하는 제도.,193
2022,제로코로나,(<영>zero←corona virus),,중국이 코로나19 바이러스를 완전히 박멸하기 위해 시행한 엄격한 방역 정책. 국경을 봉쇄하여 전 세계에 경제 및 사회적 영향을 미쳤으며 시행된지 3년만인 2022년 12월 폐지되었다.,310
2022,종합부동산벌금,(綜合不動産罰金),,‘종합 부동산세’를 비판적으로 이르는 말.,2
2022,주간수술유닛,(晝間手術<영>unit),,당일에 퇴원이 가능한 시술 또는 수술과 관련된 시설들을 하나로 모은 구역.,2
2022,지뢰설치반,(地雷設置班),,매력적인 외모와 성격을 가지고 여러 이성을 만나는 남성들을 부정적으로 이르는 말. 차별 및 비하하는 의미가 포함되어 있으므로 사용에 주의가 필요하다.,2
2022,지민완박,(地民完박),축약,‘지방 선거 민주당 완전 박살’을 줄여 이르는 말. 더불어민주당이 ‘검수완박’을 강행하는 것을 비판하는 의미다.,200
2022,지방소멸대응기금,(地方消滅對應基金),,인구가 감소하여 사라질 위기에 있는 지자체를 위해 조성된 재정 지원 자금. =지역 소멸 대응 기금.,310
2022,지사찬스,(知事<영>chance),,도지사직을 이용하여 또는 도지사의 도움을 받아 무엇을 이룰 기회를 얻음. 또는 그런 기회.,310
2022,지역산업위기대응법,(地域産業危機對應法),,"산업 위기 대응 특별 지역 제도를 확대 및 개편한 제도. 산업 위기 예방 조치, 산업 위기 선제 대응, 지역 경제 연착륙 지원 등의 산업 위기 단계별 대응 수단과 그에 따른 지원 수단을 규정하고 있다.",188
2022,지역소멸대응기금,(地域消滅對應基金),,인구가 감소하여 사라질 위기에 있는 지자체를 위해 조성된 재정 지원 자금. = 지방 소멸 대응 기금.,310
2022,지팔지꼰,(지八지꼰),축약,‘지 팔자를 지가 꼰다’를 줄여 이르는 말. 자신의 운수를 자기 스스로가 나쁘게 만든다는 뜻이다.,153
2022,직관팸,(直觀<영>fam),합성,"운동 경기, 공연 등을 현장에 직접 가서 관람하는 집단.",1
2022,집놀이족,(집놀이族),접미 파생,집에서 놀이를 하며 즐기는 사람 또는 그런 무리. ‘홈 루덴스’를 다듬은 말이다.,24
2022,짜세권,(<중>←zhajiangmian[炸醬麵]勢圈),접미 파생,주변에 중화요리점이 있어 짜장면 등을 편리하게 배달받을 수 있는 주거 지역.,1
2022,짜짜박박,,축약,‘진짜 진짜 대박 대박’을 줄여 이르는 말.,12
2022,짠내사업가,(짠내事業家),,중고 거래를 적극적으로 활용하여 소액의 수익을 얻는 사람.,2
2022,짬처리론,(짬處理論),,연애 경험이 많은 남성이 결혼할 때가 되면 어리고 세상 물정을 잘 모르는 여성을 만나서 결혼하려는 행동을 이르는 말. 여성이 문란한 남편을 책임지는 모습이 음식물 쓰레기를 의미하는 ‘짬’을 처리하는 모습과 비슷하다 하여 생겨난 말이다. 차별 및 비하하는 의미가 포함되어 있으므로 사용에 주의가 필요하다.,9
2022,첫만남지원금,(첫만남支援金),,"저출산 문제를 해결하기 위해 아이를 낳은 부모에게 제공되는 지원금. 2022년부터 시작된 제도로, 출생 아동당 200만 원이 바우처 형식으로 지급된다.",185
2022,청년내일저축계좌,(靑年來日貯蓄計座),,"만 18~39세 이하의 최저 임금 이하, 중위 소득이 100% 이하인 청년을 대상으로 정부가 지원하는 금융 상품. 월 10만 원씩 3년 동안 적금을 넣으면 정부 지원금 10만 원이 더해져 저축된다.",310
2022,청년도약계좌,(靑年跳躍計座),,"만 18~34세의 연소득 7500만 원 이하, 가구 소득 중위 180% 이하인 청년을 대상으로 정부가 지원하는 금융 상품. 월 1000원부터 70만 원까지 적금을 넣으면 정부 지원금을 더하여 저축이 되며, 정부 지원금은 개인 소득과 본인 납입액에 따라 달라진다.",310
2022,청와대해체론,(靑瓦臺解體論),,"윤석열 대통령의 후보 시절 공약으로, 청와대의 업무 공간과 주거 공간을 이전하고 청와대를 시민에게 개방해야 한다는 이론.",11
2022,카카오방지법,(Kakao防止法),,카카오 등 플랫폼 대기업의 문어발식 사업 확장을 막기 위하여 마련한 법.,11
2022,카풀팸,(<영>▼car pool fam),합성,목적지가 동일하거나 같은 방향인 운전자들이 통행 비용을 아끼기 위하여 한 대의 승용차에 동승하여 통행하는 집단.,1
2022,카플레이션,(<영>carflation),차용,자동차의 가격이 급등하는 현상. 원자재 가격 상승과 공급망 장애 등 복합적 원인에 의해 발생한 인플레이션이다.,310
2022,캘박,(<영>calendar剝),축약,‘캘린더 박제’를 줄여 이르는 말. 일정을 캘린더에 저장한다는 것을 의미한다.,149
2022,커팅족,(<영>cutting族),접미 파생,물가가 크게 오르면서 생활비에 부담을 느껴 취미를 끊은 사람. 또는 그런 무리.,18
2022,코끝여,(<영>←corona virus끝旅),축약,‘코로나 끝나고 여행가자’ 또는 ‘코로나 끝나고 가야하는 여행지’를 줄여 이르는 말.,1
2022,코내기,(<영>←corona virus내기),혼성,"코로나19 시기에 입학한 새내기. ‘코로나’와 ‘새내기’를 결합한 말로, 코로나19 시기에 입학한 20~22학번 대학 새내기를 이르는 말이다.",28
2022,코로나극복국민참여방역운동본부,(<영>←corona virus克服國民參與防疫運動本部),,"지속 가능한 코로나19의 방역 체계 전환을 위하여 다수의 시민 단체가 참여하여 만든 기관. 2021년 9월에 발족하였으며, 발족 후 한 달 사이에 약 30여 개의 시민 단체가 추가로 참여하였다.",132
2022,코림픽,(<영>▼←corona virus Olympics),혼성,"‘코로나’와 ‘올림픽’을 결합한 말로, 코로나19와 관련된 변수가 크게 작용한다는 의미에서 2020년 개최한 도쿄 올림픽을 이르는 말.",9
2022,코비드플레이션,(<영>covidflation),차용,코로나19와 관련된 물가 상승 현상을 이르는 말. ‘코로나(corona)’와 ‘인플레이션(inflation)’을 결합하여 만든 말이다.,1
2022,쿠팡세대,(Coupang世代),,전자 상거래 플랫폼인 ‘쿠팡’ 등을 사용하여 편리한 물품 구매와 라이프 스타일을 경험하며 성장한 세대.,3
2022,킹노잼,(<영>king no잼),합성,아주 재미가 없음.,6
2022,킹받다,(<영>king받다),접미 파생,어떠한 일에 자극을 받아 화가 나다. 영어 단어 ‘킹(king)’과 ‘받다’를 결합하여 만든 말로 ‘열받다’를 재미있게 이르는 말이다.,66
2022,탄소중립시민회의,(炭素中立市民會議),,정부가 2050년 탄소 중립을 위한 계획을 구상하면서 국민의 의견을 반영하기 위해 구성한 시민 단체.,255
2022,탄소중립직불제,(炭素中立直拂制),,정부가 기후 변화 완화에 이바지하는 생산자에게 소득을 직접 보조해 주는 제도.,156
2022,탕핑족,(<중>tangping[躺平]族),접미 파생,모든 것을 포기하고 아무것도 하지 않는 중국의 젊은 세대를 이르는 말.,297
2022,파산핑,(破産←Teenieping),혼성,인기 캐릭터 ‘티니핑’의 관련 제품을 아이들에게 사주는 데 과도한 지출을 하게 되는 것을 이르는 말.,310
2022,파이브지위성다중연결망,(<영>five G衛星多重連結網),,"파이브 지 통신망과 위성 통신망을 함께 활용하는 통신 기술. 파이브지 기지국이 없거나 부족한 지역에서는 위성을 활용함으로써, 통신 서비스의 연속성을 유지하고, 재난 및 재해 상황에서도 통신 서비스를 이용할 수 있다는 장점이 있다.",0
2022,팥붕,,축약,‘팥이 들어있는 붕어빵’을 줄여 이르는 말.,310
2022,퍼피시네마,(<영>▼puppy cinema),,반려견과 함께 영화를 감상할 수 있는 시설을 갖춘 영화관.,102
2022,펫플로깅,(<영>▼pet plogging),혼성,반려동물과 산책을 하면서 쓰레기 따위를 줍는 행위를 이르는 말.,310
2022,포켓못런,(Pokémon<영>run),,인기 문화 상품인 ‘포켓 몬스터’의 관련 제품을 구매하기 위해 점포 오픈 시간 혹은 제품 입고 시간에 맞추어 편의점 등 판매 매장으로 사람들이 몰려드는 일.,0
2022,폴리서치,(<영>▼←politics research),혼성,"정치적인 편향성을 지닌 여론 조사. 주로 정치적 편향성으로 인해 여론 조사의 신뢰가 감소하였을 때 사용하는 말로, 정치를 의미하는 영어 단어 ‘폴리틱스(politics)’와 조사를 의미하는 영어 단어 ‘리서치(research)’를 결합하여 만든 말이다.",4
2022,퐁퐁시티,(퐁퐁<영>city),,퐁퐁남이 많이 살고 있는 도시를 이르는 말. 차별 및 비하하는 의미가 포함되어 있으므로 사용에 주의가 필요하다.,32
2022,퐁퐁남,(퐁퐁男),접미 파생,외벌이 가정에서 전업주부 아내에게 경제권을 주고 용돈을 받아 쓰면서 집안일까지 하는 유부남을 비하하여 이르는 말. 설거지할 때 사용하는 주방세제 중 하나인 ‘퐁퐁’에 빗대어 이르는 말이다.,310
2022,퐁퐁단,(퐁퐁團),접미 파생,가정 내 발언권과 경제권이 제한된 유부남 집단을 부정적으로 이르는 말. 차별 및 비하하는 의미가 포함되어 있으므로 사용에 주의가 필요하다.,40
2022,표미새,(票미새),축약,‘표에 미친 새끼’를 줄여 이르는 말. 제20대 대선 과정 중 상대 후보를 비하하기 위해 나온 말이다.,10
2022,푸틴플레이션,(<영>putinflation),차용,"러시아의 우크라이나 침공이 주된 원인이 되어 일어나는 인플레이션. 러시아 대통령의 이름인 ‘푸틴’과 ‘인플레이션’을 결합하여 만든 말로, 러ㆍ우 전쟁으로 인해 발생한 모든 직ㆍ간접적인 물가 상승을 의미한다.",80
2022,프렌드쇼어링,(<영>friend shoring),,"글로벌 경제 위기에 대비하기 위해 동맹국이나 우방국끼리 공급망을 공동으로 구축하는 일. 코로나19 팬데믹의 영향으로 글로벌 공급망이 불안정해진 상황에서 나온 말이다. =깐부 쇼어링, 동맹 쇼어링.",310
2022,프로토니즘,(<영>protonism理論),,평화와 긍정적인 사고를 고취시키기 위한 문학 비평 이론. 1990년 미국의 시인 잭 마리나이가 제창하였다.,20
2022,프로틴플레이션,(<영>▼protein←inflation),혼성,육류 및 유제품 등 단백질 주공급원의 가격이 급등하는 현상. 코로나19 사태로 인한 육류 공급망 장애와 급격한 기후 변화 그리고 육류 소비량 증가 등 복합적인 원인으로 인해 발생한 인플레이션이다.,58
2022,플랫폼분쟁조정위,(<영>platform分爭調停委),,"플랫폼 사업자, 이용 사업자, 최종 이용자 간 분쟁을 신속하고 효율적으로 해결하기 위해 조직된 위원회. 코로나19의 확산으로 인해 증가한 비대면 온라인 서비스의 분쟁을 해결하고자 조직되었다.",1
2022,피해회복국가책임제,(被害回復國家責任制),,백신 접종으로 인한 손해를 국가에서 책임지는 제도. 코로나19의 백신 접종 과정에서 나타난 부작용으로 인해 고통받는 당사자들을 해결해 주고자 내세워진 공약이다.,45
2022,해오름권광역자족거점,(해오름圈廣域自足據點),,울산ㆍ포항ㆍ경주 등을 포함하며 초광역 거점 도시를 만들기 위한 산업 혁신 성장의 중요한 지점. 울산의 미래 발전을 위한 개발 계획 중 하나를 의미한다.,19
2022,해산물주의자,(海産物주의자),접미 파생,해산물을 즐기는 식생활을 하는 사람.,1
2022,해치펫트롤,(해치<영>pet←patrol),,잠재적 범죄 요인의 예방을 위해 제시된 주민 참여형 치안 정책. 주민이 반려견의 산책과 더불어 거주지 근처의 위험 요소를 파악하는 정책으로 서울시 자치 경찰 위원회가 2022년 5월부터 6월까지 시범 운영하였다.,27
2022,헬시플레저,(<영>▼healthy pleasure),혼성,건강을 즐겁고 편리하게 관리하는 일. 건강한 상태를 의미하는 ‘헬시(healty)’와 즐거움을 의미하는 ‘플레저(pleasure)’를 결합하여 만든 말이다.,310
2022,호드백,(好<영>←feedback),혼성,향수를 뿌린 후 느껴지는 향에 대한 반응을 일컫는 말. ‘좋을 호(好)’와 반응을 뜻하는 ‘피드백(feedback)’을 결합하여 만든 말이다.,4
2022,호모미그라티오,(<라>homo migratio),,"이주하는 인간이라는 뜻으로, 더 나은 환경을 찾아 거처를 옮겨 다니는 인간의 본질적 특성을 이르는 말.",53
2022,혼놀로그,(혼놀<영>←vlog),혼성,다른 사람과 어울리지 않고 혼자 시간을 보내며 노는 일상을 동영상 콘텐츠로 촬영하는 일. 혼자서 노는 일을 뜻하는 ‘혼놀’과 영상 일기를 뜻하는 ‘브이로그’를 결합하여 만든 말이다.,11
2022,홀리몰리과카몰리,(<영>▼holymoly guacamole,,"놀라움을 나타낼 때 사용하는 감탄사 혹은 탄성. 놀라움을 의미하는 감탄사인 영어 단어 ‘홀리몰리(holymoly)’와 소스의 한 종류인 ‘과카몰리(guacamole)’를 결합하여 만든 말로, 발음이 비슷하다는 점을 이용하여 재미있게 사용한 것에서 비롯되었다.",18
2022,회슬라,(膾←Tesla),혼성,미국 기업 ‘태슬라’에서 만든 자동차의 가격이 들쭉날쭉한 것을 가격의 변동이 큰 생선회에 빗대어 이르는 말.,22
2023,가상근무표,(假想勤務表),,"주당 최대 69시간 노동을 할 경우를 가정해서 만든 근무표. 고용 노동부가 주당 최대 12시간으로 제한돼 있는 연장 근로 허용 기준을 월ㆍ분기ㆍ반기ㆍ연 단위로 유연화해, 1주일에 최대 69시간까지 근로가 가능하도록 하는 제도 개편 방안을 제시한 후 등장한 근무표이다.",44
2023,감사완박,(監査完剝),축약,‘감사원의 감사권을 완전히 박탈함’을 줄여 이르는 말. 감사원 내의 주요 사항에 대해 국회에 보고하는 절차가 포함되는 것이 주요 내용이다.,310
2023,감사완박법,(監査完剝法),합성,"감사원의 감사권을 완전히 박탈하는 법안. ‘감사원법 개정안’을 달리 이르는 말로, 외부 공개 모집 감찰관의 임용, 감사 위원회의 의결 사항 공개, 직무 감찰 결과 국회 및 대통령에게 보고 등이 핵심 내용이다.",70
2023,감형스펙,(減刑<영>spec),,범죄 피의자들이 형벌을 줄이는 데 필요한 조건이나 능력을 이르는 말.,2
2023,갓산직,(<영>god産職),혼성,신도 부러워할 만큼 조건이 좋은 생산 분야의 직무. 또는 그러한 분야에 종사하는 직원.,37
2023,갓생족,(<영>god生族),접미 파생,부지런하며 타인에게 모범이 되는 삶을 추구하는 사람. 또는 그런 무리.,28
2023,강제매수법,(強制買收法),,양곡 관리법 개정안을 달리 이르는 말. 쌀 가격이 전년보다 5~8% 하락하거나 쌀 생산량과 다음 연도 수요량을 추정하여 초과 생산량이 3~5%일 경우 초과 생산된 쌀을 정부가 전량 매입한다는 것이 주요 내용이다.,310
2023,개발워싱,(開發<영>washing),,개발을 이용하여 국가나 지역의 부정적인 이미지를 세탁하는 행위.,2
2023,개인채무자보호법,(個人債務者保護法),,개인 채무자들의 빚 부담을 경감하기 위하여 필요한 사항을 정한 법. 정식 명칭은 '개인 금융 채권의 관리 및 개인 채무자 보호에 관한 법률'이다.,310
2023,거르주아,(거<프>←bourgeois),혼성,가진 돈은 적지만 마음은 풍요로운 사람을 이르는 말. ‘거지’와 ‘부르주아’를 결합하여 만든 말이다.,3
2023,건강보정기대수명,(健康補正期待壽命),,가벼운 만성 질환은 제외하고 건강하게 살아갈 것으로 기대되는 삶의 기간.,5
2023,건폭몰이,(建暴몰이),,건설 노조 조합원의 활동을 건설 현장 폭력 행위로 몰아 분위기를 조성하는 일.,310
2023,건폭수사,(建暴搜査),,건설 현장에서 발생하는 불법 폭력 행위를 목표로 삼고 벌이는 수사.,90
2023,검수원복,(檢授原復),축약,‘검찰의 수사권을 원상 복구함’을 줄여 이르는 말. 검찰이 직접 수사할 수 있는 경제 범죄와 부패 범죄의 범위가 대폭 확대되는 것이 주요 내용이다.,310
2023,검수원복법,(檢搜原復法),합성,"검찰의 수사권을 원상 복구하는 법안. 검찰의 수사권을 확대한 법안으로, 검찰의 수사가 가능한 경제 및 부패 범죄의 범위가 확대된다.",6
2023,검주국가,(檢主國家),,검찰이 지나치게 많은 권력을 가지고 운용되는 나라를 이르는 말.,129
2023,겟생,(<영>get生),합성,생산적인 일상 속에서 충분한 휴식까지 취하며 삶의 조화를 추구하는 삶을 이르는 말.,210
2023,경제완박,(經濟完박),축약,‘경제가 완전히 박살남’을 줄여 이르는 말. 파업 등으로 인해 국가 경제에 피해 상황이 발생하는 것을 말한다.,60
2023,계묘국치,(癸卯國恥),합성,"계묘년에 일어난 나라의 수치라는 뜻으로, 일제 강점기 강제 징용 피해 배상안의 발표를 비판하여 이르는 말.",184
2023,계묘군란,(癸卯軍亂),혼성,병사의 처우 개선에만 집중하다가 초급 간부의 문제는 뒷전으로 밀렸다는 논란을 신식 군대와 구식 군대의 차별에서 시작된 임오군란에 빗대어 이르는 말.,2
2023,계묘늑약,(癸卯勒約),혼성,"계묘년에 일어난 억지로 맺은 조약이라는 뜻으로, 일제 강점기 강제 징용 피해 배상안의 내용을 을사늑약에 빗대어 이르는 말.",200
2023,계약정원제,(契約定員制),,"대학에서, 계약학과 없이 기업에서 필요한 인력을 양성할 수 있도록 입학 정원을 한시적으로 조정하는 제도.",310
2023,고등평생교육특별회계,(高等平生敎育特別會計),,지방 교육 재정 교부금 중 유치원 및 초중등 교육에 지원하던 지원금을 대학 지원에도 사용하기 위하여 특별히 수립한 회계. =고특회계.,144
2023,고특법,(高特法),합성,지방 교육 재정 교부금 중 유치원 및 초중등 교육에 지원하던 지원금을 대학 지원에도 사용하기 위하여 특별 회계를 설치함을 목적으로 제정한 법률. 정식 명칭은 ‘고등 평생 교육 지원 특별 회계법’이다.,4
2023,고특회계,(高特會計),,지방 교육 재정 교부금 중 유치원 및 초중등 교육에 지원하던 지원금을 대학 지원에도 사용하기 위하여 특별히 수립한 회계. =고등 평생 교육 특별 회계.,310
2023,곱게팅,(곱<영>getting),혼성,맛있는 곱창을 구매하기 위해 많은 사람이 한꺼번에 몰려 치열한 경쟁을 벌이는 일을 이르는 말.,1
2023,공공반납기,(公共返納器),,"회수하는 사람 없이도, 매장이 아닌 곳에서 일회용 컵의 보증금을 돌려받을 수 있도록 설치한 기계. =공공 반납처.",10
2023,공공반납처,(公共返納處),,"회수하는 사람 없이도, 매장이 아닌 곳에서 일회용 컵의 보증금을 돌려받을 수 있도록 설치한 기계. =공공 반납기.",109
2023,관광워싱,(觀光<영>washing),,관광을 이용하여 국가나 지역의 부정적인 이미지를 세탁하는 행위.,3
2023,괌옥,(Guam獄),혼성,슈퍼 태풍으로 인해 공항이 폐쇄되면서 괌섬에 갇히게 된 한국인 여행객의 처지를 감옥에 빗대어 이르는 말.,57
2023,교육자유특구법,(敎育自由特區法),,학교의 설립 및 운영과 관련된 규제를 완화하여 지역에 맞는 공교육의 선도 모델을 만들기 위하여 마련된 법률.,67
2023,국가인재양성기본법,(國家人材養成基本法),,"항공ㆍ우주 미래 모빌리티와 바이오헬스, 첨단 부품ㆍ소재, 디지털 그리고 환경 및 에너지 분야를 포함하는 5대 핵심 첨단 분야의 인재 육성을 목적으로 제정한 법률. 국가의 체계적인 인재 양성을 위하여 직업 교육법, 인재 데이터 관리법과 함께 인재 양성 3법에 포함된다.",68
2023,국폭01,(國暴),축약,‘국회 폭력’을 줄여 이르는 말.,0
2023,국폭02,(國暴),축약,‘국가 폭력’을 줄여 이르는 말.,0
2023,군졸교과서,(軍卒敎科書),,군국기무처의 의결을 거쳐서 군졸들에게 보급된 우리나라 최초의 순 한글 교과서.,19
2023,군중유체화,(群衆流滯化),,한곳에 모인 사람들의 밀집도가 증가하면서 자의에 의한 이동이 어렵게 되어 이리저리 떠밀리다가 질식 또는 호흡 곤란 등이 유발되는 현상.,235
2023,군집자살,(群集自殺),,주변의 다른 사람이 죽음을 택한 것에 영향을 받아 스스로 자기의 목숨을 끊음.,4
2023,그리드플레이션,(<영>greedflation),차용,대기업들이 상품이나 서비스의 가격을 과도하게 올려 물가가 상승하는 현상.,310
2023,근로자밥값지원법,(勤勞者밥값支援法),,직장인의 밥값 부담을 덜어 주기 위한 목적으로 제정한 법. 비과세 식대의 한도를 월 10만 원에서 20만 원으로 올리는 것을 주요 내용으로 한다.,50
2023,근테크족,(筋<영>tech族),접미 파생,신체 자산 증가를 위해 꾸준히 근력 강화 운동을 하는 사람. 또는 그런 무리.,2
2023,글로벌스톡테이크,(<영>global stocktake),,"온실가스 감축 목표를 이행한 정도를 점검하고 평가하는 일. 2015년에 채택된 파리 기후 변화 협약의 필수 구성 요소로, 온실가스 배출량을 줄이고 기후 변화에 적응하기 위해 각 참여국과 이해관계자들이 이룬 진전을 조사하고 그 결과를 보고서로 작성한다.",16
2023,금리폭리방지법,(金利暴利防止法),,은행 이용자에게 이자율의 산정 방식과 그 근거를 투명하게 공개하여 금리 인하 효과를 유도하는 것을 목적으로 하는 법안.,300
2023,금안계정,(金安計定),,‘금융 안정 계정’을 줄여 이르는 말. 금융 회사가 일시적인 자금난을 겪게 되거나 재무 구조의 개선 또는 자본의 확충이 필요한 경우에 금융 당국이 선제적으로 자금을 지원하기 위한 계정을 뜻한다.,115
2023,금융교육진흥법,(金融敎育振興法),,학교 정규 교과 과정에 금융 교육을 편성하여 공교육을 통해 초중고 학생들에게 금융 교육이 이루어질 수 있도록 금융 교육의 진흥에 필요한 사항을 규정한 법률.,42
2023,금융안정계정,(金融安定計定),,금융 회사가 일시적인 자금난을 겪게 되거나 재무 구조의 개선 또는 자본의 확충이 필요한 경우에 금융 당국이 선제적으로 자금을 지원하기 위한 계정. =금안 계정.,310
2023,기절근무표,(氣絕勤務表),,"온라인상에 등장한 한 주 동안 69시간의 근로를 가정하여 근무 시간을 짠 도표. 정부가 근로 시간 개편 방안을 발표한 이후 소셜 네트워크 서비스에서 등장하여 화제가 되었으며, 늦은 퇴근 시간 때문에 평일에 부족했던 수면을 주말 동안 보충하기 위하여 주말에는 기절하는 일정으로 표시되어 있다.",46
2023,기초연금확대법,(基礎年金擴大法),,"부부가 함께 기초 연금을 받는 경우 남편 몫과 아내 몫의 연금 수령액을 각각 20%를 감액하는 기초 연금의 부부 감액 제도를 폐지하고, 기초 연금을 월 40만원으로 인상하기 위하여 제정한 법률.",310
2023,기프테크,(<영>▼←gifticon tech),혼성,"모바일 상품권을 액면가보다 할인된 가격에 구매하거나, 선물로 받은 모바일 상품권을 중고로 거래하여 남긴 이익을 이용한 재테크.",70
2023,기회발전특구법,(機會發展特區法),,비수도권 지역이나 수도권 중 일부 접경 지역 및 인구 감소 지역의 투자 촉진을 목적으로 제정한 법률. 해당 지역으로 이전하는 기업에게 감세 등의 혜택이 지원된다. 정식 명칭은 '지방 자치 분권 및 지역 균형 발전에 관한 특별법'이다.,54
2023,기후기술허브,(氣候技術<영>hub),,기후 분야에서 개발 도상국의 역량 강화를 돕고 전문가 네트워크와 기후 기술의 거점 역할을 담당하기 위한 곳. 정부와 아시아 개발은행이 서울에 설립을 추진하기로 하였다.,310
2023,기후배상,(氣候賠償),,선진국이 온실가스의 배출량이 상대적으로 적은 개발 도상국에게 기후 위기의 피해를 입힌 것에 대해 배상하는 일.,20
2023,기후보상금,(氣候補償金),,탄소를 많이 배출한 선진국이 온실가스로 인해 기후 위기 피해를 받게 된 개발 도상국들에게 기후 문제에 대한 보상으로 주는 돈.,15
2023,기후행동지수,(氣候行動指數),,온실가스를 많이 배출한 기업을 대상으로 각 기업이 기후 변화 대응을 위해 얼마나 적극적으로 행동하고 있는지를 평가하는 지표.,33
2023,기후플레이션,(氣候<영>←inflation),혼성,기후 변화로 인해 물가가 상승하는 현상.,310
2023,긴급벌채제도,(緊急伐採制度),,"병충해 방제, 산불 진화 및 산불 확산 방지, 산사태 등 2차 피해가 우려되는 경우에, 산림 소유자의 동의 없이 긴급히 벌채를 할 수 있도록 한 제도.",6
2023,길티팁,(<영>▼guilty tip),,사회적 압박 때문에 죄책감을 느껴 일정한 수준 이상으로 지급하는 팁. =죄책감 팁.,3
2023,깊털,(<영>▼←gifticon털),축약,‘기프티콘 털어 먹기’를 줄여 이르는 말. 선물로 받아 놓고 사용하지 않았던 기프티콘으로 끼니를 해결하는 것을 말한다.,2
2023,깡통전세공공매입특별법,(깡筒傳貰公共買入特別法),,"전세 보증금과 담보 대출이 매매가를 웃도는 전세 주택의 공공 매입 절차를 규정하고, 피해자를 구제하는 데 필요한 사항을 제정한 법률. 공공 기관이 채권을 매입하여 전세 사기 피해를 먼저 보상하고, 이후에 구상권 청구 등을 통해 비용을 회수하는 것을 목적으로 한다. =임대 보증금 미반환 주택 임차인 보호를 위한 특별법.",52
2023,꼬이직,(꼬移職),축약,"‘꼬우면 이직해’를 줄여 이르는 말. 공무원들이 임금 인상을 요구하는 시위를 하자, 일부 사람들이 온라인상에서 이를 조롱하는 의미로 사용한다.",17
2023,꾸웨액,,생성,‘후회해’라는 뜻으로 쓰는 말. ‘후회해’를 익살스럽게 발음한 것에서 비롯되었다.,2
2023,나토베나토르폴리돈투스,(<라>natovenator polydontus),,"물속 사냥에 적합하도록 몸이 유선형으로 진화한 육식성 두 발 공룡의 화석. 한국 과학자들이 발견하였으며, ‘이빨이 많이 있는 수중 사냥꾼’이라는 뜻이다.",3
2023,내집마련리츠주택,(내집마련<영>REITs住宅),,"입주 시에 최초 분양가의 절반을 보증금으로 내고, 최장 10년 동안 임대로 거주한 후 최종 매입 여부를 자유롭게 선택할 수 있는 주택.",157
2023,내비남공,(내非남公),축약,"‘내가 쓴 돈은 비공개, 남이 쓴 돈은 공개’라는 뜻으로, 자신이 쓴 돈에 대해서는 숨기려고 하면서 다른 사람에게는 회계 자료의 공개를 요구하는 태도를 이르는 말.",9
2023,노주취자존,(<영>no酒醉者<영>zone),,주취자의 출입을 금지하는 곳.,1
2023,노면컬러안내선,(路面<영>color案內線),,갈림길에서 각 차로의 경로를 미리 안내하기 위해 차로의 중앙에 선명한 색깔로 그어 놓은 선. =인포라인.,206
2023,노조방탄법,(勞組防彈法),,‘노동조합 및 노동관계 조정법 개정안’을 이르는 말. 하도급 노동자에 대한 원청의 책임을 강화하고 그 범위를 확대하는 것이 핵심 내용으로 노란봉투법이라고도 불린다.,198
2023,녹색항로,(綠色航路),,해당 항로를 이용하는 선박들은 온실가스의 배출이 없거나 낮은 연료를 사용해야 하는 특정 항로.,200
2023,녹색해운항로,(綠色海運航路),,2050년까지 해운업의 탄소 중립 실현을 목표로 친환경 암모니아나 친환경 메탄올 등의 무탄소 연료 추진 선박으로 운항되는 항로. 부산항과 미국 서부의 타코마항 간에 구축 합의의 내용을 2022년 11월에 공식적으로 발표하였다.,310
2023,농촌소멸기금,(農村消滅基金),,인구가 감소하여 사라질 위기에 있는 농촌 지역을 위해 조성된 재정 지원금.,3
2023,농친자,(籠친者),혼성,‘농구’를 열광적으로 좋아하는 사람.,5
2023,누칼협,(누칼脅),축약,‘누가 칼로 협박했느냐’를 줄여 이르는 말. 누군가가 고충을 토로할 때 그에 대한 책임이 그 일을 선택한 개인에게 있다고 주장할 때 사용한다.,252
2023,닭코야키,(닭<일>←takoya[蛸燒]ki),혼성,"‘닭’과 ‘다코야키’가 합쳐진 말로, 둥근 모양의 틀에 잘게 썬 닭과 묽은 밀가루 반죽을 넣어 만든 일본식 풀빵.",11
2023,댕댕버스,(댕댕<영>bus),,반려동물과 함께 탑승할 수 있는 버스. 글자 모양이 비슷하여 인터넷상에서 ‘멍멍이’라는 뜻으로 쓰는 ‘댕댕이’와 ‘버스’를 결합하여 만든 말이다.,310
2023,댕댕존,(댕댕<영>zone),,반려동물의 출입을 허용하는 곳. 글자 모양이 비슷하여 인터넷상에서 ‘멍멍이’라는 뜻으로 쓰는 ‘댕댕이’와 장소를 의미하는 ‘존’을 결합하여 만든 말이다.,38
2023,댕댕크루즈,(댕댕<영>cruise),,반려동물과 함께 여행할 수 있도록 마련된 배. 또는 그런 여행 상품. 글자 모양이 비슷하여 인터넷상에서 ‘멍멍이’라는 뜻으로 쓰는 ‘댕댕이’와 배를 의미하는 ‘크루즈’를 결합하여 만든 말이다.,140
2023,댕수욕장,(댕水浴場),혼성,반려동물과 함께 해수욕을 할 수 있는 시설과 환경이 갖추어진 바닷가. 글자 모양이 비슷하여 인터넷상에서 ‘멍멍이’라는 뜻으로 쓰는 ‘댕댕이’와 ‘해수욕장’을 결합하여 만든 말이다.,310
2023,도심복합개발지원법,(都心複合開發支援法),,"도시 공간을 혁신적이고 복합적으로 활용하여 주거 안정에 이바지하기 위한 것으로, 도심 복합 개발 혁신 지구를 설정하여 해당 지역에 대한 민간 기업의 개발 규제를 완화하고 부담금을 감면하도록 규정한 법안. 2022년 8월에 국회에서 발의되었다.",102
2023,도심복합개발특별법,(都心複合開發特別法),,"공공에만 부여하던 용적률 등 도시 건축 특례, 절차 간소화, 세제 혜택 등을 민간 기업에도 부여하여 주택 공급을 신속히 할 수 있도록 하는 내용을 담은 특별법.",6
2023,돌친자,(←Dolby친者),혼성,‘돌비 시네마’를 열광적으로 좋아하는 사람. ‘돌비 시네마’는 미국의 오디오 기업 ‘돌비(Dolby)’에서 개발한 첨단 영상 및 음향 기술인 ‘돌비 비전(Dolby Vision)’과 ‘돌비 애트모스(Dolby Atmos)’을 도입한 영화관을 말한다.,17
2023,돼지게이터,(돼지<영>←navigator),혼성,"‘돼지’와 ‘내비게이터’를 결합하여 만든 말로, 음식 맛이 뛰어난 음식점을 찾아내는 능력을 비유적으로 이르는 말.",2
2023,두더집,,혼성,"‘두더지’와 ‘집’을 결합하여 만든 말로, 서울시에서 고립ㆍ은둔 청년의 사회 복귀를 도울 수 있도록 마련한 사회 복지 시설.",103
2023,드링크플레이션,(<영>drinkflation),차용,인플레이션의 심화로 인해 기업들이 주류 상품의 가격과 용량은 기존과 동일하게 유지한 채 알코올 함량을 줄여 결과적으로는 물건값이 상승하는 효과를 거두는 일.,25
2023,디깅력,(<영>digging力),접미 파생,어떤 것을 밝히거나 알아내는 힘이나 능력. 주로 자신이 열성적으로 좋아하는 영역의 새로운 사실을 계속해서 파헤치는 것을 말한다.,10
2023,디시브레인,(<영>dish brain),,사람의 줄기세포에서 유래한 뇌 신경 세포와 쥐 배아의 뇌에서 가져온 신경 세포 80만 개에 미세 전극을 연결해 배양 접시에 올린 뇌세포 집합체.,5
2023,디지털플랫폼재난,(<영>digital platform災難),,포털 서비스나 메신저 서비스가 제대로 작동하지 않아 발생하는 재난.,85
2023,런플루언서,(<영>runfluencer),차용,"소셜 미디어 등에서 달리기 영상이나 달리기 관련 정보를 공유하고 소통하면서, 대중에게 영향력을 미치는 사람.",2
2023,리셀러꾼,(<영>reseller꾼),접미 파생,서비스나 제품을 재판매할 목적으로 구입하는 사람.,2
2023,리퀴드소비,(<영>liquid消費),,"가격이나 유행 등에 민감하게 반응하며, 변화가 빠르고 다음의 상황을 예측하기 힘든 소비. 짧은 기간 동안 유행하고 바로 사라지는 상품들이 대표적인 결과물이라고 할 수 있다.",78
2023,마스크키핑족,(<영>mask keeping族),,"코로나19의 감염을 방지하기 위한 마스크 착용의 의무가 사라졌지만, 마스크를 계속 곁에 두는 사람. 또는 그런 무리.",2
2023,맑눈광,(맑눈狂),축약,"‘맑은 눈의 광인’을 줄여 이르는 말. 맑고 초롱초롱한 눈을 가지고 있지만, 어딘가 미쳐 있는 듯한 사람을 이르는 말이다.",310
2023,맞폭,(맞暴),접두 파생,상대방이 폭력을 당한 행동이나 태도에 대하여 본인도 폭력을 당한 적이 있다고 맞서서 대응함.,75
2023,멍쉼터,,합성,물소리를 듣거나 숲속에서 경치를 바라보는 등을 하며 아무 생각 없이 멍하게 있으면서 쉴 수 있도록 시설물을 설치해 놓은 곳.,5
2023,멍감님,(멍監님),혼성,나이가 많은 개를 이르는 말. 개를 의미하는 ‘멍멍이’와 영감의 높임말인 ‘영감님’을 결합하여 만든 말이다.,9
2023,면플레이션,(麵<영>←inflation),혼성,"식자재 가격과 인건비, 전기 요금 상승 등으로 인해 냉면, 국수 등 면 요리의 가격이 상승하는 현상.",269
2023,명절테크,(名節<영>←tech),,명절에 받은 선물 세트를 개봉하지 않고 중고 거래로 되팔아 남긴 이익을 이용한 재테크.,137
2023,명품테크족,(名品<영>tech族),,명품 브랜드 제품의 시세 차익을 통해 재테크를 하는 사람. 또는 그런 무리.,1
2023,무떡밥,(無떡밥),접두 파생,동물이나 사람을 꾀어내거나 관심을 끌기 위한 수단이나 물건이 없음.,1
2023,무게샵,(무게<영>shop),,손님이 고른 중고 의류를 저울로 무게를 재서 가격을 매기는 가게. ⇒규범 표기는 ‘무게 숍’이다.,3
2023,무진동항온항습차,(無振動恒溫恒濕車),,진동이 적고 온도와 습도가 일정하게 유지되도록 설계한 차. 반도체나 동물 따위를 운반할 때 사용한다.,7
2023,문구카세,(文具<일>←omaka[御任]se),혼성,문구를 열성적으로 좋아하는 사람들을 위한 필기구 종합 세트. ‘문구’와 ‘오마카세’를 결합하여 만든 말이다.,3
2023,문화워싱,(文化<영>washing),,박람회 등과 같은 문화 행사를 이용하여 국가나 지역의 부정적인 이미지를 세탁하는 행위.,17
2023,밀프렙족,(<영>▼meal prep族),,일정 기간 동안의 식사를 미리 한 번에 준비해 놓는 사람. 또는 그런 무리.,132
2023,바지임대인,(바지賃貸人),,"부동산을 소유하거나 계약에 대한 돈을 받은 것이 아니라, 임대차 계약에 필요한 명의만 빌려준 사람.",310
2023,반강성고정술,(反剛性固定術),,"흔들리는 척추를 교정하기 위하여 척추의 앞쪽은 긴 나선의 원통 케이지를, 척추의 뒤쪽은 탄성이 높은 스프링 형태의 로드를 통하여 척추를 고정하는 수술.",49
2023,반도체산업강화법,(半導體産業強化法),,"반도체 투자 활성화를 위하여 반도체 투자에 대한 세제 혜택을 주고자 제정한 법률. 대기업의 반도체 설비 투자 세액 공제율을 기존의 8%에서 15%로, 중소기업은 16%에서 25%까리 상향하는 것을 내용으로 한다.",76
2023,반세권,(半勢圈),혼성,반도체 공장과 인접해 있어 관련 직종 종사자가 편리하게 통근할 수 있는 주거 지역.,310
2023,발레코어,(<영>balletcore),차용,발레복 혹은 발레 소품들을 활용하여 일상복처럼 자연스럽고 아름답게 표현하는 패션 스타일.,310
2023,뱀서라이크,(<영>←vampire survivors like),합성,"게임 플레이어가 몰려드는 적들을 상대로 여러 가지 방법을 사용하며 일정한 시간 동안 살아남는 비디오 게임의 한 장르. 주로 쿼터 뷰 혹은 위에서 아래로 보는 시점으로 게임이 진행되며, 매 게임마다 이전 게임의 내용이 초기화되는 것이 특징이다. 게임의 이름인 ‘뱀파이어 서바이버즈(Vampire Survivors)’를 줄인 말인 ‘뱀서’와 ‘비슷한’을 의미하는 영어 단어 ‘like’가 결합하여 만들어진 말이다.",189
2023,뱅보드차트,(<영>←bank board chart),,일반에게 널리 알리기 위하여 예금 상품의 금리를 비교해 만든 표. 은행을 의미하는 ‘뱅크(bank)’와 미국 대중음악의 순위를 집계한 순위표를 뜻하는 ‘빌보드 차트’를 결합하여 만든 말이다.,40
2023,뱅크데믹,(<영>bankdemic),차용,은행 파산에 대한 두려움이 전세계적으로 확산되는 현상을 전염병에 빗대어 이르는 말.,310
2023,버거플레이션,(<영>burgerflation),차용,물가 상승으로 인해 햄버거의 가격이 급등하는 현상.,160
2023,법사완박,(法司完剝),축약,"‘법제 사법 위원회의 권한을 완전히 박탈함’을 줄여 이르는 말. 탄핵 소추 시, 법제 사법 위원장에게 부여된 탄핵 소추 위원의 권한을 없애기 위해 발의한 법률 개정안을 비난조로 이르는 말이다.",16
2023,벤버지,(←Bento버지),혼성,2022년 카타르 월드컵에서 대한민국 축구 국가 대표 팀의 감독인 파울루 벤투(Paulo Bento)를 친근하게 이르는 말. ‘파울루 벤투’와 ‘아버지’를 결합하여 만든 말이다.,310
2023,부모돌봄법,(父母돌봄法),,간호사의 근무 환경 및 처우 개선 등에 관한 간호법이 부모 돌봄을 목적으로 마련한 ‘법률’과 마찬가지임을 비유적으로 이르는 말.,310
2023,부분근로자대표제,(部分勤勞者代表制),,특정 직종ㆍ직군ㆍ직무의 근로자가 근로 제도 따위의 의견을 반영할 수 있도록 근로자의 대표를 부분적으로 따로 선발하는 제도.,213
2023,불법일임투자,(不法一任投資),,"법률에서 금하고 있는 방식이나 내용으로, 자산의 운용에 대한 권한이나 투자 자금을 자산 운용 회사, 투자 자문 회사, 증권 회사 등에 전부 맡기기로 하는 투자.",2
2023,불법파업보장법,(不法罷業保障法),,"‘노동조합 및 노동 관계 조정법 2ㆍ3조 개정에 관한 법률안’을 비난조로 이르는 말. 개정안은 사용자의 범위를 확대하고 노동조합에 대한 손해 배상 청구를 제한하는 것을 골자로 하는데, 이것이 불법 파업을 조장할 수도 있다는 우려 속에서 나온 말이다.",65
2023,불법파업조장법,(不法罷業助長法),,"‘노동조합 및 노동 관계 조정법 2ㆍ3조 개정에 관한 법률안’을 비난조로 이르는 말. 개정안은 사용자의 범위를 확대하고 노동조합에 대한 손해 배상 청구를 제한하는 것을 골자로 하는데, 이것이 불법 파업을 조장할 수도 있다는 우려 속에서 나온 말이다.",310
2023,블록코어룩,(<영>blokecore look),,스포츠 유니폼을 이용하여 일상적이고 스타일리시한 멋을 표현한 옷차림.,310
2023,빅테크족,(<영>big tech族),접미 파생,규모와 시장 점유율이 높은 정보 기술 기업의 주식을 이용하여 재테크를 하는 사람. 또는 그런 무리.,1
2023,빵플레이션,(빵<영>←inflation),혼성,빵의 주 재료인 밀가루 따위의 가격 상승과 물류 비용 증가 등이 원인이 되어 일어나는 인플레이션.,310
2023,사막캉스,(沙漠<프>←vacance),혼성,사막에서 보내는 휴가.,24
2023,사이버도화살,(<영>cyber桃花煞),,"온라인상에서, 다른 사람들의 관심을 유독 많이 받도록 지워진 살. 주로 별 뜻 없이 게시물을 올려도 조회 수가 높거나 댓글이 많이 달리는 사람이 가지고 있는 기운을 말한다.",5
2023,사회서비스진흥법,(社會<영>service振興法),,적정한 사회 서비스의 공급을 유인하고 사회 서비스 분야의 육성 기반과 체계적 지원이 마련되기 위하여 제정한 법률. 정식 명칭은 ‘사회 서비스 지원 및 진흥에 관한 법률안’이다.,18
2023,산업평화보장법,(産業平和保障法),,‘노동조합 및 노동관계 조정법 개정안’을 이르는 말. 하도급 노동자에 대한 원청의 책임을 강화하고 그 범위를 확대하는 것이 핵심 내용으로 ‘노란봉투법’이라고도 불린다.,22
2023,상대적불평등지수,(相對的不平等指數),,"수입, 재산, 생활 양식 등에 따른 사회 경제적 불평등을 상대적으로 비교하고 평가하기 위한 지수.",12
2023,상추테크,(상추<영>tech),,상추의 시세를 이용한 재테크. 상추의 가격이 크게 오르자 상추를 직접 키워 먹는 사람들이 늘어난 상황에서 나온 말이다.,13
2023,새드팝,(<영>sad pop),,슬프거나 불행한 감정을 주로 표현한 팝 음악.,3
2023,생성에이아이,(生成<영>AI),,"사용자가 입력한 문장을 분석하여 그 의도에 맞는 텍스트, 이미지, 비디오 따위를 만들어 내는 컴퓨터 시스템. 기존의 인공 지능과 달리 새로운 콘텐츠를 생성하는 데 초점을 두며, 작문, 예술, 소프트웨어 개발 따위의 영역에 응용한다.",206
2023,생성형에이아이,(生成型<영>AI),,"사용자가 입력한 문장을 분석하여 그 의도에 맞는 텍스트, 이미지, 비디오 따위를 만들어 내는 컴퓨터 시스템. 기존의 인공 지능과 달리 새로운 콘텐츠를 생성하는 데 초점을 두며, 작문, 예술, 소프트웨어 개발 따위의 영역에 응용한다.",184
2023,생체직교화학,(生體直交化學),,생체 내 다른 화학 반응에 영향을 받거나 주지 않는 독립적인 화학 반응. 또는 이를 활용한 화학 연구.,60
2023,선가후고,(先加後苦),축약,"‘선 가입 후 고민’을 줄여 이르는 말. 금리가 높은 적금에 가입부터 한 후, 다른 상품과 비교하며 정기 납입 여부를 결정하는 것을 말한다.",1
2023,세계구매자지수,(世界購買者指數),,"세계 각국 제조업 분야의 구매 활동을 평가하기 위한 지수. 주로 기업의 구매 관리자를 대상으로 한 설문 조사를 통해 조사되며, 일반적으로 이 지수가 높다는 것은 경기 확장을 의미한다.",3
2023,센타고,(<영>←center高),합성,"본사의 할인 행사와는 별도로, 와인이나 위스키 등의 고급 주류를 자체적으로 할인하여 판매하는 편의점. 또는 이러한 할인 정보를 공유하는 온라인 커뮤니티. ⇒규범 표기는 ‘센터고’이다.",24
2023,센타백,(<영>←center back-up),축약,"‘센터 백업(center back-up)’을 줄여 이르는 말. 와인, 위스키 등 고급 주류의 자체적으로 할인하여 판매하는 것을 지지하는 편의점 점주들의 모임. 자체 할인을 최초로 시작한 편의점을 백업한다는 의미로 만들어진 말이다. ⇒규범 표기는 ‘센터백’이다.",11
2023,셀프세일,(<영>self sale),,주로 기업이 투자를 받기 위해 스스로의 가치를 낮게 평가하는 일.,2
2023,소뇌력,(小腦力),접미 파생,평형 감각 등 소뇌의 역할과 관련된 힘.,2
2023,소득동질혼,(所得同質婚),,소득이 비슷한 사람들끼리 하는 결혼.,83
2023,속튀,,축약,‘속이고 튀다’를 줄여 이르는 말. 자신의 이익을 위해 상대방을 속이고 달아나는 일을 말한다.,38
2023,솔리드소비,(<영>solid消費),,"고정적이고 정형화되어 있으며, 변화가 있기는 하지만 급속한 변화가 아니기 때문에 다음의 상황을 예측할 수 있는 소비.",6
2023,쇼트폴리오,(<영>▼short←portfolio),혼성,"소셜 미디어를 활용하여 자신의 생각이나 감정, 취향 따위를 짧고 가볍게 표현한 콘텐츠.",180
2023,숄칭,(<영>Scholzing),차용,"돕고자 하는 마음은 표현하지만, 실제로 돕는 것은 망설이는 태도를 이르는 말. 우크라이나에 전차를 지원하기로 한 독일 총리가 1년 넘게 지원을 미룬 상황을 조롱하기 위하여 생겨난 말로, 독일 총리의 이름인 '숄츠'를 동사형으로 만든 것이다.",2
2023,순환경제기본계획,(循環經濟基本計劃),,"‘순환 경제 사회 전환 촉진법’에 따라, 순환 경제 사회로의 전환을 위한 중장기 정책 목표 및 방향을 종합적으로 제시하는 기본 계획. 자원 절약과 폐기물 발생 억제, 자원의 순환 이용 등에 대한 방침을 주요 내용으로 한다.",30
2023,술플레이션,(술<영>←inflation),혼성,술의 가격이 급등하는 현상. 곡물 등 술의 주재료의 가격 상승과 물류 비용 증가 등 복합적 원인에 의해 발생한 인플레이션이다.,20
2023,술피뎀,(술<영>zolpidem),혼성,"술과 불면증 치료제인 졸피뎀을 섞어 만든 음료. 일시적인 환각 상태를 느끼기 위해 만들어 마시며, 각종 범죄에 악용되기도 한다.",17
2023,쉴금,(쉴金),합성,쉬는 금요일을 이르는 말.,1
2023,슈거플레이션,(<영>sugarflation),차용,설탕의 가격이나 설탕을 주재료로 하는 가공식품의 가격이 급등하는 현상. 기후 변화에 따른 사탕수수 재배량 감소 등의 원인에 의해 발생한 인플레이션이다.,310
2023,슈즈코드,(<영>shoes code),,"시간이나 장소, 상황에 어울리도록 신발의 모양, 색상, 스타일 따위를 정해 놓은 것.",1
2023,스키니피케이션,(<영>skinification),차용,두피와 모발을 마치 피부를 관리하는 것처럼 깨끗하고 섬세하게 가꾸는 일.,296
2023,스팸지수,(SPAM指數),,스팸 선물 세트를 되팔 때의 시세를 수치로 나타낸 것. 고물가에 경기 침체의 우려까지 겹치면서 명절 선물을 온라인상에서 되팔아 생활비 등에 보태려고 하는 현상이 나타나며 등장하였다.,8
2023,시보완박,(時報完剝),축약,"‘시사 보도를 완전히 박탈함’을 줄여 이르는 말. 서울시 의회가 ‘티비에스(TBS)’에 대한 예산 지원 중단을 골자로 하는 조례안을 제출하자, 이를 비판하는 맥락에서 나온 말이다.",34
2023,신속회생추진법,(迅速回生推進法),,"‘채무자 회생 및 파산에 관한 법률 개정안’을 달리 이르는 말. 개인 회생 절차를 간소화하기 위해, 채무자가 개인 회생 채권자 목록에서 누락된 경우 변제 계획 인가 후에도 이를 수정할 수 있도록 하는 것을 주요 내용으로 한다.",116
2023,신용상승격려금,(信用上昇激勵金),,"채무 조정 이행자 중, 신용 점수가 일정 수준 이상 오른 사람에게 정부가 주는 격려금.",33
2023,신파포비아,(新派<영>phobia),,신파 영화에 거부감을 느끼는 증세.,1
2023,신파프레임,(新派<영>frame),,신파 영화가 가지고 있는 틀에 박힌 구성이나 내용을 이르는 말.,1
2023,실감문화공간,(實感文化空間),,메타버스와 인공 지능을 활용하여 실제로 체험하는 듯한 콘텐츠를 제작하고 이를 전시해 놓은 문화 공간.,19
2023,심야호출비,(深夜呼出費),,밤 열 시부터 새벽 두 시 사이에 택시를 이용할 때 추가적으로 내는 비용.,12
2023,쌀값정상화법,(쌀값正常化法),,‘양곡 관리법 개정안’을 달리 이르는 말. 과잉 공급된 쌀을 정부가 의무적으로 매입하는 방안이 쌀값의 폭락 혹은 폭등을 해결할 수 있다는 관점에서 나온 말이다.,310
2023,쌉극혐,(쌉極嫌),접두 파생,‘극혐’을 강조하여 이르는 말.,1
2023,썰스포츠,(←說<영>sports),,"예능 프로그램 따위에서, 재미있는 이야기를 경쟁적으로 풀어내는 것을 스포츠에 빗대어 이르는 말.",310
2023,아기기후소송,(아기氣候訴訟),,"영유아부터 어린이까지 총 62명의 아이들이 모여 ‘탄소 중립 기본법’이 위헌이라고 헌법 소원을 제기한 사건. 정부가 발표한 온실 가스 감축 목표가 충분하지 않아, 미래 세대의 생명권과 행복 추구권을 침해한다는 것이 주요 내용이다.",310
2023,아빠찬스위원회,(아빠<영>chance委員會),,자녀 채용 비리 의혹이 불거진 중앙 선거 관리 위원회를 비꼬아 이르는 말.,20
2023,아트테크족,(<영>art tech族),,예술품의 소장 가치를 활용하여 재테크를 하는 사람. 또는 그런 무리.,6
2023,안심거래존,(安心去來<영>zone),,"전세 계약 시, 세금 체납이나 보증 사고 이력이 없어 신뢰할 만한 집 주인에게 정부가 발행해 주는 인증서.",137
2023,안심임대인인증서,(安心賃貸人認證書),,지역 주민들이 중고 거래를 안전하게 할 수 있도록 각 지방 자치 단체가 만들어 놓은 공간.,104
2023,안심전세앱,(安心傳貰<영>app),,안심하고 계약할 수 있는 전세 매물을 소개하기 위해 정부가 개발하고 배포한 애플리케이션.,310
2023,안심전세포털,(安心傳貰<영>portal),,전세 사기 피해자를 지원하고 관련 정책을 소개하기 위해 정부가 개설한 인터넷 사이트.,310
2023,안트로포퀴나스,(<영>anthropoquinas),차용,일반적으로 플라스틱 쓰레기와 자연 암석이 혼합되어 형성된 퇴적암. =암석 플라스틱.,3
2023,안티인스타,(<영>anti←Instagram),,"‘인스타그램’ 등의 에스엔에스(SNS)에 자신의 외모, 재력, 사회적 지위 따위를 과하게 자랑하거나 꾸며내는 일에 반대하는 사람. 또는 그러한 무리.",24
2023,안티스티어링,(<영>antisteering),차용,특정 온라인 플랫폼이 제공하는 결제 수단 외의 다른 결제 수단을 활용하지 못하게 하는 행위.,20
2023,알줍,,축약,‘알려 주세요. 주워 주세요.’를 줄여 이르는 말. 해안 쓰레기를 알리고 주우며 조깅을 하는 연안 정화 캠페인의 일종이다.,85
2023,알고스피크,(<영>algospeak),차용,"소셜 미디어를 활용할 때, 단어 필터링 알고리즘을 우회하기 위해 기존 단어를 대체하는 단어. ‘알고리즘(algorism)’과 ‘스피크(speak)’를 결합한 말로, 알고리즘이 탐지하지 못하도록, ‘죽다’ 대신 ‘살아 있지 않다’를 입력하여 차단된 콘텐츠를 검색하는 것이 그 예시이다.",5
2023,알만추,(<영>←algorism만追),축약,‘알고리즘에 의한 만남 추구’를 줄여 이르는 말. 인공 지능 알고리즘이 사용자의 선호도를 세밀하게 파악하여 상대방을 골라 주는 서비스가 인기를 얻으며 사용되기 시작하였다.,10
2023,알빠노,,축약,‘내가 알 바가 아님’이라는 뜻으로 쓰는 말. 주로 어떤 상황에 대해 냉소적으로 반응할 때 쓰는 말이다. =알빠임.,95
2023,알빠임,,축약,‘내가 알 바가 아님’이라는 뜻으로 쓰는 말. 주로 어떤 상황에 대해 냉소적으로 반응할 때 쓰는 말이다. =알빠노.,28
2023,암석플라스틱,(巖石<영>plastic),,일반적으로 플라스틱 쓰레기와 자연 암석이 혼합되어 형성된 퇴적암. =안트로포퀴나스.,4
2023,압축소멸,(壓縮掃滅),,"‘압축 성장’에 대비되는 말로, 단기간에 일어나는 사회 경제적 쇠퇴를 이르는 말. 압축 성장을 이룬 한국이 저출산 고령화 사회로 진입하며, 사회적 불평등은 심화되고 경제적 성장은 둔화되는 상황에서 나온 말이다.",44
2023,애사비,(<영>←apple cider vinegar),축약,"‘애플 사이다 비니거’를 줄여 이르는 말. 사과를 발효하여 만든 식초로, 주로 샐러드 소스로 먹거나 물에 희석하여 마신다.",310
2023,앱만추,(<영>app만追),축약,‘앱으로 만남 추구’를 줄여 이르는 말. 교제를 목적으로 이성끼리 만나기 위한 데이팅 앱이 인기를 얻으며 사용되기 시작하였다.,26
2023,야간공화국,(夜間共和國),,야간 근무나 야간 영업이 일상화된 나라를 부정적으로 이르는 말.,1
2023,약자동행지수,(弱者同行指數),,"사회적 약자의 기준과 관점에서, 정부의 정책이 얼마나 도움이 되었는지를 측정하고 평가하기 위해 만든 지수.",310
2023,양곡공산화법,(糧穀共産化法),,‘양곡 관리법 개정안’을 비난조로 이르는 말. 과잉 공급된 쌀을 정부가 의무적으로 매입하는 것이 공산주의 경제를 모방하는 것과 같다는 비판에서 나온 말이다.,102
2023,양곡처리법,(糧穀處理法),,‘양곡 관리법’을 달리 이르는 말. 양곡의 효율적인 수급과 관리를 위해 제정된 법률을 이르는 말이다.,40
2023,어통령,(어統領),혼성,무능력하지만 운이 좋아 당선된 대통령을 비꼬아 이르는 말. ‘어쩌다’와 ‘대통령’을 결합한 말이다.,13
2023,억빠,,축약,‘억지로 빪’을 줄여 이르는 말. 타당한 이유 없이 상대를 칭찬하는 것을 말한다.,9
2023,얼리케어족,(<영>▼early care族),,자신이 건강하게 사는 것을 최우선으로 생각하는 젊은 사람. 또는 그런 무리. 주로 운동이나 건강 기능 식품에 시간과 돈을 투자하여 젊을 때부터 미리 몸을 챙기고자 하는 이삼십 대를 이르는 말이다.,20
2023,얼죽크,(얼죽<영>←cropped),축약,‘얼어 죽어도 크롭트’를 줄여 이르는 말. 추운 날씨에도 멋을 위해서 길이가 짧은 윗옷이나 외투를 입는 것을 말한다.,30
2023,얼죽크족,(얼죽<영>←cropped T族),접미 파생,추운 날씨에도 멋을 위해서 길이가 짧은 윗옷이나 외투를 입는 사람. 또는 그런 무리.,2
2023,에바스증후군,(<영>EVAS症候群),,귀의 가장 안쪽에 단단한 뼈로 둘러싸인 부분에 있는 전정 수도관이 비정상적으로 커져서 생기는 증후군. 전정 수도관 확장 증후군이라고도 한다.,1
2023,에소바,(<영>←espresso bar),축약,‘에스프레소 바’를 줄여 이르는 말.,5
2023,에이지빌리티,(<영>age←ability),혼성,나이가 들어감에 따라 얻게 되는 능력이나 새로운 가능성을 이르는 말.,4
2023,에피슈머,(<영>←efficient←consumer),혼성,에너지 소비 효율이 높은 제품을 선호하는 소비자.,15
2023,엔극화,(<영>n極化),접미 파생,사회 구성원의 수만큼 엔(N) 개의 취향이나 방식이 생겨나는 현상.,1
2023,엔테크족,(<일>en[円]<영>tech族),접미 파생,엔화의 시세를 이용한 재태크를 하는 사람. 또는 그런 무리.,120
2023,연개특위,(年改特委),축약,"‘연금 개혁 특별 위원회’를 줄여 이르는 말. 연금 재정의 확보, 사대 연금의 개혁 방안 등을 논의하기 위해 구성 및 운영된다.",48
2023,열대림생태학,(熱帶林生態學),,열대림의 생태를 연구하는 학문.,23
2023,영끌푸어족,(靈끌<영>poor族),,최대한의 대출을 받아서 자신의 경제력에 비해 비싼 집을 사거나 주식 등에 투자하여 경제적으로 어려운 생활을 하는 사람. 또는 그런 무리.,1
2023,예금테크족,(預金<영>tech族),,예ㆍ적금 상품의 이자를 이용하여 재태크를 하는 사람. 또는 그런 무리. =예테크족.,2
2023,예테크족,(預<영>tech族),접미 파생,예ㆍ적금 상품의 이자를 이용하여 재태크를 하는 사람. 또는 그런 무리. =예금테크족.,310
2023,완냉족,(完冷族),접미 파생,냉면 한 그릇을 완전하게 비우는 사람. 또는 그런 무리.,4
2023,왓어바우티즘,(<영>what aboutism),차용,"상대방이 비난한 내용에 대해, 상대방 역시 동일한 기준에서 비난받을 만하다고 말하는 화법을 이르는 말. 미국 트럼프 대통령의 화법을 설명하기 위해 나온 말이다.",8
2023,욕로남불,(辱<영>←romance남不),혼성,남이 욕설을 쓸 때는 비난하다가 자신이 욕설을 쓸 때는 합리화하는 태도를 이르는 말. ‘욕설’과 ‘내로남불’을 결합한 말이다.,50
2023,용피셜,(龍<영>←official),혼성,대한민국 대통령실에서 발표하거나 발언한 이야기를 이르는 말. 대한민국 대통령실이 위치한 ‘용산’과 ‘오피셜’을 결합한 말이다.,194
2023,우버파킹,(Uber<영>parking),,우크라이나의 한 회사가 개발한 주차 공유 서비스를 ‘우버 택시’에 빗대어 이르는 말.,1
2023,우주항공기금,(宇宙航空基金),,우주 항공 분야의 신생 기업을 지원하기 위해 국가가 설치한 기금.,25
2023,운친자,(運친者),혼성,‘운동’을 열광적으로 좋아하는 사람.,13
2023,워드맵,(<영>word map),,단어의 동시 출현 정보를 분석한 후 시각적으로 표현하는 표나 그림.,20
2023,워터퐁,(<영>water←pingpong),혼성,물 위에 떠 있는 컵 안에 탁구공을 넣는 게임.,24
2023,원두대란,(原豆大亂),,원두 산지의 이상 기후 등으로 인한 생산 차질로 원두를 구하기 어려운 일. 또는 이로 인해 발생하는 혼란.,6
2023,월급채굴,(月給採掘),,"가상의 네트워크 공간에서 컴퓨터로 암호 화폐를 얻는 것처럼, 하루하루 노동을 하며 돈을 모으는 것을 비유적으로 이르는 말. 주로 주식 투자에서의 손실로 인해 잃은 돈을 메워야 하는 상황에서 사용된다.",2
2023,웜뱅크,(<영>warm bank),,국가가 추위에 떠는 사람들이 쉴 수 있도록 난방을 제공하는 공공장소.,9
2023,웜셰어,(<영>▼warm share),합성,"치솟는 난방비로 인해 난방비의 부담을 덜어 주고자 쇼핑몰이나 백화점, 경로당 등에 휴식 공간을 마련하여 사람들이 따뜻한 시간을 보낼 수 있도록 에너지를 공유하는 것.",60
2023,웨딩플레이션,(<영>wedding←inflation),혼성,결혼식을 준비하는 데 필요한 비용이 급등하는 현상.,310
2023,유공유리분말,(有孔琉璃粉末),,"유리 분말로 이루어진 구 모양의 신재료. 가벼우며, 수분에 대한 저항성이 강하고, 화학적으로 안정적인 것이 특징이다.",108
2023,유급휴재,(有給休載),,휴재 기간에도 급료가 지급되는 휴재. 주로 웹툰 작가의 노동 환경을 보장하기 위한 것이다.,40
2023,유급휴재권,(有給休載權),,휴재 기간에도 급료를 지급받을 수 있는 권리. 주로 웹툰 작가의 노동 환경을 보장하기 위한 것이다.,32
2023,유리세대,(琉璃世代),,스마트폰이나 태블릿 컴퓨터 등 유리로 된 화면을 통해 읽거나 쓰는 것이 익숙한 세대.,10
2023,유튜버공화국,(<영>YouTuber共和國),,인터넷 동영상 공유 사이트인 유튜브에 동영상을 업로드하며 자신의 채널을 운영하는 사람들이 무분별하게 많아진 현상을 비판하여 이르는 말.,1
2023,이마롯쿠,(←Emart←Lotte Mart←Coupang),혼성,"대형 전자 상거래 기업 ‘이마트, 롯데마트, 쿠팡’을 아울러 이르는 말. 각 기업의 일부 글자를 따 만들어진 말이다.",188
2023,이사완박,(移徙完剝),축약,"‘이사할 자유를 완전히 박탈함’을 줄여 이르는 말. 정부의 잘못된 부동산 정책으로 인해 국민들이 주거 불안을 느끼게 되자, 이를 비판하기 위해 나온 말이다.",80
2023,이찍남,(二찍男),축약,대통령 선거 또는 국회 의원 선거에서 ‘기호 이 번을 찍은 이십 대 남성’을 줄여 이르는 말. 차별 및 비하하는 의미가 포함되어 있으므로 사용에 주의가 필요하다.,7
2023,이태원참사특별법,(梨泰院慘事特別法),,2022년 10월 29일에 발생한 이태원 참사의 진상 규명과 재발 방지를 위해 필요한 사항을 제정한 특별 법안. 정식 명칭은 ‘10ㆍ29 이태원 참사 피해자 권리 보장과 진상 규명 및 재발 방지를 위한 특별 법안’이다.,310
2023,인파방스,(印←Pakistan←Bangladesh←Sri Lanka),혼성,"인도반도에 있는 공화국 ‘인도, 파키스탄, 방글라데시, 스리랑카’를 아울러 이르는 말.",2
2023,인포라인,(<영>▼info line),합성,갈림길에서 각 차로의 경로를 미리 안내하기 위해 차로의 중앙에 선명한 색깔로 그어 놓은 선. =노면 컬러 안내선.,84
2023,일로니제이션,(<영>Elonization),차용,빅 테크 기업의 경영자들이 일론 머스크의 화법이나 행동을 따라하는 현상.,1
2023,일론화,(Elon化),접미 파생,"아이티(IT) 기업의 리더들이 기이한 행동을 통해 대중의 이목을 끌고, 독단적으로 기업을 경영을 하는 미국의 기업인인 '일론 머스크'를 닮아가는 현상.",4
2023,일저우일저,(日低又日低),합성,날마다 주식 가격이 떨어지는 현상을 이르는 말.,3
2023,입법독주법,(立法獨走法),,다양한 의견을 균형적으로 반영하지 못한 채 발의된 법안을 비판적으로 이르는 말.,287
2023,자기추앙,(自己推仰),,스스로를 공경하고 높이 받들어 우러러보는 일.,5
2023,자기공감력,(自己共感力),,스스로 자신의 감정이나 의견을 느끼고 생각할 수 있는 힘. 또는 그런 능력.,6
2023,자기토커,(磁氣<영>torquer),,지구 자기장을 활용하여 만든 구동기. 주로 인공위성의 자세 제어를 위해 사용된다.,58
2023,자발적푸어족,(自發的<영>poor族),,남이 시키거나 요청하지 않았지만 자기 스스로 자신의 경제력에 비해 비싼 집이나 차 등을 구매하여 경제적으로 어려운 생활을 하는 사람. 또는 그런 무리.,1
2023,자서망,(自署網),합성,경찰 조직 내부에서 사용하는 통신망. 주로 관할 지역 내에서 발생한 긴급 상황을 전파하기 위해 사용한다.,82
2023,자석발,(磁石발),합성,"벽을 오를 수 있도록, 자석을 활용하여 만든 로봇 발.",39
2023,자원안보법,(資源安保法),,"자원 안보와 관련된 위기에 대비하고 효과적으로 대응하는 데 필요한 사항을 규정한 법률. 자원 안보 추진 체계, 자원 안보 위기 조기 경보 체계, 핵심 자원의 공급과 수요 관리 등을 주요 내용으로 한다. 정식 명칭은 ‘국가 자원 안보 특별법’이다.",209
2023,잘파세대,(<영>Zalpha世代),,1990년대 중반부터 2009년 사이에 태어난 ‘제트 세대’와 2010년 이후에 태어난 ‘알파 세대’를 아울러 이르는 말.,310
2023,재가요양복지사,(在家療養福祉士),,자택에서 의료 서비스를 제공받는 재가 요양 환자의 복지를 위한 일을 전문적으로 하는 사람.,16
2023,재능사다리,(才能사다리),,재능을 가진 사람을 단계적으로 지원하여 더 우수한 인재로 육성하는 일을 비유적으로 이르는 말.,310
2023,재택이몽,(在宅異夢),혼성,직장에 출근하지 않고 집에서 직장 업무를 하는 것에 대해 회사 측과 직원들의 생각이 다름을 동상이몽에 빗대어 이르는 말. 코로나19의 팬데믹 기간 동안 재택근무의 도입에 적극적이었던 아이티(IT) 기업들이 최근에 사무실에 출근하는 것으로 근무 방식을 전환하게 되면서 생겨난 말이다.,3
2023,재해우려주택,(災害憂慮住宅),,"산사태, 지진, 태풍, 폭우, 해일, 홍수 등으로 피해를 입을 가능성이 큰 주택.",136
2023,재해취약주택,(災害脆弱住宅),,"산사태, 지진, 태풍, 폭우, 해일, 홍수 등으로 피해를 입기 쉬운 주택.",310
2023,잼테크,(잼<영>tech),혼성,"재미를 추구하는 재테크. ‘재미’와 ‘재테크’가 결합한 말로, 금융 플랫폼에서 캐릭터를 공유하여 임무를 수행하거나 지인과 함께 포인트를 받는 과정을 재미있게 느끼면서 재테크를 하는 것을 말한다.",226
2023,저니,(<영>▼←Z journey),혼성,"제트 세대가 인기 있는 장소를 방문하는 여정을 이르는 말. 제트 세대는 핫 플레이스를 방문하더라도 그 주변까지 관심을 보이며, 인근 지역까지 인기 있는 공간으로 확산되는 현상을 의미한다.",310
2023,전세왕,(傳貰王),합성,전세 매물을 다수 소유하고 빌려주는 사람. 주로 전세 보증금을 받고 돌려주지 않는 임대인을 비난조로 이르는 말이다.,123
2023,전세사기특별법,(傳貰詐欺特別法),,"전세 사기 피해를 당한 임차인의 주거권을 보장하기 위해 제정한 법률. 거주하고 있는 임차 주택의 우선 매수권을 부여하거나 장기 및 낮은 금리의 융자 지원, 피해 주택을 매입한 후 공공 임대 주택을 제공하는 방안 등이 포함된다. 정식 명칭은 ‘전세 사기 피해자 지원 및 주거 안정을 위한 특별법’이다.",310
2023,전자성능추적시스템,(電子性能追跡<영>system),,"위치 추적 장치뿐만 아니라 심박 센서, 가속도 센서, 회전 운동 측정 센서 등의 센서와 각종 장비가 탑재되어 있으며, 입을 수 있는 기기. 운동 선수가 착용하면, 선수의 최고 속도, 활동량 등을 확인할 수 있고, 이러한 정보를 훈련과 전술에 활용하여 선수를 보호하거나 경기력 향상을 위해 사용할 수 있다.",98
2023,전정수도관확장증후군,(前庭水道管擴張症候群),,귀의 가장 안쪽에 단단한 뼈로 둘러싸인 부분에 있는 전정 수도관이 비정상적으로 커져서 생기는 증후군. =에바스 증후군.,9
2023,절싫중떠,,축약,‘절이 싫으면 중이 떠나야지.’를 줄여 이르는 말. 어떤 곳이나 어떤 조직이 싫어지면 싫어진 그 사람이 떠나야 함을 이르는 말이다.,1
2023,접시뇌,(접시腦),,쥐의 뇌 배아에서 추출해낸 초기 피질 세포와 유도 만능 줄기세포를 분화시켜 얻은 뇌세포를 이르는 말. 접시 위에서 뇌를 배양하였다 하여 붙여진 이름이다.,8
2023,정부완박,(政府完剝),축약,‘정부의 권한을 완전히 박탈함’을 줄여 이르는 말.,310
2023,정언공범,(政言共犯),,정치인과 언론인이 공동으로 범죄를 행하는 것. 또는 그 사람.,32
2023,제로칼로리캠퍼스,(<영>▼zero calorie campus),,"제트 세대가 캠퍼스 내에서는 시간을 효율적으로 사용하고, 남는 시간에는 다양한 경험을 하는 것을 선호하는 방식을 이르는 말.",179
2023,젠더플루이드패션,(<영>gender fluid fashion),,성별의 경계를 허물어 그 전환이 가능한 옷. 또는 그러한 옷차림.,38
2023,젤로스킨,(<영>jello skin),,젤리처럼 탄력 있고 말랑말랑한 피부.,53
2023,조력존엄사,(助力尊嚴死),,회복 가능성이 없는 환자가 의료진의 도움으로 약물 등을 제공받아 인간으로서 지녀야 하는 최소한의 품위를 지키면서 스스로 삶을 마칠 수 있도록 하는 일.,310
2023,조력존엄사법,(助力尊嚴死法),,회복 가능성이 없는 환자가 의료진의 도움으로 약물 등을 제공받아 인간으로서 지녀야 하는 최소한의 품위를 지키면서 스스로 삶을 마칠 수 있도록 하고자 제정한 법률. 정식 명칭은 ‘호스피스ㆍ완화 의료 및 임종 과정에 있는 환자의 연명 의료 결정에 관한 법률 일부 개정 법률안’이다.,310
2023,죄책감팁,(罪責感<영>tip),,사회적 압박 때문에 죄책감을 느껴 일정한 수준 이상으로 지급하는 팁. =길티 팁.,6
2023,중꺾마,(重꺾마),축약,‘중요한 것은 꺾이지 않는 마음’을 줄여 이르는 말.,310
2023,중꺾허,(重꺾허),축약,‘중요한 것은 꺾이지 않는 허리’를 줄여 이르는 말. 허리 건강의 중요성을 ‘중꺾마’에 빗대어 재미있게 이르는 말이다.,1
2023,중년핫딜족,(中年<영>hot deal族),,온라인 쇼핑몰에서 특정한 시간에 물건을 대폭 할인하여 판매하는 정보를 찾아서 더 저렴한 가격에 상품을 구입하는 중년인 사람. 또는 그런 무리.,2
2023,중처법,(重災法),합성,중대재해 기업처벌법'을 줄여 이르는 말. 사업주 및 경영 책임자가 소유ㆍ운영ㆍ관리하는 사업장 따위에서 유해ㆍ위험 방지 의무을 위반하여 종사자 및 이용자가 사망하였을 때 징역형을 내리는 등 그 책임과 처벌을 강화하는 법안을 이르는 말이다. 2020년 6월에 첫 발의되었다.,310
2023,쥐똥금,(쥐똥金),합성,동그란 모양의 작은 주물금을 이르는 말. 금값 상승으로 수집이나 선물로 용이한 작은 금덩어리를 모으는 사회적 현상을 반영한 말이다.,12
2023,즉퇴,(卽退),축약,‘즉시 퇴근’을 줄여 이르는 말.,7
2023,지피팅,(<영>GPTing),차용,원하는 정보를 얻기 위하여 대화형 인공지능 모델인 챗 지피티(chat GPT)를 사용하는 행위를 이르는 말.,4
2023,직락,(職樂),혼성,"직장과 가까운 곳이 즐겁다는 것을 이르는 말. 주로 분양 시장에서 직장과 가까운 아파트가 선호된다는 것을 의미하는 말로, ‘직장’과 즐거움을 의미하는 한자어인 ‘락(樂)’을 결합하여 만든 말이다.",22
2023,직방금지법,(直房禁止法),,저렴한 수수료 정책을 내세우며 부동산 서비스를 제공하고 있는 부동산 플랫폼을 금지하는 법. 사무실을 운영하려는 공인 중개사는 한국 공인 중개사 협회에 반드시 가입해야 한다는 내용을 포함하고 있다.,197
2023,직장인수능러,(職場人修能<영>←er),,직장인 중에서 대학 수학 능력 시험을 준비하거나 응시하는 사람.,4
2023,집마카세,(집<일>←omaka[御任]se),혼성,다양한 특선 요리를 집에서 즐기는 것을 이르는 말. ‘집’과 ‘오마카세’를 결합하여 만든 말이다.,25
2023,징무원,(징務員),혼성,"인터넷 커뮤니티 따위에서, 업무의 어려움이나 박봉을 호소하는 공무원을 비난조로 이르는 말. ‘징징대다’와 ‘공무원’을 결합한 말이다.",4
2023,찍턴족,(찍<영>turn族),접미 파생,값비싼 술을 저렴하게 구입하기 위하여 공항 면세점만 이용한 후 다시 돌아오는 일을 반복하는 사람. 또는 그런 무리.,10
2023,찐줌마,(眞▽줌마),합성,‘진짜 아주머니’를 속되게 이르는 말. ‘진짜’를 속되게 이르는 ‘찐’과 ‘아줌마’가 결합한 말이다. 차별 및 비하하는 의미가 포함되어 있으므로 사용에 주의가 필요하다.,1
2023,차멍,,합성,차를 마시며 아무 생각 없이 멍하게 시간을 보내는 일.,34
2023,참스피,(참<영>←KOSPI),혼성,참치 선물 세트를 되팔 때의 시세를 수치로 나타낸 것. 고물가에 경기 침체의 우려까지 겹치면서 명절 선물을 온라인상에서 되팔아 생활비 등에 보태려고 하는 현상이 나타나며 등장하였다.,8
2023,참치지수,(참치指數),,명절 선물 세트의 주된 구성품인 참치 캔을 되파는 일이 확산되어 일시적 공급 과다로 시가가 낮아지는 현상을 코스피에 비유하여 이르는 말.,1
2023,창툭튀,(窓툭튀),축약,‘에어컨이 창문 안으로 툭 튀어 나오다’를 줄여 이르는 말. 창문형 에어컨의 고질적인 문제점으로 꼽히는 현상이다.,2
2023,청년도전준비금,(靑年挑戰準備金),,청년들의 취업 독려를 위하여 지원하는 준비금. 구직 프로그램을 이수한 청년 5천 명을 대상으로 최대 300만 원을 지원한다.,43
2023,체리슈머,(<영>▼cherry←consumer),혼성,한정된 자원을 최대한 효율적으로 사용하기 위해 여러 서비스나 혜택 등을 실속적으로 누리며 알뜰하게 소비하는 소비자. 체리피커(Cherry Picker)와 소비자(Consumer)를 결합하여 만든 말이다.,310
2023,체조견,(體操犬),합성,체조를 하듯이 몸을 움직이는 개를 비유적으로 이르는 말.,3
2023,초부자감세,(超富者減稅),,극도로 재산이 많은 사람에게 부과된 세금의 액수를 줄이거나 세율을 낮추는 일.,310
2023,최소주거보장법,(最小住居保障法),,열악한 주거 시설 거주자들의 최소 주거 환경을 보장하기 위하여 발의한 법안. 더불어 민주당이 주요 입법 과제로 제시한 법안 중 하나이다.,60
2023,춘등투,(春登鬪),합성,등록금의 상승을 저지하기 위해 매년 봄마다 대학생들이 시위를 하는 현상을 이르는 말.,3
2023,취뽀왕,(就뽀王),합성,취업을 매우 성공적으로 이뤄낸 사람을 비유적으로 이르는 말. ‘취업 뽀개기’를 줄여 이르는 말인 ‘취뽀’와 ‘왕’을 결합하여 만든 말이다.,4
2023,층간소음사후인증제,(層間騷音事後認證制),,"아파트의 입주 직전에 소음을 직접 측정하여 층간 소음 기준을 통과하였음을 인증해 주는 제도. 층간 소음 기준을 통과하지 못하면 입주가 지연될 수 있으며, 건설사들은 추가 시공을 통하여 층간 소음 기준을 충족시켜야 한다.",24
2023,치팅범,(<영>cheating犯),접미 파생,"바둑에서, 인공 지능을 이용하여 부정행위를 저지른 사람을 일컫는 말.",3
2023,카타팔케,(<영>catafalque),차용,기독교의 장례식 혹은 추도식에서 죽은 사람의 관이나 시체를 지지하기 위해 사용되는 지지대.,14
2023,커피카세,(<영>coffee<일>←omaka[御任]se),혼성,바리스타가 여러 가지 커피를 다양하게 경험할 수 있도록 내놓는 커피 코스 메뉴. 또는 그런 것을 내놓는 카페. '커피'와 '오마카세'를 결합하여 만든 말이다.,11
2023,커필레이션,(<영>▼←coffee inflation),혼성,"원두의 가격이 내려가는데도, 커피의 가격이 내려가지 않고 오히려 인상되는 현상.",2
2023,컴프테크,(<영>comptech),차용,"정보 기술이 점점 발달됨에 따라 정부의 규제가 점점 복잡해지자, 빅 데이터, 인공 지능, 클라우드 따위의 첨단 정보 기술을 활용하여 은행이나 기업이 이를 효율적으로 준수할 수 있도록 도와주는 금융 서비스.",6
2023,케꾸,(<영>←cake꾸),축약,‘케이크 꾸미기’를 줄여 이르는 말. 생크림과 과자 그리고 여러 장식품 등을 활용하여 케이크를 장식하는 행위를 이르는 말이다.,4
2023,케이칩스법,(<영>▼K-chips法),합성,"국내 반도체 산업의 육성을 위해 기술 보유자에 대한 지원, 특화 단지 지정 및 전문 인력 양성 등에 필요한 사항을 규정한 법안. 2022년 8월에 국회에서 발의되었으나 2022년 12월에 폐기되었다.",20
2023,케이크플레이션,(<영>▼←cake inflation),혼성,케이크의 가격이 급등하는 현상. 원재료 가격 상승과 인건비 인상으로 인해 발생한 인플레이션이다.,45
2023,코사공팽,(<영>←corona virus死公烹),혼성,"코로나19의 확산세가 줄어들자, 코로나 환자 수용을 위해 가용하였던 공공병원의 운영상의 어려움에도 불구하고, 정부가 공공 병원에 대한 지원을 중단한 것을 토사구팽에 비유하여 이르는 말.",3
2023,코인사진관,(<영>coin寫眞館),,동전이나 지폐를 넣어 그 금액만큼 사진을 찍을 수 있도록 장치를 해 놓은 곳.,42
2023,코인지옥,(<영>coin地獄),,비트코인과 같은 가상 화폐의 투자자들이 막대한 손해를 입는 것을 지옥에 빗대어 이르는 말.,9
2023,코티지코어룩,(<영>cottagecore look),,꽃무니와 뜨개질 제품 등을 활용하여 소박하고 복고적인 감성을 추구하는 옷차림.,50
2023,콰이어트퀴팅,(<영>quiet quitting),,"직장인들이 자신에게 정해진 시간 동안 책임 범위 내에서만 자신의 업무를 수행하는 것을 이르는 말. 실제로 퇴사를 하지는 않지만 소극적으로 자신의 업무를 처리하며 회사에 기여하고자 하지 않는다는 점에서 '조용한 퇴사'라도고 하며, 장기간 유행한 코로나19로 인해 직장인의 피로감과 좌절감이 커진 것이 주요 원인으로 꼽힌다.",27
2023,콰이어트퀴팅족,(<영>quiet quitting族),접미 파생,직장인들이 자신에게 정해진 시간 동안 책임 범위 내에서만 자신의 업무를 수행하려는 사람. 또는 그런 무리.,2
2023,퀴어슬람,(<영>▼queer←Islam),혼성,성 소수자와 이슬람 교도를 아울러 이르는 말. 성 소수자를 이르는 ‘퀴어’와 ‘이슬람’을 결합하여 만든 말이다. 차별 및 비하하는 의미가 포함되어 있으므로 사용에 주의가 필요하다.,6
2023,퀸루블,(<영>▼queen<러>ruble),,러ㆍ우 전쟁에도 불구하고 러시아의 화폐 단위인 루블화의 가치가 소폭 상승하는 현상을 이르는 말. 달러화 가치의 강세를 의미하는 ‘킹 달러’에 빗대어 이르는 말이다.,3
2023,크룽지,(<프>←croissant룽지),혼성,크루아상을 누룽지처럼 납작하게 구워 만든 음식. 크루아상과 누룽지를 합하여 만든 말이다.,310
2023,클릭코노미,(<영>▼←click economy),혼성,간편한 온라인 쇼핑과 신속한 배송을 중심으로 이루어지는 여러 가지 경제 활동을 이르는 말. ‘클릭(click)’과 ‘이코노미(economy)’를 결합하여 만든 말이다.,9
2023,클수저,(<영>←climbing수저),혼성,암벽 따위를 등반하는 스포츠인 클라이밍에 대한 재능을 가진 사람을 비유적으로 이르는 말.,1
2023,키드코어,(<영>kidcore),차용,다채로운 컬러감과 캐릭터 등을 활용하여 유년 시절의 취향과 감성을 멋스럽게 표현하는 패션 스타일.,20
2023,키드코어룩,(<영>kidcore look),,다채로운 컬러감과 캐릭터 등을 활용하여 유년 시절의 취향과 감성을 멋스럽게 표현한 옷차림.,13
2023,킬로숍,(<영>▼kilo shop),,"의류 따위를 킬로그램 단위로 판매하는 가게. 의류를 마치 정육점처럼 저울에 올려 놓은 뒤, 무게에 따라 가격을 책정하여 판매한다.",6
2023,킹받드라쉬,(<영>king받드라쉬),합성,어떠한 일에 자극을 받아 화가 나다. 영어 단어 ‘킹(king)’과 ‘받다’를 결합하여 만든 말인 ‘킹받다’를 변형하여 이르는 말이다.,3
2023,킹산직,(<영>king産職),혼성,대형 자동차 기업인 ‘현대’의 생산 분야 직무의 급여나 처우가 매우 좋음을 강조하여 이르는 말. 영어 단어 ‘킹(king)’과 ‘생산직’을 결합하여 만든 말이다. =킹차킹산직.,310
2023,킹차킹산직,(<영>king車<영>king産職),합성,대형 자동차 기업인 ‘현대’의 생산 분야 직무의 급여나 처우가 매우 좋음을 강조하여 이르는 말. 영어 단어 ‘킹(king)’과 ‘생산직’을 결합하여 만든 말이다. =킹산직.,2
2023,타다진흥법,(타다振興法),,"개정된 ‘여객 자동차 운수 사업법’을 이르는 말. ‘여객 자동차 운수 사업법’의 개정안이 사업자에 대한 강력한 규제를 담은 것을 두고, 모빌리티 서비스인 ‘타다’를 금지하는 ‘타다금지법’과 마찬가지라고 주장하자, 이에 반박하기 위해 정부에서 사용한 말이다.",3
2023,탈트넘,(脫←Tottenham),혼성,영국의 축구팀인 ‘토트넘(Tottenham)’에서 다른 팀으로 이적하는 것을 이르는 말. 혹은 다른 팀으로 이적한 선수들이 좋은 성적을 달성하는 현상을 재미있게 이르는 말.,310
2023,탐욕인플레이션,(貪慾<영>inflation),,기업의 이윤 증대를 위한 지나친 욕심이 주된 원인이 되어 나타나는 인플레이션. =탐욕플레이션.,73
2023,탐욕플레이션,(貪慾<영>←inflation),혼성,기업의 이윤 증대를 위한 지나친 욕심이 주된 원인이 되어 나타나는 인플레이션. =탐욕 인플레이션.,3
2023,탑멍,(塔멍),합성,탑을 바라보며 아무 생각없이 멍하니 있는 일.,13
2023,탑꾸,(<영>←top loader꾸),축약,‘탑로더 꾸미기’를 줄여 이르는 말. 카드의 손상을 막기 위하여 사용하는 물건인 탑로더에 스티커나 액세서리 등을 붙여 장식하는 행위를 이르는 말이다.,232
2023,택시통금,(<영>taxi通禁),,택시비의 상승으로 인해 버스나 지하철 따위의 대중교통 막차 시간에 맞추어 집으로 귀가하는 일. 정해진 시간에 귀가하는 것이 통금과 비슷하다 하여 생겨난 말이다.,18
2023,통합무기작전,(統合武器作戰),,탱크ㆍ대포ㆍ전투기ㆍ보병 간에 항시적인 소통 시스템을 가동하여 수행하는 작전.,3
2023,퇴톡,(退←Kakao Talk),축약,‘퇴근 후에 보내는 카카오톡’을 줄여 이르는 말.,4
2023,퇴톡금지법,(退←Kakao Talk禁止法),,"직장인이 퇴근 후에 카카오톡 등을 통한 업무 연락을 받지 않을 수 있도록 연락을 금지하는 법안. SNS가 보편화됨에 따라 퇴근 이후에도 업무 지시를 받는 사례가 증가하자 논의된 법안으로, 2016년 6월 발의되었으나 2020년 5월 폐기되었다.",2
2023,퇴푸,(退<영>←food),축약,"‘퇴근 후 푸드’를 줄여 이르는 말. ‘퇴근’과 음식을 의미하는 ‘푸드(food)’를 결합하여 만든 말로, 퇴근 후에 먹는 음식을 의미한다.",1
2023,트랜스매스큘린,(<영>transmasculine),차용,생물학적으로 여성이지만 자신의 성적 정체성을 남성이라고 여기는 사람을 이르는 말.,7
2023,트러소노믹스,(<영>Trussonomics),차용,영국의 78대 총리 트러스가 시행한 경제 정책. 경제의 활성화를 위하여 대규모 감세와 규제 완화를 실시했다.,47
2023,트핵관,(←Trump核關),축약,‘트럼프의 핵심 관계자’를 줄여 이르는 말.,15
2023,티모시증후군,(Timothy症候群),,뇌의 신경 세포 칼슘 채널에 결함이 발생하여 뇌전증ㆍ심장 손상ㆍ자폐증이 나타나는 증후군.,17
2023,팁소름,(<영>tip소름),,서비스에 대한 감사의 의미로 종업원에게 지불하는 팁의 금액이 높게 치솟는 현상이 소름이 돋을 정도로 충격적인 상황임을 이르는 말.,2
2023,팁피로,(<영>tip疲勞),,서비스에 대한 감사의 의미로 종업원에게 지불하는 팁의 금액이 치솟으면서 사용자의 몸이나 정신이 지쳐서 힘듦. 또는 그런 상태.,5
2023,팁플레이션,(<영>tipflation),차용,팁으로 제공해야 하는 비용이 상승하는 현상.,156
2023,펀커머스,(<영>▼fun commerce),,제품의 정보나 특징을 전달하기보다는 재미에 초점을 맞추며 재치 있는 상황을 연출하여 제품을 홍보하는 방식을 이르는 말.,36
2023,펀세이빙족,(<영>fun saving族),접미 파생,은행의 애플리케이션을 활용하여 예금이나 적금 따위를 게임처럼 즐기는 사람. 또는 그런 무리.,1
2023,펨케어,(<영>▼←femine care),혼성,여성의 건강이나 몸을 관리하기 위한 상품 또는 서비스.,60
2023,펫위탁소,(<영>pet委託所),,일시적으로 반려동물을 대신 맡아서 보살피며 보호하는 사회 시설.,310
2023,펫얼리케어족,(<영>▼pet early care族),접미 파생,반려동물의 건강 상태를 새끼 시절부터 꼼꼼히 관리하는 사람. 또는 그런 무리.,14
2023,편장족,(便場族),접미 파생,"대형 마트나 시장이 아니라, 편의점에서 장을 보는 사람. 또는 그런 무리.",310
2023,편커,(便<영>←coffee),축약,‘편의점에서 판매하는 커피’를 줄여 이르는 말. 편의점에서 자체적으로 판매하는 커피를 이르는 말이다.,10
2023,편텐츠,(便<영>←contents),혼성,유튜브나 SNS 따위에 공유되는 편의점 관련 컨텐츠. ‘편의점’과 ‘콘텐츠(contents)’를 결합하여 만든 말이다.,52
2023,편픽,(便<영>pick),축약,"‘편의점 픽업(pick up) 서비스’를 줄여 이르는 말. 상품을 미리 주문한 뒤, 원하는 시간에 편의점에서 직접 물건을 수령해 갈 수 있는 서비스를 말한다.",100
2023,평균실종,(平均失踪),,다수의 평균적인 방식보다 개개인의 취향이나 방식을 중요하게 생각하는 사회적 풍조를 이르는 말.,310
2023,평생학습휴직제,(平生學習休息制),,직장인이 학업을 위해 일정 기간 휴직을 할 수 있도록 하는 제도. 교육부의 제5차 평생교육진흥 기본계획에서 발표되었다.,20
2023,폐교장려금,(閉校奬勵金),,대학의 구조 개혁을 위하여 한계 상황에 놓인 대학이 폐교할 때 폐교된 학교 재산의 일부를 설립자가 가질 수 있도록 정부가 지원하는 장려금.,4
2023,포토프레스세대,(<영>▼photo press世代),,핸드폰 외에도 필름 카메라나 사진작가가 찍어 준 사진 등과 같이 다양한 방법으로 무엇이든 사진으로 남기는 것을 즐기는 세대.,77
2023,폴꾸족,(←Polaroid꾸族),접미 파생,폴라로이드 사진을 꾸미는 것을 즐기는 사람. 또는 그런 무리.,17
2023,폴리시피싱,(▼policy phishing),,정부의 금융 지원을 사칭하여 대출이나 금융 지원을 안내하는 내용으로 수신자를 속이는 문자 메시지를 보내어 금전적 피해를 주는 사기 수법.,1
2023,풍선갈등,(風船葛藤),,"중국의 정찰 풍선이 미국의 영공을 침범하면서 중국과 미국 사이에서 발생한 갈등. 정찰 풍선은 7일 동안 미국을 남동 방향으로 횡단하였으며 고도의 통신 장비가 있었지만, 중국은 기상 관측을 위한 비행선이라고 해명하였다.",200
2023,프리소팅,(<영>presorting),차용,효율적인 운반을 위해 물류 센터에서 제품을 목적지별로 미리 분류하여 운반 차량까지 최단 경로로 분배하는 방법.,50
2023,학폭세탁,(學暴洗濯),,"학교 폭력을 저지른 사람이 스스로 자퇴 한 후, 검정고시를 치르어 자신의 학생부에 학교 폭력 기록이 남지 않도록 만드는 일.",30
2023,한국멸시론자,(韓國蔑視論者),,"한국의 정치나 경제, 사회 세태 따위를 부정적으로 평가하고 멸시하는 이론을 지지하거나 연구하는 사람.",57
2023,한일믹스어,(韓日<영>mix語),접미 파생,한국어와 일본어를 섞은 말. 주로 일본의 젊은층에서 사용한다.,4
2023,합법파업보장법,(合法罷業保障法),,"‘노동조합 및 노동 관계 조정법 2ㆍ3조 개정에 관한 법률안’을 달리 이르는 말. 개정안은 사용자의 범위를 확대하고 노동조합에 대한 손해 배상 청구를 제한하는 것을 골자로 하는데, 이것이 합법적인 파업을 보장할 수 있다는 지지 속에서 나온 말이다.",310
2023,합성가뭄지수,(合成가뭄指數),,"연평균 강우량, 연평균 유출량, 정규 식생 지수 등 다양한 변수를 활용하여 가뭄으로 인한 결과를 나타낸 지수.",2
2023,해글봇,(<영>hagglebot),차용,거래 조건과 이해관계 등을 고려하여 최적의 합의안을 찾아낼 수 있는 협상법을 학습한 인공지능 장치.,1
2023,해양레저호텔,(海洋<영>leisure hotel),,사람들이 바다나 섬 따위에서 여가를 즐길 수 있게 공간을 마련하고 관련 상품을 제공하는 호텔.,3
2023,햄스피,(<영>▼ham←KOSPI),혼성,명절 선물 세트의 주된 구성품인 햄을 되파는 일이 확산되어 일시적 공급 과다로 시가가 낮아지는 현상을 코스피에 비유하여 이르는 말.,11
2023,헬스디깅족,(<영>▼health digging族),,운동 방법이나 식단 등 건강 관리에 관련된 정보를 적극적으로 찾는 사람. 또는 그런 무리.,310
2023,헬스닥,(<영>▼hell←KOSDAQ),혼성,코스닥 지수가 절망적인 상황인 것을 지옥에 빗대어 이르는 말. 지옥을 의미하는 영어 단어 ‘헬(hell)’과 ‘코스닥’을 결합하여 만든 말이다.,13
2023,헬스피,(<영>▼hell←KOSPI),혼성,코스피 지수가 절망적인 상황인 것을 지옥에 빗대어 이르는 말. 지옥을 의미하는 영어 단어 ‘헬(hell)’과 ‘코스피’를 결합하여 만든 말이다.,9
2023,혈당다이어트,(血糖<영>diet),,"혈당 수치를 조절하여 체중을 관리하는 일. 식단이나 식습관을 개선해 혈당 수치의 급격한 상승을 막고, 인슐린 분비를 줄여 당이 지방이 되는 과정을 늦추는 원리이다.",310
2023,호모아딕투스,(<영>Homo addictus),,디지털 기기나 자극적인 디지털 콘텐츠에 중독된 인간을 이르는 말.,58
2023,혼뛰족,(혼뛰族),접미 파생,혼자서 달리기를 하는 것을 즐기는 사람. 또는 그런 무리.,4
2023,홈마카세,(<영>home<일>←omaka[御任]se),혼성,다양한 특선 요리를 집에서 즐기는 것을 이르는 말. 집을 의미하는 ‘홈(home)’과 ‘오마카세’를 결합하여 만든 말이다.,310
2023,홈마카세족,(<영>home<일>←omaka[御任]se族),접미 파생,다양한 특선 요리를 집에서 즐기는 사람. 또는 그런 무리.,2
2023,홈핏족,(<영>home←fitness族),접미 파생,집에서 운동을 하는 것을 즐기는 사람. 또는 그런 무리.,3
2023,휴먼트루스,(<영>human truth),,인간의 본성에 대한 탐구를 위하여 사람의 마음을 심층적으로 분석하는 조사 방법론을 이르는 말. 주로 소비자의 소비 심리를 파악하기 위해 사용하는 방법론을 뜻한다.,5
2023,히트플레이션,(<영>▼heat←inflation),혼성,폭염이 작황에 영향을 주어 국제 곡물 가격이 상승하는 현상.,310
2023,힙스티지,(<영>▼hip←prestige),혼성,무작정 유행을 좇지 않고 브랜드 고유의 가치와 개성을 중요시하는 것. ‘힙(Hip)’과 ‘프레스티지(Prestige)’를 결합하여 만든 말이다.,66
2024,가속주의자,(加速主義者),접미 파생,기존 체제에 대한 변화나 가속화를 추구하거나 주장하는 사람.,13
2024,간판템,(看板<영>←item),합성,"‘간판’과 ‘아이템(item)’을 결합하여 만든 말로, 어떤 집단이나 영역에서 대표로 내세울 만한 상품을 이르는 말.",1
2024,갈고리즘,(갈고리<영>ism),접미 파생,추천 알고리즘이 갈고리처럼 이용자를 끌어당겨 원하는 콘텐츠를 계속 소비하게 만드는 현상을 비유적으로 이르는 말. 물건을 끌어당기는 데 쓰이는 ‘갈고리’와 문제를 해결하는 단계적 방법인 ‘알고리즘(algorism)’을 결합하여 만든 말이다.,39
2024,감속주의자,(減速主義者),접미 파생,기술이 급진적으로 발전하는 것을 경계하고 개발 속도를 조절해야 한다고 주장하는 사람.,4
2024,갓무직,(<영>god務職),혼성,"신을 의미하는 ‘갓(god)’과 ‘사무직(事務職)’을 결합하여 만든 말로, 안정적이고 근무 조건이 좋은 사무직을 비유적으로 이르는 말.",20
2024,강서용송,(江瑞龍松),축약,"집값이 높은 강남, 서초, 용산, 송파를 아울러 이르는 말.",1
2024,개식용종식특별법,(개食用終熄特別法),,"식용할 목적으로 개를 사육, 유통, 도살하는 것을 금지하기 위해 2024년 2월 6일 제정된 법률. 정식 명칭은 ‘개의 식용 목적의 사육ㆍ도살 및 유통 등 종식에 관한 특별법’이다.",1230
2024,건생구팽,(建生狗烹),혼성,‘김건희 특검법’ 처리 과정에서 방어 역할을 하던 일부 인물들이 이용 가치가 사라지자 공천에서 배제된 상황을 ‘토사구팽(?死狗烹)’에 빗대어 이르는 말. 차별 및 비하하는 의미가 포함되어 있으므로 사용에 주의가 필요하다.,150
2024,검수저,(檢수저),혼성,검찰 출신이라는 배경을 특권적 자산으로 가진 사람을 비유적으로 이르는 말.,10
2024,계약형지역필수의사제도,(契約型地域必須醫師制度),,의과 대학 입학생 중 일정 비율을 지역 인재 전형으로 선발하는 대신 졸업 이후 일정 기간 해당 지역에서 근무하도록 하는 제도.,46
2024,관계포비아,(關係<영> phobia),,사람과 관계를 맺거나 접촉하는 것 자체를 어려워하거나 두려워하는 증세.,6
2024,교권미투,(敎權<영>me-too),,교사의 정당한 교육 활동이 방해받은 교권 침해 사례들을 교사들이 집단적으로 폭로하는 일. 교사의 권위나 권력을 뜻하는 ‘교권(敎權)’과 ‘나도 당했다’는 의미의 ‘미투(me too)’를 결합하여 만든 말이다.,9
2024,교권보험,(敎權保險),,"교사가 교권 침해로부터 발생할 수 있는 법적ㆍ재정적 손실을 대비하기 위해 가입하는 보험. 교육 활동 침해가 공식적으로 인정될 경우 보험금을 지급하며, 법률 비용, 벌금, 휴직 수당 등이 보장된다. 최근 교권 침해 사례 증가와 공적 보호 체계의 부족으로 인해 가입이 급증하고 있다.",11
2024,교자성,(交磁性),합성,"외부 자기장이 가해지면 강한 자화를 띠고, 자기장이 제거되면 자화가 사라지는 성질. 스스로 자기적 성질을 가지는 ‘강자성’과 자성이 없는 ‘반강자성’의 성질을 동시에 보이는 새로운 자성 상태를 나타낸다.",15
2024,교자성체,(交磁性體),접미 파생,"교자성의 성질을 가지는 물체. 강자성체와 반강자성체의 중간 성질을 가지며, 강자성체처럼 스핀으로 정보를 저장할 수 있으면서 외부 자기장에는 영향을 덜 받아 초고속 스위칭이 가능한 물질이다.",2
2024,구독플레이션,(購讀<영>←inflation),혼성,"디지털 기반 구독형 서비스의 요금이 잇달아 인상되며 소비자가 체감하는 물가 부담이 증가하는 현상. ‘구독(購讀)’과 ‘인플레이션(inflation)’을 결합하여 만든 말로, 넷플릭스·디즈니플러스 등의 오티티(OTT), 유튜브 프리미엄과 같은 스트리밍 서비스, 쿠팡·마켓컬리 등 배달 플랫폼 등의 다양한 구독형 디지털 상품의 비용이 누적되면서 발생하는 소비자의 지출 증가 현상을 나타내는 말이다.",120
2024,국고만능론,(國庫萬能論),,"연금이나 복지 재정이 부족할 경우, 구체적인 제도 개혁이나 재원 확충 방안 없이 단순히 국고로 모든 부족분을 충당할 수 있다고 보는 관점이나 주장.",2
2024,국뽕경제,(國<일>←hiropon經濟),,"자국의 경제 성과나 산업 기술, 브랜드 등을 지나치게 긍정하고 우월하게 여기는 현상을 비판적으로 이르는 말.",4
2024,국뽕외교,(國<일>←hiropon外交),,"자국의 실질적 이익이나 국제 정세는 고려하지 않고, 문화적 우월성이나 긍정적 이미지를 부각하는 데 치중하는 외교 방식을 비판적으로 이르는 말.",6
2024,굿짐당,(굿짐-黨),합성,"대한민국의 정당 ‘국민의 힘’을 낮잡아 이르는 말. 윤석열 전 대통령이 무속 신앙인 ‘굿’에 의존한다는 의혹과, 국민에게 ‘짐’이 된다는 부정적 평가를 결합하여 풍자적으로 이르는 말이다.",2
2024,권역의사인력뱅크,(圈域醫師人力<영>bank),,"특정 권력 내에서 의사 인력을 공동으로 확보 및 관리하여 효율적으로 인력을 배치할 수 있도록 마련된 제도. 의료 공백이나 지역 간 의료 격차 해소를 위해 지역 의료 기관, 공공 기관, 정부 등이 연계하여 운영한다.",25
2024,귀가팟,(歸家<영>←partner),축약,"‘귀가 파트너’를 줄여 이르는 말로, 같은 지역이나 거주지로 귀가하는 사람들이 안전을 위해 모여 함께 이동하는 모임. 또는 그런 사람들.",4
2024,규제책임관,(規制責任官),,지역 기업이나 주민이 겪는 규제 개선 과제를 선정하고 해결을 책임지는 중앙 행정 기관과 지방 자치 단체의 국ㆍ과장급 공무원.,53
2024,규제책임관제,(規制責任官制,,"중앙 행정 기관과 지방 자치 단체의 국ㆍ과장급 공무원을 규제 책임관으로 지정하여, 지역 기업과 주민이 겪는 규제의 개선 과제를 책임 있게 추진하도록 한 제도.",15
2024,그랜파코어,(<영>grandpacore),차용,할아버지가 입을 법한 클래식하고 편안한 옷차림을 활용하여 세련된 멋을 표현한 패션 스타일.,70
2024,그랜파코어룩,(<영>grandpacore look),,할아버지가 입을 법한 클래식하고 편안한 옷차림을 활용하여 세련된 멋을 표현한 옷차림.,45
2024,그린래시,(<영>greenlash),차용,"친환경을 상징하는 색 ‘그린(green)’과 반발을 의미하는 ‘백래시(backlash)’가 결합한 말로, 기후 위기 대응이나 친환경 정책에 반대하여 일어나는 사회적 운동. 또는 그런 현상.",83
2024,극험지,(極險地),접두 파생,의원으로 선출되기 극히 어려운 선거구를 비유적으로 이르는 말.,40
2024,김모족,(김모族),접미 파생,김장을 모르거나 김장 경험이 없는 사람. 또는 그런 무리.,7
2024,깔끼하다,,접미 파생,"‘깔끔하다’, ‘세련되다’, ‘멋있다’ 등의 의미로, 경상도 방언처럼 들리도록 재미를 위해 만들어낸 말. 특정한 뜻은 없으나 어감이나 느낌이 강조되는 표현이다.",4
2024,나체추심,(裸體推尋),,"금융 거래나 상거래 과정에서 생긴 빚을 제대로 갚지 못하는 경우, 채무자의 얼굴 사진과 나체 사진을 합성하여 유포하겠다고 성적 수치심을 이용해 협박하는 방식으로 돈을 추심하는 일. 불법 추심 행위의 하나이다.",116
2024,나확행,(나確幸),축약,"‘나의 확실한 행복’이라는 뜻으로, 작지만 분명하게 느낄 수 있는 자기만의 행복을 이르는 말.",1
2024,낙수과,(落水科),접미 파생,"산부인과, 흉부외과, 응급 의학과 등의 필수 의료과를 낮잡아 이르는 말. 성적이나 능력 부족으로 상위 인기과의 지원 경쟁에 밀려 ‘낙수되었다’는 의미에서 비롯된 표현으로, 조롱과 자조의 의미를 담고 있다.",110
2024,남타커,(남타<영>←coffee),축약,‘남이 타준 커피’를 줄여 이르는 말.,17
2024,내세가불,(내世가불),축약,"‘내가 세상에서 가장 불쌍하다’를 줄여 이르는 말로, 자신의 처지를 자조적으로 이르는 표현이다.",1
2024,냥퀴벌레,,혼성,"‘고양이’와 ‘바퀴벌레’가 결합한 말로, 길고양이를 해충처럼 멸시하며 낮잡아 이르는 말.",1
2024,네카엘스크,(←Naver←Kakao←LG←SK←KT),축약,"대형 아이티 기업 ‘네이버, 카카오, 엘지, 에스케이티, 케이티’를 아울러 이르는 말. 각 기업의 앞 글자를 따 만들어진 말로, 인공 지능 개발 경쟁 구도를 지칭할 때 주로 쓰인다.",3
2024,노가완,(勞加完),축약,‘노조 가입 완료’를 줄여 이르는 말. 사내 게시판에서 노동조합 가입 인증을 하거나 노동조합에 가입한 사람들 간 연대감을 드러내기 위해 사용하는 표현이다.,36
2024,노년돌,(老年<영>←idol),혼성,"‘노년(老年)’과 ‘아이돌(idol)’을 결합한 말로, 고령의 나이에도 불구하고 무대에서 춤과 노래를 선보이며, 젋은 세대 못지 않은 인기를 끄는 연예인을 일컫는 말.",13
2024,노단체존,(▼<영>no團體<영>zone),,"여럿이 함께 방문하는 손님의 출입이나 이용을 금지하거나 제한하는 곳. 일반적으로 단체 손님의 출입이 잦은 음식점, 카페 따위를 말한다.",1
2024,노썸바디존,(▼<영>no somebody zone),,특정 사람 혹은 집단의 출입이나 이용을 금지하거나 제한하는 곳을 풍자적으로 이르는 말.,1
2024,노아줌마존,(▼<영>no아줌마<영>zone),,중장년 여성의 출입이나 이용을 금지하거나 제한하는 곳.,30
2024,노타투존,(▼<영>no tattoo zone),,"목욕탕, 수영장, 헬스장 등 신체에 문신이 드러난 사람의 출입이나 이용을 금지하거나 제한하는 곳.",39
2024,노탕후루존,(▼<영>no<중>tanghulu[糖葫芦]<영>zone),,주로 위생 및 청결 문제로 탕후루를 반입하거나 섭취하는 행위를 금지하거나 제한하는 곳.,59
2024,뇌꾸,(腦꾸),축약,‘뇌 꾸미기’를 줄여 이르는 말. 공부나 독서 등을 통해 지식을 쌓는 행위를 비유적으로 이르는 표현이다.,2
2024,뉴머니룩,(<영>new money look),,"전통적인 상류층의 절제된 패션과는 달리, 최근에 부를 얻은 계층을 연상시키는 화려하고 과시적인 옷차림.",63
2024,다산난사,(多産難死),합성,"기업의 신규 상장은 활발하지만 상장 폐지가 드물어, 시장 성장이 정체된 구조를 비유적으로 이르는 말. 주로 한국 증시의 구조적 문제를 비판하는 의미로 사용한다.",2
2024,다차원피로도척도,(多次元疲勞度尺度),,"피로를 단일 차원에서 측정하지 않고, 신체적, 정신적, 정서적 측면 등 여러 영역으로 나누어 평가하여 종합적으로 분석하기 위해 고안된 측정 도구.",54
2024,대디핏,(<영>daddy fit),,아버지의 옷을 입은 것처럼 크게 입는 옷. 또는 그런 옷차림.,5
2024,댈토,(댈←Toto),축약,"‘대리 토토’를 줄여 이르는 말로, 불법 사설 스포츠 도박에서 배팅을 대신해 주는 행위를 가리킨다. 불법성과 사기 위험이 높아 사회적으로 문제가 되는 행위이다.",4
2024,댕쪽이,,혼성,"강아지를 뜻하는 ‘댕댕이’와 ‘금쪽이’가 결합한 말로, 문제 행동을 보이는 반려견을 이르는 말.",4
2024,댕플루언서,(댕<영>←influencer),혼성,"강아지를 뜻하는 ‘댕댕이’와 ‘인플루언서(influencer)’가 결합한 말로, 반려견 중심의 활동으로 많은 대중에게 영향력을 미치는 사람.",52
2024,도너견,(<영>donor犬),합성,"생식세포 연구 또는 생식 보조 기술에 활용하기 위해 난자를 채취하는 데 사용되는 개. 주로 유전자 보존, 품종 개선 등의 목적으로 활용되며, 최근에는 죽은 반려견의 복제를 위한 난자 채취에도 이용되어 윤리적 논란을 일으키고 있다.",4
2024,도장필,(塗壯<영>←film),축약,"‘도배, 장판, 필름’을 아울러 이르는 말. 인테리어 공사에서 전체 리모델링을 진행하지 않고 기본적인 시공만 하는 것을 이르는 말이다.",2
2024,도파밍,(<영>▼←dopamine farming),혼성,사람들이 흥분과 쾌락을 주는 경험을 적극적으로 찾아다니는 현상. 흥분 전달에 관여하는 신경 전달 물질인 ‘도파민’과 게임에서 아이템을 모으는 일을 뜻하는 ‘파밍’을 결합하여 만든 말이다.,330
2024,동탄룩,(東灘<영>look),,동탄 신도시에 거주하는 젊고 세련된 기혼 여성이 입을 법한 타이트한 원피스 패션을 가리키는 말. =동탄 미시 룩.,7
2024,동탄미시룩,(東灘<영>missy look),,동탄 신도시에 거주하는 젊고 세련된 기혼 여성이 입을 법한 타이트한 원피스 패션을 가리키는 말. =동탄 룩.,3
2024,디토사회,(<영>ditto社會),,"고민하는 시간을 절약하기 위해, 유명인이나 유튜브 등을 따라서 의사 결정을 하는 사회.",1
2024,디토소비,(<영>ditto消費),,"고민하는 시간을 절약하기 위해, 유명인이나 유튜브 등을 따라서 하는 소비. 자신과 라이프 스타일, 취향, 철학 등이 비슷하다고 판단한 경우 그 사람의 선택을 따라가는 경우가 많다.",590
2024,디토하다,(<영>ditto하다),접미 파생,"유명인의 행동을 따라하거나, 그들이 사용하는 제품을 따라서 구매하다.",1
2024,딩콰드,(<영>DINKWAD),차용,일부러 자식을 낳지 않고 맞벌이를 하며 반려견과 함께 풍족하게 지내는 부부. 또는 그런 무리.,3
2024,러키비키,(<영>▼lucky Vicky),합성,"불리한 상황까지 긍정적으로 해석하는 태도로, 초긍정적 사고방식을 표현하는 말.",3
2024,리퀴드폴리탄,(<영>▼liquid←metropolitan),혼성,사람과 문화의 이동 및 교류를 통해 액체처럼 유연하게 연결ㆍ변화하며 다핵적으로 발전하는 현대의 도시 형태. 또는 그러한 현상.,330
2024,리파운더,(<영>refounder),차용,"초기 창업자의 업적을 넘어서는 변화를 이끌거나, 침체된 기업 경제를 재창업 수준의 혁신을 통해 다시 일으켜 세운 경영자를 이르는 말.",8
2024,말따행따,(말따行따),축약,‘말 따로 행동 따로’를 줄여 이르는 말. 말과 행동이 서로 들어맞지 않는 태도를 비난할 때 쓰는 표현이다.,139
2024,맑눈,,축약,"‘맑은 눈’을 줄여 이르는 말로, 티없이 깨끗하고 또렷한 눈을 이르는 말.",1
2024,맛그레이드,(맛<영>←upgrade),혼성,기존의 인기 제품에 맛을 추가하거나 변형하여 다양한 버전으로 확장하는 일. ‘맛’과 ‘업그레이드(upgrade)’를 결합하여 만든 말이다.,43
2024,맥마카세,(麥<일>←omaka[御任]se),혼성,편의점에서 맥주를 묶음으로 다양하게 할인하는 행사를 이르는 말. ‘맥주’와 ‘오마카세’를 결합하여 만든 말이다.,24
2024,맵도르핀,(맵<영>←endorphin),혼성,매운 음식을 먹었을 때 분비되는 엔도르핀으로 인해 느껴지는 즐거움을 이르는 말. ‘맵다’와 ‘엔도르핀(endorphin)’을 결합하여 만든 말이다.,52
2024,맵파민,(맵<영>←dopamine),혼성,매운 음식을 먹었을 때 분비되는 도파민으로 인해 느껴지는 즐거움을 이르는 말. ‘맵다’와 ‘도파민(dopamine)’을 결합하여 만든 말이다.,67
2024,명언돌,(名言<영>←idol)),혼성,방송ㆍ인터뷰ㆍ누리 소통망 서비스(SNS) 등에서 감동적이거나 삶에 울림을 주는 발언을 자주 남기는 아이돌을 이르는 말. ‘명언(名言)’과 ‘아이돌(idol)’을 결합하여 만든 말이다.,1
2024,문쿵,(門쿵),합성,"현관문을 여닫을 때, 다른 집의 문과 서로 부딪혀 소리가 나는 일.",2
2024,미드퀄,(<영>midquel),차용,영화나 드라마 시리즈에서 전작의 중반부 시점을 배경으로 하여 제작된 속편을 일컫는 말. 중간을 뜻하는 ‘미드(mid)’와 후속편을 뜻하는 ‘시퀄(sequel)’을 결합하여 만든 말이다.,413
2024,미식주의자,(美食主義者),접미 파생,"음식 맛에 관심이 많고, 음식을 즐기고 탐구하는 것을 삶의 중요한 가치로 삼거나 이를 주장하는 사람.",1
2024,바이브세션,(<영>vibecession),차용,"실제 경기 지표와 상관없이, 사회 전반에 불황 심리가 퍼져 체감 경기가 침체된 상태를 이르는 말. 분위기를 뜻하는 ‘바이브(vibe)’와 불황을 뜻하는 ‘리세션(recession)’이 결합한 말이다.",14
2024,바이털뽕,(<영>vital<일>←hiropon),합성,생명을 살려냈을 때 의사로서 느끼는 강렬한 보람과 쾌감을 일컫는 말. 생명 유지에 필수적인 것을 뜻하는 ‘바이털(vital)’과 마약을 속되게 이르는 말인 ‘뽕’을 결합하여 만든 말이다.,6
2024,박스깡,(<영>box깡),혼성,물건을 박스 단위로 대량 구매한 뒤 이를 개봉하는 영상 콘텐츠. 또는 그러한 영상 콘텐츠를 업로드하는 행위. 구독자 수와 클릭 수를 쉽게 늘려 곧바로 수익을 얻는 현상을 ‘카드깡’에 빗대어 이르는 말이다.,24
2024,반려책,(伴侶冊),합성,가족처럼 가까이 두고 오랫동안 함께 읽으며 정서적 의지나 즐거움을 얻는 책을 일컫는 말.,40
2024,방탄단식,(防彈斷食),,검찰의 소환 조사나 체포 등과 같은 사법적 압박을 피하거나 정치적 공격을 막기 위해 정치인이 단식 투쟁에 들어가는 것을 비유적으로 이르는 말.,1258
2024,배터리환경성계수,(<영>battery環境性係數),,"전기 자동차 배터리의 재활용 가능성, 유해성 저감, 자원 순환성 등을 종합적으로 평가하여 수치로 나타낸 값. 전기차 보조금 지원 기준으로 활용된다.",200
2024,버라이어티가격전략,(<영>variety價格戰略>,,"동일한 상품이나 서비스를 구매 시간, 장소 따위의 조건에 따라 다양한 가격으로 소비자에게 제공하는 판매 전략. 영화 조조할인, 수험생 할인, 온라인몰의 할인 이벤트 등이 여기에 포함된다.",192
2024,범용일반인공지능,(汎用一般人工知能),,인간처럼 다양한 영역의 과제에 두루 적용할 수 있는 학습ㆍ추론ㆍ적응 능력을 갖춘 인공 지능.,1
2024,법맥경화,(法脈硬化),,법안 처리가 막혀 입법이 원활히 이루어지지 못하는 상황을 ‘동맥 경화’에 빗대어 이르는 말.,73
2024,벚꽃개강,(벚꽃開講),,"의료 파업이나 집단 휴학 등 사회적·정치적 갈등으로 인해 3월 개강이 지연되어, 벚꽃이 피는 4월에 강의가 시작하게 된 상황을 비유적으로 이르는 말.",12
2024,보더리스족,(<영>borderless族),접미 파생,"국경이나 문화적 경계 의식을 크게 느끼지 않고, 해외 콘텐츠ㆍ관광 등을 자유롭게 소비하며 생활하는 사람. 또는 그런 무리.",2
2024,봄자살,(봄自殺),,다른 계절에 비해 봄철 자살률이 유의미하게 증가하는 현상.,1
2024,북켓팅,(<영>▼←bookclub ticketing),혼성,출판사가 운영하는 유료 멤버십이나 한정 도서 구매 등에 많은 사람이 한꺼번에 몰려 치열한 경쟁을 벌이는 일을 이르는 말. ‘북 클럽(book club)’과 ‘티켓팅(ticketing)’을 결합하여 만든 말이다.,1
2024,분유로이드,(粉乳<영>←steroid),혼성,"어린 자녀를 둔 가장이 경제적 책임을 다하기 위해, 성과급이나 계약 체결 등에 평소 이상으로 강한 의욕과 에너지를 드러내는 모습을 약물에 빗대어 이르는 말.",1
2024,분초사회,(分秒社會),,"시간이 중요한 자원으로 인식되어, 분초 단위까지 효율성과 가성비를 따지는 특성이 두드러진 사회. 현대인의 생활 양식과 가치관을 설명하는 개념 가운데 하나이다.",732
2024,불꽃주,(불꽃株),합성,"주가가 단기간에 급등락을 반복하며 불꽃이 튀듯 화려하지만 불안정한 흐름을 보이는 주식. 주로 이차 전지, 바이오 등 투기적 수요가 집중되는 종목을 말한다.",3
2024,브래키톨로지,(<영>bracketology),차용,경기 결과와 승패를 분석하고 전망하는 활동을 가리키는 말. 대진표를 뜻하는 ‘브래킷(bracket)’과 학문을 뜻하는 접미사 ‘올로지(ology)’를 결합하여 만든 말이다.,2
2024,브러싱캠,(<영>▼brushing←scam),혼성,온라인 쇼핑몰에서 판매 실적과 상품 후기를 조작하기 위해 실제 주문과 상관없이 무작위로 소비자에게 물건을 발송하는 행위.,2
2024,블랙키워드,(<영>black key word),,"검색 엔진에서 검색어 노출이 제한되는 키워드를 이르는 말. 주로 네이버 등과 같은 검색 플랫폼에서 정책적으로 차단하거나 제한하는 키워드를 의미하며, 해당 키워드를 사용할 경우 블로그의 품질 저하를 유발할 수 있다.",1
2024,블로케트,(<영>bloquette),차용,남성용과 여성용 패션 아이템을 함께 매치하여 새로운 조화를 이루게 한 모양새. 또는 그런 옷차림. 발레와 축구 등 상반된 영역의 아이템을 결합하는 데서 시작하였다.,4
2024,비둘기룩,(비둘기<영>look),,비둘기의 깃털을 연상시키는 회색 계열의 옷차림.,1
2024,비디오언어모델,(<영>video言語<영>model),,"영상을 자연어로 해석하거나 생성할 수 있도록 설계된 인공 지능 모델. 영상 데이터를 입력받아 텍스트로 기술하거나, 언어적 질문을 통해 영상 정보를 처리 및 이해하는 데 활용된다.",5
2024,비명횡사,(非明橫死),합성,이재명 계열 인사가 아닌 사람이 공천이나 선거와 같은 과정에서 불리한 처우를 받거나 배제되는 상황을 고사성어 ‘비명횡사(非命橫死)’에 빗대어 이르는 말. 차별 및 비하하는 의미가 포함되어 있으므로 사용에 주의가 필요하다.,2000
2024,비전언어모델,(<영>vision言語<영>model),,이미지나 영상 등 시각 정보를 언어와 결합하여 해석ㆍ생성할 수 있도록 설계된 인공 지능 모델. 시각 데이터를 이해하고 이를 텍스트와 연계해 처리하는 데 활용된다.,37
2024,비전파운데이션모델,(<영>vision foundation model),,대규모 시각 데이터를 학습하여 범용적인 시각 이해 능력을 갖춘 인공 지능 모델. 다양한 이미지 분석이나 멀티모달 작업의 기반이 되는 모델을 이른다.,19
2024,비조지민,(比曺地民),축약,"‘비례대표 선거에서는 조국혁신당에, 지역구 선거에서는 더불어민주당에 투표’를 뜻하는 말. 2024년 4월 10일에 실시된 대한민국 제22대 국회 의원 선거에서 나온 표현이다.",150
2024,비지상통신망,(非地上通信網),,"위성, 드론, 고고도 플랫폼(HAPS) 등 지상 기지국이 아닌 수단을 활용하여 통신 서비스를 제공하는 시스템.",24
2024,비추템,(非推<영>←item),합성,품질이나 가격 대비 만족도가 낮아 구입을 권하지 않는 상품을 이르는 말. 비추천을 뜻하는 ‘비추(非推)’와 ‘아이템(item)’을 결합하여 만든 말이다.,2
2024,비침습연속혈당진단기,(非侵襲連續血糖診斷機),,피부를 관통하거나 채혈하지 않고 물리적 신호를 이용해 실시간으로 혈당 변화를 관찰하여 환자의 질환 상태를 판단하는 데 사용하는 기계. 주로 당뇨 등의 대사성 질환을 상시 진단 및 모니터링하기 위해 활용된다.,5
2024,빅헬퍼,(<영>big helper),,개인의 정보를 활용하여 공익적 지원과 편의를 제공하는 존재. 또는 그러한 사회 체제.,1
2024,빈대믹,(빈대<영>←pandemic),혼성,"빈대가 특정 지역이나 국가를 넘어 광범위하게 확산하여 사회적 불안과 피해를 일으키는 현상을, 감염병의 확산을 뜻하는 ‘팬데믹(pandemic)’에 빗대어 이르는 말.",75
2024,빗무원,(←Bithumb務員),혼성,"가상 자산 거래소 ‘빗썸’에서 출석 체크나 단순 활동만으로 보상을 받는 사용자를, 별다른 노력 없이 안정적으로 수익을 얻는다는 점에서 공무원에 빗대어 이르는 말. 이러한 표현은 주로 온라인 커뮤니티에서 투자 행위보다는 보상 중심의 구조를 풍자하고 조롱하는 의미로 사용된다.",2
2024,빗살모공,(빗살毛孔),,피부 탄력 저하로 확장된 모공이 세로로 처져 여러 모공이 연결되어 빗살 모양의 주름처럼 보이는 상태. 주로 피부 노화의 징후로 나타난다.,14
2024,빨벌튀,,축약,"‘빨리 벌고 이 나라를 튄다’를 줄여 이르는 말로, 한국 사회의 노동 환경과 제도적 한계 속에서 젊은 전문직 종사자들이 단기간에 소득을 올린 뒤 해외로 떠나려는 태도를 풍자적으로 이르는 말.",1
2024,빵서기관,(빵書記官),,"빵의 가격을 관리하는 담당자. 물가 체감도가 높은 빵, 우유, 스낵과자, 커피, 라면, 아이스크림, 설탕, 식용유, 밀가루 등 9개 품목을 집중 관리 대상으로 선정하고, 서기관이나 사무관급 담당자를 지정한데서 온 말이다.",90
2024,뼈말라약,(뼈말라藥),합성,뼈가 드러나 보일 정도의 마른 체형이 되기 위해 사용되는 불법 다이어트 보조제.,5
2024,사탐런,(社探<영>run),,자연계 학생들이 과학 탐구 영역 대신 사회 탐구 영역을 응시하기 위해 몰리는 현상. 사회 탐구 영역보다는 과학 탐구 영역으로 수능 최저 학력 기준을 충족하는 것이 어렵다는 인식에서 비롯되었다.,28
2024,사포당,(四抛黨),축약,‘사십 대를 포기한 정당’을 줄여 이르는 말. 40대 유권자층의 지지를 받지 못하는 정당을 이르는 말이다.,47
2024,사회누리소통망,(社會누리疏通網),,인터넷상에서 타인들과의 인적 관계망을 구축하고 정보를 관리할 수 있도록 도와주는 서비스.,108
2024,삼쏘공,(三쏘공),축약,‘삼성이 쏘아 올린 공’을 줄여 이르는 말. 삼성 그룹의 미래 사업과 관련하여 상승세를 타는 주식 종목을 의미한다.,2
2024,삼오더,(三오더),축약,"‘삼성 전자의 주가만 오르는 더러운 세상’을 줄여 이르는 말. 삼성 전자의 주식은 상승하지만, 코스피나 다른 주식의 상황은 좋지 않음을 의미한다.",2
2024,상세오,(←Shanghai[上海]←Seoul←Oosaka[大阪]),축약,"한국, 중국, 일본이 중심이 된 동북아시아의 경제권을 가리키는 말. 3개 나라의 주요 도시인 상하이, 서울, 오사카의 영문 앞 글자를 따서 만든 말이다.",34
2024,상세오노선,(←Shanghai[上海]←Seoul←Oosaka[大阪]路線),,"동북아 일일생활권 확충을 위하여 중국 상하이와 한국 서울, 일본 오사카를 잇는 항공 노선을 이르는 말. =상세오 라인.",0
2024,상세오라인,(←Shanghai[上海]←Seoul←Oosaka[大阪]<영>line),,"동북아 일일생활권 확충을 위하여 중국 상하이와 한국 서울, 일본 오사카를 잇는 항공 노선을 이르는 말. =상세오 노선.",0
2024,상업지역총량제,(商業地域總量制),,"지역별 상업 지역의 지정 가능성을 예측하기 위하여, 2030년까지 지역별로 총량을 정하고 해당 범위 내에서 상업 지역을 지정하는 제도.",187
2024,생재수,(生再修),접두 파생,"대학 입학을 위한 정시 원서를 쓰지 않고, 바로 재수를 준비하는 일.",5
2024,서오남,(서五男),축약,‘서울 오피스텔에 거주하는 남자’를 줄여 이르는 말.,188
2024,서오녀01,(서五女),축약,‘서울대 출신의 오십 대 여자’를 줄여 이르는 말.,2
2024,서오녀02,(서<영>▼←office hotel女),축약,‘서울 오피스텔에 거주하는 여자’를 줄여 이르는 말.,2
2024,서이초특별법,(瑞二初特別法),,"교권 보호와 교육 환경 개선을 목표로 2024년에 발의된 입법안. 교사의 본질적 업무 법제화, 정서적 아동학대 요건 구체화, 학교 민원 대응 시스템 법제화, 학생 분리 지도 법제화, 학교 폭력 근절 및 학교 폭력 예방 및 대책에 관한 법률 개정을 포함하고 있다.",88
2024,선금특례제,(先金特例制),,"원자력 발전소 기자재 기업의 자금난 해결을 위하여, 울진 신한울 3ㆍ4호기의 보조 기기 제작에 참여하는 업체에게 계약금의 최대 30%를 선금으로 지급하는 제도.",7
2024,선납후검,(先納後檢),합성,‘선 납품 후 검사’를 줄여 이르는 말. 긴급 소요나 국가 재난이 발생했을 경우 군수품을 먼저 납품받고 이후에 품질 검사를 받게 하는 제도를 말한다.,5
2024,선원구하라법,(船員具하라法),,"선원이 조업 중에 사망하여 장례를 치르는 경우, 실제로 장례를 치른 유족에게 장례비를 지급하도록 규정한 법률. 정식 명칭은 ‘선원법ㆍ어선원 및 어선 재해 보상 보험법’이다.",122
2024,세계뽕,(世界<일>←hiropon),합성,세계를 하나로 묶는 사회 문화적 경험을 했을 때의 감정을 과장하여 속되게 이르는 말.,2
2024,세월호참사지원법,(歲月號慘事支援法),,2014년 4월 16일의 세월호 참사로 피해를 입은 피해자 및 그 유족을 지원할 목적으로 제정한 법률. 정식 명칭은 ‘4ㆍ16 세월호 참사 피해 구제 및 지원 등을 위한 특별법’이다.,22
2024,세종법원법,(世宗法院法),,세종시에 지방 법원과 행정 법원을 만드는 데 필요한 내용을 담고 있는 법률. 정식 명칭은 ‘법원 설치법 개정안’이다. =세종 지법 설치법.,5
2024,세종지법설치법,(世宗地法設置法),,세종시에 지방 법원과 행정 법원을 만드는 데 필요한 내용을 담고 있는 법률. 정식 명칭은 ‘법원 설치법 개정안’이다. =세종 법원법.,4
2024,센극기,(<일>←chosenjin[朝鮮人]極旗),혼성,태극기를 비하하여 이르는 말. 조선인을 뜻하는 일본어 ‘조센징’과 ‘태극기’를 결합하여 만든 말이다. 차별 및 비하하는 의미가 포함되어 있으므로 사용에 주의가 필요하다.,17
2024,소득이동통계,(所得移動統計),,"대규모 표본을 대상으로 종단 형태의 데이터베이스를 구축하여, 개인 단위에서 소득의 종적 변화를 파악하는 데 사용되는 통계. 사회 이동성 개선과 취약 계층 지원 정책을 뒷받침하기 위해 개발한 것이다.",58
2024,소세권,(小勢圈),접미 파생,인근에 소아과가 있어 의료 환경이 좋은 주거 지역.,3
2024,숏챗,(<영>short chat),,짧게 편집해 올린 채팅 형식의 콘텐츠. ⇒규범 표기는 ‘쇼트 챗’이다.,1
2024,수포당,(首抛黨),축약,‘수도권을 포기한 정당’을 줄여 이르는 말. 수도권 지역 유권자층의 지지를 받지 못하는 정당을 이르는 말이다.,89
2024,순금챌린지,(純金<영>challenge),,매일 돈을 조금씩 아껴 일정 금액이 모일 경우 소량의 금으로 전환하는 방식의 재테크 운동. 최근 금 가격이 상승함에 따라 청년층을 중심으로 인기를 끌고 있다.,4
2024,순살아파트,(純살<영>←apartment),,건설사가 아파트를 지을 때 공사 과정에서 철근 등 자재를 누락하여 부실 공사로 지어진 아파트.,2000
2024,순환경제사회법,(循環經濟社會法),,"폐기물의 순환 이용을 촉진하여 자원을 효율적으로 이용하고, 순환 경제 체계 구축이 지속 가능하도록 하는 것을 목적으로 제정한 법률. 정식 명칭은 ‘순환 경제 사회 전환 촉진법’이다.",33
2024,슈퍼에이징시대,(<영>superaging時代),,"65세 이상의 사람들이 사회 활동에 적극적으로 참여하고 육체적, 정신적 건강을 유지하는 것을 중시하는 시대.",15
2024,스리가또,(←Threads<일>←arigatou),혼성,소셜 네트워크 서비스 중 하나인 ‘스레드(Threads)’에서 ‘고맙다’는 의미로 쓰는 말.,2
2024,스위프톨로지,(<영>Swiftology),차용,"미국의 유명한 가수인 테일러 스위프트의 팬덤, 음악 세계 및 기업가 정신 등과 관련된 현상을 분석하고 연구하는 학문.",3
2024,스카이코럴,(<영>▼sky coral),합성,해가 질 무렵 하늘의 노을 빛깔과 같은 하얀빛을 띤 엷은 붉은색.,7
2024,스키코어,(<영>▼ski←normcore),혼성,"추운 날씨가 지속되면서, 스키장에서뿐만 아니라 일상생활에서도 입을 수 있는 스키웨어를 착용하는 패션 스타일.",74
2024,스키코어룩,(<영>▼ski←normcore look),,"추운 날씨가 지속되면서, 스키장에서뿐만 아니라 일상생활에서도 입을 수 있는 스키웨어를 착용하는 옷차림.",45
2024,스킵래깅,(<영>skiplagging),차용,"항공료를 절약하기 위해, 직항편 대신 경유편을 구매하여 최종 목적지가 아닌 경유지에서 하차하는 방식.",4
2024,스킵젠,(<영>▼skip←generation),축약,"바쁜 부모 세대는 건너뛰고, 조부모와 손주가 여행, 공연 관람 등을 함께 하는 세대.",4
2024,스트림플레이션,(<영>streamflation),차용,온라인 동영상 서비스에 대한 소비자의 의존도가 높아지자 온라인 동영상 서비스의 구독 가격이 상승하는 현상.,708
2024,스팔로미,(←Threads<영>follow me),혼성,소셜 네트워크 서비스 중 하나인 스레드에서 친구 추가를 요청하는 말. ⇒규범 표기는 ‘스폴로미’이다.,12
2024,스팔완,(←Threads<영>←follow完),축약,‘스레드 팔로우 완료’를 줄여 이르는 말. 소셜 네트워크 서비스 중 하나인 스레드에서 특정 이용자의 게시물을 지속적으로 볼 수 있도록 구독하는 것을 의미한다. ⇒규범 표기는 ‘스폴완’이다.,3
2024,스패무플라주,(<영>spamouflage),차용,가짜 정보를 믿을 만한 정보처럼 만들어 온라인에 유포하는 것을 이르는 말. 광고성 온라인 게시물을 뜻하는 ‘스팸’과 위장 또는 속임수를 뜻하는 ‘카무플라주’를 결합하여 만든 말이다.,60
2024,스페이스덴티티,(<영>▼space←identity),혼성,자신이 머무르는 공간을 통해서 드러나는 개의 정체성. 공간을 뜻하는 ‘스페이스’와 정체성을 뜻하는 ‘아이덴티티’를 결합하여 만든 말이다.,4
2024,슬로에이징족,(<영>slow aging族),,노화를 늦추기 위하여 노화가 시작되기 전부터 건강과 외모 등을 관리하는 사람. 또는 그런 무리.,0
2024,슬림다이닝,(<영>▼slim dining),,"편의점, 밀키트, 배달 음식 등을 통해 빠르고 간편하게 준비한 식사.",45
2024,슬직생,(슬職生),축약,‘슬기로운 직장 생활’을 줄여 이르는 말. 직장 내에서 지혜롭고 현명하게 업무와 인간관계를 조화롭게 유지하는 생활 태도를 이른다.,15
2024,시간가중평균환율,(時間加重平均換率),,환율 산출 시점의 직전 10분부터 매 10초 간격으로 체결된 환율의 가격을 평균하여 산출하는 환율.,37
2024,식후탕,(食後<중>←tanghulu[糖葫芦]),혼성,밥을 먹은 직후에 탕후루를 먹는 일. 또는 그렇게 먹는 탕후루.,42
2024,신바벨시대,(新Babel時代),,인공 지능 기반의 기계 번역 기술로 인해 동시 통번역이 가능한 시대.,8
2024,신스파이스루트,(新<영>spice route),,"미국이 구축할 예정인 인도와 중동, 유럽을 잇는 철도 및 해운 수송로. 중국의 신실크 로드 전략에 맞서기 위한 것이다.",4
2024,싱글노믹스,(<영>▼single←economics),혼성,구성원이 한 명인 가구가 증가하면서 생기는 경제적 가치.,9
2024,썩파트,(썩<영>←apartment),혼성,오래되어 낡은 아파트를 썩은 상태에 빗대어 이르는 말.,1
2024,안러경중,(安←Russia經中),축약,"안보는 러시아와, 경제는 중국과 협력하는 것을 이르는 말. 북한이 러시아와의 군사 협력을 강화하고, 중국과의 경제 협력을 중시하는 전략을 의미한다.",18
2024,안티알고리즘,(<영>anti-algorithm),합성,유튜브나 구글 등에서 작동하는 알고리즘의 지배와 통제를 거부하거나 저항하는 태도.,20
2024,알리깡,(←AliExpress깡),혼성,해외 직구 전자 상거래 플랫폼인 ‘알리익스프레스(AliExpress)’에서 물건을 대량으로 구매한 뒤 이를 개봉하는 영상 콘텐츠. 또는 그러한 영상 콘텐츠를 업로드하는 행위. 구독자 수와 클릭 수를 쉽게 늘려 곧바로 수익을 얻는 현상을 ‘카드깡’에 빗대어 이르는 말이다.,52
2024,알리지옥,(←AliExpress地獄),,저렴한 상품이 많기 때문에 한 번 쇼핑하기 시작하면 헤어 나오기 힘든 것을 지옥에 빗대어 이르는 말.,24
2024,알테무,(←AliExpress←Temu),혼성,중국의 온라인 쇼핑 업체 ‘알리익스프레스’와 ‘테무’를 아울러 이르는 말.,22
2024,알테쉬,(←AliExpress←Temu←Shein),축약,"중국의 온라인 쇼핑 업체 ‘알리익스프레스, 테무, 쉬인’을 아울러 이르는 말. 각 기업의 앞 글자를 따 만들어진 말이다.",888
2024,알테쉬톡,(←AliExpress←Temu←Shein←TikTok Shop),축약,"중국의 온라인 쇼핑 업체 ‘알리익스프레스, 테무, 쉬인, 틱톡샵’을 아울러 이르는 말. 각 기업의 앞 글자를 따 만들어진 말이다.",10
2024,암룡적,(暗龍的),접미 파생,외모나 재주 등의 수준이 낮은. 또는 그런 것.,1
2024,양자비트플랫폼,(量子<영>bit platform),,"양자 컴퓨터가 사용하는 양자 정보의 기본 단위인 큐비트가 구현되는 환경. 1나노미터 크기의 큐비트를 사용하는데, 이는 물질이 도달할 수 있는 가장 작은 크기이다.",5
2024,어라로브스터,(어라<영>robster),합성,놀라거나 당황할 때 내는 소리. 감탄사 ‘어라’와 ‘로브스터’를 결합하여 만든 말이다.,0
2024,어싱족,(<영>earthing族),접미 파생,공원이나 숲에서 맨발로 걸으며 운동을 하는 사람. 또는 그런 무리.,82
2024,언틀막,(言틀막),축약,‘언론을 틀어막다’를 줄여 이르는 말. 정부나 권력을 가진 사람이 언론의 보도를 막는 일을 이르는 말이다.,20
2024,얼음과식증,(얼음過食症),,"섭식 장애의 일종으로, 스트레스나 불안, 영양 결핍 등으로 인해 얼음을 지나치게 많이 먹는 증상.",3
2024,엑사전자볼트,(<영>exa電子<영>volt),합성,에너지의 단위. 1엑사전자볼트는 1전자볼트의 10의 18제곱이다. 기호는 EeV.,16
2024,엔시트화,(<영>←enshittification化),접미 파생,사용자에게 무료로 양질의 콘텐츠를 제공하던 온라인 플랫폼이 수익의 창출을 우선시하게 되면서 사용자의 만족도 및 서비스 품질이 하락하는 현상. =엔시티피케이션.,6
2024,엔시티피케이션,(<영>enshittification),차용,사용자에게 무료로 양질의 콘텐츠를 제공하던 온라인 플랫폼이 수익의 창출을 우선시하게 되면서 사용자의 만족도 및 서비스 품질이 하락하는 현상. =엔시트화.,8
2024,여성전략특구,(女性戰略特區),,"정당의 전략 공천 방식 중 하나로, 여성 의원 비율이 낮은 특정 선거구에서 여성들끼리 경쟁하도록 지정한 특별한 구역.",536
2024,역사보행공간,(歷史步行空間),,"근대 문화유산인 환구단의 정문에 설치되어 있는 철제 울타리를 철거한 후에 조성될 예정인 공간으로, 환구단부터 서울 광장과 덕수궁까지 연결되는 산책길.",5
2024,역슈링크,(逆<영>←shrinkflation),접두 파생,제품의 크기와 용량은 늘리되 가격은 기존과 동일하게 유지하거나 낮추는 일. 슈링크플레이션으로 인해 소비자들의 여론이 악화되자 일부 업체들이 소비자들의 관심을 끌고 매출 증대 효과를 얻기 위하여 시작하였다.,107
2024,역응원,(逆應援),접두 파생,원래 응원하던 팀의 상대 팀을 응원함. 또는 그런 행위.,4
2024,연못뷰,(蓮못<영>view),,연못이 내다보이는 경치.,2
2024,연쇄상구균독성쇼크증후군,(連鎖狀球菌毒性<영>shock症候群),,"여러 기관의 기능 상실 및 저혈압을 나타내는 다양한 증상과 징후를 특징으로 하는 독성 증후군. 화농성 연쇄 구균이라는 박테리아로 발병하는 급성 질환이며, 대다수의 사람들은 감염 사실을 인지하지 못하지만, 경우에 따라 심각한 질병이나 합병증은 물론 사망까지도 유발할 수 있다.",488
2024,연쇄흡연,(連鎖吸煙),,잇따라 계속 담배를 피움.,50
2024,연어핑크색,(?魚<영>pink色),,연어의 살색처럼 하얀빛을 띤 엷은 붉은색.,1
2024,연체지속률,(延滯持續率),,정해진 기간 안에 대출을 갚지 못하는 연체 상태가 계속되는 비율.,20
2024,영아피난제,(?兒避難制),,미국에서 생후 72시간 혹은 50일 이내의 영아를 정해진 피난소에 유기하는 행동에 대해 법적 책임을 면제하고 산모의 익명성을 보장하는 것을 주된 내용으로 하는 제도. 제도의 취지는 영아의 생명을 보장하고 임산부의 안전과 건강을 보호하는 것이다. =영아 피난 제도.,18
2024,영아피난제도,(?兒避難制度),,미국에서 생후 72시간 혹은 50일 이내의 영아를 정해진 피난소에 유기하는 행동에 대해 법적 책임을 면제하고 산모의 익명성을 보장하는 것을 주된 내용으로 하는 제도. 제도의 취지는 영아의 생명을 보장하고 임산부의 안전과 건강을 보호하는 것이다. =영아 피난제.,2
2024,영탐탐,(英探探),축약,"‘영어’와 ‘사회 탐구 영역’, ‘과학 탐구 영역’을 줄여 이르는 말. 대학 수학 능력 시험의 주요 5과목 중 국어와 수학을 제외한 3과목을 의미한다.",2
2024,영프스이,(英←France←Suisse←Italia),축약,"유럽의 여행지로 인기를 끌고 있는 서유럽 4개국을 이르는 말. 영국, 프랑스, 스위스, 이탈리아의 앞 글자를 따서 만든 말이다.",1
2024,예산탄핵,(豫算彈劾),,정부의 예산안에 대해 대규모의 수정을 요구한 것을 두고 자격을 빼앗거나 처벌하는 것에 빗대어 이르는 말.,9
2024,예술활동준비금,(藝術活動準備金),,예술인이 안정적으로 창작 활동을 할 수 있도록 정부에서 지원하여 주는 자금. ‘창작 준비금’에서 명칭이 변경되었다.,325
2024,예스족,(<영>YES族),접미 파생,"외국인 이민자 중에서 젊고, 교육을 받았으며, 숙련된 기술을 가진 사람. 또는 그런 무리.",1
2024,예타완박법,(豫妥完剝法),합성,예비 타당성 조사 제도를 무력화하는 법안. 예비 타당성 조사를 면제하는 내용이 담겨 있는 법안이다.,12
2024,오물풍선,(汚物風船),,분변으로 추정되는 오물을 넣은 풍선. 남한 단체들이 대북 전단을 살포한 것에 대응한다는 명분으로 북한이 남쪽을 향해 살포하였다.,2000
2024,오송지하차도참사,(五松地下道慘事),,2023년 7월 15일에 충청북도 청주시 오송읍의 궁평 2지하 차도가 집중 호우로 침수되면서 14명이 희생된 참사. =오송 참사.,2000
2024,오송참사,(五松慘事),,2023년 7월 15일에 충청북도 청주시 오송읍의 궁평 2지하 차도가 집중 호우로 침수되면서 14명이 희생된 참사. =오송 지하도 참사.,2000
2024,오피스코어룩,(<영>▼office core look),,전형적인 직장인의 모습을 연상시키는 단정한 스타일의 옷차림.,170
2024,온디바이스폰,(<영>on device phone),,기기 내부에서 자체적으로 인공 지능의 기능을 수행할 수 있도록 한 휴대 전화.,8
2024,온세뉴,(온世←NewJeans),축약,‘온 세상이 뉴진스’를 줄여 이르는 말. 아이돌 그룹인 뉴진스가 국내뿐만 아니라 해외에서도 인기를 얻게 되면서 생겨난 말이다.,13
2024,온센서에이아이,(<영>on sensor AI),,"센서 장치 자체에 인공 지능(AI) 연산 기능을 내장하여, 센서가 수집한 데이터를 외부 장치나 클라우드로 보내기 전에 내부에서 실시간으로 분석 및 처리하는 기술.",0
2024,온천지도사,(溫泉指導士),,온천에 대한 전문 지식을 바탕으로 개인에게 적합한 입욕법을 지도하고 교육하는 사람.,33
2024,올콘족,(<영>all←concert族),접미 파생,좋아하는 가수의 모든 콘서트에 관람하러 가는 사람. 또는 그런 무리.,1
2024,옴니유즈,(<영>omni use),,여러 용도나 분야에서 많이 활용되고 널리 쓰일 수 있는 특성을 이르는 말.,8
2024,완전전자주주총회,(完全電子株主總會),,주식회사의 주주 총회가 필요한 경우 모든 주주들이 온라인으로 참석하는 주주 총회.,83
2024,외국환평형관리기금,(外國換平衡管理基金),,정부가 환율 관리와 외환 시장의 안정을 목적으로 보유하거나 운용하는 기금.,6
2024,외식테크,(外食<영>tech),,"무인 주문 및 결제 시스템, 서빙 로봇, 조리 로봇 등과 같이 외식업과 관련된 기술을 통틀어 이르는 말.",76
2024,용산로펌,(龍山<영>law firm),,법률 수석실을 신설하는 것을 두고 대통령과 관련된 특검을 준비하는 법률 회사에 빗대어 이는 말.,11
2024,우유관리관,(牛乳管理官),,"우유의 가격을 관리하는 담당자. 물가 체감도가 높은 빵, 우유, 스낵과자, 커피, 라면, 아이스크림, 설탕, 식용유, 밀가루 등 9개 품목을 집중 관리 대상으로 선정하고, 서기관이나 사무관급 담당자를 지정한데서 온 말이다. =우유 서기관.",5
2024,우유사무관,(牛乳事務官),,우유의 가격을 관리하는 사무관급 담당자. 물가를 관리하는 담당자를 지정하여 물가를 집중 관리하는 제도의 일환으로 생겨난 직책이다.,30
2024,우유서기관,(牛乳書記官),,"우유의 가격을 관리하는 담당자. 물가 체감도가 높은 빵, 우유, 스낵과자, 커피, 라면, 아이스크림, 설탕, 식용유, 밀가루 등 9개 품목을 집중 관리 대상으로 선정하고, 서기관이나 사무관급 담당자를 지정한데서 온 말이다. =우유 관리관.",15
2024,워크넥트,(<영>▼work←connect),혼성,업무를 기반으로 소통하고 교류하면서 기관이나 개인 등이 형성하는 네트워크.,54
2024,워터밤룩,(▼Waterbomb<영>look),,"여름철 물총 놀이가 포함된 음악 축제인 ‘워터밤’에 참가할 때 입는 옷차림. 주로 물에 젖어도 가볍고 편한 기능성 의류나, 노출을 통해 관능적인 매력을 강조하는 의류를 가리킨다.",18
2024,원격사격무기통제체계,(遠隔射擊武器統制體系),,"사수가 원격으로 조작하고 통제하는 사격 장치. 또는 그러한 체계. 전차, 장갑차, 전술 차량 등의 외부에 기관총이나 유탄 발사기 등을 장착하고, 이를 사수가 전투 위험으로부터 보호된 상태에서 원격으로 운용한다.",78
2024,원영적사고,(員瑛的思考),,어렵거나 힘든 상황을 긍정적으로 해석하고 받아들이는 사고방식. 케이팝 걸 그룹 아이브(IVE)의 멤버 장원영이 여행 중 자신이 사려던 빵이 사기 직전에 품절된 상황을 오히려 ‘갓 구운 빵을 받을 수 있게 되었다’는 행운으로 받아들인 일화에서 비롯된 표현이다.,416
2024,원형알엔에이,(圓形<영>RNA),,"일반적인 아르엔에이(RNA)와 달리, 끝이 맞닿아 원형 모양으로 이어진 아르엔에이(RNA). ⇒규범 표기는 ‘원형 아르엔에이’이다.",2
2024,월천 도사,(月千道士),,월 소득이 천만 원이 넘는 사람을 도사에 빗대어 이르는 말.,2
2024,웨장센,(←Wes Anderson<프>←mise-en-scene),혼성,영화감독 ‘웨스 앤더슨’만의 특징적인 화면 구조와 색채 등을 이르는 말. ‘웨스 앤더슨’과 ‘미장센’을 결합한 말이다.,2
2024,웹시집,(<영>web詩集),,"인터넷 웹사이트를 통해 제공되는 디지털 형식의 시집. 텍스트를 중심으로 하되, 사진, 동영상 등이 함께 제시되기도 하며, 웹 페이지를 넘기는 방식으로 읽기가 진행된다는 점에서 기존의 종이 시집과 다른 독서 경험을 제공한다.",4
2024,위기임신보호출산법,(危機妊娠保護出産法),,경제적ㆍ심리적ㆍ신체적 사유 등으로 인해 출산 및 양육에 어려움을 겪고 있는 임산부가 자녀를 안전하게 출산하고 돌볼 수 있도록 지원하기 위해 제정된 법률. 정식 명칭은 ‘위기 임신 및 보호 출산 지원과 아동 보호에 관한 특별법’이다.,52
2024,유금무죄무금유죄,(有金無罪無金有罪),,"국회 의원은 죄를 지어도 벌을 받지 않고, 국회 의원이 아닌 사람은 벌을 받는다는 뜻으로 법이 모든 사람에게 공평하게 적용되지 않는 상황을 이르는 말. 여기서 ‘금(金)’은 국회 의원임을 표시하는 ‘금배지(金badge)’를 가리킨다.",0
2024,유럽녹색꽃게,(Europe綠色꽃게),,"유럽 해역이 원산지이며 등딱지가 녹색을 띠는 꽃게의 한 종류. 조개류와 갑각류를 대량으로 포식하는 등 어업과 양식업에 큰 피해를 주며, 이 때문에 국제 자연 보전 연맹의 ‘세계 100대 악성 외래 침입종’ 중 하나로 지정되었다. 학명은 ‘Carcinus maenas’이다.",10
2024,유스앱,(<영>▼youth app),,청소년을 주요 대상으로 하여 맞춤형 서비스와 콘텐츠를 제공하는 애플리케이션.,90
2024,유키즈존,(有<영>kids zone),,"영유아나 어린이의 출입을 허용하는 곳. ‘노 키즈 존’의 반대 개념으로, 어린아이를 동반한 고객들의 출입을 허용하는 음식점, 카페 따위를 말한다.",29
2024,육아몰입기간,(育兒沒入其間),,"근로자가 자녀 양육에 전념할 수 있도록 제도적으로 보장된 기간. 또는 그러한 제도. ‘육아 휴직’ 대신, 자녀 양육의 가치를 강조하는 취지에서 사용되는 표현이다.",2
2024,육아이행률,(育兒履行率),,근로자가 법이나 정책상 보장된 육아 지원 제도를 실제로 사용한 비율.,1
2024,육아친화주택,(育兒親和住宅),,"어린이집, 놀이터 등 육아에 필요한 시설을 갖춘 주택 단지.",3
2024,을평성대,(乙平聖大),축약,"‘을지 대학교, 평택 대학교, 성공회 대학교, 대진 대학교’를 아울러 이르는 말. 각 학교명의 첫 글자를 조합해 만든 말이다.",1
2024,의노예,(醫奴隷),혼성,"장시간의 외래 진료와 수술, 야간이나 휴일 당직 근무 등 과중한 업무에 어려움을 겪는 의사를 비유적으로 이르는 말. ‘의사’와 ‘노예’를 결합해 만든 말이다. 차별 및 비하하는 의미가 포함되어 있으므로 사용에 주의가 필요하다.",2
2024,의마스,(醫←Hamas),혼성,"‘의사’와 팔레스타인 무장 단체 ‘하마스’를 결합해 만든 말로, 의사를 비하하여 이르는 말. 정부의 의대 정원 확대 정책 등에 반대해 집단 진료 거부나 사직, 응급 의료 중단 등의 강경한 집단 행동을 벌이는 일부 의사들을 하마스에 빗대어 비판적으로 이르는 말이다. 차별 및 비하하는 의미가 포함되어 있으므로 사용에 주의가 필요하다.",43
2024,의전노동,(儀典勞動),,"명사(名士)나 귀빈, 조직 내 상급자 등을 예우하거나 대외적 격식을 갖추는 과정에서 생기는 노동. 주 업무와 직접적인 관련이 없음에도 불구하고 관행이나 체면을 중시하는 조직 문화 속에서 요구되는 부가적 노동을 비판적으로 이르는 말이다.",4
2024,의주빈,(醫周彬),혼성,"‘의사’와 성범죄자 ‘조주빈’을 결합하여 만든 말로, 의사를 비하하여 이르는 말. 차별 및 비하하는 의미가 포함되어 있으므로 사용에 주의가 필요하다.",53
2024,의준생,(醫準生),축약,‘의과 대학 입학 준비생’을 줄여 이르는 말.,2
2024,의한민국,(醫韓民國),혼성,의사가 되는 것을 다른 진로보다 압도적으로 중시하는 대한민국의 사회적 풍조를 비판적으로 이르는 말.,4
2024,이머니토큰,(<영>e-money token),,기존 화폐의 가치를 디지털 형태로 전환한 가상 자산의 한 종류.,103
2024,이분도체육,(二分屠體肉),,"돼지를 도축한 뒤 머리ㆍ내장ㆍ꼬리 등을 제거하고, 부위별로 세분화하지 않은 채 몸통을 크게 두 덩어리로 절단한 고기.",49
2024,이음연령,(이음年齡),,"영아 교육과 유아 교육 또는 유아 교육과 초등 교육 간의 연계 강화를 위해 정책적으로 지정한 연령. 주로 만 2세 영아들은 놀이 중심 교육 확대를 통해 누리 과정과의 연계성을 강화하고, 만 5세 유아들은 초기 문해력과 기초 학습 역량을 집중적으로 지원하기 위해 설정되었다.",35
2024,이채양명주,(梨蔡楊名株),축약,"‘이태원 참사, 채 상병 사망 사건, 양평 서울 간 고속 도로 노선 변경 의혹, 명품 가방 수수 의혹, 주가 조작 의혹’을 아울러 이르는 말. 특정 시기의 정치·사회적 담론에서 반복적으로 언급된 여러 사건을 한데 묶어 지칭하는 표현이다.",793
2024,이형두릅,(二形두릅),,두릅의 개량 품종 중 하나. 일 년 중 봄과 여름에 두 번 수확할 수 있는 것이 특징이다.,14
2024,익티오티탄세베르넨시스,(<영>ichthyotitan severnensis),,"중생대 트라이아스기 말기에 생존하였던 것으로 추정되는 거대 해양 파충류. 몸의 길이는 약 22~26미터로 추정되며, 지금까지 알려진 해양 파충류 가운데 가장 큰 종류로 평가된다.",1
2024,인류뽕,(人類<일>←hiropon),합성,인류애나 세계적 연대 의식 등을 느꼈을 때의 감정을 과장하여 속되게 이르는 말.,2
2024,인솔밴드,(引率<영어>band),,여러 사람을 이끌고 갈 때 사용하는 밴드. 주로 어린이집이나 유치원에서 아이들을 안전하게 인솔하기 위해 사용한다.,1
2024,인스타그래니,(<영>instagranny),차용,‘인스타그램’을 사용하는 할머니를 이르는 말. 누리 소통망 서비스(SNS)인 ‘인스타그램(Instagram)’과 할머니를 뜻하는 영어 단어 ‘그래니(granny)’를 결합하여 만든 말이다.,2
2024,인용답글,(引用答글),,특정 대댓글을 지정하여 응답한 글.,80
2024,인증쇼츠,(認證shorts),,어떤 일이나 경험이 사실임을 증명하기 위해서 만든 짧은 영상.,2
2024,인태대화,(印太對話),,"‘인도ㆍ태평양 대화’를 줄여 이르는 말. 인도ㆍ태평양 지역의 정세와 안보, 협력 과제 등을 논의하기 위해 양자 또는 다자 간 이루어지는 대화 협의체이다.",115
2024,임차인등록제,(賃借人登錄制),,"임차인이 임대차 계약의 내용을 공적 시스템에 직접 등록하는 제도. 임대차 시장의 투명성을 확보하고, 전세 사기 등으로부터 임차인을 보호하기 위한 방안으로 제안되었다.",56
2024,자랑질그램,(자랑질←Instagram),혼성,"외모나 재력, 생활 방식 등을 자랑하기 위한 누리 소통망 서비스(SNS). 또는 그러한 게시물.",1
2024,자퇴각,(自退角),,스스로 학교를 그만두고 싶을 만한 상황이나 일.,1
2024,작먼귀,,축약,‘작고 먼지처럼 귀여움’을 줄여 이르는 말.,1
2024,잔수박,(殘수박),합성,겉으로 드러내는 태도와 속마음이 다른 사람들이 여전히 남아 있는 상황을 겉은 초록색이지만 속은 빨간색인 수박에 빗대어 비판적으로 이르는 말.,3
2024,장관런,(長官<영>run),,국무 장관이 스스로 책임져야 할 일을 피하는 모습을 비꼬아 이르는 말.,29
2024,재렉스,(財<영>←flex),혼성,"주식, 펀드, 암호 화폐 투자 등을 통해 미래를 위한 자산 관리를 하면서 명품 의류 구입이나 해외여행 등 현재의 가치와 만족 또한 중시하는 생활 방식. 투자 활동을 의미하는 ‘재테크(財tech)’와 과시적 소비를 뜻하는 ‘플렉스(flex)’를 결합하여 만든 말이다.",3
2024,저축템,(貯蓄<영>←item),합성,저축이나 절약에 도움을 주는 물건을 이르는 말. 주로 생활비를 기간별로 나누어 쓰도록 만든 수첩이나 상자 따위를 말한다.,1
2024,저출생세,(低出生稅),합성,"저출생 문제 해결을 위한 재원을 마련하고자 제안된 세금. 출산율 하락과 인구 감소가 사회 전반에 위기를 불러오자, 육아 지원 등에 필요한 예산을 확충하기 위해 논의되는 목적세 중 하나이다.",1
2024,전관용역,(前官用役),,공공 기관에서 퇴직한 고위 공직자가 소속된 업체가 수주하거나 수행하는 용역. 퇴직한 전관의 영향력이나 인맥을 기반으로 특정 용역 사업을 독점하거나 과점하는 행태를 비판적으로 이르는 표현이다.,16
2024,전세사기피해자법,(傳貰詐欺被害者法),,"전세 사기 피해를 당한 임차인의 주거권을 보장하기 위해 제정한 법률. 거주하고 있는 임차 주택의 우선 매수권을 부여하거나 장기 및 낮은 금리의 융자 지원, 피해 주택을 매입한 후 공공 임대 주택을 제공하는 방안 등이 포함된다. 정식 명칭은 ‘전세 사기 피해자 지원 및 주거 안정을 위한 특별법’이다.",459
2024,전투템,(戰鬪<영>←item),합성,실제 사용 환경에서 튼튼하고 편리한 물건을 비유적으로 이르는 말.,1
2024,젊공,(젊公),축약,‘젊은 공무원’을 줄여 이르는 말.,8
2024,제닌그라드,(Jeningrad),차용,팔레스타인 무장 세력이 이스라엘군을 대상으로 승리를 거둔 제닌 전투를 스탈린그라드 전투에 빗대어 이르는 말.,2
2024,제주남방밤달팽이,(濟州南方밤달팽이),합성,"제주도 남부 지역에 서식하는 밤달팽이의 하나. 주로 한라산 국립 공원 내에서 발견되는 고유종으로, 껍데기는 노르스름한 갈색에 얇고 반투명하며, 배꼽 모양의 작은 구멍이 있는 것이 특징이다.",12
2024,젠새너티,(Jensanity),차용,미국 기업 ‘엔비디아(NVIDIA)’의 최고 경영자인 젠슨 황(Jensen Huang)의 열광적 인기를 이르는 말.,14
2024,젤리쌈,(<영>jelly쌈),합성,얇게 펼친 젤리에 아이스크림 따위를 싸 먹는 간식.,6
2024,조비이락,(曺飛李落),합성,"조씨가 날면 이씨가 떨어진다는 뜻으로, 한 사람의 성공이 다른 사람의 실패로 이어짐을 비유적으로 이르는 말.",1
2024,조퇴런,(早退<영>run),,"학교나 직장에서 조퇴한 뒤 병원이나 맛집, 행사장 등 대기 시간이 긴 곳에 서둘러 가는 일. 또는 그곳에 사람이 몰리는 현상.",2
2024,존재지속심,(存在持續心),,존재를 계속 이어지게 하는 마음. 불교에서 한순간의 생각이 끝난 뒤 곧바로 다음 생각으로 이어지게 하는 마음의 작용을 이른다.,1
2024,졸리컷,(<프>joli<영>cut),,벽재나 타일의 모서리 단면을 사선으로 가공해 이어 붙이는 마감 방식의 하나. 주로 깔끔하고 미니멀한 인테리어 연출에 쓰인다.,20
2024,종북횡재,(從北橫財),,종북 세력이 뜻밖의 이익이나 혜택을 얻는 일을 비꼬아 이르는 말.,50
2024,종합방탄세트,(綜合防彈<영>set),,수사나 재판을 앞둔 사람이 책임을 피하기 위해 여러 수단을 한꺼번에 동원하는 것을 비유적으로 이르는 말.,19
2024,주가리튬비율,(株價<영>lithium比率),,"리튬 관련주의 급등 현상을 이르는 말. 리튬을 원재료로 하는 이차 전지 종목의 가격이 비정상적으로 오르자, 기존의 주가 수익 비율로는 설명하기 어렵다는 뜻에서 나온 표현이다.",6
2024,주가배터리비율,(株價<영>battery比率),,"배터리 관련주의 급등 현상을 이르는 말. 배터리 관련 종목의 가격이 비정상적으로 오르자, 기존의 주가 수익 비율로는 설명하기 어렵다는 뜻에서 나온 표현이다.",5
2024,주식가치연동현금,(株式價値連動現金),,기업에서 임직원에게 부여한 자사의 주식을 지급 시점의 주식 가격을 기준으로 계산하여 현금으로 지급하는 일.,6
2024,주저세대,(躊躇世代),,사회ㆍ경제적 상황으로 인해 결혼과 출산을 주저하는 세대.,5
2024,주죽야스,(晝竹夜<일>←sushi[壽司]),혼성,"정치적으로는 반일을 외치면서 실제로는 일본 여행이나 음식 등을 즐기는 모습을 풍자적으로 이르는 말. 낮에는 죽창가를 부르고, 밤에는 스시를 먹는다는 뜻에서 나온 표현이다.",28
2024,중간선론,(中間線論),접미 파생,두 나라 해안에서 같은 거리에 있는 중간선을 기준으로 해양 경계를 정해야 한다는 이론.,3
2024,중대범죄신상정보법,(重大犯罪身上情報法),,"국가, 사회, 개인에게 중대한 해악을 끼치는 특정 범죄에 대해 수사 및 재판 과정에서 피의자 신상 정보 공개의 대상과 절차를 규정한 법률. 국민의 알 권리를 보장하고 범죄를 예방하기 위해 제정되었다. 정식 명칭은 ‘특정 중대 범죄 피의자 등 신상 정보 공개에 관한 법률’이다.",14
2024,중심지역관서제,(中心地域官署制),,"치안 수요가 높은 곳을 중심 관서로 지정하여 집중적으로 운영하고, 나머지 관서는 최소한의 인력만으로 운영하는 제도.",15
2024,증빙어음,(證憑어음),,금전 거래 등의 사실을 증명하기 위해 발행된 어음.,4
2024,지갑비,(紙匣費),접미 파생,"불법 대부업자가 돈을 빌려주면서, 자신의 지갑을 대신 사용한다는 구실로 받는 부당한 비용.",38
2024,지구열대화,(地球熱帶化),,지구의 기온이 높아져 열대 기후 수준의 고온 상태에 이르는 현상.,614
2024,지국비국,(地國比國),축약,"‘지역구 의원은 국민의 힘 후보에, 비례 대표 의원은 국민의 미래 후보에 투표’를 줄여 이르는 말. 2024년 4월 10일에 실시된 대한민국 제22대 국회 의원 선거에서 나온 표현이다.",26
2024,지국비조,(地國比祖),축약,"‘지역구 의원은 국민의 힘 후보에, 비례 대표 의원은 조국 혁신당 후보에 투표’를 줄여 이르는 말. 2024년 4월 10일에 실시된 대한민국 제22대 국회 의원 선거에서 나온 표현이다.",96
2024,지기비소,(地棄比所),축약,"‘지역구 의원 투표는 기권하고, 비례 대표 의원 투표는 소신대로 함’을 줄여 이르는 말. 2024년 4월 10일에 실시된 대한민국 제22대 국회 의원 선거에서 나온 표현이다.",2
2024,지민비민,(地民比民),축약,"‘지역구 의원은 더불어민주당 후보에, 비례 대표 의원은 더불어민주연합 후보에 투표’를 줄여 이르는 말. 2024년 4월 10일에 실시된 대한민국 제22대 국회 의원 선거에서 나온 표현이다.",28
2024,지민비정,(地民比正),축약,"‘지역구 의원은 더불어민주당 후보에, 비례 대표 의원은 정의당 후보에 투표’를 줄여 이르는 말. 2024년 4월 10일에 실시된 대한민국 제22대 국회 의원 선거에서 나온 표현이다.",9
2024,지민비조,(地民比祖),축약,"‘지역구 의원은 더불어민주당 후보에, 비례 대표 의원은 조국혁신당 후보에 투표’를 줄여 이르는 말. 2024년 4월 10일에 실시된 대한민국 제22대 국회 의원 선거에서 나온 표현이다.",1664
2024,지방분권균형발전법,(地方分權均衡發展法),,지역 간 불균형을 해소하고 지역의 특성에 맞는 자립적 발전을 추진하기 위해 제정한 법률. 정식 명칭은 ‘지방 자치 분권 및 지역 균형 발전에 관한 특별법’이다.,510
2024,지역필수의사제,(地域必須醫師制),,의과 대학 입학생 중 일정 비율을 지역 인재 전형으로 선발하는 대신 졸업 이후 일정 기간 해당 지역에서 근무하도록 하는 제도. ‘계약형 지역 필수 의사 제도’를 줄여 이르는 말이다. =지역 필수 의사 제도.,960
2024,지역필수의사제도,(地域必須醫師制度),,의과 대학 입학생 중 일정 비율을 지역 인재 전형으로 선발하는 대신 졸업 이후 일정 기간 해당 지역에서 근무하도록 하는 제도. ‘계약형 지역 필수 의사 제도’를 줄여 이르는 말이다. =지역 필수 의사제.,90
2024,지차비소,地次比所,축약,"‘지역구 의원은 차선 또는 차악에 투표하고, 비례 대표 의원 투표는 소신대로 함’을 줄여 이르는 말. 2024년 4월 10일에 실시된 대한민국 제22대 국회 의원 선거에서 나온 표현이다.",2
2024,질병휴직심사제,(疾病休職審査制),,"질병 휴직 신청 시 별도의 심사 절차를 통해 그 필요성을 검토하도록 한 제도. 법적으로 규정된 제도가 아닌, 기관마다 임의적으로 시행하는 제도이다.",4
2024,집가락,,혼성,집게와 젓가락의 기능을 결합한 기구. 주로 긴 면이나 작은 반찬 등을 집을 때 사용한다.,5
2024,집단항명수괴죄,(集團抗命首魁罪),,"집단적으로 상관의 명령에 불복하는 행위를 주도하여, 그 우두머리 역할을 한 군인 또는 군무원 등의 준군인에게 적용되는 군 형법상의 죄.",189
2024,집단항명죄,(集團抗命罪),,군인 또는 군무원 등의 준군인이 무리를 지어 상관의 정당한 명령에 반항하거나 복종하지 않을 때 적용되는 군 형법상의 죄.,84
2024,짭투리,,혼성,실제 사투리 화자가 아닌 사람이 따라하거나 흉내 낸 사투리.,2
2024,쫀복이,,접미 파생,쫀득한 복숭아를 줄여 이르는 말. 일반적인 복숭아에 비해 과육이 부드러우면서 씹는 맛이 있는 것이 특징이다.,15
2024,찐명일색,(眞▽明一色),합성,특정 집단이 친이재명계 인사로만 이루어진 상태.,2
2024,찐명횡재,(眞▽明橫財),합성,"친이재명계 인사들이, 공직 인사 등의 과정에서 뜻밖의 큰 이익을 얻는 상황을 이르는 말.",43
2024,찐윤무사,(眞▽尹無事),합성,친윤석열계 인사가 무사히 공천을 받은 상황을 이르는 말.,4
2024,차일드페널티,(<영>child penalty),,임금이 줄어들거나 승진이 어려워지는 등 출산한 여성이 노동 시장에서 받게 되는 불이익을 이르는 말.,102
2024,채상병법,(蔡上兵法),합성,2023년 예천군 수해 실종자 수색 작전 중 순직한 채 상병과 관련된 수사 방해 의혹 등을 밝히기 위해 특별 검사를 임명하도록 한 법률. 정식 명칭은 ‘순직 해병 수사 방해 및 사건 은폐 등의 진상 규명을 위한 특별 검사의 임명 등에 관한 법률’이다. =채상병 특검법.,20
2024,채상병특검법,(蔡上兵特檢法),,2023년 예천군 수해 실종자 수색 작전 중 순직한 채 상병과 관련된 수사 방해 의혹 등을 밝히기 위해 특별 검사를 임명하도록 한 법률. 정식 명칭은 ‘순직 해병 수사 방해 및 사건 은폐 등의 진상 규명을 위한 특별 검사의 임명 등에 관한 법률’이다. =채상병법.,2000
2024,채소런,(菜蔬<영>run),,한정 수량으로 판매되는 채소를 사기 위해 서둘러 가는 일. 또는 그곳에 사람이 몰리는 현상.,2
2024,책태기,(冊怠期),접미 파생,책 읽기에 흥미를 잃고 싫증을 느끼는 시기.,4
2024,철도지하화통합개발법,(鐵道地下化統合開發法),,철도를 지하화하고 철도 부지와 주변 지역을 개발하여 공공 복리를 증진하고자 제정된 법률. 정식 명칭은 ‘철도 지하화 및 철도 부지 통합 개발에 관한 특별법’이다.,148
2024,청정경제협정,(淸淨經濟協定),,"인도 태평양 경제 프레임워크 참여국들이 에너지 전환, 온실가스 감축 등 청정 에너지 분야에서 협력하기 위해 맺은 협정.",175
2024,체이스퍼,(<영>▼chase←percent),축약,"야구에서, 타자가 스트라이크 존 바깥의 공에 스윙한 비율.",2
2024,초격차기술특례,(超隔差技術特例上場),,국가 차원에서 육성이 필요한 첨단 기술 보유 기업을 빠르게 상장할 수 있도록 마련한 제도.,196
2024,초광역특별시,(超廣域特別市),,"인접한 자치 단체 간의 행정 기능 및 지역 자원을 통합하여, 하나의 대규모 광역권 형태로 운영하기 위해 제안된 새로운 형태의 자치 단체 명칭.",26
2024,초일가점,(初日加點),,"공모주 수요 예측에서, 첫날 주문을 넣은 기관 투자자에게 가산점을 주는 제도.",38
2024,초저온회복처치기,(超低溫回復處置機),,액화 질소 등으로 몸을 영하의 온도에 잠시 노출시켜 피로 회복을 돕는 장치.,50
2024,추구미,(追求美),합성,스스로 추구하는 미적 기준이나 스타일.,304
2024,췌도부전증,(膵島不全症),,췌장에서 인슐린을 만드는 세포가 제 기능을 하지 못해 혈당 조절이 어려워지는 병.,77
2024,치킨노조법,(<영>chicken勞組法),,‘가맹 사업 거래의 공정화에 관한 법률’의 개정안을 비판적으로 이르는 말. 프랜차이즈 가맹점주 단체에 노동조합과 같은 교섭권을 부여한 개정안이 점주에게만 유리하다고 평가된 데서 비롯한 표현이다.,2
2024,칼틀막,,축약,‘칼로 틀어막다’를 줄여 이르는 말. 위협적인 언행으로 다른 사람의 비판이나 의견 표출을 억압하는 일을 비유적으로 이르는 말이다.,502
2024,캐리오버템,(<영>▼carryover←item),합성,"한 시즌이 지나도 계속 판매되는 기본 상품을 이르는 말. 주로 특정 브랜드의 로고 티셔츠나 셔츠, 청바지 등을 말한다.",12
2024,캐시펍,(<영>▼cash pub),,"카드 게임과 음주가 가능한 술집으로 가장하지만, 칩을 현금으로 바꾸어 주는 불법 도박 업소.",5
2024,커피크닉,(<영>▼coffee←picnic),혼성,야외에서 커피를 마시며 여유를 즐기는 일.,16
2024,컨셔슈머,(<영>▼←consious consumer),혼성,"환경, 건강, 윤리 등의 자신이 중요하게 생각하는 가치에 따라 물건을 구매하는 소비자.",36
2024,케이인니팝,(K印尼pop),합성,케이팝에 인도네시아 대중음악이 결합된 음악 장르. 강렬하고 힙한 사운드와 중독성 있는 멜로디가 특징이다.,59
2024,코스피이백위클리커버드콜에이티엠지수,(KOSPI二百weekly covered call ATM指數),,"코스피 200 지수에 기반하여 주간 단위로 계산되는 금융 지수. 코스피 200 지수를 현물로 매수하는 동시에, 코스피 200 옵션 시장에 상장된 가장 가까운 만기의 ATM(At-the-Money) 콜옵션을 매도하는 '커버드 콜 매도 전략'을 주간 단위로 실행하여 산출된다.",0
2024,쾌룡적,(快龍的),접미 파생,외모나 재주 등이 아주 우세하여 남을 능가할 만한. 또는 그런 것. =폭룡적.,0
2024,쿠키컷,(<영>▼cookie cut),,"쿠키 틀에서 쿠키를 찍어내는 것처럼, 특정 디자인 등을 반복해 구조물을 건축하는 공법.",120
2024,클린임대인제도,(<영>clean賃貸人制度),,"서울시가 임차 주택의 권리 관계와 임대인의 신용 정보 등을 확인해, 안심하고 거래할 수 있는 매물임을 인증하는 제도. =클린 임대제.",162
2024,클린임대제,(<영>clean賃貸度),,"서울시가 임차 주택의 권리 관계와 임대인의 신용 정보 등을 확인해, 안심하고 거래할 수 있는 매물임을 인증하는 제도. =클린 임대인 제도.",2
2024,키슐랭,(<영>▼←kids Michelin),혼성,"아동과 가족의 방문을 환영하는 식당 및 카페. 아동 친화적인 외식 문화를 지원하기 위해 서울 성동구에서 만든 ‘아이사랑 맛집’ 인증 제도로, ‘미슐랭(Michelin)’과 ‘키즈(kids)’를 결합하여 만든 말이다.",11
2024,킥스테이지,(<영>kick stage),,로켓 발사체에서 위성이나 탐사체를 최종적으로 정밀 궤도에 배치하기 위해 사용되는 엔진 모듈.,20
2024,킹무직,(<영>king務職),혼성,직업 안정성이 높고 급여나 복지 등의 처우가 좋은 공무직 또는 대기업 사무직을 비유적으로 이르는 말. 왕을 의미하는 ‘킹(king)’과 ‘사무직(事務職)’을 결합하여 만든 말이다.,2
2024,탄핵만능주의,(彈劾萬能主義),,탄핵을 통해 모든 정치적 문제를 해결할 수 있다고 믿는 태도.,46
2024,탄핵만능주의자,(彈劾萬能主義者),,탄핵을 통해 모든 정치적 문제를 해결할 수 있다고 믿거나 주장하는 사람.,30
2024,탈쿠팡족,(脫Coupang族),접미 파생,쿠팡의 서비스 이용 요금 인상으로 인해 쿠팡 구독 서비스를 중단한 사람. 또는 그런 무리.,32
2024,탈팡족,(脫←Coupang族),접미 파생,‘탈쿠팡족’의 준말.,33
2024,탈핑크타이드,(脫<영>pink tide),,"남아메리카에서 1990년대 말부터 20여 년간 온건 사회주의 정당이 연속해서 집권한 정치적 흐름에서 벗어나, 보수 정권이 집권하게 되는 흐름.",2
2024,텀꾸,(<영>←tumbler꾸),축약,"‘텀블러 꾸미기’를 줄여 이르는 말. 다양한 색의 스티커, 키링, 스트랩 등을 이용해 텀블러를 꾸미는 행위를 말한다.",49
2024,테무깡,(Temu깡),혼성,중국의 전자 상거래 플랫폼인 ‘테무’에서 물건을 대량으로 구매한 뒤 이를 개봉하는 영상 콘텐츠. 또는 이러한 영상 콘텐츠를 업로드하는 행위. 구독자 수와 클릭 수를 쉽게 늘려 곧바로 수익을 얻는 현상을 ‘카드깡’에 빗대어 이르는 말이다.,95
2024,테무지옥,(Temu地獄),,상품의 가격이 낮은 중국의 전자 상거래 플랫폼인 ‘테무’에서 물건을 계속해서 구매하는 행위를 영원히 빠져나올 수 없는 지옥에 빗대어 이르는 말.,15
2024,테무차단법,(Temu遮斷法),,"‘테무’와 ‘알리익스프레스’ 등 중국의 전자 상거래 플랫폼의 가품 판매, 성인용품 노출, 마약성 의약품 같은 불법 제품 유입 등의 부작용을 막기 위해 미국, 영국, 프랑스에서 도입을 논의 중인 법안.",3
2024,토마토뿔나방,(<영>tomato뿔나방),합성,"뿔나방과의 곤충. 성충의 몸길이는 7mm 정도이며, 회색 비늘에 날개 앞면에 검은 점이 있다. 잎, 줄기, 꽃, 과일 등을 먹고 산다.",133
2024,통공매,(통公賣),합성,법률에 의해서 공공 기관이 강제적으로 아파트 단지나 상가 따위의 전체를 처분하여 돈으로 변환하는 일.,4
2024,통꾸02,(通꾸),축약,‘통장 꾸미기’를 줄여 이르는 말. 돈을 열심히 벌어 통장에 모으는 행위를 말한다.,2
2024,통뼈캐슬,(통뼈<영>castle),,부실 시공된 아파트를 비하하여 이르는 말. 롯데건설에서 지은 한 아파트에서 철근이 콘크리트 밖으로 돌출되면서 붙여진 이름이다.,124
2024,투어플레이션,(<영>tourflation),차용,"유명 가수들의 콘서트 투어로 인해 해당 지역의 호텔, 식당 등의 수요가 급증해 물가가 치솟는 현상.",23
2024,트리플벌이,(<영>triple벌이),합성,부부가 합해서 세 개의 직업을 가지고 돈을 벎. 또는 그런 일.,4
2024,틱톡강제매각법,(Tiktok?制賣却法),,"중국계 기업에서 소유한 틱톡의 미국 내에서의 서비스 유지 조건으로 270일 이내에 미국 사업권을 매각하도록 강제하고, 이를 이행하지 않을 경우 미국 내에서의 틱톡의 유통 및 업데이트가 전면 금지된다는 내용을 담은 법률. 2024년 4월 24일 조 바이든 미국 대통령의 서명 및 공포로 정식 법률로 확정되었다.",258
2024,파묘들다,(破墓들다),혼성,24년 2월에 개봉한 영화인 ‘파묘’의 매력에 빠지다. ‘파묘’와 ‘스며들다’를 결합하여 만든 말이다.,5
2024,파틀막,,축약,"‘파를 가지고 오는 것을 틀어막다’를 줄여 이르는 말. 제22대 국회의원 선거 투표장에 대파를 반입할 수 없게 선관위에서 금지한 일로, 제20대 대통령 윤석열이 대파의 가격을 시장가보다 매우 낮게 발언한 것에 반발한 유권자들이 투표장에 대파를 들고 간 것에서 비롯되었다.",484
2024,패낳괴,(<영>←passive낳怪),축약,‘패시브가 낳은 괴물’을 줄여 이르는 말. 패시브 펀드의 매수 흐름이 과열되어 실제 종목의 가치와 괴리가 발생하는 종목을 비유적으로 일컫는다.,22
2024,펫파킹,(<영>▼pet parking),,반려동물의 목줄을 고리로 걸어 동물을 대기시키는 장소.,16
2024,편법휴진,(便法休診),,개원의가 휴진 신고를 하지 않은 채로 자리를 비워 진료를 하지 않거나 오전에 소수의 환자만을 진료하는 행위. 윤석열 정부의 의대 정원 증원에 반대하며 일어난 시위의 하나이다.,11
2024,평화누리특별자치도,(平和누리特別自治道),합성,공모를 통해 선정된 ‘경기북부특별자치도’의 명칭.,564
2024,포괄소득화,(包括所得化),,실제 벌어들인 소득뿐만 아니라 귀속 임대료 등과 같은 암묵적인 소득을 포함함.,22
2024,폭룡적,(爆龍的),접미 파생,외모나 재주 등이 아주 우세하여 남을 능가할 만한. 또는 그런 것. =쾌룡적.,88
2024,표준학급수,(標準學級數),,학급 당 교부금을 균등하게 산정하기 위해 실제 학급의 수가 아니라 학생의 수를 기준으로 하여 학급의 수를 계산하는 방식.,1
2024,표틀막,(票틀막),축약,‘표를 틀어막다’를 줄여 이르는 말. 법안을 부결시키기 위해서 당에 소속된 국회의원들의 투표권을 행사하지 못하게 압박을 넣는 행위를 이르는 말이다.,76
2024,푸드큐아르,(<영>food QR),,식품에 대한 자세한 정보가 담긴 큐아르 코드. 식품을 고유하게 구분하기 위한 상품 식별 코드와 해당 식품에 관한 다양한 정보로 연결되는 인터넷 주소가 포함되어 있다. =푸드 큐아르 코드.,0
2024,푸드큐아르코드,(<영>food QR code),,식품에 대한 자세한 정보가 담긴 큐아르 코드. 식품을 고유하게 구분하기 위한 상품 식별 코드와 해당 식품에 관한 다양한 정보로 연결되는 인터넷 주소가 포함되어 있다. =푸드 큐아르.,0
2024,푹스디스트로피,(Fuchs<영>dystrophy),,각막 내피세포의 점진적인 손상 및 감소로 각막 부종과 시력 손실을 유발하는 유전성 안과 질환.,16
2024,푼타데바카스잎귀쥐,(Punta de Vacas잎귀쥐),합성,"쥣과의 하나. 해발 고도 6,000미터 이상의 고도에서 서식하여 현재 발견된 포유류 중 가장 높은 고도에서 서식하는 포유류이다.",2
2024,풀더빙툰,(<영>▼full dubbing←cartoon),,등장인물의 대사 전체에 성우의 목소리를 더하여 녹음한 웹툰.,3
2024,플러그엔비,(<영>pluggnb),차용,힙합의 하위 장르인 플러그와 아르 엔 비가 결합한 음악 장르. 몽환적인 음악 스타일이 특징이다.,82
2024,플레우로시스티티드,(<라>pleurocystitid),차용,"극피동물문에 속하는 해저 동물. 크기는 10㎝ 정도이며, 약 4억 5천만 년 전 바다 밑바닥에서 서식하였다.",2
2024,피드블록,(<영>feed block),,난연성 스티로폼을 첨가하여 블록의 형태로 가공한 갈색거저리의 애벌레인 밀웜의 먹이.,4
2024,피코플레어,(<영>picoflare),합성,태양에서 발생하는 가장 큰 플레어의 약 1조분의 1만큼의 에너지를 가진 플레어. 피코는 약 10의 12승(1조)을 의미하는 단위이다.,3
2024,피코플레어제트,(<영>picoflare jet),,태양에서 발생하는 가장 큰 플레어에 비해 에너지가 약 1조분의 1에 불과한 소규모 플레어에서 나오는 제트 기류. 피코는 약 10의 12승(1조)을 의미하는 단위이다.,2
2024,필수의료유지명령,(必須醫療維持命令),,"국민의 생명권과 건강 보호를 위해, 정부가 의료 기관에 필수 진료를 중단하지 않도록 강제하는 행정 명령. 2024년 의과 대학 입학 정원 확대에 반발하여 전공의들이 집단 연가를 신청하자 발령되었다.",599
2024,필수의료패키지,(必須醫療<영>package),,"생명과 직결되는 필수 의료에 대한 접근성을 높이기 위해 도입한 네 가지 핵심 과제인 ‘의료 인력 확충, 지역 의료 강화, 의료 사고 안정망 구축, 보상 체계 공정성 확보’를 이르는 말.",2000
2024,하이볼족,(highball族),접미 파생,하이볼을 즐겨 마시는 사람. 또는 그런 무리.,2
2024,학교폭력전담조사관,(學校暴力專擔調査官),,"학교 폭력 사건을 전담하여 전문적으로 조사하고 처리하는 조사관. 교사의 업무 부담을 줄이고 학생과 학부모의 신뢰를 높이며, 조사 과정의 공정성과 전문성을 확보하는 역할을 한다.",2000
2024,학교폭력전담조사관제,(學校暴力專擔調査官制),,"학교 폭력 사건을 전문적으로 조사하고 처리하기 위하여 전담 조사관을 두는 제도. 교사의 업무 부담을 줄이고 학생과 학부모의 신뢰를 높이며, 조사 과정의 공정성과 전문성을 확보하기 위하여 도입되었다.",456
2024,한우법,(韓牛法),합성,"탄소 중립 실현과 기후 변화 대응을 위한 축산 환경의 전환, 한우 산업의 경쟁력 강화를 위해 제정한 법률. 정식 명칭은 ‘탄소 중립에 따른 한우 산업 전환 및 지원에 관한 법률’이다. =한우 사업법.",579
2024,한우사업법,(韓牛事業法),,"탄소 중립 실현과 기후 변화 대응을 위한 축산 환경의 전환, 한우 산업의 경쟁력 강화를 위해 제정한 법률. 정식 명칭은 ‘탄소 중립에 따른 한우 산업 전환 및 지원에 관한 법률’이다. =한우법.",4
2024,한토컴,(韓<영>←TOEIC computer),축약,"취업에서 요구되는 ‘한국사 능력 검정 시험’, ‘토익’, ‘컴퓨터 활용 능력 시험’ 셋을 아울러 이르는 말.",1
2024,합가보류,(合家保留),,결혼 이후 혼인 신고를 바로 하지 않고 나중으로 미루어 둠.,10
2024,핫끈하다,(<영>hot끈하다),혼성,맵고 뜨거운 음식을 먹어 몸이 달아오르는 느낌이 있다. 영어 단어 ‘핫(hot)’과 ‘화끈하다’가 결합한 말이다.,0
2024,항로표지식별장치,(航路標識識別裝置),,배가 항로에 따라 안전하게 항해하도록 돕기 위해 해상이나 육상에 설치된 표식 장치.,1
2024,해밑섬,,합성,"일본을 이르는 순우리말. 일본의 일(日)은 우리말 ‘해’이며, 본(本)은 우리말 ‘밑’이다.",5
2024,해병대원특검법,(海兵隊員特檢法),,해병대 제1사단 소속 일병의 사망 사고와 관련된 수사 과정에서 일어난 수사 방해 또는 은폐 의혹을 해소하기 위해 제정된 특검법. 정식 명칭은 ‘순직 해병 수사 방해 및 사건 은폐 등의 진상 규명을 위한 특별 검사의 임명 등에 관한 법률안’이다.,2000
2024,해풍법,(海風法),합성,해상 풍력 사업 절차를 정부 주도 방식으로 단순화하고 신속히 추진하기 위해 제정된 법안. 정식 명칭은 ‘해상풍력 보급 촉진 및 산업 육성에 관한 특별법’이다.,42
2024,핸들밥,(<영>handle밥),합성,"핸들로 번 수입으로 먹는 밥이라는 뜻으로, 운전으로 꾸리는 생계를 비유적으로 이르는 말.",2
2024,행동후성유전학,(行動後成遺傳學),,"개인의 행동 및 경험이 유전자 발현을 활성시키거나 패턴을 변화시키고, 이것이 다음 세대로 유전되는 현상을 연구하는 학문.",9
2024,행복분기점,(幸福分岐點),,"개인이나 사회의 행복 수준이 크게 달라지는 지점이나 시기. 소득과 관련하여, 일정 소득 수준 이하에서는 소득이 증가함에 따라 행복이 증가하지만, 일정 소득 수준 이상을 넘으면 행복 증가 효과가 정체되는 지점을 이른다.",1
2024,행정카르텔,(行政<독>Kartell),,행정 기관이 자신들만의 이익을 극대화하기 위하여 서로 협력하는 행위. 또는 그런 집단.,2
2024,향기멍,(香氣멍),합성,"꽃, 향수 따위에서 나는 좋은 냄새를 멍하니 맡으며 시간을 보내는 일.",1
2024,헥사하이드로칸나비헥솔,(<영>hexahydrocannabihexol),차용,대마초의 주요 향정신성 성분인 테트라하이드로칸나비놀과 구조적으로 유사한 합성 화합물.,6
2024,헬스테리어족,(<영>health←interior族),접미 파생,세련된 디자인과 작은 크기로 된 헬스케어 제품으로 인테리어를 하는 사람. 또는 그런 무리.,1
2024,현금바인더,(現金<영>binder),,과소비를 막기 위해 현금을 분류하여 보관해 두는 물건.,122
2024,현기까,(←Hyundai←Kia까),혼성,현대 자동차와 기아 자동차에 대해 맹목적이고 비합리적으로 비난하는 사람.,2
2024,현미무스,(玄米<프>mousse),합성,"현미에 생크림과 설탕, 버터 등을 넣고 저어 부드럽게 만든 음식. 주로 빵의 속에 넣거나 올려 먹는다.",2
2024,현생공감,(現生共感),,현실적인 삶과 관련된 예시에 대해 자기도 그렇다고 느낌. 또는 그렇게 느끼는 기분.,18
2024,혐오밈,(嫌惡<영>meme),,특정 대상을 싫어하고 미워하는 내용을 담은 인터넷 밈.,4
2024,협수용강,(協水龍江),축약,"‘협성 대학교, 수원 대학교, 용인 대학교, 강남 대학교’를 아울러 이르는 말. 각 학교명의 첫 글자를 조합해 만든 말이다.",1
2024,협틀막,(協틀막),축약,‘협치를 틀어막다’를 줄여 이르는 말. 여야가 정치적으로 협력하지 않는 상황을 이르는 말이다.,1
2024,호랑무늬딱총새우,(虎狼무늬딱銃새우),합성,딱총새웃과의 갑각류. 몸은 5㎝ 정도이며 호랑이 무늬를 연상시키는 얼룩무늬가 있다. 주로 열대 및 아열대 바다에서 서식한다.,37
2024,호모프롬프트,(<라>homo<영>prompt),,생성형 인공 지능과의 상호 작용을 통해 최적의 프롬프트를 생산하는 인간. 라틴어 ‘호모’와 영어 ‘프롬프트’를 결합하여 만든 말이다.,328
2024,호주런,(濠洲<영>run),,정치적 책임이나 수사를 피하기 위해 호주로 도망을 치는 모습을 비꼬아 이르는 말.,77
2024,혼쭐러,(혼쭐<영>←er),접미 파생,잘못된 소비 습관에 대하여 호되게 나무라는 사람.,2
2024,홀인투,(<영>hole in two),합성,"골프에서, 티 샷 이후 두 번째에 친 공이 홀에 들어가는 일.",8
2024,홈태교,(<영>home胎敎),합성,임신부가 집에서 편안하게 할 수 있는 태교. 외부 교육 프로그램이나 여행 등을 하지 않고도 집이나 일상 속에서 태아와 교감하는 일을 이른다.,11
2024,환절통,(換節痛),합성,계절이 바뀔 때 발생하는 몸이나 마음에 발생하는 통증.,1
2024,환형유치율,(換刑留置率),,벌금이나 과료를 내지 못하는 사람을 노역장에 유치하는 등의 환형이 실행되는 비율.,3
2024,활성뇌,(活性腦),합성,"외부에서 자극이 들어올 때 사용되는 뇌. 효율, 이성, 의식, 논리 등에 영향을 미친다.",1
2024,회생저항장치,(回生抵抗裝置),,전동 시스템에서 발생한 회생 전력을 열로 변환시켜 전력 계통의 손상을 방지하고 시스템의 안정을 확보하는 전력 전자 장치.,1
2024,휴식뇌,(休息腦),합성,"외부 자극에서 벗어나 휴식할 때 사용되는 뇌. 공감, 정서, 무의식, 직관, 창의력 등에 영향을 미친다.",1
2024,흔싸귀비,(흔싸貴비),축약,‘흔하면 싸고 귀하면 비싸다’를 줄여 이르는 말.,3
2024,희소비만증,(稀少肥滿症),,유전적·내분비적 이상 등으로 인해 포만감을 느끼지 못해 식욕이 제어되지 않아 발병하는 비만증.,8
2024,히어로노믹스,(<영>▼hero←economics),혼성,트로트 가수 임영웅으로 인해 파생되는 경제적 효과를 이르는 말. 임영웅의 이름 ‘영웅’을 영어로 표기한 ‘히어로’와 ‘노믹스’가 결합한 말이다.,98
