최초 출현 연도,색인표제어,원어,단어 형성법,뜻풀이,용례,빈도
2020,각자도생주의,(各自圖生主義),합성,제각기 살아갈 방법을 꾀하는 태도나 경향.,¶O 위원장은 자유 무역주의와 상생을 바탕으로 했던 세계 무역이 코로나19로 인해 보호 무역주의와 {각자도생주의로} 전환될 것이라고 예측했다.,14
2020,감염병특별관리지역,(感染病特別管理地域),,감염병의 확산을 막기 위해 통상적인 수준보다 더 강한 방역 조치와 관리가 이루어지는 지역. 특정 지역을 중심으로 코로나19가 확산되기 시작하던 단계에서 효율적으로 방역 활동을 하기 위해 적용되었다.,¶O 국무총리는 신종 감염병의 방역과 관련하여 “OO 지역을 {감염병 특별 관리 지역으로} 지정해 더 높은 단계의 방역 조치를 취하겠다.”라고 발표했다.,310
2020,거스름돈계좌적립서비스,(거스름돈計座積立<영>service),,현금으로 계산한 후 거슬러 받은 돈을 구매자의 은행 계좌로 곧바로 입금해 주는 서비스. =잔돈 계좌 적립 서비스.,¶한국은행은 {거스름돈 계좌 적립 서비스가} 시행되면 동전 발행과 유통에 드는 비용이 한층 감소될 것이라고 전망했다.,12
2020,건식세차장,(乾式洗車場),,"물을 이용하지 않고 에어건, 진공청소기 따위로 세차를 하는 세차장.",¶최근 OO 아파트는 지하 주차장 내 에어 건과 진공청소기를 설치한 {건식 세차장이} 마련되면서 환경과 입주민의 편의라는 두 마리 토끼를 잡았다는 평을 받고 있다.,79
2020,게이밍숍,(<영>gaming shop),,게임 용품을 체험해 보고 구매할 수 있는 가게.,"¶{게이밍 숍에서는} 실제로 판매하는 키보드, 마우스, 헤드셋 등을 이용해 소비자들이 피시방처럼 게임을 직접 해 볼 수 있다.",22
2020,격리생활시설,(隔離生活施設),,감염병 환자 혹은 감염병 검사 결과를 기다리는 사람이 사회와 분리된 채 일상적인 생활을 할 수 있도록 마련한 시설. 코로나19의 확산을 막기 위해 증상이 나타나거나 의심되는 사람들을 사회로부터 떼어 놓고 생활하도록 만들어 놓은 시설이다.,¶정부는 감염병 확산을 차단하기 위해 해외 입국자들이 증상이 없더라도 감염병 검사 결과를 통보 받을 때까지 우선 {격리 생활 시설에} 거주해야 한다는 방침을 세웠다.,310
2020,공감소비운동,(共感消費運動),,"경제적 어려움을 겪는 소상공인 및 취약 계층에 공감대를 형성하면서 이들에게 경제적으로 도움을 주려는 사회적 운동. 코로나19의 확산으로 인해 지역 경제가 어려워지자 기독교계에서 시작한 운동으로, 부활절 헌금을 온누리 상품권으로 바꾸어 교인들에게 나누어 주고 전통 시장이나 지역 상가에서 물품을 산 후 물품이 필요한 취약 계층에게 전달하는 방식이다.",¶OO 교회는 부활절 현장 예배 대신 {공감 소비 운동을} 전개할 것을 제안하였다.,60
2020,공공생활권,(公共生活圈),,"사회 구성원들이 일상적으로 두루 활동하는 범위. 전통 시장, 공원, 광장, 버스 정류장, 관광 시설, 역사 주변 따위가 해당된다.",¶OO시는 {공공 생활권} 전역에서 무료 와이파이를 사용할 수 있는 서비스를 개시하였다.,310
2020,공공선별진료소,(公共選別診療所),,"정부에서 사람들이 감염 여부를 검사받을 수 있도록 마련한 진료소. 코로나19의 확산으로 인해, 증상 유무나 역학적 연관성에 관계없이 누구나 감염 여부를 검사받을 수 있도록 만들어진 의료 시설이다.",¶OO시는 감염병이 재확산되자 {공공 선별 진료소를} 마흔 개에서 백 개 이상으로 확대하였다.,33
2020,공공재정환수제도,(公共財政還收制度),,정당하지 않은 방법으로 구축한 정부의 재정을 도로 거두어들이는 제도.,¶올해부터 시행되는 {공공 재정 환수 제도로} 원래 사용 목적과 다르게 사용되거나 허위ㆍ과다 청구된 ‘눈먼 나랏돈’이 사라질 전망이다.,310
2020,공기단백질,(空氣蛋白質),합성,"공기 중에 포함된 이산화 탄소, 질소, 산소 따위를 이용하여 만드는 단백질.","¶세포 배양을 통해 만든 육고기, {공기단백질} 등 첨단 푸드 테크가 미래 식량난을 해결하기 위한 방안으로 떠오르고 있다.",30
2020,공동주택사육허가제,(共同住宅飼育許可制),,"아파트, 연립 주택 따위의 공동 주택 내에서 맹견을 기르고자 할 때, 정부의 허가를 받도록 하는 제도.",¶정부는 맹견에 의한 물림 사고를 예방하기 위해 2022년까지 {공동 주택 사육 허가제를} 도입할 계획이다.,26
2020,공유식기,(共有食器),,"공동으로 대여하여 사용하는 일인용 식판, 수저, 컵 따위의 식기구.",¶여러 번 사용할 수 있는 {공유 식기를} 통해 무분별하게 낭비되는 일회용품을 대체할 수 있을 것으로 기대된다.,20
2020,공익기능증진직불금,(公益機能增進直拂金),,"농업, 어업 활동을 통해 지역을 유지하고 환경을 보전하는 등 사회 구성원 모두가 누릴 수 있는 편익을 높이기 위해 생산자에게 정부가 직접 보조하여 주는 돈.",¶기존에 쌀과 대규모 농가에만 지급이 편중되어 있던 {공익 기능 증진 직불금이} 올해부터는 모든 작물 및 중ㆍ소규모 농가를 대상으로 확대하여 지급된다.,32
2020,공익기능증진직불제,(公益機能增進直拂制),,"농업, 어업 활동을 통해 지역을 유지하고 환경을 보전하는 등 사회 구성원 모두가 누릴 수 있는 편익을 높이기 위해 생산자에게 정부가 직접 보조금을 주는 제도.","¶농림 축산 식품부는 {공익 기능 증진 직불제의} 시행으로 보조금이 확대되면서 농가의 양극화 해소, 농가 소득 증진 등의 효과가 기대된다고 밝혔다.",95
2020,공적마스크,(公的<영>mask),,"정부가 수급을 관리하는 마스크. 코로나19의 확산으로 마스크 품귀 현상이 발생함에 따라, 마스크 공급 문제를 해결하기 위해 생산량의 대부분을 정부에서 구매하여 공적 판매처를 통해 판매한 마스크이다.","¶정부가 약국ㆍ우체국 등을 통해 1개당 1500원, 1인당 5장 한정으로 {공적 마스크를} 판매한다고 발표했다.",310
2020,공적마스크제도,(公的<영>mask制度),,"공적 마스크 보급과 관련하여 만든 제도. 코로나19의 확산으로 마스크 품귀 현상이 발생함에 따라 정부에서 공적 마스크를 유통하기로 하고, 공적 마스크를 구매할 수 있는 날짜 및 장소, 구매량을 정한 제도이다. 2020년 2월 27일부터 시행되었고 이후 마스크 수급이 안정되자 2020년 7월 11일부로 폐지되었다.",¶{공적 마스크 제도는} 요일별 마스크 5부제를 적용해 인당 구매 수량을 정함으로써 수급을 안정하는 결과를 낳았다.,310
2020,공적판매처,(公的販賣處),,"공적 마스크를 판매하는 장소. 또는 그 기관. 코로나19의 확산으로 마스크 품귀 현상이 나타나자 정부에서 공적 마스크 제도를 시행하면서 공적 마스크 판매를 지정한 장소이다. 일부 약국 및 의료 기관, 우체국, 공영 홈쇼핑 등이 이에 해당한다. =마스크 공적 판매처.",¶정부가 공급하는 마스크 500만 개는 약국ㆍ우체국 등의 {공적 판매처를} 통해 구매할 수 있다.,310
2020,공정신호등,(公正信號燈),,"영화의 상영관 점유율에 따라 색깔을 달리하여 표시하는 전산 시스템. 영화별 상영관 점유 상황을 관객들에게 안내하기 위한 시스템으로, 상영관 독과점을 방지하기 위해 도입되었다. 특정 영화의 점유율이 40%를 넘어가면 노란색으로, 50%를 넘어가면 빨간색으로 나타낸다.",¶O 씨는 “{공정 신호등의} 도입으로 다양한 영화가 공존할 수 있는 환경이 조성되기를 기대한다.”라고 말했다.,55
2020,관내득표,(管內得票),,"사전 투표 시, 사전 투표소가 설치되어 있는 구, 시, 군에 주소를 둔 관내 선거인으로부터 얻은 찬성표.",¶O 후보는 {관내 득표로는} 과반수 이상을 획득하며 O 후보를 앞섰다.,80
2020,관외득표,(管外得票),,"사전 투표 시, 사전 투표소가 설치되어 있는 구, 시, 군 밖에 주소를 둔 관외 선거인으로부터 얻은 찬성표.",¶O 후보는 “아직 {관외 득표를} 합산하지 않았으므로 승부를 단정 짓기 어렵다.”라며 사전 투표 중간 집계 결과에 대해 말을 아꼈다.,100
2020,교섭단체전권주의,(交涉團體專權主義),,교섭 단체가 그들의 권력을 통해 국회 운영의 의사 결정을 좌지우지하는 태도.,¶O 의원은 “국회가 올바르게 운영되기 위해서는 {교섭 단체 전권주의가} 청산되는 것이 우선되어야 한다.”라고 발언했다.,15
2020,교양툰,(敎養<영>←cartoon),합성,문화에 대한 깊은 지식 따위를 소재나 주제로 삼아 교양을 쌓는 데 도움을 주는 만화.,¶OO은 {교양툰이지만} 전공자도 책을 읽고 추천할 정도로 내용적 깊이가 있다.,20
2020,교육재난지원금,(敎育災難支援金),,전국적인 재난 사태로 인해 학교에서 정상적인 수업을 받지 못한 학생들에게 지원하여 주는 돈. 코로나19의 확산으로 학생들이 학교에 가지 못하고 가정에서 온라인 학습 등을 함에 따라 가정에 전가된 경제적 부담을 덜어 주기 위해 일부 지방 자치 단체에서 지급하는 교육 지원금이다.,¶OO시는 가계 부담을 덜기 위한 목적으로 전체 초ㆍ중ㆍ고등학생을 대상으로 1명당 10만 원씩의 ‘{교육 재난 지원금’을} 지급하기로 결정했다.,310
2020,국가기후비상사태,(國家氣候非常事態),,천재지변의 잦은 발생으로 인해 공공의 안녕 및 질서 유지가 힘들 정도로 국가가 혼란에 빠진 상태.,¶환경 단체 OO은 정부가 {국가 기후 비상사태를} 선언하고 기후 변화 재난에 대한 중장기적인 대책을 마련해야 한다고 주장했다.,60
2020,국가돌봄병원,(國家돌봄病院),,"재난 및 공공 보건 위기에 대응하기 위해 국가 차원에서 설립 및 운영하는 병원. 국군 병원, 경찰 병원, 보훈 병원 등 기존 공공 의료 시설의 연계 및 협력 체계를 중심으로 한다.","¶공공 의료 문제가 코로나19로 인해 다시 한번 화두로 떠오르며 문제를 해결하기 위한 한 방법으로 군, 소방, 경찰을 연결하는 {국가 돌봄 병원을} 구축하자는 논의가 있었다.",6
2020,국가연구개발혁신법,(國家硏究開發革新法),,중앙 행정 기관이 연구 개발을 위해 지원하는 사업에 대한 관리 규정을 체계적으로 바꾼 법. 기존의 복잡한 관리 규정을 간소화ㆍ체계화하는 것을 주요 골자로 하여 연구자가 행정 업무에 대한 부담 없이 연구에 전념할 수 있도록 하는 것이 목적이다. 2020년 6월 9일 제정되었고 2021년 1월 1일부터 시행되었다.,¶{국가 연구 개발 혁신법이} 시행되면서 연구자의 행정적 부담은 줄고 연구에 대한 책임과 자율이 강화되었다. 그만큼 혁신적인 성과를 도출해 내야 하는 연구자의 의무도 커졌다.,310
2020,국민내일배움카드,(國民來日배움<영>card),,직업 능력 개발 훈련이 필요한 사람들이 관련된 지원을 받을 수 있도록 정부에서 발급하는 카드.,"¶{국민 내일 배움 카드는} 재직, 자영업, 실업 여부에 관계없이 발급받을 수 있고, 금액도 개인당 300~500만 원 수준을 지원 받는다.",310
2020,국민안심마스크,(國民安心<영>mask),,"정부가 주도로 하여 생산하고 보급한 필터 교체형 면 마스크. 코로나19의 확산으로 마스크 품귀 현상이 발생함에 따라 일회용 보건 마스크를 대체하기 위해 제작된 마스크로, 이중으로 된 면 사이에 필터를 끼워 넣어 사용한다.",¶OOO 위원장은 “{국민 안심 마스크의} 생산으로 국민은 불안감을 해소하고 지역 제조업자들은 일감을 창출하는 상생이 이루어지기를 바란다.”라고 말했다.,310
2020,국제초청결혼,(國際招請結婚),,국적이 다른 외국인을 청하여 국내로 불러 결혼하는 일.,¶가정 폭력 전과자는 {국제 초청 결혼을} 하지 못하게 하는 법안이 발표되었다.,17
2020,국평오,(國平五),축약,"‘국민들의 평균은 5등급‘을 줄여 이르는 말. 국민의 평균적인 지능이 수능 점수의 중간값인 5등급을 받는 수준이라는 뜻으로, 주로 상대방을 폄하하며 비난조로 이르는 말이다.",¶‘{국평오’나} ‘지잡대’ 등의 차별적인 혐오 발언이 온라인을 중심으로 유행처럼 번졌다.,22
2020,귀가안심보험,(歸家安心保險),,집으로 돌아가는 길에 발생할 수 있는 사고로 인한 손해를 보상하는 보험.,¶30대 중반 직장인 OOO씨는 회식과 야근으로 귀가 시간이 늦어지는 일이 잦자 {귀가 안심 보험에} 가입했다.,310
2020,그린스테이,(<영>green stay),,"물, 에너지, 화학 물질 등의 불필요한 사용을 줄이는 친환경적 숙박 문화를 이르는 말.","¶OO 호텔은 욕실에서 사용하는 샴푸, 보디 워시 등의 플라스틱 용기를 친환경 대용량 용기로 대체하고 모든 조명을 이산화 탄소 배출이 적은 엘이디 조명으로 교체하는 등 {그린 스테이를} 추구하는 모습을 보인다.",310
2020,그린스완,(<영>green swan),,"기후 변화가 초래한 경제적 위기를 이르는 말. 전혀 예상하지 못했던 일로 인한 경제적 위기를 뜻하는 ‘블랙 스완’에서 나온 말로, 환경 오염으로 인한 이상 기후 현상이 막대한 경제적 비용을 발생시키며 엄청난 경제 위기를 맞을 수 있다는 의미로 사용된다.",¶최근 전 세계적으로 나타나는 이상 기후 현상으로 인해 금융 당국도 {그린 스완을} 우려하고 나섰다.,310
2020,금스크,(金<영>←mask),혼성,금에 맞먹을 만큼 비싸고 귀한 마스크. 코로나19의 확산으로 마스크 품귀 현상이 발생하며 나타난 말이다.,¶코로나19의 확산으로 마스크 수요가 폭증하면서 마스크가 {금스크라는} 말도 나오고 있다.,189
2020,금융안정특별대출제도,(金融安定特別貸出制度),,한국은행이 민간 기업에서 발행한 회사채를 담보로 하여 은행 및 비은행 금융 기관에 자금을 빌려주는 제도. 회사채 시장의 안정을 꾀하고 금융 기관의 자금 조달을 돕기 위해 신설되었다.,¶한국은행은 {금융 안정 특별 대출 제도에} 따라 우량 회사채를 담보로 하여 증권사ㆍ보험사 등에 특별 대출을 실시한다.,310
2020,금융투자소득세,(金融投資所得稅),,금융 상품 및 투자 상품을 통해 실현된 모든 소득과 손실을 합산한 금액에 대하여 부과하는 세금.,"¶{금융 투자 소득세는} 모든 금융 투자 상품에서 발생하는 소득에 대해 세금을 부과하는 것으로, 손익이 3억 원 이하라면 20퍼센트의 세율이 적용되고, 3억 원을 초과하면 25퍼센트의 세율이 적용된다.",310
2020,기간안정산업기금,(基幹安定産業基金),,"기간산업의 경영난 및 그에 따른 근로자의 고용 불안을 해소하기 위해 정부가 지급하는 기금. 코로나19의 확산으로 인해 기간산업계가 어려움을 겪자 정부가 지원하는 돈으로, 한국 산업 은행이 기업에 자금을 빌려주고 정부에서 지급 보증을 해 주는 형식으로 운영된다. 기간산업을 영위하는 기업이나 기간산업 기업을 지원하기 위해 설립된 회사 및 기구를 지원 대상으로 한다. =기간산업 기금, 기간산업 안정 기금.",¶OO 기업 관계자는 “현실적으로 {기간 안정 산업 기금의} 지원 없이 사업을 지속하는 것은 쉽지 않다.”라며 지원에 대한 절실함을 보였다.,11
2020,기간산업기금,(基幹産業基金),,"기간산업의 경영난 및 그에 따른 근로자의 고용 불안을 해소하기 위해 정부가 지급하는 기금. 코로나19의 확산으로 인해 기간산업계가 어려움을 겪자 정부가 지원하는 돈으로, 한국 산업 은행이 기업에 자금을 빌려주고 정부에서 지급 보증을 해 주는 형식으로 운영된다. 기간산업을 영위하는 기업이나 기간산업 기업을 지원하기 위해 설립된 회사 및 기구를 지원 대상으로 한다. =기간산업 안정 기금, 기간 안정 산업 기금.",¶{기간산업 기금을} 지원 받은 기업은 6개월 동안 근로자 수를 전체의 90퍼센트 이상으로 유지해야 한다.,310
2020,기간산업안정기금,(基幹産業安定基金),,"기간산업의 경영난 및 그에 따른 근로자의 고용 불안을 해소하기 위해 정부가 지급하는 기금. 코로나19의 확산으로 인해 기간산업계가 어려움을 겪자 정부가 지원하는 돈으로, 한국 산업 은행이 기업에 자금을 빌려주고 정부에서 지급 보증을 해 주는 형식으로 운영된다. 기간산업을 영위하는 기업이나 기간산업 기업을 지원하기 위해 설립된 회사 및 기구를 지원 대상으로 한다. =기간산업 기금, 기간 안정 산업 기금.",¶OO 항공은 {기간산업 안정 기금} 심사에 통과하여 약 2조 4000억 원을 지원 받을 예정이다.,310
2020,기간산업안정자금,(基幹産業安定資金),,"기간산업의 경영난 및 그에 따른 근로자의 고용 불안을 해소하기 위해 정부가 지급하는 자금. 코로나19의 확산으로 인해 기간산업계가 어려움을 겪자 정부가 지원하는 돈으로, 한국 산업 은행이 기업에 자금을 빌려주고 정부에서 지급 보증을 해 주는 형식으로 운영된다. 기간산업을 영위하는 기업이나 기간산업 기업을 지원하기 위해 설립된 회사 및 기구를 지원 대상으로 한다.",¶OOO 연구원은 “백신이 보급되더라도 본격적인 여객 수요 회복까지는 약 6개월의 시간이 소요될 전망이므로 {기간산업 안정 자금과} 같은 자금 확보 전략이 필요하다.”라고 분석했다.,310
2020,기간산업지원금,(基幹産業支援金),,"기간산업의 경영난 및 그에 따른 근로자의 고용 불안을 해소하기 위해 정부가 지급하는 지원금. 코로나19의 확산으로 인해 기간산업계가 어려움을 겪자 정부가 지원하는 돈으로, 한국 산업 은행이 기업에 자금을 빌려주고 정부에서 지급 보증을 해 주는 형식으로 운영된다. 기간산업을 영위하는 기업이나 기간산업 기업을 지원하기 위해 설립된 회사 및 기구를 지원 대상으로 한다.",¶당초 정부는 {기간산업 지원금의} 대상 업종을 항공 및 해운업으로 한정했었으나 자동차 업계 역시 어려움을 겪고 있다는 사실에 공감하여 지원 대상을 확대하였다.,37
2020,기본재난소득,(基本災難所得),,"전국적인 재난 사태로 인해 경제적으로 어려운 상황에 처한 사람이 기본 생활을 유지할 수 있도록 정부에서 지급하는 소득. 코로나19의 대유행으로 인한 경제적 위기 상황을 극복하기 위해 정부에서 국민들에게 지원금을 지급하는 방안을 논의하는 과정에서 나온 말이다. =재난 기본 소득, 재난 생계 소득.",¶OO시 시장이 코로나19의 확산으로 경제적 어려움을 겪는 가구를 돕기 위해 한 가구당 60만 원을 지원하는 {기본 재난 소득의} 실시를 주장했다.,304
2020,기본재난지원금,(基本災難支援金),,"전국적인 재난 사태로 인해 국민들에게 정부가 지급하는 지원금. 코로나19의 확산으로 인한 경제 위축이 장기화되자 국민들의 생계를 지원하고 위축된 소비 심리를 진작하기 위해 마련된 제도로, 지급 주체가 지방 자치 단체일 경우 각 지방 자치 단체에 따라 지급 내용과 용어가 조금씩 다르다.",¶O 의원은 “코로나19가 진정될 기미가 없는 상태에서 민간 소비가 활성화될 수 있도록 {기본 재난 지원금의} 편성에 하루빨리 착수해야 한다.”라고 강조했다.,33
2020,기부금특별법,(寄附金特別法),,지급된 긴급 재난 지원금을 수령하지 않고 국고로 기탁하는 금전에 대한 사항을 제정한 법률. 주요 내용은 코로나19의 경제적 파장으로 인해 국민에게 지급된 긴급 재난 지원금을 수령자가 스스로 국고로 기부 의사를 밝히고 기탁하거나 일정 기간 이내에 수령하지 않을 경우 자동적으로 기부금으로 간주된다는 것 따위이다.,¶지원금이 지급된 후 별도의 신청을 하지 않고 3개월이 지나면 {기부금 특별법에} 의해 자동으로 기부금으로 전환된다.,186
2020,기안기금채권,(基安基金債券),,기간산업 안정 기금을 조성하기 위해 발행된 채권.,¶OO 항공에는 기안산업 안정 기금의 금리가 연 7퍼센트 정도로 적용되었다. {기안 기금 채권의} 조달 금리가 연 1.0퍼센트에서 1.5퍼센트 수준인 점에 비해 금리가 너무 높다는 지적이 나온다.,109
2020,기업구호긴급자금,(企業救護緊急資金),,국가의 경제 위기로 인해 도산 위기에 처한 기업들을 지원하기 위한 자금. 코로나19의 장기화로 인한 경제 위축 때문에 어려움을 겪는 기업들을 지원하는 돈이다.,¶정부는 “100조 원 규모의 {기업 구호 긴급 자금을} 투입하여 기업이 코로나19의 영향으로 도산하는 일은 반드시 막겠다.”라며 자금 도입의 필요성을 말했다.,310
2020,기후행동가,(氣候行動家),,기후 위기의 심각성을 느끼고 환경을 위해 일상 속에서 친환경적 행동을 실천하고 알리는 사람.,¶환경 단체들은 “정부는 기후 위기의 방관자가 아니라 강력한 {기후 행동가가} 되어야 한다.”라며 탄소 중립 목표 달성을 위한 정부의 적극적인 역할을 요구했다.,177
2020,긴급정서돌봄,(緊急情緖돌봄),,정서 조절에 어려움을 겪고 있는 학생들을 도와주기 위해 지방 자치 단체에서 지원 인력 및 공간을 제공하는 제도.,"¶OOO 장학사는 “학교 내 {긴급 정서 돌봄이} 가능한 공간을 만들어 학생들의 자존감 회복, 심리 안정을 돕기로 했다.”라고 말했다.",1
2020,긴급고용안정자금,(緊急雇傭安定資金),,"전국적인 재난 사태로 인해 소득 혹은 매출이 감소한 특수 형태 근로 종사자 및 프리랜서, 영세 자영업자 등의 취약 계층을 지원하기 위해 정부가 긴급하게 지급하는 자금. 코로나19의 확산과 그에 따른 경제 위기로 인해 마련된 제도이다.",¶정부가 코로나19로 인한 고용 한파를 막기 위해 10조 원 규모의 {긴급 고용 안정 자금을} 조성한다.,310
2020,긴급고용안정지원금,(緊急雇傭安定支援金),,"전국적인 재난 사태로 인해 소득 혹은 매출이 감소한 특수 형태 근로 종사자 및 프리랜서, 영세 자영업자 등의 취약 계층을 지원하기 위해 정부가 긴급하게 지급하는 지원금. 코로나19의 확산과 그에 따른 경제 위기로 인해 마련된 제도이다. =긴급 고용 지원금.","¶정부는 코로나19로 직접 타격을 입은 고용 시장에 대한 대비책의 하나로 “고용 지원 제도의 사각지대로 여겨졌던 영세 사업자, 특수 고용직 노동자, 프리랜서 등의 90만 명에게 3개월 동안 50만 원씩의 {긴급 고용 안정 지원금을} 지급하겠다.”라고 계획을 밝혔다.",310
2020,긴급고용유지지원금,(緊急雇傭維持支援金),,전국적인 재난 사태로 인한 경기 침체 속에서도 계속해서 근로자들의 고용을 유지하는 기업에 정부가 지원하는 자금. 코로나19의 확산으로 인한 경영 위기 속에서도 휴직 혹은 일시 휴업 따위를 이용하여 근로자들의 일자리를 보장해 주는 기업을 위해 정부가 지원하는 돈이다.,¶코로나19의 여파로 지역 경제가 커다란 타격을 입으면서 기업의 {긴급 고용 유지 지원금} 요청이 폭증하고 있다.,25
2020,긴급고용지원금,(緊急雇傭支援金),,"전국적인 재난 사태로 인해 소득 혹은 매출이 감소한 특수 형태 근로 종사자 및 프리랜서, 영세 자영업자 등의 취약 계층을 지원하기 위해 정부가 긴급하게 지급하는 지원금. 코로나19의 확산과 그에 따른 경제 위기로 인해 마련된 제도이다. =긴급 고용 안정 지원금.","¶고용 노동부에 따르면 {긴급 고용 지원금의} 집행률이 80퍼센트를 넘겼으며, 코로나19의 확산이 멈추지 않으면 이 수요는 계속 늘 것이라고 전망된다.",289
2020,긴급돌봄제도,(緊急돌봄制度),,"전국적인 재난 사태가 발생한 상황에서 정부가 지정한 기관이 노인이나 아동 등을 맡아 돌보아 주는 제도. 코로나19의 확산으로 인해 대부분의 보육 시설 및 학교, 복지관 등이 문을 닫으면서 발생한 돌봄 공백을 없애기 위해서 마련된 제도이다.",¶직장인이자 두 아이의 엄마인 OOO 씨는 코로나19 확산으로 전국 어린이집 휴원이 결정되면서 {긴급 돌봄 제도를} 이용하기로 했다.,127
2020,긴급돌봄지원단,(緊急돌봄支援團),,"전국적인 재난 사태로 인해 발생한 노인이나 장애인, 아동 등의 돌봄 공백을 해소하기 위해 지방 자치 단체와 고용 계약을 맺고 채용된 인력. 코로나19의 확산에 따라 자가 격리 대상자 또는 확진자로 분류된 노인 및 장애인과 지정된 전문 시설에 동반 입소하여 돌봄 서비스를 제공한다.",¶OO시는 코로나19으로 인한 돌봄 활동의 공백을 막기 위해 노인 및 장애인에 대한 {긴급 돌봄 지원단을} 모집하기로 결정했다.,310
2020,긴급돌봄학교,(緊急돌봄學校),,전국적인 재난 사태가 발생한 상황에서 돌봄 교실을 운영하도록 정부가 지정한 학교. 코로나19의 확산으로 인해 대부분의 학교가 휴교함에 따라 발생한 돌봄 공백을 없애고 맞벌이 부부의 보육 부담을 줄이기 위해서 마련되었다.,¶코로나19로 인해 전국의 개학이 연기되면서 학생들의 돌봄 문제에도 비상이 걸렸다. 초등학생 아들을 두었다는 한 학부모는 “시어머니가 아들을 밖에 내보내는 것을 반대하여 {긴급 돌봄 학교는} 생각도 못한다.”라고 걱정을 표했다.,136
2020,긴급민생지원금,(緊急民生支援金),,"생계에 어려움을 겪는 국민들에게 정부가 긴급하게 지급하는 지원금. 코로나19의 확산으로 인한 경제 위축이 장기화되자 국민들의 생계를 지원하고 위축된 소비 심리를 진작하기 위해 마련된 제도로, 지급 주체가 지방 자치 단체일 경우 각 지방 자치 단체에 따라 지급 내용과 용어가 조금씩 다르다.",¶OO시는 코로나19의 확산으로 지역 경제가 위축되어 {긴급 민생 지원금을} 단계별로 지원한다고 밝혔다.,310
2020,긴급생계수당,(緊急生計手當),,전국적인 재난 사태로 인해 경제적으로 어려운 상황에 처한 사람을 돕기 위해 정부에서 긴급하게 지급하는 수당. 코로나19의 대유행으로 인한 경제적 위기 상황을 극복하기 위해 정부에서 국민들에게 지원금을 지급하는 방안을 논의하는 과정에서 나온 말이다. =긴급 재난 수당.,¶O 지사는 “코로나19로 고통 받고 있는 국민들에게 {긴급 생계 수당을} 신속하게 지급하여 지역 경제를 활성화하는 것이 급선무이다.”라며 정부의 지급 결정을 촉구했다.,25
2020,긴급생존자금,(緊急生存資金),,"전국적인 재난 사태로 인해 국민들에게 정부가 긴급하게 지급하는 자금. 코로나19의 확산으로 인한 경제 위축이 장기화되자 국민들의 생계를 지원하고 위축된 소비 심리를 진작하기 위해 마련된 제도로, 지급 주체가 지방 자치 단체일 경우 각 지방 자치 단체에 따라 지급 내용과 용어가 조금씩 다르다.",¶OOO 시장이 기자 회견을 통해 정부에 “코로나19의 피해를 가장 직접적으로 입은 OO 지역에 상권 회복을 위한 {긴급 생존 자금을} 우선적으로 지원해 줄 것을 공식적으로 요청한다.”라는 입장을 밝혔다.,310
2020,긴급재난기본소득,(緊急災難基本所得),,"전국적인 재난 사태로 인해 경제적으로 어려운 상황에 처한 사람이 기본 생활을 유지할 수 있도록 정부에서 긴급하게 지급하는 소득. 코로나19의 대유행으로 인한 경제적 위기 상황을 극복하기 위해 정부에서 국민들에게 지원금을 지급하는 방안을 논의하는 과정에서 나온 말이다. =긴급 재난 소득, 긴급 재난 지원 소득.",¶OO당은 “{긴급 재난 기본 소득으로} 일 인당 백만 원 정도는 지급해야 한다.”라며 지급 수준과 지급 대상 확대를 주장했다.,310
2020,긴급재난기부금,(緊急災難寄附金),,긴급 재난 지원금을 수령한 사람의 자발적 의사에 따라서 환수된 모집 기부금과 긴급 재난 지원금을 기간 내에 수령하지 않아 자동적으로 환수된 의제 기부금을 아울러 이르는 말. 코로나19의 확산과 그에 따른 경제 위기로 인해 지급된 긴급 재난 지원금을 기부금으로 활용하여 주로 노동자들의 고용 불안을 해소하기 위한 고용 보험 기금으로 사용된다.,"¶이번에 모집된 {긴급 재난 기부금은} 약 2800억 원으로, 향후 해당 금액은 일자리 창출과 고용 유지 등을 위해 활용될 것이다.",310
2020,긴급재난생계지원자금,(緊急災難生計支援資金),,"전국적인 재난 사태로 인해 생계에 어려움을 겪는 국민들에게 정부가 긴급하게 지급하는 자금. 코로나19의 확산으로 인한 경제 위축이 장기화되자 국민들의 생계를 지원하고 위축된 소비 심리를 진작하기 위해 마련된 제도로, 지급 주체가 지방 자치 단체일 경우 각 지방 자치 단체에 따라 지급 내용과 용어가 조금씩 다르다.",¶한 콜센터에서 코로나19 집단 확진이 발생하자 OO 콜센터 노조는 “정부는 지원 사각지대에 놓여 있는 취약 노동자 보호를 위해 {긴급 재난 생계 지원 자금} 등 대책을 수립하여 생계를 위한 돈을 지급해야 한다.”라고 주장했다.,7
2020,긴급재난생계지원금,(緊急災難生計支援金),,"전국적인 재난 사태로 인해 생계에 어려움을 겪는 국민들에게 정부가 긴급하게 지급하는 지원금. 코로나19의 확산으로 인한 경제 위축이 장기화되자 국민들의 생계를 지원하고 위축된 소비 심리를 진작하기 위해 마련된 제도로, 지급 주체가 지방 자치 단체일 경우 각 지방 자치 단체에 따라 지급 내용과 용어가 조금씩 다르다. =긴급 재난 생활 지원금, 재난 긴급 생활 지원금.",¶OO시는 {긴급 재난 생계 지원금을} 지급한 이후 지역 상권이 눈에 띄게 활성화되었다고 전했다.,310
2020,긴급재난생계비,(緊急災難生計費),,"전국적인 재난 사태로 인해 생계에 어려움을 겪는 국민들에게 정부가 긴급하게 지급하는 비용. 코로나19의 확산으로 인한 경제 위축이 장기화되자 국민들의 생계를 지원하고 위축된 소비 심리를 진작하기 위해 마련된 제도로, 지급 주체가 지방 자치 단체일 경우 각 지방 자치 단체에 따라 지급 내용과 용어가 조금씩 다르다. =긴급 재난 생활비, 재난 긴급 생활비.",¶{긴급 재난 생계비는} 코로나19 상황에서 생계가 어려워진 중위 소득 100퍼센트 이하의 30만 가구에 지급되도록 1020억 원을 배정했다.,310
2020,긴급재난생활지원금,(緊急災難生活支援金),,"전국적인 재난 사태로 인해 생계에 어려움을 겪는 국민들에게 정부가 긴급하게 지급하는 지원금. 코로나19의 확산으로 인한 경제 위축이 장기화되자 국민들의 생계를 지원하고 위축된 소비 심리를 진작하기 위해 마련된 제도로, 지급 주체가 지방 자치 단체일 경우 각 지방 자치 단체에 따라 지급 내용과 용어가 조금씩 다르다. =긴급 재난 생계 지원금, 재난 긴급 생활 지원금.",¶OO 지역은 코로나19의 확산으로 어려움을 겪고 있는 지역민 모두에게 1인당 10만 원씩의 {긴급 재난 생활 지원금을} 지급할 예정이다.,186
2020,긴급재난생활비,(緊急災難生活費),,"전국적인 재난 사태로 인해 생계에 어려움을 겪는 국민들에게 정부가 긴급하게 지급하는 비용. 코로나19의 확산으로 인한 경제 위축이 장기화되자 국민들의 생계를 지원하고 위축된 소비 심리를 진작하기 위해 마련된 제도로, 지급 주체가 지방 자치 단체일 경우 각 지방 자치 단체에 따라 지급 내용과 용어가 조금씩 다르다. =재난 긴급 생활비, 긴급 재난 생계비.","¶OO시가 “지역에 살고 있는 외국인에게도 긴급 재난 생활비를 지원하기로 결정했으며, 지급 기준은 내국인과의 형평성을 고려하여 정해질 것이다.”라고 전했다.",310
2020,긴급재난소득,(緊急災難所得),,"전국적인 재난 사태로 인해 경제적으로 어려운 상황에 처한 사람이 기본 생활을 유지할 수 있도록 정부에서 긴급하게 지급하는 소득. 코로나19의 대유행으로 인한 경제적 위기 상황을 극복하기 위해 정부에서 국민들에게 지원금을 지급하는 방안을 논의하는 과정에서 나온 말이다. =긴급 재난 기본 소득, 긴급 재난 지원 소득.",¶O 지사는 “가용 가능한 재원을 총동원하여 {긴급 재난 소득을} 포함한 다양한 경제 대책을 추진할 것이지만 정부와 국회의 보편적인 지원이 절실하다.”라고 말했다.,310
2020,긴급재난수당,(緊急災難手當),,전국적인 재난 사태로 인해 경제적으로 어려운 상황에 처한 사람을 돕기 위해 정부에서 긴급하게 지급하는 수당. 코로나19의 대유행으로 인한 경제적 위기 상황을 극복하기 위해 정부에서 국민들에게 지원금을 지급하는 방안을 논의하는 과정에서 나온 말이다. =긴급 생계 수당.,¶OOO 의원은 “코로나19에 의한 비상사태에 대응하는 경제적 정책으로 적극적으로 {긴급 재난 수당을} 검토해야 한다.”라고 했습니다.,204
2020,긴급재난지원소득,(緊急災難支援所得),,"전국적인 재난 사태로 인해 경제적으로 어려운 상황에 처한 사람이 기본 생활을 유지할 수 있도록 정부에서 긴급하게 지급하는 소득. 코로나19의 대유행으로 인한 경제적 위기 상황을 극복하기 위해 정부에서 국민들에게 지원금을 지급하는 방안을 논의하는 과정에서 나온 말이다. =긴급 재난 기본 소득, 긴급 재난 소득.",¶OO 지역 관계자는 “절박한 심정으로 {긴급 재난 지원 소득을} 마련할 것이다. 모든 재원을 아끼고 총동원하여 150억 원 이상을 지원하겠다.”라고 전했다.,187
2020,긴급재난금,(緊急災難金),,"전국적인 재난 사태로 인해 생계에 어려움을 겪는 국민들에게 정부가 긴급하게 지급하는 일정 금액의 현금 혹은 현물. 코로나19의 확산으로 인한 경제 위축이 장기화되자 국민들의 생계를 지원하고 위축된 소비 심리를 진작하기 위해 마련된 제도로, 지급 주체가 지방 자치 단체일 경우 각 지방 자치 단체에 따라 지급 내용과 용어가 조금씩 다르다.",¶OO시가 코로나19 확산 방지를 위해 방역 수칙을 철저하게 준수한 집합 금지 대상 시설들에게 {긴급 재난금을} 우선 지원한다.,310
2020,긴급청년수당,(緊急靑年手當),,전국적인 재난 사태로 인해 일자리를 잃거나 구직에 어려움을 겪고 있는 청년들을 위해 정부에서 긴급하게 지급하는 수당. 코로나19로 인한 재난 상황에서 지급되기 시작했다. =청년 긴급 수당.,¶OO시가 코로나19의 확산으로 알바 등의 일자리를 잃은 청년들에게 {긴급 청년 수당을} 지원한다.,15
2020,깜깜이감염,(깜깜이感染),,감염병 확진자의 감염 경로에 대한 정보가 매우 부족한 현상. 코로나19의 역학 조사 과정에서 확진자가 감염된 경로나 원인에 대해 정확하게 파악할 수 없는 경우를 이르는 말이다.,¶개인 간의 접촉에 따른 코로나19 감염 비율이 높게 나타나는 상황에서 아파트 주민의 {깜깜이 감염이} 계속되면서 시민들의 불안이 고조되고 있다.,310
2020,꾸밈노동파업,(꾸밈勞動罷業),,"일하는 여성들이 자신들에게 요구되는 패션, 메이크업 따위의 용모 관리에 쓰이는 노동을 거부하고 중지하는 일.",¶직장인 OOO 씨는 최근 화장 등 꾸밈 노동을 하지 않고 출근한 자신의 모습을 인증 숏으로 찍어 누리 소통망 서비스(SNS)에 올리며 {꾸밈 노동 파업에} 동참하는 뜻을 전했다.,18
2020,꾸안꾸룩,(꾸안꾸<영>look),,꾸민 듯하면서도 안 꾸민 듯한 자연스러운 느낌을 추구한 옷차림.,¶배우 OOO은 종방연에서 화려한 액세서리에 청바지를 매치해 입으며 과하지 않고 편안한 느낌의 {꾸안꾸 룩을} 뽐냈다.,310
2020,끼니노동,(끼니勞動),,가정주부가 가족들의 끼니를 챙기기 위하여 들이는 노력. 또는 그러한 일.,"¶주말 점심, 가족들이 이야기하는 “간단히 먹자.”라는 말은 {끼니 노동의} 부담을 줄여 주지 못한다. 간단히 식사할 수 있는 음식은 많고 다양하지만 간단히 조리할 수 있는 음식은 없다.",2
2020,낀낀세대,(낀낀世代),,기성세대와 신세대 사이에 있는 ‘낀 세대’를 강조하여 이르는 말. 주로 1960년대에 태어난 오팔육 세대와 1980년대에 태어난 밀레니엄 세대 사이에 끼어 공동체주의와 개인주의를 모두 가지고 있는 세대를 이르는 말이다.,¶지금의 40대는 고령화와 정년 연장으로 여전히 왕성하게 활동하는 5060 세대와 할 말 다하는 2030 세대 사이에서 앞뒤로 끼여 있는 {낀 낀 세대이다}.,39
2020,내돈내산,,축약,"‘내 돈 주고 내가 삼’을 줄여 이르는 말. 주로 특정 제품의 사용 후기를 남길 때, 그 제품을 생산한 업체로부터 광고비를 일절 받지 않고 스스로 구매하여 남기는 솔직한 후기라는 사실을 강조하여 이르는 말이다.",¶인기 배우 OOO이 광고 없이 {내돈내산으로} 구매했다는 제품의 판매량이 지난달에 비해 크게 증가했다.,310
2020,노마스크족,(<영>no mask族),,"마스크를 쓰려고 하지 않는 사람. 또는 그런 무리. 코로나19 바이러스, 인플루엔자 등의 병원체 감염을 막기 위해 감염을 매개하는 침방울을 차단해 주는 마스크를 써야함에도 불구하고 개인적인 불편함을 이유로 마스크를 쓰지 않아 다른 사람들에게 불안감을 주며 공공 보건을 저해하는 사람 또는 그런 무리를 이르는 말이다.","¶OOO 씨는 “얼마 전 스터디 카페 휴게실에서 {노 마스크족을} 지적하는 사람들을 봤었다. 전에는 마스크 착용에 대해 지적하는 사람이 많이 없었는데, 지금은 다들 예민해진 모습이다.”라고 말했다.",165
2020,노튜버존,(<영>▼no←Youtuber zone),,개인 방송용으로 영상을 촬영하는 사람들의 출입을 금지하는 곳.,¶일인 방송을 하는 사람들이 가게 영업을 방해하거나 다른 손님과 말다툼을 하는 사례가 많아지면서 {노튜버 존을} 선언하는 식당들도 생겨나고 있다.,35
2020,녹녹갈등,(綠綠葛藤),,"‘녹색과 녹색의 갈등’을 줄여 이르는 말. 온실가스 배출 등의 환경 문제를 해결하기 위해 풍력, 수력 따위의 재생 가능 에너지 개발을 추구하는 과정에서 오히려 또 다른 환경 문제가 발생할 경우에 생기는 의견 대립을 말한다.","¶풍력, 태양열 등 재생 가능 에너지로의 전환은 당면한 시대적 흐름이지만 환경 파괴를 일으키며 {녹녹 갈등이} 있는 것도 사실이다.",14
2020,뉴트로국악,(<영>▼←new retro國樂),,현대 음악의 방식에 따라 재해석한 국악.,¶판소리꾼 OOO 씨는 전통적인 판소리에 요즈음의 감성을 결합한 {뉴트로 국악을} 통해 전통 음악을 새롭게 알리는 데 앞장서고 있다.,37
2020,단마토,(단<영>←tomato),혼성,일반적인 토마토에 비해 당도가 더 높은 토마토. 다량의 감미 성분을 포함하고 있는 스테비아를 이용하여 재배한 것으로 열량이 낮고 당도가 높다는 특징을 가진다.,¶OOO 씨는 “요즘 {단마토의} 매력에 푹 빠져 매일 먹고 있다. 설탕을 뿌린 것처럼 달콤하고 맛있다.”라고 말했다.,310
2020,달고나커피,(달고나<영>coffee),합성,"인스턴트 커피 가루, 뜨거운 물, 설탕 등의 재료를 크림처럼 될 때까지 휘저은 후, 이를 우유 위에 올려 만든 커피. 베이킹 소다와 설탕으로 만든 과자인 달고나와 그 맛이 비슷하여 붙여진 이름이다. 코로나19의 확산과 그에 따른 사회적 거리 두기의 시행으로 인해 집에 머무르는 시간이 늘면서, 그 시간을 보낼 소일거리를 찾는 이들로부터 시작되었다.","¶코로나19로 집에 있는 시간이 많아진 요즘, 400번 이상 저어야 만들 수 있다는 {달고나커피가} 유행처럼 번지고 있다.",310
2020,댕댕이피자,(댕댕이<이>pizza),,"반려견이 먹을 수 있도록 만든 피자. 강아지가 잘 소화할 수 있도록 밀가루 대신 쌀가루 반죽을 사용하고 그 위에 강아지가 좋아하는 소고기, 고구마, 닭 가슴살 따위를 토핑으로 올려 만든 것이 특징이다.",¶지난 5일 OO에서 출시한 반려동물용 피자를 구매했던 OO 씨는 “{댕댕이 피자를} 맛있게 먹는 반려견을 보니 시키길 잘했다.”라며 긍정적인 반응을 보였다.,7
2020,덕분에챌린지,(德分에<영>challenge),,코로나19의 종식을 위해 일선에서 애쓰고 있는 의료진ㆍ자원봉사자ㆍ방역 종사자에게 존경과 감사를 전하는 국민 참여 캠페인. ‘존경’을 뜻하는 수어인 엄지 손가락을 펴서 세운 오른손 주먹을 왼쪽 손바닥 위에 올린 채로 환하게 웃는 모습을 사진으로 찍어 누리 소통망 서비스(SNS)에 올리고 다음 참여자를 지목하는 릴레이 방식으로 이어진다.,¶가수 OOO이 절친 OOO의 지목으로 {덕분에 챌린지를} 상징하는 수어 동작을 하며 코로나19 최전선에서 맞서 싸우는 의료진을 향해 응원 메시지를 보냈다.,310
2020,도슨트북,(<영>docent book),,"공연이나 전시회 따위에서 관람객에게 공연이나 전시와 관련한 설명을 제공하기 위한 종이책, 전자책, 오디오 북 등을 통틀어 이르는 말. 미술관 혹은 박물관 등에서 관람객에게 전시와 관련된 설명을 해 주는 사람인 도슨트에서 따온 말이다. ⇒규범 표기는 미확정이다.","¶이번 공연의 마케팅에서 주목할 점은 국내에서 처음 서비스된 공연용 {도슨트 북으로}, 관객들은 이를 통해 공연에 필요한 배경지식을 10분이면 쌓을 수 있다.",310
2020,돈쭐,,혼성,공익을 위해서 자발적으로 착한 행동을 한 가게 혹은 기업의 제품을 소비함으로써 그 행동을 격려하는 일을 이르는 말. ‘돈’과 ‘혼쭐내다’의 ‘혼쭐’을 결합하여 반어적으로 나타낸 말이다.,¶한 식당이 코로나19로 경제적 어려움을 겪는 취약 계층을 위해 수익을 기부했다는 사실이 알려지자 누리꾼들이 “이런 곳은 지갑으로 {돈쭐을} 내주겠다.”라며 누리 소통망 서비스(SNS)를 통해 구매 인증 숏을 올리기 시작했다.,310
2020,돌밥돌밥,,축약,"‘돌아서면 밥 차리고 또 돌아서면 밥을 차림’을 줄여 이르는 말. 코로나19의 확산과 그에 따른 사회적 거리 두기의 시행으로 인해 가족 구성원들이 집에서 아침밥, 점심밥, 저녁밥을 모두 먹는 일이 많아지자 매끼 식사를 직접 준비하는 가정주부의 고됨을 표현한 말이다.",¶코로나19로 인한 계속된 {돌밥돌밥에} 지친 가정주부들을 위해 유통업계에서 다양한 반찬 상품들을 내놓았다.,310
2020,동양인포비아,(東洋人<영>phobia),,동양 사람에 대하여 불안감과 거부감을 느끼는 증세. 코로나19 확산 초기에 일부 서양 사람들이 주변의 동양 사람들을 보균자로 간주하며 생겨난 말이다.,¶중국 우한에서 발병한 코로나19에 대한 공포감이 전 세계로 퍼져 나가며 서구권에서 {동양인 포비아가} 확산되고 있다.,8
2020,동학개미,(東學개미),,"동학 개미 운동에 참여한 국내 개인 투자자들을 이르는 말. 코로나19의 확산과 그에 따른 경제 위기로 인해, 우리나라 주식 시장에서 외국인 투자자들의 대규모 매도세와 국내 개인 투자자들의 대규모 매수세가 맞물린 상황에서, 코스피 지수 및 코스닥 지수의 폭락을 막기 위해 매도된 매물을 조금이라도 매수한 사람을 말한다.",¶코로나19 확산 이후 {동학 개미의} 주식 투자가 급증하면서 증권사들이 역대급 실적을 내고 있다.,310
2020,동학개미운동,(東學개미運動),,"코스피 지수 및 코스닥 지수의 폭락을 막기 위한 국내 개인 투자자들의 대규모 매수세를 동학 농민 운동에 빗대어 이르는 말. 코로나19의 확산과 그에 따른 경제 위기로 인해, 우리나라 주식 시장에 대해 불안감을 느끼기 시작한 외국인 투자자들이 대규모 매도세를 이어 갔고, 이에 맞서 매도된 매물을 힘겹게 매수하여 우리나라 주식 시장을 지켜낸 국내 개인 투자자들의 모습과 그 상황이 1894년에 일어난 반외세 운동인 동학 농민 운동과 유사하여 붙여진 이름이다.",¶한국 증시는 코로나19에도 불구하고 일명 ‘{동학 개미 운동’이라} 불리는 개인 투자자들의 적극적인 시장 참여로 인해 전례 없는 상승세가 이어졌다.,310
2020,뒷계정,(뒷計定),합성,자신의 신원을 직접적으로 드러내지 않은 채로 별도의 목적을 위해 만들어진 비공개 계정을 이르는 말.,"¶{뒷계정은} 부계정보다 더 은밀하게 성적인 욕망이나 다른 사람이 이해 못할 취미 등을 이야기하는 계정으로, 그래서 오히려 본계정보다 더 진실해진다.",12
2020,드라이브스루선별진료소,(<영>drive-through選別診療所),,"자동차에 탄 채로 감염병의 감염 여부를 검사 받을 수 있도록 마련한 곳. 코로나19의 급격한 확산으로 인해 진단 검사에 대한 수요가 늘어나자, 짧은 시간 내에 많은 사람들을 검사하고, 대기자 및 의료진의 교차 감염 위험을 줄이기 위해 도입된 의료 시설이다.",¶OO시 관계자는 “차를 타고 와서 바로 검사하는 {드라이브스루 선별 진료소를} 도입하면서 코로나19 검사 시간을 획기적으로 단축했다.”라고 말했다.,310
2020,등린이,(登린이),혼성,등산을 시작한 지 얼마 되지 않은 사람을 이르는 말. ‘등산’과 ‘어린이’를 합친 말이다. 코로나19의 확산을 방지하기 위해 실내에서 하는 활동의 많은 부분에서 제약이 생기자 여가 활동으로 등산에 관심을 가지기 시작한 사람들이 늘어나는 상황에서 나온 말이다.,¶코로나19로 인해 실내 운동에 대한 부담이 커지면서 최근 20대ㆍ30대 중심의 {등린이들이} 증가하고 있다.,310
2020,등원수업,(登園授業),,"어린이집, 유치원, 입시 학원 따위의 현실 공간에 마련된 교육 장소에 학생들이 직접 가서 듣는 수업. 온라인으로 행해지는 가상 수업에 반대되는 말이다.",¶OO 유치원은 코로나19 감염 차단을 위한 교육부 지침에 따라 온라인 원격 수업과 {등원 수업을} 병행하여 운영하기로 했다.,310
2020,딥페이크물,(<영>deepfake物),접미 파생,인공 지능 기술을 활용하여 두 개 이상의 영상을 합성한 영상 편집물. 기존의 영상을 컴퓨터가 학습하게 한 후 대상이 되는 영상에 프레임 단위로 합성하여 가짜 영상을 만들어 내는 인공 지능 기술인 ‘딥페이크’를 사용하여 붙여진 이름이다. 특정 연예인이나 일반인의 영상을 기존의 성인 비디오에 합성하여 불법적으로 음란물을 만들어 내는 데 기술을 사용하고 있어 문제가 되고 있다. ⇒규범 표기는 미확정이다.,¶최근 온라인 커뮤니티에 내 {딥페이크물의} 유포가 심각하다. 합성의 대상자가 유명인들뿐만 아니라 일반인까지 확대되면서 심각한 사회적 문제로 대두되었다.,310
2020,랜선놀이,(<영>LAN線놀이),,온라인상에 있는 영상이나 글 따위를 보면서 집 안에서 하는 놀이. 코로나19의 확산과 그에 따른 사회적 거리 두기의 시행으로 인해 현실 공간에서의 모임이 제한되자 전파되었다.,"¶사회적 거리 두기로 인해 바깥 활동이 어려운 요즈음, 부모와 자녀가 함께 즐길 수 있는 {랜선 놀이가} 뜨고 있다.",218
2020,랜선문화,(<영>LAN線文化),,"현실 공간이 아닌 온라인을 통하여 이루어지는 문화. 코로나19의 확산으로 인해 현실 공간에서 이루어졌던 일, 교육, 사회생활, 문화생활 따위가 온라인상에서 이루어지는 것을 통틀어 이르는 말이다.","¶코로나19의 확산으로 젊은 세대에 온라인 졸업 작품 전시회, 비대면 수업 등 ‘{랜선 문화’가} 일상이 되었다.",310
2020,랜선생파,(<영>LAN線生<영>←party),,"현실 공간이 아닌 온라인상에서 여는 생일 파티. 코로나19의 확산과 그에 따른 사회적 거리 두기의 시행으로 인해 현실 공간에서의 모임이 제한되자 전파되었으며, 주로 화상 회의 프로그램을 통해 모여서 생일을 축하하고 각자가 준비한 음식을 먹으며 대화를 나누는 행위 따위로 나타난다.",¶가수 OOO이 생일날도 팬에 대한 사랑을 잊지 않고 팬들과 함께 하는 {랜선 생파를} 진행한다고 전했다.,27
2020,랜선여행족,(<영>LAN線旅行族),,현실 공간이 아닌 온라인상에서 간접적으로 여행을 하는 사람. 또는 그러한 무리. 코로나19의 확산으로 인해 현실 공간에서의 여행이 제한되자 집 안에서 여행하고 싶은 장소와 관련된 영상을 보거나 누리 소통망 서비스(SNS)에 여행했던 사진을 게시하는 행위 따위를 하는 사람들을 이르는 말이다.,¶최근 유통업계는 코로나19로 해외여행을 가지 못하고 온라인에서 간접적으로 여행을 즐기는 {랜선 여행족을} 위해 기내식 도시락 등 이색 마케팅을 펼치고 있다.,82
2020,랜선운동,(<영>LAN線運動),,온라인상에 있는 영상이나 글을 보면서 집 안에서 하는 운동. 혹은 집 안에서 화상 회의 프로그램을 통해 다른 사람들과 함께 하는 운동. 코로나19의 확산과 그에 따른 사회적 거리 두기의 시행으로 인해 현실 공간의 체육 시설 따위의 사용이 제한되자 전파되었다.,¶신규 프로그램 OO은 출연자들이 다양한 운동을 하면서 전후의 몸무게를 비교해 시청자들의 {랜선 운동을} 도와준다.,224
2020,랜선음악회,(<영>LAN線音樂會),,"현실 공간이 아닌 온라인상에서 여는 음악회. 코로나19의 확산과 그에 따른 사회적 거리 두기의 시행으로 인해 현실 공간에서의 음악회가 제한되자 전파되었으며, 실시간으로 송출된 소리 및 영상을 각자의 집에서 감상하는 방식으로 나타난다.","¶코로나19 때문에 예술 공연들이 연기 혹은 취소되고 있는 가운데, 집 안에서 편하고 안전하게 관람할 수 있는 {랜선 음악회가} 열렸다.",310
2020,랜선초대장,(<영>LAN線招待狀),,현실 공간이 아닌 온라인상 공간으로 초대하기 위해서 보내는 편지.,¶OO시는 최근 정책에 대한 시민들의 의견을 듣기 위해 온라인으로 실시간 방송을 송출하기로 하여 시민들에게 {랜선 초대장을} 보냈다.,30
2020,랜선축하,(<영>LAN線祝賀),,"현실 공간이 아닌 온라인상에서 하는 축하. 코로나19의 확산과 그에 따른 사회적 거리 두기의 시행으로 인해 현실 공간에서의 모임이 제한되자 전파되었으며, 생일이나 어버이날 따위의 기념일에 화상 회의 프로그램을 통해 축하하는 마음을 전하며 대화를 나누는 등의 방식으로 나타난다.",¶그룹 OO의 멤버들이 11주년을 기념하며 영상 통화를 통해 {랜선 축하를} 했다.,63
2020,랜선호캉스,(<영>LAN線<영>←hotel<프>←vacance),,현실 공간이 아닌 온라인상으로 호텔 곳곳을 둘러보며 즐기는 휴가. 코로나19로 인해 밖에서 휴가나 여행을 즐기기 어려워진 데서 생겨난 말이다.,¶이번 연휴에는 따로 어디 가지 않고 집에서 {랜선 호캉스를} 즐기려고 한다.,64
2020,마스크메이크업,(<영>▼mask makeup),,"마스크의 착용을 고려해 두고 하는 화장법. 마스크 착용 시 눈과 같이 보이는 부분을 강조하거나, 마스크에 화장품이 잘 묻어나지 않도록 하는 화장법 등을 뜻한다. 코로나19로 마스크의 착용이 일상화된 데에서 비롯된 말이다. =마스크 화장법.",¶마스크를 쓰면 눈만 보이니까 {마스크 메이크업에서} 가장 중요한 건 눈 화장이라는 생각이 들더라고요.,310
2020,마스크없무새,(<영>mask없鵡새),,"“마스크 없어요.”라는 말을 앵무새처럼 반복하는 약사를 이르는 말. 코로나19의 확산으로 보건 마스크의 구입이 어렵던 시기에, 공적 마스크 판매를 맡은 약사가 마스크가 부족해서 손님에게 “마스크 없어요.”라는 말을 계속 반복했다는 데에서 비롯되었다.",¶시민들의 잦은 마스크 문의에 {마스크 없무새가} 되었다며 약사들의 자조 섞인 목소리가 나오고 있다.,22
2020,마스크프루프,(<영>▼mask proof),,장시간 마스크를 착용해도 화장이 지워지거나 묻어나지 않도록 하는 일. 코로나19로 인해 마스크 착용이 일상화된 데서 비롯되었다.,"¶마스크 착용으로 화장이 잘 무너지자, 워터프루프에 이어 {마스크 프루프라는} 단어가 생겼다.",310
2020,마스크화장법,(<영>mask化粧法),,"마스크의 착용을 고려해 두고 하는 화장법. 마스크 착용 시 눈과 같이 보이는 부분을 강조하거나, 마스크에 화장품이 잘 묻어나지 않도록 하는 화장법 등을 뜻한다. 코로나19로 마스크의 착용이 일상화된 데에서 비롯된 말이다. =마스크 메이크업.",¶마스크로 가려지지 않는 부분만 화장하는 {마스크 화장법이} 등장해 여성들의 삶을 변화시키고 있다.,33
2020,마스크공적판매처,(<영>mask公的販賣處),,"공적 마스크를 판매하는 장소. 또는 그 기관. 코로나19의 확산으로 마스크 품귀 현상이 나타나자 정부에서 공적 마스크 제도를 시행하면서 공적 마스크 판매를 지정한 장소이다. 일부 약국 및 의료 기관, 우체국, 공영 홈쇼핑 등이 이에 해당한다. =공적 판매처.",¶공적 마스크가 출시됨에 따라 앞으로 {마스크 공적 판매처에서} 비교적 저렴한 가격으로 보건 마스크를 구입할 수 있게 되었다.,310
2020,마스크오부제,(<영>mask五部制),,"일주일을 출생 연도별로 구분하여 지정 요일에만 마스크를 구입할 수 있게 한 제도. 코로나19의 확산으로 보건 마스크의 구입이 어렵게 되자, 월요일은 1ㆍ6년, 화요일은 2ㆍ7년, 수요일은 3ㆍ8년, 목요일은 4ㆍ9년, 금요일은 5ㆍ0년으로 출생 연도가 끝나는 사람들이 공적 판매처에서 정해진 수량의 마스크를 구매할 수 있었다. 2020년 3월 9일에 시행되어 2020년 7월 11일에 폐지되었다.","¶정부는 마스크 수급의 안정화를 위하여 공적 마스크를 공급하는 한편, {마스크 오부제를} 시행하였다.",3
2020,마스크의무제,(<영>mask義務制),,실내와 실외에서 식사를 하는 등의 불가피한 경우를 제외하고 마스크의 착용을 의무화하는 제도. 코로나19의 감염과 확산을 막기 위하여 시행되었다.,¶{마스크 의무제의} 시행으로 대중교통 이용 시 마스크를 착용하지 않으면 과태료가 부가된다.,15
2020,마코인,(<영>▼←mask Bitcoin),혼성,나날이 올라가는 마스크 가격을 가상 화폐 비트코인에 빗대어 이르는 말. 코로나19의 확산으로 마스크의 가격이 치솟자 생겨난 말이다.,"¶마스크값이 금값이라는 말이 생길 정도로 마스크값이 오르자, 마스크와 비트코인을 합쳐 {마코인이라는} 말까지 등장하였다.",10
2020,먹튜브,(먹←Youtube),혼성,먹는 방송을 주제로 하는 동영상 공유 서비스 채널을 이르는 말.,¶한 도시에서 지역 음식점을 발굴하기 위해 해당 지역을 기반으로 하는 {먹튜브를} 찾고 있다.,89
2020,멘탈데믹,(<영>▼metal←pandemic),혼성,공동체 전체에 정신적인 트라우마가 전염병처럼 유행하는 현상. 코로나19로 사회ㆍ경제적 손실 및 우울감이 전 세계적으로 확산되며 생겨난 말이다.,¶코로나바이러스 감염증-19의 장기화로 {멘탈데믹에} 대한 우려가 높다.,259
2020,몰수보호시설,(沒收保護施設),,보호받지 못하는 동물들을 몰수한 후 국가에서 안전하게 보호하기 위해 만든 시설. 특히 멸종 위기종인 반달가슴곰을 보호하기 위한 시설이다.,"¶정부가 불법 증식된 곰을 몰수하고, 이를 보호할 수 있는 {몰수 보호 시설이} 마련될 전망이다.",17
2020,무인적조관측시스템,(無人赤潮觀測<영>system),,"사람이 없이 적조 현상을 관찰하고 예측할 수 있는 시스템. 24시간 내내 적조 현상을 예찰할 수 있으며, 고수온ㆍ적조로 인한 피해를 예방하고 최소화하는 데 목적을 둔다.",¶정부는 적조 현상을 미리 관측하고 대비하기 위하여 올해 처음으로 {무인 적조 관측 시스템을} 도입하였다.,8
2020,문고리드림,(門고리드림),,상대방에게 물건을 줄 때 직접 대면하지 않고 문고리에 물건을 걸어서 전달하는 일. 넓은 의미로 문고리뿐만 아니라 문 앞에 물건을 두는 일도 포함된다.,¶중고 물건을 구매하기 위해 먼저 계좌로 돈을 보내고 {문고리 드림으로} 물건을 받아 왔다.,6
2020,미세먼지점검단,(微細먼지點檢團),,"미세 먼지 발생을 줄이기 위하여 과도한 미세 먼지 배출을 감시하고 단속하는 사람들의 무리. 불법적인 소각을 단속하고, 사업장에서 미세 먼지 저감 조치를 준수하는지 등을 확인하는 일을 한다.",¶미세 먼지 불법 배출을 방지하기 위하여 오는 19일부터 {미세 먼지 감시원이} 2인 1조로 활동하게 된다.,20
2020,미세먼지떨이식수사,(微細먼지떨이式搜査),,아주 작은 잘못이나 흠이라도 찾기 위하여 빈틈없이 모조리 조사하는 방식의 수사를 비유적으로 이르는 말.,¶검찰이 모 씨에 대해 {미세 먼지떨이식 수사를} 하고 있다는 비판이 일고 있다.,0
2020,미세먼지계절관리제,(微細먼지季節管理制),,"고농도 미세 먼지의 발생이 빈번한 12월부터 3월까지 평상시보다 강력한 관리와 대책으로 미세 먼지의 발생을 줄이기 위한 제도. 이 기간 동안 배출 가스 5등급 차량의 운행이 제한되며, 대기 오염 물질 배출 사업장이 집중 관리 대상이 된다.",¶푸른 하늘을 지키기 위해 2020년 12월 1일부터 2021년 3월 31일까지 {미세 먼지 계절 관리제를} 시행한다.,310
2020,배달거지,(配達거지),,배달 중인 음식을 고객에게 전달하기 전에 몰래 빼 먹는 배달원을 속되게 이르는 말.,¶최근 사회적 문제로 떠오른 {배달 거지는} 소비자는 물론 음식업체 업주들에게도 큰 골칫거리이다.,310
2020,베어마겟돈,(<영>bearmageddon),차용,통화 완화 정책을 사용해도 주가가 오히려 폭락하는 현상을 이르는 말. 성경에서 종말을 의미하는 ‘아마겟돈(Armageddon)’과 시세가 하락하는 주식 시장을 상징하는 ‘곰(bear)’을 결합하여 만든 말이다.,¶미국에서 기습적으로 금리를 인하했음에도 주가가 폭락하자 주식 시장에 {베어마겟돈이} 현실로 나타났다는 의견이 제기됐다.,3
2020,부머리무버,(<영>boomer remover),,"베이비 부머 세대에게 치명적으로 작용할 수 있는 코로나19를 이르는 말. ‘베이비 부머’ 세대를 뜻하는 ‘부머(boomer)’와 없앤다는 의미의 ‘리무버(remober)’를 결합하여 만든 말로, 코로나19가 현재 노인 세대인 베이비 부머 세대에게 치명적으로 작용하여 사망으로 이르게 하는 경우가 많다는 데에서 유래하였다.",¶{부머 리무버는} 코로나19가 노년층을 주로 없애는 질병이라는 일종의 젊은 세대들의 비아냥거림이다.,39
2020,분노방정식,(憤怒方程式),,"집값 폭등 이후 주택 보유 수에 따라 유주택자였던 사람, 무주택자, 1주택자, 다주택자가 각자의 상황에 따라 서로를 보는 태도를 나타낸 도식. 몇 년 전 집을 판 유주택자와 다주택자가 만나면 큰 전쟁이 일어나고, 무주택자와 1주택자 간에는 작은 전투가 일어나며, 다주택자는 무주택자를 멍청한 놈으로 여기고, 무주택자는 다주택자를 나쁜 놈으로 생각한다는 등의 내용이 포함된다.","¶{분노 방정식을} 보면 무주택자끼리 만나면 서로 신세를 한탄하다가 마지막에는 분노를 한다는데, 뭔가 웃기면서도 맞는 말인 것 같아 씁쓸하다.",4
2020,불매유탄,(不買流彈),,원래 불매하려는 상품과 직접적인 관계가 없는 상품의 불매가 이루어지는 일을 비유적으로 이르는 말.,¶{불매 유탄을} 맞은 이 기업은 작년에 비해 매출이 20% 이상 감소한 것으로 나타났다.,10
2020,블랙아웃화요일,(<영>blackout火曜日),,"인종 차별을 규탄하는 시위에 연대와 지지를 표명하는 캠페인. 미국 음반사에서 시작된 이 캠페인은 2020년 6월 2일 화요일 업무를 중단하고 인종 차별에 항의한 것으로, 전 세계 대중 음악계와 방송계 등으로 확산되었다.",¶한 음반사는 인종 차별을 위해 음악 산업이 할 수 있는 일을 생각해 보고자 {블랙아웃 화요일에} 동참하게 되었다고 한다.,250
2020,비화이트국,(非<영>white國),접두 파생,정부가 외국과 교역 시 전략 물자 수출 절차를 간소화할 수 있도록 정한 우대국에 해당하지 않는 국가. =비백색 국가.,¶한국 정부는 OO이 한국을 화이트국에서 {비화이트국으로} 격하한 것에 대해 깊은 유감을 표명하였다.,40
2020,비대면강의,(非對面講義),,"교수자와 학습자가 직접 마주하지 않고, 주로 온라인을 통해 이루어지는 강의. 코로나19로 직접적인 대면 활동이 제한되면서 생겨난 말이다.","¶코로나19의 확산으로 대부분의 대학에서 {비대면 수업이} 이루어지고 있는 가운데, 등록금 반환을 요구하는 학생들의 목소리가 높아지고 있다.",310
2020,비대면시험,(非對面試驗),,"교수자와 학습자가 직접 마주하지 않고, 주로 온라인상에서 이루어지는 시험. 코로나19로 직접적인 대면 활동이 제한되면서 생겨난 말이다.",¶{비대면 시험을} 볼 때에는 사전에 부정행위를 막을 수 있는 방법을 마련해야 한다.,310
2020,비례신당,(比例新黨),,비례 대표제 선거에서 비례 대표 후보를 내기 위해 새로 만든 신당.,¶OOO 의원은 이날 기자 회견에서 {비례 신당의} 창당을 선언하였다.,310
2020,비례연합공천,(比例聯合公薦),,여러 정당들이 같은 목적을 가지고 연합하여 단일한 비례 후보를 추천하는 일.,¶각 당의 이해관계가 첨예하게 대립되어 {비례 연합 공천에} 어려움을 겪고 있다.,16
2020,비례연합정당,(比例聯合政黨),,비례 대표제 선거에서 정당의 득표수를 높이기 위하여 선거 연합의 방식으로 합쳐진 정당. =비례 연합당.,¶OO당이 이번 총선에서 {비례 연합 정당에} 합류하기로 결론을 내렸다.,310
2020,비례연합당,(比例聯合黨),,비례 대표제 선거에서 정당의 득표수를 높이기 위하여 선거 연합의 방식으로 합쳐진 정당. =비례 연합 정당.,¶OO당은 독자적 진보 정당을 추구하기 위해 {비례 연합당에} 참여하지 않겠다고 밝혔다.,310
2020,비례위성정당,(比例衛星政黨),,비례 대표제 선거에서 비례 의석을 많이 확보하기 위하여 창당한 위성 정당. =비례 위성당.,¶그는 거대 양당이 {비례 위성 정당을} 만들어 이번 총선을 진영 대결로 몰고 갔다고 비판하였다.,310
2020,비례위성당,(比例衛星黨),,비례 대표제 선거에서 비례 의석을 많이 확보하기 위하여 창당한 위성 정당. =비례 위성 정당.,¶OO당이 {비례 위성당의} 창당에 참여했더라면 특정 당의 돌풍이 이렇게 세진 않았을 것으로 보인다.,34
2020,비례자매정당,(比例姊妹政黨),,정치적 이념이 같은 사람들끼리 비례 대표제 선거에 대비하여 창당한 친선 관계의 정당.,¶OO당이 연동형 비례 대표제에 대응하기 위해 {비례 자매 정당의} 설립을 서두르는 모양새다.,49
2020,비례전문정당,(比例專門政黨),,연동형 비례 대표 선거제를 대비해서 정당들이 비례 대표 의석을 확보하기 위해 만든 정당.,¶{비례 전문 정당들은} 언론의 조명과 인재 영입으로 외형적으로 정당의 틀만 갖췄을 뿐이라는 지적이 나오고 있다.,265
2020,비말차단,(飛沫遮斷),,병원체의 감염을 매개할 수 있는 침방울을 통하지 못하게 함. 주로 비말로 매개되는 코로나19의 감염원을 차단한다는 의미에서 생겨난 말이다.,¶코로나19 감염이 확산되면서 {비말 차단을} 위한 칸막이나 가림막 등과 관련된 특허 출원이 늘고 있다.,310
2020,비말마스크,(飛沫<영>mask),,"병원체의 감염을 매개할 수 있는 침방울의 유입을 차단하기 위해 쓰는 마스크. 주로 비말을 매개로 전파되는 코로나19를 예방하기 위해 쓰는 마스크의 한 종류이다. 보건 마스크에 비해 두께가 얇아 숨쉬기 편하면서도 덴탈 마스크와 비슷한 수준의 침방울 차단 효과가 있다. =비말 차단 마스크, 비말 차단용 마스크.",¶요즘같이 날씨가 더울 때는 비말을 차단하면서도 숨쉬기 편한 {비말 마스크를} 착용하는 것도 좋은 방법이다.,310
2020,비말차단마스크,(飛沫遮斷<영>mask),,"병원체의 감염을 매개할 수 있는 침방울의 유입을 차단하기 위해 쓰는 마스크. 주로 비말을 매개로 전파되는 코로나19를 예방하기 위해 쓰는 마스크의 한 종류이다. 보건 마스크에 비해 두께가 얇아 숨쉬기 편하면서도 덴탈 마스크와 비슷한 수준의 침방울 차단 효과가 있다. =비말 마스크, 비말 차단용 마스크.",¶코로나19의 재확산으로 {비말 차단 마스크를} 쓰던 사람들도 다시 보건용 마스크를 찾기 시작했다.,310
2020,비말차단용마스크,(飛沫遮斷用<영>mask),,"병원체의 감염을 매개할 수 있는 침방울의 유입을 차단하기 위해 쓰는 마스크. 주로 비말을 매개로 전파되는 코로나19를 예방하기 위해 쓰는 마스크의 한 종류이다. 보건 마스크에 비해 두께가 얇아 숨쉬기 편하면서도 덴탈 마스크와 비슷한 수준의 침방울 차단 효과가 있다. =비말 마스크, 비말 차단 마스크.",¶더운 날씨에 연일 온라인에서 품절되고 있는 {비말 차단용 마스크를} 곧 대형 마트에서도 살 수 있게 된다.,310
2020,비백색국가,(非白色國家),,정부가 외국과 교역 시 전략 물자 수출 절차를 간소화할 수 있도록 정한 우대국에 해당하지 않는 국가. =비화이트국.,¶OO이 우리나라를 {비백색 국가로} 분류함에 따라 일본의 수입 의존도가 높은 반도체 소재 품목의 수입에 차질이 생길 것으로 보인다.,214
2020,비화이트리스트,(非<영>white list),,일본 정부가 외국과 교역 시 전략 물자 수출 절차를 간소화할 수 있도록 지정한 우대국 리스트에 포함되지 않는 국가들의 목록.,¶정부는 한국이 {비화이트 리스트로} 분류되면 일본 부품을 사용하는 한국 기업에 타격이 있을 것을 우려하고 있다.,50
2020,뻥골프,(뻥<영>golf),합성,"공을 세게 쳐서 장타로 멀리 보낸 후, 그린 근처에서 웨지로 처리하는 방식의 골프 수법. 장타를 앞세워 비거리를 늘리는 데 주력하는 수법이다.",¶최근 장타를 앞세우는 {뻥골프가} 장기적으로 골프를 단조로운 게임으로 전락시킬 수 있다는 주장이 제기되었다.,10
2020,사골차,(四骨車),합성,오랫동안 단종되지 않고 동일한 모델로 출시된 차를 오랜 시간 우려내는 사골에 비유하여 이르는 말.,¶그 차는 사실상 10년 이상 같은 모델로 판매되면서 {사골차로} 불리기도 했다.,7
2020,사스코로나바이러스이,(<영>SARS corona virus二),,코로나19를 일으키는 바이러스. 2003년에 유행한 사스(SARS)의 병원체인 사스 코로나바이러스와 구조가 비슷하여 붙인 이름이다.,¶{사스 코로나바이러스 이의} 유전자 지도가 완성되어 코로나19 치료제 개발에 보다 가까워지게 되었다.,0
2020,사이버술자리,(<영>cyber술자리),,"현실 공간이 아닌 온라인상에서 이루어지는 술자리. 코로나19로 대면 활동이 제한되면서 생겨난 말로, 각자의 공간에서 화상 카메라로 서로의 모습을 보면서 술을 마시는 자리를 의미한다.",¶대학생 김 씨는 컴퓨터 앞에 술상을 차려 놓고 친구들과 {사이버 술자리를} 종종 가진다.,3
2020,사전환자분류소,(事前患者分類所),,"응급실에 내원하기 전에 환자를 상태에 따라 분류하는 곳. 코로나19 감염 여부와 중증도에 따라 환자를 분류하는 곳으로, 응급실 내의 감염 문제를 해결하고 중증 응급 환자를 신속히 치료하기 위한 목적으로 설치되었다.","¶중증 응급 진료 센터는 {사전 환자 분류소에서} 코로나19 의심 증상 여부와 중증도에 따라 환자를 분류하며, 코로나19 의심 증상이 있는 중증 환자는 별도로 격리된 진료 구역에서 응급 처치를 받는다.",310
2020,사회진입활동비,(社會進入活動費),,"청년 정책 중 하나로, 미취업 청년의 구직을 돕기 위해 주는 지원금. 졸업 또는 중퇴 후 2년이 지나도록 취업하지 못한 청년에게 최대 300만 원까지 지원한다.",¶부산시는 미취업 청년 2000명에게 {사회 진입 활동비를} 지원할 예정이다.,295
2020,산린이,(山린이),혼성,산에 오르기 시작한 지 얼마 되지 않은 사람. ‘산’과 ‘어린이’를 결합하여 만든 말로 등산 초보자를 의미한다. 코로나19의 확산을 방지하기 위해 실내에서 하는 활동의 많은 부분에서 제약이 생기자 여가 활동으로 등산에 관심을 가지기 시작한 사람들이 늘어나는 상황에서 나온 말이다.,¶최근 오랜 집콕 생활에서 벗어나 산을 오르려는 {산린이들이} 늘어나면서 덩달아 아웃도어 브랜드의 매출이 증가하고 있다.,310
2020,상거래신용등급,(商去來信用等級),,"상거래 신용 지수를 바탕으로 나눈 신용 등급. 한국형 상거래 신용 지수는 동종 업계 평균 대비 결제 기간, 고용 인원, 거래처 수 등을 토대로 산출하며, 이 지수를 기준으로 1~10 등급의 상거래 신용 등급이 나누어진다.",¶금융 당국 관계자는 신용 등급이 낮아도 {상거래 신용 등급이} 우수한 기업에게 보증을 지원하는 보증 상품을 출시할 예정이라고 밝혔다.,11
2020,상상코로나,(想像<영>←corona virus),,피로나 재채기와 같은 일상적인 증상에도 코로나19의 감염을 의심하는 현상.,¶코로나19가 확산되면서 {상상 코로나에} 시달리는 사람이 증가하고 있다.,126
2020,상생특별보증,(相生特別保證),,"정부ㆍ지자체ㆍ관련 업체가 협력하여 경제적으로 어려운 중소ㆍ중견 기업에 제공하는 보증. 코로나19로 경제적 위기를 겪고 있는 기업을 지원하기 위한 것으로, 정부ㆍ지자체ㆍ관련 업체가 보증 재원을 마련하면 보증 기관에서 해당 업체를 대상으로 보증하는 방식이다.",¶정부는 코로나19 사태로 위기에 처한 자동차 부품업계를 지원하기 위해 {상생 특별 보증을} 신설하기로 밝혔다.,310
2020,생활지원사,(生活支援士),,노인 복지 관련 기관에서 노인에게 맞춤형 돌봄 서비스를 제공하는 사람. 전화나 방문을 통해 안부를 확인하고 기초적인 일상생활을 도와주는 일 등을 한다.,¶{생활 지원사로} 일하는 O 씨는 홀로 사시는 어르신들의 말벗이 되어 주면서 많은 보람을 느낀다고 하였다.,310
2020,생활방역수칙,(生活防疫守則),,"일상생활 속에서 전염병이 발생하거나 확산되는 것을 막기 위해 생활 속에서 지켜야 하는 전염병 예방 수칙. 경제 활동과 사회 활동을 하면서도 생활 속에서 코로나19를 예방하기 위해 지켜야 하는 규칙을 의미한다. 아프면 집에 머물기, 30초 이상 흐르는 물에 손 씻기 등이 이에 해당한다.","¶코로나19를 예방하기 위한 {생활 방역 수칙에는} 마스크 착용하기, 흐르는 물에 손 자주 씻기와 같은 개인위생 수칙도 포함된다.",310
2020,생활방역시스템,(生活防疫<영>system),,일상생활 속에서 전염병이 발생하거나 확산되는 것을 막기 위한 방역 시스템. 경제 활동과 사회 활동을 하면서도 생활 속에서 코로나19를 예방하기 위한 방역 시스템을 의미한다.,¶O 장관은 코로나19를 극복하기 위해 {생활 방역 시스템을} 정착시켜 일상과 방역의 조화를 이루겠다고 하였다.,310
2020,생활방역체계,(生活防疫體系),,일상생활 속에서 전염병이 발생하거나 확산되는 것을 막기 위한 방역 체계. 경제 활동과 사회 활동을 하면서도 생활 속에서 코로나19를 예방하기 위한 방역 체계를 의미한다.,¶O 시장은 다중 이용 시설에 대한 {생활 방역 체계를} 구축하여 집단 감염의 위험을 최소화하겠다고 밝혔다.,310
2020,생활방역체제,(生活防疫體制),,일상생활 속에서 전염병이 발생하거나 확산되는 것을 막기 위한 방역 체제. 경제 활동과 사회 활동을 하면서도 생활 속에서 코로나19를 예방하기 위한 방역 체제를 의미한다.,¶정부는 코로나19의 장기화에 따른 막대한 사회ㆍ경제적 손실을 극복하기 위해 사회적 거리 두기를 종료하고 {생활 방역 체제로} 전환하겠다고 밝혔다.,310
2020,생활속거리두기,(生活속距離두기),,일상생활 속에서 전염병이 발생하거나 확산되는 것을 막기 위해 타인과 일정한 거리를 유지하는 일. 코로나19의 감염과 확산을 막기 위해 생겨난 말이다.,¶13일부터 방역 체계가 {생활 속 거리 두기로} 전환됨에 따라 저학년부터 순차적으로 등교 개학을 할 예정이다.,310
2020,생활치료센터,(生活治療<영>center),,"전염병에 걸렸으나 증상이 없거나 경미한 증상을 보이는 환자의 생활과 치료를 위한 시설. 코로나19의 확산으로 중증 환자의 병상 부족 문제를 해결하기 위해 만든 것으로, 일반 병원 외의 지정된 기숙사, 연수원 등의 시설이 이에 해당한다. =생활 치료 시설.",¶코로나19 경증환자는 {생활 치료 센터에} 들어가 의료진의 상시적 모니터링과 보호를 받게 된다.,310
2020,생활치료시설,(生活治療施設),,"전염병에 걸렸으나 증상이 없거나 경미한 증상을 보이는 환자의 생활과 치료를 위한 시설. 코로나19의 확산으로 중증 환자의 병상 부족 문제를 해결하기 위해 만든 것으로, 일반 병원 외의 지정된 기숙사, 연수원 등의 시설이 이에 해당한다. =생활 치료 센터.",¶O 시장은 코로나19 경증 환자들이 {생활 치료 시설에서} 건강하게 완치될 수 있도록 지원할 것이라고 밝혔다.,310
2020,선별검사센터,(選別檢査<영>center),,전염병 등의 감염 여부를 검사하기 위해 설치한 시설. 코로나19의 감염 여부를 검사하기 위한 시설이다.,"¶이 {선별 검사 센터는} 10개의 음압 기능이 있는 검사소를 갖추었으며, 하루 최대 700명을 검사할 수 있다.",310
2020,선별문진표,(選別問診表),,"전염병 등의 감염 여부를 파악하기 위하여, 사전에 준비된 질문에 간단히 답하는 문서. 코로나19의 감염 여부를 사전에 파악하기 위하여 발열 여부와 해외 방문 이력 등을 표시한다.","¶이 병원은 모든 방문자에게 {선별 문진 표를} 작성하게 하고, 비접촉 체온계와 손소독제를 사용하는 등 코로나19 방역에 힘쓰고 있다고 밝혔다.",30
2020,성범죄백서,(性犯罪白書),,"법무부에서 발간한, 성범죄자와 재범자의 범행 특성을 분석하여 그 내용을 국민에게 알리기 위해 작성한 보고서. 2000년 성 매수자 신상 공개 제도가 도입되고 20여년 간 누적된 성범죄자 전원을 대상으로 분석한 내용이다.",¶{성범죄 백서에} 따르면 성범죄자의 재범률이 60% 이상인 것으로 드러났다.,310
2020,세계보건안전지수,(世界保健安全指數),,"전 세계 국가를 대상으로 전염병 대응 체계, 감지 및 보고, 대응의 신속성, 보건 체계 등을 평가하여 국가의 보건 안정성을 나타낸 지수. 영국의 경제 분석 기관인 이코노미스트 인텔리전스 유닛과 미국의 존스 홉킨스 대학이 공동으로 개발하였다.","¶{세계 보건 안전 지수에} 따르면 우리나라는 195개국 가운데 9위를 차지해, 아시아에서 두 번째로 높은 것으로 나타났다.",35
2020,세대균형지표,(世代均衡指標),,형평성의 개념을 도입하여 사회‧경제적 기회 등에 있어 세대 간의 균형성을 나타내는 지표.,"¶서울시는 {세대 균형 지표를} 개발하기에 앞서, 기성세대와 청년 세대의 가치관을 비교하기 위해 설문 조사를 실시하였다.",25
2020,세미브리더,(<영>semi breeder),접두 파생,오염 물질의 농도를 줄이기 위하여 용광로 꼭대기에 설치한 대기 오염 저감 장치.,¶용광로의 오염 물질을 배출하는 데에 방지 시설과 연결된 {세미브리더를} 활용하면 대기 오염을 크게 줄일 수 있다.,182
2020,소득감소진술서,(所得減少陳述書),,"객관적으로 소득 감소를 증명할 자료가 없을 시, 소득 감소에 관한 내용을 본인이 스스로 작성한 문서. 정부가 코로나19로 소득이 감소하여 기존 대출의 원금을 상환하기 어려운 가계의 대출 원금 상환을 유예해 주었는데, 소득 감소를 증명할 수 없는 경우 소득 감소 진술서를 제출할 수 있도록 하였다.",¶금융사에 본인이 서명한 {소득 감소 진술서를} 내면 대출 원금의 상환 유예를 신청할 수 있다.,32
2020,소방직무제,(消防職務制),,소방 직무를 채용 시점부터 일정 계급까지 구분하여 선택 직무로 근무하도록 하는 제도. 우수 인재를 확보하고 소방 직무의 전문성을 높이기 위한 제도이다.,¶소방청은 2022년까지 {소방 직무제를} 도입하여 국민들에게 전문성 있는 소방 서비스를 제공하겠다고 밝혔다.,13
2020,소부장산업,(素部裝産業),,"소재 산업, 부품 산업, 장비 산업을 아울러 이르는 말.",¶정부는 기술 제휴와 국산화 등을 포함한 다양한 방법으로 {소부장 산업을} 육성하겠다고 밝혔다.,310
2020,소부장특별법,(素部裝特別法),,"소재ㆍ부품ㆍ장비와 관련한 산업의 대외 의존도를 낮추고 경쟁력을 강화하기 위해 제정한 법률. 2019년 7월부터 일본 정부가 반도체 생산에 필수적인 품목들을 한국으로 수출하는 데에 규제를 강화하였고, 이에 대응하기 위해 한국 정부에서 시행하였다. 2001년 제정된 ‘소재ㆍ부품 특별법’을 전면 개편하여 2019년 9월 국회에 발의되고 2020년 4월에 시행되었다. 정식 명칭은 ‘소재ㆍ부품ㆍ장비 산업 경쟁력 강화를 위한 특별 조치법’이다. =소재ㆍ부품ㆍ장비 산업 특별법.",¶{소부장 특별법이} 시행되면서 정책 범위가 소재 및 부품에서 소재ㆍ부품ㆍ장비까지 확장되었다.,310
2020,소액테크,(少額<영>tech),,소액이라도 벌거나 아껴서 돈을 모으는 일.,¶하나의 아이디로 여러 명이 온라인 서비스를 공유하면서 이용료를 나누어 내는 것도 {소액 테크의} 한 방식이다.,3
2020,소재부품장비산업특별법,(素材部品裝備産業特別法),,"소재ㆍ부품ㆍ장비와 관련한 산업의 대외 의존도를 낮추고 경쟁력을 강화하기 위해 제정한 법률. 2019년 7월부터 일본 정부가 반도체 생산에 필수적인 품목들을 한국으로 수출하는 데에 규제를 강화하였고, 이에 대응하기 위해 한국 정부에서 시행하였다. 2001년 제정된 ‘소재ㆍ부품 특별법’을 전면 개편하여 2019년 9월 국회에 발의되고 2020년 4월에 시행되었다. 정식 명칭은 ‘소재ㆍ부품ㆍ장비 산업 경쟁력 강화를 위한 특별 조치법’이다. =소부장 특별법.",¶대통령은 일본의 수출 규제를 극복하기 위한 {소재ㆍ부품ㆍ장비 산업 특별법이} 오늘부터 시행된다고 발표했다.,155
2020,손실배수,(損失倍數),,"파생 결합 펀드에서, 원금 손실률을 계산하는 데에 쓰이는 배수. 금리 하회 폭에 손실 배수를 곱한 비율만큼 원금 손실이 발생한다.",¶한 은행이 파생 결합 펀드를 판매할 때 고객에게 높은 {손실 배수에} 대한 위험성을 설명하지 않고 안전성만 강조한 것으로 드러났다.,310
2020,쇄국방역,(鎖國防疫),,"감염원이 외부에서 유입되는 것을 차단하기 위해, 국내로의 입국을 금지하거나 국경을 봉쇄하여 전염병의 발병과 확산을 막는 일. 코로나19의 감염과 확산을 막기 위하여 일부 나라에서 시행된 방역 조치이다.",¶그 나라는 철저하게 {쇄국 방역을} 펼쳐 코로나19 방역에 성공했다는 평가를 받고 있다.,8
2020,수리감염역학,(數理感染疫學),,미분 방정식이나 차분 방정식 등의 수학적 개념을 적용하여 전염병의 확산 과정을 파악하고 종식 시기 등을 예측하는 학문. 코로나19의 발병으로 수리 감염 역학에 대한 관심이 증가하게 되었다.,¶{수리 감염 역학에서는} 감염병의 확산 과정을 방정식으로 표현한다.,4
2020,수사심사관,(搜査審査官),,경찰서에서 사건의 수사 과정과 결과를 독립적으로 심사하는 일을 맡은 사람.,¶{수사 심사관은} 부실 수사와 유착을 가려내는 내부 감시자의 역할을 하게 된다.,310
2020,수사심사관제,(搜査審査官制),,부실 수사와 유착 등을 막기 위해 수사 심사관이 사건의 수사 과정과 결과를 독립적으로 심사하는 제도.,¶경찰은 수사의 완결성을 높이기 위해 내년부터 {수사 심사관제를} 전면적으로 도입할 것이라고 밝혔다.,35
2020,수소리포머,(水素<영>reformer),,액화 천연가스에서 수소를 추출하는 장치.,¶{수소 리포머에서} 생산된 수소는 수소 버스 충전소에 공급된다.,310
2020,수소사회형성법안,(水素社會形成法案),,수소 사회 형성을 위해 기반을 조성하고 수소 산업의 발전적인 생태계를 조성하기 위한 법안. 2019년 8월에 국회에서 발의되어 2020년 1월에 통과되었다.,¶O 의원은 수소 산업 육성을 위한 법적 근거를 마련하고자 {수소 사회 형성 법안을} 발의했다고 밝혔다.,47
2020,수출심사우대국,(輸出審査優待國),,정부가 외국과 교역 시 전략 물자 수출 절차를 간소화할 수 있도록 정한 국가. =수출 우대국.,"¶일본이 한국을 {수출 심사 우대국에서} 제외하자, 한국도 일본을 {수출 심사 우대국에서} 제외하였다.",310
2020,수출우대국,(輸出優待國),,정부가 외국과 교역 시 전략 물자 수출 절차를 간소화할 수 있도록 정한 국가. =수출 심사 우대국.,¶일본은 작년 8월에 우리나라를 {수출 우대국에서} 제외했다.,310
2020,스테이앳홈챌린지,(<영>stay at home challenge),,코로나19 감염을 예방하기 위해 생활 예방 수칙을 잘 지키면서 집에 머무르자는 메시지를 전달하는 챌린지. 집에서 재미있게 노는 모습을 촬영해서 자신의 누리 소통망 서비스(SNS) 계정에 올리는 방식으로 진행된다.,¶유명 축구 선수들이 잇달아 {스테이 앳 홈 챌린지에} 참여하여 세계적인 인기를 끌고 있다.,197
2020,스펙품앗이,(<영>spec품앗이),,부모들이 서로의 자녀에게 대입이나 취업 등에 활용할 수 있는 스펙을 불법적으로 만들어 주는 일.,¶특권층에 있는 두 사람이 서로의 자녀에게 {스펙 품앗이를} 한 사실이 밝혀져 충격을 주고 있다.,310
2020,승차진료소,(乘車診療所),,차에 탄 채로 전염병의 감염 여부를 검사받을 수 있도록 마련한 시설이나 장소. 코로나19의 감염 여부를 검사하기 위한 선별 진료소의 한 유형이다.,¶정부는 코로나19 감염 의심 환자를 신속하게 검사하기 위해 더 많은 {승차 진료소를} 설치겠다고 밝혔다.,199
2020,시니어상권,(<영>senior商圈),,노인들을 대상으로 하는 상업의 세력이 미치는 범위.,¶코로나19로 {시니어 상권이} 형성된 탑골 공원 주변도 매출이 부진한 것으로 나타났다.,2
2020,시민애도장,(市民哀悼葬),,탈북민 모자를 추모하기 위해 일반 시민들이 함께 모여 지내는 장례.,¶탈북민 단체는 탈북인 모자를 기리기 위한 {시민 애도장을} 열 예정이다.,38
2020,식빵세대,(食빵世代),,"1970년대에 태어난 세대로, 동일한 형태의 식빵처럼 개성이 없고 주어진 목적에 자신을 맞추고 순응하며 살아가는 세대.",¶자기주장이 강한 엑스 세대로 불리던 1970년대생들이 2020년에 와서는 조직에 순응적인 {식빵 세대로} 불리고 있다.,1
2020,신속사용승인,(迅速使用承認),,"공중 보건의 위기 상황에 대응하기 위해, 의료 제품을 신속하게 사용할 수 있도록 승인하는 일. 코로나19의 전 세계적인 확산으로, 코로나19의 백신과 치료제 등에 대한 신속 사용 승인이 요구되었다.",¶국내 보건 당국도 코로나19 치료제의 효과가 확인되면 {신속 사용 승인을} 통해 국내에서 사용할 수 있겠다고 밝혔다.,109
2020,신속전액보증,(迅速全額保證),,"국가적 재난 상황으로 인한 경기 침체를 극복하기 위해, 경제적 위기를 겪은 영세 기업과 소상공인에게 일정 금액을 국가가 전액 신속하게 보증하는 일. 코로나19로 경제적 어려움을 겪은 영세 기업과 소상공인에게 최대 5,000만 원까지 국가가 전액 보증한다.",¶연매출 1억 원 이하의 영세 기업은 {신속 전액 보증을} 지원받을 수 있다.,54
2020,신속통로제,(迅速通路制),,기업인들의 필수 경제 활동을 보장하기 위해 기업인의 입국 절차를 간소화하는 제도. 코로나19 검사에서 음성 판정을 받으면 격리를 면제받는다.,¶앞으로 한국 기업인들은 {신속 통로제를} 통해 중국에 입국할 수 있다.,210
2020,신종코로나감염증,(新種<영>←corona virus感染症),,"사스 코로나바이러스 2(SARS-CoV-2)에 감염되어 발생하는 호흡기 증후군. 발열, 권태감, 기침, 호흡 곤란, 폐렴 따위의 다양한 호흡기 증상을 보인다. =신종 코로나바이러스 감염증, 코로나바이러스 감염증 일구.",¶세계 보건 기구가 {신종 코로나 감염증에} 대해 세계적 대유행을 선언하였다.,310
2020,신종코로나바이러스감염증,(新種<영>corona virus感染症),,"사스 코로나바이러스 2(SARS-CoV-2)에 감염되어 발생하는 호흡기 증후군. 발열, 권태감, 기침, 호흡 곤란, 폐렴 따위의 다양한 호흡기 증상을 보인다. =신종 코로나 감염증, 코로나바이러스 감염증 일구.",¶정부는 {신종 코로나바이러스 감염증의} 확산을 방지하기 위해 초중고의 개학을 연기한다고 밝혔다.,310
2020,신중국공포,(新中國恐怖),,"미국과 중국 간의 신냉전 상황에서, 미국이 중국에 대해 느끼는 두려움.",¶{신중국 공포라는} 말에는 미국의 중국에 대한 견제가 담겨 있다.,1
2020,실버역세권,(<영>silver驛勢圈),,노년층이 자주 이용하는 시설이 분포하는 범위.,"¶문화 빅 데이터 플랫폼에서는 {실버 역세권과} 전통 시장 역세권, 축제 역세권 등으로 구분되는 문화 역세권을 확인할 수 있다.",1
2020,실종아동주간,(失踪兒童週間),,사회적 차원에서 실종 아동에 대한 책임감을 불러일으키고 아동의 실종을 예방하기 위하여 특별히 정한 일정한 주간. 실종 아동의 날인 매년 5월 25일부터 일주일 동안의 기간이다.,¶{실종 아동 주간에는} 실종 아동에 대한 국민의 인식을 확대하고 지속적인 관심을 고취하기 위해 다양한 홍보 활동을 진행한다.,79
2020,실효이자비용,(實效利子費用),,금융 기관에서 대출받은 금액에 대해 실제로 부담하는 이자 비용.,¶최근 국가 채무가 늘어났지만 국채 금리에서 명목 성장률을 뺀 {실효 이자 비용의} 추이를 살펴보면 한국의 재정 여력에는 문제가 없어 보인다.,10
2020,쌉에이블,(쌉<영>able),합성,마땅히 할 수 있음.,¶밥이 맛있어서 김치만 있어도 두 그릇 먹는 거는 {쌉에이블이다}.,2
2020,쌉파서블,(쌉<영>possible),합성,마땅히 할 수 있거나 될 수 있음.,¶예전에는 둘이서 떡볶이 4인분도 {쌉파서블이었는데} 이제는 위가 줄어들었는지 2인분을 시켜도 남긴다.,28
2020,아동돌봄쿠폰,(兒童돌봄<영>coupon),,"아동 양육 가구의 부담을 덜기 위해 정부에서 지급하는 지원금. 코로나19로 인한 재난 상황에서 지급되기 시작했다. =아동 양육 쿠폰, 아이 돌봄 쿠폰.","¶2020년 3월 말 기준으로 아동 수당을 받는 만 7세 미만 아동이라면 {아동 돌봄 쿠폰을} 받을 수 있으며, 지자체에 따라서는 종이 상품권, 전자 상품권, 지역 전자 화폐 등으로 지급할 수 있다.",310
2020,아동양육쿠폰,(兒童養育<영>coupon),,"아동 양육 가구의 부담을 덜기 위해 정부에서 지급하는 지원금. 코로나19로 인한 재난 상황에서 지급되기 시작했다. =아동 돌봄 쿠폰, 아이 돌봄 쿠폰.",¶코로나19 확산으로 인한 경제적 피해를 줄이기 위해 정부에서는 만 7세 미만의 아이를 둔 부모들에게 {아동 양육 쿠폰을} 지급할 예정이다.,140
2020,아베노마스크,(<일>Abeno mask),차용,"일본에서, 코로나19의 대유행으로 인한 마스크 부족 현상을 완화하기 위해 일본 정부가 가구당 2장씩 지급한 면 마스크. 배포된 마스크의 품질이 나빠 실용성이 떨어진다는 점을 아베 정권의 경제 정책 ‘아베노믹스’에 빗대어 비꼬는 말이다.",¶{아베노마스크는} 크기가 작고 불량품이 많다는 지적이 끊이지 않았다.,310
2020,아이돌봄쿠폰,(아이돌봄<영>coupon),,"아동 양육 가구의 부담을 덜기 위해 정부에서 지급하는 지원금. 코로나19로 인한 재난 상황에서 지급되기 시작했다. =아동 돌봄 쿠폰, 아동 양육 쿠폰.","¶{아이 돌봄 쿠폰은} 소상공인을 지원하고 지역 경제를 활성화하기 위해 백화점이나 대형 마트, 유흥업소 등의 일부 매장에서는 사용할 수 없다.",20
2020,아이돌봄포인트,(아이돌봄<영>point),,아이를 돌보는 데 드는 비용을 줄이기 위해 지급하는 포인트. 정부에서 제공하는 양육 지원 서비스를 이용하는 카드로 지급받아 현금처럼 사용할 수 있다. 코로나19로 인한 재난 상황에서 지급되기 시작했다.,¶온라인에서는 {아이 돌봄 포인트로} 결제할 수 없다.,25
2020,안방요금,(안房料金),,극장에서 상영하는 영화를 텔레비전으로 관람하기 위해 지불하는 요금. 코로나19로 인한 재난 상황에서 최신 개봉 영화를 관람하는 장소가 다양화되면서 극장에서 영화를 관람하기 위해 지불하는 요금에 상대하여 이르는 말이다.,¶이 영화는 온라인과 오프라인에서 동시 개봉 했지만 {안방 요금이} 상대적으로 비싸 예상보다 많은 사람들이 극장을 찾았다.,2
2020,안보삼각형,(安保三角形),,"한국과 미국, 일본이 연합하여 만든 안보 협력 체제를 이르는 말.","¶한일 갈등의 문제에 접근하기 전에 한국과 일본, 미국은 {안보 삼각형에} 갇혀 있다는 현실을 잊지 말아야 한다.",18
2020,안심가림막,(安心가림幕),,다른 사람의 시선을 차단해 사생활을 보호하거나 다른 사람과의 직접적인 접촉을 피하기 위하여 설치한 막. 주로 은행이나 관공서 등 대면 서비스가 필수적인 장소에서 코로나19의 확산을 방지하기 위해 사용된다.,¶코로나19 확산 방지를 위해 지자체에서는 민원실 창구에 투명한 {안심 가림막을} 설치했다.,283
2020,안심면회,(安心面會),,다른 사람과 직접 접촉하지 않고 가림막을 사이에 두거나 온라인으로 하는 면회. 주로 요양원이나 병원 등 코로나19의 감염에 취약한 사람들이 많은 장소에서 시행되기 시작했다.,¶코로나19로 오랫동안 만나지 못한 가족들을 위해 병원에서는 환자와 보호자 사이에 보호 비닐을 설치한 면회실을 마련하여 {안심 면회를} 실시하고 있다.,310
2020,안심외래진료소,(安心外來診療所),,코로나19의 확산을 방지하고자 호흡기 질환 증상이 있는 환자들을 따로 진찰하기 위하여 마련한 진료소.,"¶병원을 방문하는 모든 환자들은 병원 입구에서 체온, 여행력 등을 확인한 후 호흡기 증상이 있으면 {안심 외래 진료소로} 간다.",280
2020,애국테마주,(愛國<독>thema株),,국제 관계가 주식 시장에 영향을 미칠 때 자기 나라에 이롭거나 도움이 되기 위한 투자로 인해 거래가 급증하는 주식.,¶일본이 전략 물자 수출 심사 우대 대상에서 한국을 배제하자 {애국 테마주가} 급등세를 보였다.,310
2020,애프터코로나,(<영>▼after←corona virus),,코로나19의 세계적 대유행이 종식된 뒤의 시기.,¶코로나19로 인해 힘든 관광업계에서 {애프터 코로나를} 대비하고 현 상황을 타개하기 위해 한 기업 총수가 직접 현장을 챙기고자 나섰다.,310
2020,약물치유법원,(藥物治癒法院),,범죄자의 약물 중독을 치유하여 재범을 방지하기 위하여 법원에서 운영하는 프로그램.,¶미국 뉴욕 주에는 180여 개의 {약물 치유 법원이} 있다.,1
2020,양압차량,(陽壓車輛),,"양압 장치가 설비된 차량. 차량 내부의 압력을 대기압보다 높게 유지하여 병원균이나 화학 물질, 방사능 물질 등으로 오염된 외부 공기가 내부로 유입되지 않도록 막는다. =양압차.",¶현재 개발 중인 시험장은 {양압 차량의} 정밀 측정이 가능한 시스템을 갖추었다.,4
2020,양압차,(陽壓車),합성,"양압 장치가 설비된 차량. 차량 내부의 압력을 대기압보다 높게 유지하여 병원균이나 화학 물질, 방사능 물질 등으로 오염된 외부 공기가 내부로 유입되지 않도록 막는다. =양압 차량.",¶이번 {양압차의} 개발은 화학 물질 확산에 따른 피해 방지에 큰 도움이 될 것으로 기대된다.,3
2020,양육쿠폰,(養育<영>coupon),,자녀를 양육하는 부모의 부담을 줄이기 위해 정부에서 지급하는 지원금. 코로나19로 인한 재난 상황에서 지급되기 시작했다.,¶이번 {양육 쿠폰도} 만 7세 미만의 아동이 있는 가구에 지급된다.,140
2020,양자보안폰,(量子保安<영>phone),,양자 암호 통신 기술을 바탕으로 한 칩 셋이 탑재되어 보안성이 뛰어난 휴대 전화.,¶세계 최초의 {양자 보안 폰에}는 세계에서 가장 작은 크기의 양자 난수 생성 칩 셋이 들어 있습니다.,310
2020,어린이생명법안,(어린이生命法案),,어린이의 생명을 안전하게 보호할 수 있는 법안을 통틀어 이르는 말.,¶대중이 주목하고 대통령이 언급한 일부 법안은 처리되고 있지만 아직 많은 {어린이 생명 법안이} 상임위 소위조차 넘지 못하고 있다.,38
2020,어선원보험법,(漁船員保險法),,어업에 종사하는 어선원과 어선에 대한 보험 제도를 실시하여 어선원의 재해를 보상하고 어선의 복구를 촉진하도록 제정된 법률. 정식 명칭은 ‘어선원 및 어선 재해 보상 보험법’이다.,¶어선원의 산업 재해는 매우 심각한 상황이지만 어선원이 산재 보험법이 아니라 {어선원 보험법의} 적용을 받기 때문에 그동안 주목받지 못했다.,6
2020,어퍼웨어,(<영>upperwear),차용,화상 회의나 영상 통화 따위를 하기 위해 상의만 차려입는 옷차림. 화면을 통해 주로 상체 쪽만 상대방에게 보이기 때문에 상의는 잘 차려입고 화면에 보이지 않는 하의는 편하게 입는다. 코로나19의 확산을 방지하기 위한 사회적 거리 두기의 일환으로 재택근무나 온라인 수업 따위가 일상화되는 상황에서 나온 말이다.,¶온라인 수업 시작 직전까지 침대에서 늦장을 부리던 아이는 윗옷만 갈아입고 잠옷 바지는 그대로인 {어퍼웨어를} 선보이며 컴퓨터 앞에 앉았다.,13
2020,언컨택트,(<영>▼uncontact),접두 파생,"다른 사람과 접촉하지 않음. 코로나19의 확산을 방지하기 위한 사회적 거리 두기의 일환으로 재택근무나 온라인 수업, 키오스크 주문 따위가 일반화되는 상황에서 나온 말이다.",¶대면 접촉이 필수라고 생각했던 업종에서도 지금은 {언컨택트가} 더 편리하고 효율적인 방식인 것을 느끼게 되었다.,310
2020,언택트경제,(<영>▼un←contact經濟),,다른 사람과 접촉하지 않고 이루어지는 경제 활동. 코로나19의 확산을 방지하기 위해 비대면으로 하는 경제 활동이 일반화되는 상황에서 나온 말이다.,¶재택근무가 일상화되고 여가 시간에도 방콕하는 경우가 늘면서 소비자들이 {언택트 경제에} 눈을 뜨기 시작했다.,310
2020,언택트러닝,(<영>▼un←contact learning),,교사와 학생이 접촉하지 않고 이루어지는 학습. 코로나19의 확산을 방지하기 위해 비대면으로 하는 학습 활동이 일반화되는 상황에서 나온 말이다.,¶이번에 개최한 포럼에서 참여자들은 {언택트 러닝을} 시도한 새로운 수업 모델 개발 사례를 발표했다.,153
2020,언택트범죄,(<영>▼un←contact犯罪),,다른 사람과 접촉하지 않고 저지르는 범죄. 코로나19의 확산을 방지하기 위해 비대면으로 하는 활동이 일반화되는 상황에서 나온 말이다.,¶최근 개인 정보를 도용하여 저지르는 {언택트 범죄가} 기승을 부리고 있다.,96
2020,언택트산업,(<영>▼un←contact産業),,다른 사람과 접촉하지 않고 재화나 서비스를 공급하는 산업. 코로나19의 확산을 방지하기 위해 비대면으로 하는 활동이 일반화되는 상황에서 나온 말이다.,¶코로나19로 인해 전통적인 제조업과 대면 서비스업이 쇠퇴하고 디지털 기반의 {언택트 산업을} 중심으로 세계 경제 질서가 재편될 것으로 보인다.,310
2020,언택트시네마,(<영>▼un←contact cinema),,직원이나 다른 손님과 접촉하지 않고 이용할 수 있는 극장. 코로나19의 확산을 방지하기 위해 비대면으로 하는 활동이 일반화되는 상황에서 나온 말이다.,¶코로나19로 위기를 맞은 극장은 로봇이 상영관을 안내하고 자판기가 팝콘을 판매하는 방식의 {언택트 시네마로} 활로를 찾고 있다.,272
2020,언택트영업,(<영>▼un←contact營業),,고객과 접촉하지 않고 상품이나 서비스를 판매하는 영업 전략. 코로나19의 확산을 방지하기 위해 비대면으로 하는 활동이 일반화되는 상황에서 나온 말이다.,¶모바일 고객 관리 앱은 사람들 간의 대면 접촉이 어려워진 환경에 맞추어 직원들이 고객을 찾고 {언택트 영업을} 쉽게 하기 위해 제작됐다.,310
2020,언택트존,(<영>▼un←contact zone),,직원과 접촉하지 않고 물건을 구매하거나 서비스를 제공받을 수 있는 곳. 코로나19의 확산을 방지하기 위해 비대면으로 하는 활동이 일반화되는 상황에서 나온 말이다.,¶{언택트 존에서는} 고객들이 비대면 방식으로 각종 단말기와 통신 서비스를 체험할 수 있다.,274
2020,언택트주,(<영>▼un←contact株),합성,다른 사람과 접촉하지 않고 재화나 서비스를 공급하는 산업과 관련된 주식. 코로나19의 확산을 방지하기 위해 비대면으로 하는 활동과 관련된 산업이 발전하는 상황에서 나온 말이다.,¶눈여겨봐야 할 {언택트주는} 양방향 학습이나 원격 의료 관련 주식이다.,310
2020,에코프로파일링,(<영>echo profiling),,범죄의 피해자나 증인에게 소리를 들려주고 사건과 관련한 기억을 떠올리게 하여 진술과 증거를 수집하는 방식.,¶작가는 {에코 프로파일링의} 방법을 적용하여 생존자들이 소리로만 기억하는 사건 장소를 디지털 이미지로 시각화했다.,1
2020,엔번방사건,(<영>n番房事件),,2019년 초 개설된 성 착취물 공유 단체 채팅방을 통해 일어난 사건. 대화 내용이 남지 않는 온라인 메신저를 이용하여 아동 및 청소년 등의 피해자를 협박해 성 착취물을 제작하고 이를 무상 또는 유상으로 유포한 디지털 성범죄 사건을 가리킨다.,¶청년들은 {엔 번 방 사건을} 보고만 있을 수 없다며 사이트를 만들어 관련 정보를 모으는 등 직접 행동에 나섰다.,170
2020,여객자동차운송플랫폼,(旅客自動車運送<영>platform),,"‘여객 자동차 운수 사업법’을 따라, 사람들의 수요에 따라 자동차를 이용하여 유료로 사람을 태워 나르는 서비스를 제공하는 플랫폼.","¶이 개정안은 {여객 자동차 운송 플랫폼을} 신설하고, 플랫폼 택시를 제도화하는 내용을 포함한다.",310
2020,연관검색어정화운동,(聯關檢索語淨化運動),,포털 사이트에 특정 어휘를 검색했을 때 나타나는 부정적인 연관 검색어를 긍정적인 것으로 바꾸려고 힘쓰는 일. 또는 그런 활동.,¶{연관 검색어 정화 운동에} 참여한 네티즌들은 댓글을 통해 더 많은 사람들이 참여해 주기를 촉구했다.,12
2020,연락제한요청권,(連絡制限要請權),,채무자의 정상적인 생활을 보장하기 위하여 추심에 관련한 연락을 제한해 달라고 요청할 수 있는 권리.,¶{연락 제한 요청권으로} 채무자는 특정 시간대나 특정 수단을 통한 추심 연락을 받지 않도록 요청할 수 있다.,270
2020,연령서열주의,(年齡序列主義),,나이의 많고 적음을 중시하는 사고방식.,¶이 작품에서 소녀는 {연령 서열주의에} 의해 주체적으로 사고하고 행동하지 못하는 모습을 보인다.,2
2020,오저치고,(오저<영>←chicken go),축약,‘오늘 저녁 치킨 고’를 줄여 이르는 말. 주로 치킨을 함께 먹을 것을 권할 때 쓰는 말이다.,¶불금인데 {오저치고}?,85
2020,오케팅,(오<영>←ticketing),혼성,"온라인 쇼핑몰에서, 저렴하게 판매하는 오징어를 사기 위해 한꺼번에 많은 사람이 몰려 경쟁이 벌어지는 일을 이르는 말. 2020년 3월 30일, 코로나19로 인한 재난 상황으로 경제적 어려움을 겪는 어민을 돕기 위해 지자체와 유통업계가 협력하여 마련한 행사에서 비롯하였다.","¶{오케팅과} 포케팅, 둘 다 실패했어요.",310
2020,온라인개학,(<영>on-line開學),,방학이 끝난 후에 인터넷으로 수업을 다시 시작함. 코로나19의 확산을 방지하기 위해 온라인을 통해 2020년 1학기를 시작하면서 나온 말이다.,¶중고등학교 3학년부터 {온라인 개학을} 시행했다.,310
2020,온라인노인정,(<영>on-line老人亭),,과거에 유행했던 노래나 영상 따위의 콘텐츠를 즐기는 사람들이 모이는 온라인 공간을 ‘노인정’에 비유하여 이르는 말.,¶당시를 기억하는 세대들은 {온라인 노인정을} 열어 실시간 댓글을 달며 다 함께 즐거워했다.,32
2020,온라인뷰잉룸,(<영>▼on-line viewing room),,온라인상으로 예술 작품을 감상할 수 있는 공간. 코로나19의 확산을 방지하기 위해 예술 작품을 전시하거나 판매하는 일을 온라인으로 진행하게 되면서 나온 말이다.,¶‘{온라인 뷰잉 룸’에서는} 수천 점의 작품을 관람할 수 있다.,310
2020,온라인실버타운,(<영>▼on-line silver town),,과거에 유행했던 노래나 영상 따위의 콘텐츠를 즐기는 사람들이 모이는 온라인 공간을 ‘실버타운’에 비유하여 이르는 말.,¶2000년대 가요 프로그램을 실시간으로 계속 보여주는 {온라인 실버타운에} 다녀오실 분?,2
2020,온라인탑골공원,(<영>▼on-line塔골公園),,과거에 유행했던 노래나 영상 따위의 콘텐츠를 즐기는 사람들이 모이는 온라인 공간을 ‘탑골 공원’에 비유하여 이르는 말.,¶{온라인 탑골 공원을} 찾은 이들은 주로 삼사십 대지만 호기심에 찾아온 십 대나 이십 대도 적지 않다.,310
2020,온택트,(<영>▼on←contact),혼성,온라인상으로 다른 사람과 접촉함. 코로나19의 확산을 방지하기 위해 온라인으로 하는 활동이 일반화되는 상황에서 나온 말이다.,¶정부에서는 코로나19 확산 방지를 위해 전체 교육을 {온택트로} 진행한다고 밝혔다.,310
2020,요린이,(料린이),혼성,요리를 처음 시작하거나 요리에 익숙하지 않은 사람을 이르는 말. 코로나19의 확산과 그에 따른 사회적 거리 두기의 시행으로 인해 외식을 하는 대신 집에서 요리하는 일에 관심을 가지기 시작한 사람들이 늘어나는 상황에서 나온 말이다.,¶조리법대로 양념을 배합하는 것조차 어려운 {요린이라도} 이 소스만 있으면 식당에서 만든 것 같은 맛을 낼 수 있다.,310
2020,우한코로나,(Wuhan[武漢]<영>←corona virus),,"‘코로나바이러스 감염증 일구’를 달리 이르는 말. 2019년 12월 중국 우한시에서 집단으로 호흡기 질병에 감염되는 사건이 발생하자 이 질병을 일으킨 신종 코로나바이러스 감염증을 가리키는 말로 사용되었다. 지리적 위치를 나타내는 말이 병명에 포함되지 않도록 하는 더블유에이치오(WHO)의 2015년 지침에 따라 2020년 2월 더블유에이치오(WHO)에서는 ‘코비드 일구(COVID-19)’를 공식 명칭으로 발표하였고, 한국 정부에서는 ‘코로나바이러스 감염증-19’와 ‘코로나19’를 국내 공식 명칭과 그 약칭으로 발표하였다.",¶정부는 특정 지역에 대한 혐오를 조장할 가능성이 있는 {우한 코로나라는} 용어 대신 공식 용어 사용을 장려했다.,310
2020,우한폐렴,(Wuhan[武漢]肺炎▽),,"‘코로나바이러스 감염증 일구’를 달리 이르는 말. 이 질병에 감염된 사람이 폐렴과 비슷한 증상을 보이는 데서 비롯한 말이다. 2019년 12월 중국 우한시에서 집단으로 호흡기 질병에 감염되는 사건이 발생하자 이 질병을 일으킨 신종 코로나바이러스 감염증을 가리키는 말로 사용되었다. 지리적 위치를 나타내는 말이 병명에 포함되지 않도록 하는 더블유에이치오(WHO)의 2015년 지침에 따라 2020년 2월 더블유에이치오(WHO)에서는 ‘코비드 일구(COVID-19)’를 공식 명칭으로 발표하였고, 한국 정부에서는 ‘코로나바이러스 감염증-19’와 ‘코로나19’를 국내 공식 명칭과 그 약칭으로 발표하였다.",¶{우한 폐렴을} 일으키는 바이러스는 사스나 메르스와 다른 신종 코로나바이러스이다.,310
2020,워라밸일자리장려금,(<영>←work-life balance일자리奬勵金),,"자녀 돌봄이나 건강, 학업 따위의 사정에 따라 일하는 시간을 줄이고자 하는 근로자의 고용 유지를 장려하기 위해 정부에서 사업주에게 내어 주는 돈. 사업주는 해당 근로자의 단축 근로 시간에 대한 임금 감소액의 일부를 보전하거나, 간접 노무비 지급 또는 대체 인력 채용을 위한 비용으로 장려금을 활용할 수 있다. 코로나19로 인한 재난 상황에서 긴급 자녀 돌봄, 단축 근무를 통한 사회적 거리 두기 동참 등을 위하여 장려금의 신청이 급증하였다.","¶코로나19로 인해 올해 {워라밸 일자리 장려금을} 신청하여 활용한 인원이 20,000명 이상인 것으로 확인됐다.",310
2020,워킹스루,(<영>▼walking through),합성,특정 장소에 걸어서 들어가거나 나오면서 서비스를 이용하는 방식. 코로나19의 확산을 방지하기 위해 활용되기 시작했다.,¶코로나19의 확산을 방지하기 위해 대부분의 고등학교가 {워킹스루로} 수능 시험 성적표를 배부하기로 결정했다.,310
2020,워킹스루진료소,(<영>▼walking through診療所),,환자가 걸어서 들어가거나 나오면서 의료진에게 진료를 받을 수 있도록 설비를 갖춘 곳. 코로나19의 확산을 방지하기 위해 설치되기 시작했다.,¶공항의 {워킹스루 진료소에서} 한 해외 입국자가 코로나19 진단 검사를 받고 있다.,310
2020,원격수업시대,(遠隔授業時代),,컴퓨터 통신 따위를 활용하여 교사와 학생이 직접 만나지 않고 수업이 이루어지는 시대. 코로나19의 확산을 방지하기 위해 온라인으로 하는 수업이 일반화되는 상황에서 나온 말이다.,¶{원격 수업 시대를} 맞아 학부모를 대상으로 한 연수가 개최돼 학부모들로부터 관심을 얻고 있다.,170
2020,위기아동경보망,(危機兒童警報網),,학대를 당하고 있거나 학대로 의심되는 상태의 아동을 파악하고 구조할 수 있도록 구축한 체계.,¶부모에게 학대를 당해 왔던 한 아동이 올해 정부의 {위기 아동 경보망에} 포착되었으나 코로나19로 인해 전담 공무원이 방문하여 조사하지 못한 사실이 드러났다.,9
2020,위기극복수당,(危機克服手當),,"경제적으로 위험한 시기를 극복할 수 있도록 정부에서 지급하는 수당. 코로나19의 대유행으로 인한 경제적 위기 상황을 극복하기 위해 고양시, 인천시 등에서 사용한 용어이다.",¶가능한 모든 재원을 모아 {위기 극복 수당을} 신속히 지급해야 한다.,79
2020,위기관리참모훈련,(危機管理參謀訓鍊),,적의 도발이나 테러 따위의 위기 상황에 적절히 대처하는 방법을 가르치기 위한 훈련. 통상적으로 한국군과 주한 미군이 연합하여 실시하는 지휘소 연습의 예비 단계에서 이루어지는 훈련이다.,¶군 당국은 다음 주 {위기관리 참모 훈련부터} 시작하여 하반기 한미 연합 훈련을 3주 동안 실시할 계획이다.,310
2020,위드코로나,(<영>▼with←corona virus),,코로나19를 통제하며 안전하게 생활하는 상황을 이르는 말.,"¶앞으로 {위드 코로나가} 정착되기 위해서는 사회 각 분야의 환경이나 문화, 제도 등을 다 함께 개선해 나가야 한다.",310
2020,위성비례정당,(衛星比例政黨),,"2020년 제21 대 국회 의원 선거에서, 비례 대표 국회 의원을 더 많이 확보하고자 하는 거대 정당을 보조하기 위해 만들어진 정당.",¶특정 당의 {위성 비례 정당이} 생겨나게 되면 다른 당으로 분산될 수도 있는 표를 어느 정도 다시 모으는 효과가 있다.,310
2020,위험유포지수,(危險流布指數),,국가의 전략 물자에 관한 무역 관리 제도를 평가한 결과를 나타내는 지수. =위험 행상 지수.,¶연구소는 지난달 약 200개 국가의 전략 물자 무역 관리 제도를 평가하여 {위험 유포 지수를} 발표했다.,15
2020,위험행상지수,(危險行商指數),,국가의 전략 물자에 관한 무역 관리 제도를 평가한 결과를 나타내는 지수. =위험 유포 지수.,¶연구소에서 발표한 {위험 행상 지수에서} 한국은 전체 국가들 가운데 17위를 차지했다.,40
2020,유덜트,(<영>▼←youthful adult),혼성,자기 자신을 꾸며 나이보다 젊어 보이는 성인.,¶비슷한 또래에 비해 더 젊어 보이게 꾸미는 {유덜트들이} 늘고 있다.,8
2020,유튜버셀러,(<영>▼Youtuber seller),합성,동영상 공유 플랫폼에서 동영상을 만드는 사람이나 동영상에 출연한 사람이 소개하거나 추천하여 많이 팔린 책.,¶최근 서점에는 {유튜버셀러가} 넘쳐 나고 있다.,46
2020,으뜸효율가전,(으뜸效率家電),,에너지 소비 효율 등급이 높은 가정용 전자 기기.,¶에너지 효율 등급이 높은 {으뜸 효율 가전을} 구매한 사람에게는 정부에서 물건 가격의 10%가량을 환급해 준다.,310
2020,음향집게,(音響집게),,음파를 이용해 물체를 집는 도구.,¶바늘로 채혈을 하지 않아도 고주파를 이용하는 {음향 집게로} 혈당을 체크하는 시스템이 이번 사업의 지원 대상으로 결정됐다.,22
2020,의료수어통역사,(醫療手語通譯士),,청각 장애인이나 언어 장애인이 의료 기관을 이용할 때 수화 언어를 모르는 의료진과 의사소통할 수 있도록 말을 전해 주는 사람.,¶{의료 수어 통역사가} 상주해 있는 병원은 전국적으로도 매우 드물다.,98
2020,이시국여행,(이時局旅行),,많은 사람들이 코로나19의 확산을 방지하기 위해 노력하는 가운데 굳이 떠나는 여행을 비난조로 이르는 말.,¶방역에 대한 시민들의 의식이 높아지면서 누리 소통망 서비스(SNS)에서는 코로나19 대유행의 상황 속에서도 여행을 다니는 사람들에 대해 언급하면서 ‘{이 시국 여행’이라는} 해시태그를 달아 비판하는 사례가 늘고 있다.,70
2020,이학습터,(<영>←electronic學習터),,"초중등학교의 학생들과 교사들이 이용할 수 있는 온라인 교수 학습 사이트. 동영상 강의나 실시간 화상 수업을 통해 자율 보충 학습, 방과 후 수업, 학습 관리 등 학교 정규 수업의 보조적 수단으로 활용한다. 교육부와 전국 17개 시도 교육청에서 운영하며, 코로나19의 확산을 방지하기 위해 2020년 4월 온라인 개학을 하는 데에 이용되면서 학교 정규 수업의 보조적 수단뿐만 아니라 주 수단으로서도 활용되기 시작했다.",¶정부는 온라인 개학을 대비하여 {이 학습터에} 미리 로그인할 것을 학생들에게 권장했다.,42
2020,이동검체채취,(移動檢體採取),,직접 병원에 방문하여 검사를 받기 어려운 환자를 위해 의료진이 병원 밖의 환자가 있는 곳으로 가서 검체를 받는 일. 코로나19의 의심 증상이 있는 환자를 신속하게 진단하여 질병의 확산을 방지하기 위해 시작되었다.,¶정부는 이달 말부터 거동이 불편한 분들을 대상으로 {이동 검체 채취를} 실시할 계획이다.,310
2020,이동선별진료,(移動選別診療),,일정한 기준에 따라 환자를 선별하여 병원 밖에서 진찰과 치료를 하는 일. 코로나19의 의심 증상이 있는 환자를 신속하게 진단하여 질병의 확산을 방지하기 위해 시작되었다.,¶지난번 한 학교에서 진행된 {이동 선별 진료에서} 모든 학생과 교직원이 음성 판정을 받았다.,310
2020,이동선별진료소,(移動選別診療所),,일정한 기준에 따라 환자를 선별하여 진찰과 치료를 하기 위해 자동차나 간이 시설을 따위를 활용하여 임시로 마련한 진료소. 코로나19의 의심 증상이 있는 환자를 신속하게 진단하여 질병의 확산을 방지하기 위해 설치되기 시작했다.,¶방역 당국은 다수의 확진자가 발생한 학원 인근의 초등학교에 {이동 선별 진료소를} 설치하여 확진자와 접촉한 사람들이 신속하게 검사를 받을 수 있도록 하였다.,310
2020,이링기아,(<영>←Yilingia spiciformis),차용,"2019년에 중국 후베이성 이릉(夷陵)에서 발견한 선캄브리아 시대 후기에 번성한 것으로 추정되는 노래기처럼 생긴 화석 동물. 좌우 대칭의 형태인 몸통은 길이 약 10cm, 너비 약 0.6~2.5cm로, 연속된 마디로 이루어져 있다.",¶연구 팀은 {이링기아가} 무언가를 피해서 움직이는 정도의 의사 결정을 할 수 있었을 것이라고 추측했다.,3
2020,이생집망,(이生집亡),축약,‘이번 생에 내 집 마련은 망했음’을 줄여 이르는 말. 주택의 가격이 급격히 오름에 따라 젊은 사람들이 스스로의 힘으로 주택을 사는 일이 점점 더 어려워지는 현실을 자조적으로 이르는 말이다.,¶계속 오르는 집값에 불안해하며 지금 집을 사겠다고 나서는 것도 30대이고 {이생집망이라고} 말하는 것도 30대이다.,310
2020,인싸커피,(<영>▼←insider coffee),,"‘인싸들이 마시는 커피’라는 뜻으로, 최근 사람들 사이에 인기가 있거나 화제가 된 커피의 종류를 가리키는 말. 코로나19의 확산을 방지하기 위해 커피숍이 아닌 집에서 즐길 수 있는 커피를 만드는 방법 따위를 누리 소통망 서비스(SNS)를 통해 공유하면서 나온 말이다.",¶요즘 사람들 사이에서 {인싸 커피라고} 난리가 난 달고나커피를 만들어 보겠습니다.,5
2020,일시귀국생,(一時歸國生),,외국에서 유학하다가 잠시 귀국한 학생.,¶우리 학원에서는 {일시 귀국생들로만} 한 반을 구성하여 외국에서 공부하는 학생들에게 알맞은 수업을 진행한다.,7
2020,일탈계정,(逸脫計定),,"누리 소통망 서비스(SNS)에서, 주로 사용하는 계정 이외에 일탈을 위해서 따로 사용하는 계정. =일탈계.",¶{일탈 계정을} 운영하는 사람 중에서 청소년의 비율이 높다.,120
2020,일탈계,(逸脫計),합성,"누리 소통망 서비스(SNS)에서, 주로 사용하는 계정 이외에 일탈을 위해서 따로 사용하는 계정. =일탈 계정.",¶피싱 범죄의 가해자들은 피해자들이 {일탈계를} 운영했다는 사실이 주변에 알려질까 두려워 경찰에 신고하는 것을 꺼린다는 점을 이용한다.,310
2020,임금직무정보시스템,(賃金職務情報<영>system),,"노동자와 사용자가 합리적인 임금 체계를 만들 수 있도록 임금과 직무에 관련한 정보를 제공하는 시스템. 고용 노동부에서 운영하는 시스템으로, 임금이나 직무에 대한 정보나 임금 체계를 개편한 사례 등을 찾아볼 수 있다.",¶고용 노동부는 {임금 직무 정보 시스템을} 통해서 사업체의 특성에 따른 임금 분포의 현황을 발표했다.,310
2020,임시지방공휴일,(臨時地方公休日),,그때그때의 필요에 따라 지방 자치 단체에서 정한 공휴일.,¶관련 단체에서는 오일팔 민주화 운동 사십 주년을 기념하여 올해 5월 18일을 {임시 지방 공휴일로} 정하는 방안을 제안했다.,4
2020,자가격리면제서,(自家隔離免除書),,"코로나19 대유행 이후에, 감염병의 확산을 방지하기 위하여 해외에서 입국한 사람들은 일정 기간 동안 자가 격리를 해야 하지만, 부득이한 사유로 자가 격리 의무를 면해 줄 필요가 있는 경우에 정부에서 발급하여 주는 문서. 배우자나 직계 존비속의 장례식 참석 등의 인도적 목적이나 공익적 목적을 위해 발급받을 수 있다.",¶외교나 공무 등의 목적으로 한국 대사관에서 {자가 격리 면제서를} 입국 전에 미리 발급받은 경우에는 자가 격리를 하지 않고 입국할 수 있다.,310
2020,자가격리앱,(自家隔離<영>app),,"정부가 감염병의 확산 방지를 위하여 해외에서 입국한 이후 자가 격리 중인 사람들을 보호하고 관리하기 위하여 만든 애플리케이션. 사용자에게 자가 격리 생활 수칙, 감염병 증상에 대한 자가 진단, 전담 공무원의 비상 연락망 등의 정보를 제공한다. 코로나19의 확산을 방지하기 위해 사용되기 시작했다.",¶{자가 격리 앱은} 사용자가 매일 자가 진단을 한 결과를 전담 공무원에게 전달하고 사용자가 지정된 위치를 벗어나면 경보음을 울려 사용자와 전담 공무원에게 알려 준다.,310
2020,자본심화지수,(資本深化指數),,상품을 만드는 데 필요한 요소들 가운데 노동력을 대체한 자원이 증가한 비율을 나타내는 지수. 이 지수가 높을수록 생산에서 노동력의 투입이 줄어들었음을 의미한다.,"¶한국의 {자본 심화 지수는} 미국, 영국 등 7개국과 비교하여 가장 높은 수준인 것으로 드러났다.",4
2020,자유계약점포,(自由契約店鋪),,기존의 가맹 계약이 만료되었거나 만료를 앞두고 있어 다른 회사와 자유롭게 계약할 수 있는 가맹점.,"¶올해 본사와 계약이 만료되어 자유 계약이 가능하게 되는 편의점 가맹점은 전국 3,000여 개 정도로, 편의점 본사들은 이 {자유 계약 점포들을} 유치하기 위해 치열하게 물밑 작업을 벌이는 중이다.",5
2020,자율공급망,(自律供給網),,"빅 데이터, 인공 지능 따위의 첨단 정보 기술에 기반하여 최적의 방법으로 제품을 공급하기 위한 연결망.",¶이번 포럼에서 언급된 ‘세계화 4.0’은 인공 지능과 빅 데이터에 기반한 {자율 공급망으로} 글로벌 공급망이 발전한다는 측면을 강조한다.,20
2020,작아격리,(작아隔離),,자가 격리를 하는 중에 살이 쪄서 옷이 작아진 것을 재미있게 이르는 말. 코로나19의 확산을 방지하기 위해 집에 있는 시간이 길어지고 활동량이 줄어들면서 급격히 살이 찐 사람들이 생긴 상황에서 나온 말이다.,"¶확찐자가 돼서 옷이 {작아 격리} 중인데, 이제는 정말 다이어트할 거예요.",63
2020,잔돈계좌적립서비스,(殘돈計座積立<영>service),,현금으로 계산한 후 거슬러 받은 돈을 구매자의 은행 계좌로 곧바로 입금해 주는 서비스. =거스름돈 계좌 적립 서비스.,¶올해 상반기부터 편의점과 마트 등에서 현금으로 계산 후 남은 돈이 연결된 내 계좌로 바로 입금되는 {잔돈 계좌 적립 서비스가} 시행된다.,84
2020,재난구조수당,(災難救助手當),,재난을 당하여 어려움에 빠진 사람을 돕기 위해 정부에서 지급하는 수당. 코로나19의 대유행으로 인한 경제적 위기 상황을 극복하기 위해 정부에서 국민들에게 지원금을 지급하는 방안을 논의하는 과정에서 나온 말이다.,¶모 의원은 전 국민에게 기본 소득을 지급하기보다는 코로나19로 인해 생계 위기에 처한 국민에게 신청을 받아 {재난 구조 수당을} 지급하는 방안에 찬성한다고 밝혔다.,20
2020,재난극복수당,(災難克服手當),,"전국적인 재난 사태로 인해 경제적으로 어려운 상황에 처한 사람을 돕기 위해 정부에서 지급하는 수당. 코로나19의 대유행으로 인한 경제적 위기 상황을 극복하기 위해 정부에서 국민들에게 지원금을 지급하는 방안을 논의하는 과정에서 나온 말이다. =재난 생계 수당, 재난 수당.",¶모 의원은 중소기업과 소상공인에 대한 ‘{재난 극복 수당’을} 포함한 추가적인 민생 종합 대책 수립이 필요하다고 주장했다.,289
2020,재난기본소득,(災難基本所得),,"전국적인 재난 사태로 인해 경제적으로 어려운 상황에 처한 사람이 기본 생활을 유지할 수 있도록 정부에서 지급하는 소득. 코로나19의 대유행으로 인한 경제적 위기 상황을 극복하기 위해 정부에서 국민들에게 지원금을 지급하는 방안을 논의하는 과정에서 나온 말이다. =기본 재난 소득, 재난 생계 소득.",¶{재난 기본 소득을} 신청하기 위한 온라인 페이지를 개시한 직후 접속자가 한꺼번에 몰리면서 서버 장애가 발생하여 많은 시민들이 불편을 겪었습니다.,310
2020,재난기본소득제,(災難基本所得制),,전국적인 재난 사태로 인해 경제적으로 어려운 상황에 처한 사람이 기본 생활을 유지할 수 있도록 정부에서 소득을 지급하는 제도. ‘재난 기본 소득’은 코로나19의 대유행으로 인한 경제적 위기 상황을 극복하기 위해 정부에서 국민들에게 지원금을 지급하는 방안을 논의하는 과정에서 나온 말이다.,¶이번 설문 조사에 참여한 사람들 가운데 절반에 가까운 사람들이 {재난 기본 소득제에} 찬성한다고 응답했습니다.,283
2020,재난긴급생활지원금,(災難緊急生活支援金),,"전국적인 재난 사태로 인해 생계에 어려움을 겪는 국민들에게 정부가 긴급하게 지급하는 지원금. 코로나19의 확산으로 인한 경제 위축이 장기화되자 국민들의 생계를 지원하고 위축된 소비 심리를 진작하기 위해 마련된 제도로, 지급 주체가 지방 자치 단체일 경우 각 지방 자치 단체에 따라 지급 내용과 용어가 조금씩 다르다. =긴급 재난 생계 지원금, 긴급 재난 생활 지원금.",¶구청에서는 코로나19로 인해 침체된 지역 경제를 활성화하기 위해 구민들에게 {재난 긴급 생활 지원금을} 지급하기로 했다.,310
2020,재난긴급생활비,(災難緊急生活費),,"전국적인 재난 사태로 인해 생계에 어려움을 겪는 국민들에게 정부가 긴급하게 지급하는 비용. 코로나19의 확산으로 인한 경제 위축이 장기화되자 국민들의 생계를 지원하고 위축된 소비 심리를 진작하기 위해 마련된 제도로, 지급 주체가 지방 자치 단체일 경우 각 지방 자치 단체에 따라 지급 내용과 용어가 조금씩 다르다. =긴급 재난 생활비, 긴급 재난 생계비.",¶시에서는 외국인 주민에게도 {재난 긴급 생활비를} 지원하기로 결정했으며 지급 기준과 금액은 지난번 내국인에게 지원한 것과 동일하게 적용한다.,310
2020,재난긴급소득지원제도,(災難緊急所得支援制度),,재난을 당하여 경제적으로 긴급한 상황에 처한 사람이 기본 생활을 유지할 수 있도록 정부에서 소득을 지원하는 제도. 코로나19의 대유행으로 인한 경제적 위기 상황을 극복하기 위해 정부에서 국민들에게 지원금을 지급하는 방안을 논의하는 과정에서 나온 말이다.,¶일부 시에서는 {재난 긴급 소득 지원 제도의} 도입을 추진한다.,1
2020,재난생계소득,(災難生計所得),,"전국적인 재난 사태로 인해 경제적으로 어려운 상황에 처한 사람이 기본 생활을 유지할 수 있도록 정부에서 지급하는 소득. 코로나19의 대유행으로 인한 경제적 위기 상황을 극복하기 위해 정부에서 국민들에게 지원금을 지급하는 방안을 논의하는 과정에서 나온 말이다. =기본 재난 소득, 재난 기본 소득.",¶O 위원장은 모든 국민에게 월 100만 원의 {재난 생계 소득을} 지급하는 방안을 정부에 제안했다.,310
2020,재난생계수당,(災難生計手當),,"전국적인 재난 사태로 인해 경제적으로 어려운 상황에 처한 사람을 돕기 위해 정부에서 지급하는 수당. 코로나19의 대유행으로 인한 경제적 위기 상황을 극복하기 위해 정부에서 국민들에게 지원금을 지급하는 방안을 논의하는 과정에서 나온 말이다. =재난 극복 수당, 재난 수당.",¶정부는 전년 같은 기간 대비 매출액이 10% 이상 줄어든 소상공인과 자영업자에게 {재난 생계 수당으로} 약 200만 원씩 지급하겠다고 발표했었다.,310
2020,재난생계지원금,(災難生計支援金),,"전국적인 재난 사태로 인해 생계에 어려움을 겪는 국민들에게 정부가 지급하는 지원금. 코로나19의 확산으로 인한 경제 위축이 장기화되자 국민들의 생계를 지원하고 위축된 소비 심리를 진작하기 위해 마련된 제도로, 지급 주체가 지방 자치 단체일 경우 각 지방 자치 단체에 따라 지급 내용과 용어가 조금씩 다르다. =재난 생활 지원금.",¶정부는 중위 소득 이하에 해당하는 가구에 4인 가구를 기준으로 100만 원의 {재난 생계 지원금을} 지급하는 안을 검토하고 있다.,310
2020,재난생계비,(災難生計費),,"전국적인 재난 사태로 인해 생계에 어려움을 겪는 국민들에게 정부가 지급하는 비용. 코로나19의 확산으로 인한 경제 위축이 장기화되자 국민들의 생계를 지원하고 위축된 소비 심리를 진작하기 위해 마련된 제도로, 지급 주체가 지방 자치 단체일 경우 각 지방 자치 단체에 따라 지급 내용과 용어가 조금씩 다르다. =재난 생활비.",¶중앙 정부가 소득 기준으로 {재난 생계비를} 지원하는 모델을 채택하면서 각 지자체에서도 이 모델을 도입하고 있다.,310
2020,재난생활안정자금,(災難生活安定資金),,"전국적인 재난 사태로 인해 생계에 어려움을 겪는 국민들에게 정부가 지급하는 자금. 코로나19의 확산으로 인한 경제 위축이 장기화되자 국민들의 생계를 지원하고 위축된 소비 심리를 진작하기 위해 마련된 제도로, 지급 주체가 지방 자치 단체일 경우 각 지방 자치 단체에 따라 지급 내용과 용어가 조금씩 다르다.",¶OO군은 정부에서 지원하는 재난 지원금과는 별도로 1인당 10만 원씩 자체적인 {재난 생활 안정 자금을} 지급하였다.,100
2020,재난생활지원금,(災難生活支援金),,"전국적인 재난 사태로 인해 생계에 어려움을 겪는 국민들에게 정부가 지급하는 지원금. 코로나19의 확산으로 인한 경제 위축이 장기화되자 국민들의 생계를 지원하고 위축된 소비 심리를 진작하기 위해 마련된 제도로, 지급 주체가 지방 자치 단체일 경우 각 지방 자치 단체에 따라 지급 내용과 용어가 조금씩 다르다. =재난 생계 지원금.",¶정부는 코로나19로 인한 경제난을 극복하기 위해 중 위소득 이하 가구에 {재난 생활 지원금을} 지급하는 방안을 마련하였다.,262
2020,재난생활비,(災難生活費),,"전국적인 재난 사태로 인해 생계에 어려움을 겪는 국민들에게 정부가 지급하는 비용. 코로나19의 확산으로 인한 경제 위축이 장기화되자 국민들의 생계를 지원하고 위축된 소비 심리를 진작하기 위해 마련된 제도로, 지급 주체가 지방 자치 단체일 경우 각 지방 자치 단체에 따라 지급 내용과 용어가 조금씩 다르다. =재난 생계비.",¶OO시는 시민 3분의 1에 해당하는 가구를 대상으로 {재난 생활비를} 지원하는 것으로 결정했다.,310
2020,재난소득기금,(災難所得基金),,전국적인 재난 사태로 인해 소득이 줄어든 국민들을 지원하기 위해 정부에서 마련한 기금. 코로나19로 인한 재난 상황에서 기금을 마련하기 시작했다.,¶{재난 소득 기금은} 주민 등록 주소지 시ㆍ군에 있는 소상공인과 자영업자 사업장에서 사용할 수 있다.,29
2020,재난수당,(災難手當),,"전국적인 재난 사태로 인해 경제적으로 어려운 상황에 처한 사람을 돕기 위해 정부에서 지급하는 수당. 코로나19의 대유행으로 인한 경제적 위기 상황을 극복하기 위해 정부에서 국민들에게 지원금을 지급하는 방안을 논의하는 과정에서 나온 말이다. =재난 극복 수당, 재난 생계 수당.","¶최근 {재난 수당}을 전 국민에게 지급할지, 선별적으로 생계가 많이 어려운 사람에게 지급할지에 대한 논의가 활발하다.",310
2020,재량간주시간근로제,(裁量看做時間勤勞制),,근로 시간을 측정하기 어려운 직무를 담당하는 근로자가 스스로 업무 시간을 정하여 근무할 수 있도록 하는 제도.,¶고용부는 {재량 간주 시간 근로제가} 적용되는 직군을 선별해 발표할 예정이다.,6
2020,재미슬쩍꾼,,,이야기나 영화 따위의 줄거리를 아직 모르는 사람이 직접 내용을 확인하기 전에 중요한 내용을 그 사람에게 미리 알려서 재미를 잃게 만드는 사람.,¶생방송을 즐겨 보는 친구가 전형적인 {재미 슬쩍꾼이라서} 나는 대부분의 드라마를 김이 샌 상태로 본다.,2
2020,재양성자,(再陽性者),접미 파생,바이러스 따위의 병원체에 감염되어 완치되었다가 다시 같은 종류의 감염원으로 인해 감염된 사람.,¶코로나 확진자 중 {재양성자의} 비율이 점점 늘고 있다.,310
2020,전자보석제도,(電子保釋制度),,전자 기기를 사용하여 실시간으로 이동 경로 따위를 관리하는 조건으로 형사 피고인을 풀어 주는 제도.,¶우리 법무부는 {전자 보석 제도를} 도입해 불필요한 구금을 줄이고 피고인의 방어권을 강화하는 데 노력을 기울이고 있다.,200
2020,전자수행추적시스템,(電子隨行追跡<영>system),,지피에스와 영상분석 기법을 이용해 운동선수들의 이동 경로 및 이동량 따위의 정보를 파악함으로써 선수 관리에 대한 데이터를 생성하는 시스템.,¶해외 축구 리그에서 먼저 사용 중인 {전자 수행 추적 시스템을} 국내 리그에 도입하여 선수들의 체력을 효율적으로 관리해 결과적으로 경기력 향상이 기대된다.,4
2020,젊집사,,축약,‘젊을 때 집을 사라’를 줄여 이르는 말. 집을 사는 것이 점점 어려워질 것이라는 불안감에 젊은 세대들이 빚을 내서 내 집 마련에 뛰어드는 현상에서 비롯된 말이다.,"¶아무리 ‘{젊집사’라고} 하지만, 10대들조차 부동산 시장에 뛰어드는 것은 너무 심하다.",2
2020,정보감염증,(情報感染症),,사실 확인 없이 과도하게 생산되어 유통되는 정보에 과민하게 반응하는 현상을 일컫는 말. 코로나19와 관련하여 확인되지 않은 정보가 급속히 퍼지면서 혼란을 가져오는 데서 생겨난 말이다.,"¶언론 관계자들은 최근 코로나19와 관련된 일부 국민들의 {정보 감염증}을 우려하며, 해당 정보를 수용하기에 앞서 정보의 출처와 사실 관계를 먼저 확인해야 한다고 말했다.",310
2020,종합지급결제사업,(綜合支給決濟事業),,"은행의 예금이나 여신 업무를 제외한, 계좌 이체, 각종 대금이나 공과금 납부 따위의 계좌를 기반으로 한 서비스를 단일한 온라인 플랫폼을 통해 제공하는 사업. =종합 지급 결제업.",¶금융 위원회는 신용 카드사가 {종합 지급 결제 사업을} 신청할 수 있도록 하는 방안에 대해 검토하기로 했다.,310
2020,종합지급결제사업자,(綜合支給決濟事業者),,"은행의 예금이나 여신 업무를 제외한, 계좌 이체, 각종 대금이나 공과금 납부 따위의 계좌를 기반으로 한 서비스를 단일한 온라인 플랫폼을 통해 제공하는 사업자. =종합 지급 결제업자.",¶일반 은행과 신용 카드사들은 {종합 지급 결제 사업자에} 본인들이 제외된 데 대해 강력하게 반발하고 있다.,310
2020,종합지급결제업,(綜合支給決濟業),,"은행의 예금이나 여신 업무를 제외한, 계좌 이체, 각종 대금이나 공과금 납부 따위의 계좌를 기반으로 한 서비스를 단일한 온라인 플랫폼을 통해 제공하는 사업. =종합 지급 결제 사업.",¶금융 당국과 국회가 {종합 지급 결제업을} 도입하기로 하면서 카드업계는 최근 결제 시장 변화에 촉각을 곤두세우고 있다.,310
2020,종합지급결제업자,(綜合支給決濟業者),,"은행의 예금이나 여신 업무를 제외한, 계좌 이체, 각종 대금이나 공과금 납부 따위의 계좌를 기반으로 한 서비스를 단일한 온라인 플랫폼을 통해 제공하는 사업자. =종합 지급 결제 사업자.","¶다른 전자 금융업자는 금융 회사 연계 계좌만 개설할 수 있는 것과 달리, {종합 지급 결제업자는} 이용자의 계좌를 직접 보유할 수 있다.",166
2020,좋반,,축약,"‘좋아요 반사’를 줄여 이르는 말. 누군가가 자신의 게시물에 ‘좋아요’를 누르면, 나도 상대방의 게시물에 ‘좋아요’를 누르겠다는 것을 말한다.",¶최근 게시물 {좋반이에요}.,38
2020,줌폭탄,(Zoom폭탄),합성,화상 회의에 초대받지 않은 사람들이 무단으로 참여하여 정상적인 회의 진행을 방해하는 행위. 코로나19로 인한 재난 상황에서 비대면 상황이 많아지면서 생겨난 말이다.,¶화상 회의가 열리는 주소만 알면 누구나 쉽게 회의실에 들어갈 수 있다는 점을 악용해 음란물을 뿌리고 나오는 {줌폭탄의} 피해자가 속출하고 있다.,27
2020,집중감염원,(集中感染源),,한정된 공간에 있는 사람들 사이에서 바이러스나 세균을 퍼뜨리는 근원. 또는 그러한 공간이나 장소. 코로나19로 인한 재난 상황에서 만들어진 말이다.,¶각국에서 코로나19에 의한 사망자가 대규모로 나오는 것은 특정 병원이나 요양 시설 등의 시설이 {집중 감염원으로서} 대규모 전파 원인이 되기 때문이다.,4
2020,집중사냥지역,(集中사냥地域),,아프리카 돼지 열병 바이러스에 감염된 동물의 폐사체가 발견된 곳을 중심으로 300㎢ 내의 지역을 이르는 말.,¶정부는 감염 위험 지역 전체에 멧돼지 이동을 차단하는 철책을 설치한 후 {집중 사냥 지역에서} 총기를 사용한 포획을 시행하기로 결정했다.,252
2020,집콕시대,(집콕時代),,집에서 보내는 시간이 길어진 시대. 코로나19로 인한 외부 활동 제한으로 생겨난 말이다.,¶공기 청정기는 최근 집에 있는 시간이 많아진 {집콕 시대에} 필수적인 용품이 되었다.,310
2020,집콕요리,(집콕料理),,외식 대신 집에서 음식을 만듦. 또는 그 음식. 코로나19로 인한 외부 활동 제한으로 생겨난 말이다.,¶최근 인터넷상에 {집콕 요리와} 관련된 내용이 많아져서 삼시 세끼 뭘 해 먹을지 걱정할 필요가 없다.,199
2020,집콕운동,(집콕運動),,집 안에서 간단하게 할 수 있는 운동. 코로나19로 인한 외부 활동 제한으로 생겨난 말이다.,¶사회적 거리 두기 단계 격상으로 인해 헬스장이나 외부에서 운동하는 대신 {집콕 운동을} 하는 사람들이 많다.,310
2020,집터파크,(집<영>←water park),,집에서 물놀이를 하며 워터 파크에서 노는 듯한 분위기를 내는 일. 또는 그 공간. 코로나19로 인해 외부 활동에 제약이 생기면서 사용되는 말이다. =홈터 파크.,¶신나게 물놀이를 하다 지치면 잔디 위에서 햇살을 받으며 누울 수 있는 것도 {집터 파크가} 주는 장점 중 하나이다.,105
2020,차령공제율,(車齡控除率),,비영업용 승용차에 부과되는 자동차세를 차의 연식에 따라 일정한 금액을 감면하는 비율.,¶정부는 차령이 12년 이상 된 노후 경유차의 {차령 공제율을} 축소하기로 했다.,6
2020,채식선택제,(菜食選擇制),,학교 급식에서 채식을 원하는 학생들이 채식 식단을 선택할 수 있도록 하는 제도.,¶OO 교육청이 {채식 선택제를} 도입할 계획을 밝혀 학생들의 식습관과 관련한 다양성 보장이 확대될 전망이다.,175
2020,책값반환제,(冊값返還制),,신간을 구입해 읽고 난 후 구입한 서점이나 거주하는 지자체에 반납하면 지자체의 예산으로 책 구매자에게 책값을 돌려주는 제도.,"¶OO시가 동네 서점도 돕고, 도서 대여 편의를 제공하기 위해 {책값 반환제를} 도입한다.",309
2020,청년긴급수당,(靑年緊急手當),,전국적인 재난 사태로 인해 일자리를 잃거나 구직에 어려움을 겪고 있는 청년들을 위해 정부에서 긴급하게 지급하는 수당. 코로나19로 인한 재난 상황에서 지급되기 시작했다. =긴급 청년 수당.,¶OO시는 코로나19 장기화로 인해 실직한 청년층의 대상으로 {청년 긴급 수당을} 지급한다.,145
2020,청무피사,(請무<영>←premium사),축약,"‘청약은 무슨, 피 주고 사라’를 줄여 이르는 말. 아파트 청약의 경쟁률이 높아지면서 청약 당첨을 통해 아파트를 구입하기 어려워진 상황을 말한다.",¶청약 당첨의 벽을 넘지 못한 실수요자 사이에 ‘{청무피사’가} 확산되고 있다.,80
2020,청포족,(請抛族),접미 파생,아파트 청약 제도를 이용해서 아파트를 구매하는 일을 포기하는 사람. 또는 그런 무리.,¶정부가 분양가 통제를 강화하면서 청약 경쟁률이 치솟아 30대는 점점 ‘{청포족’이} 늘고 있다.,310
2020,촌므파탈,(村<프>←homme fatale),혼성,세련됨이 없이 어수룩한 데가 있지만 매력적인 남성 캐릭터를 이르는 말.,¶얼핏 보면 촌스럽지만 한번 빠지게 되면 헤어 나오기 힘든 마성의 {촌므파탈로} 시청자들을 사로잡는 캐릭터가 탄생했다.,310
2020,취합검사기법,(聚合檢査技法),,"같은 병원체에 의한 감염자가 동시다발적으로 발생할 때 감염 여부를 확인하는 검사 방법의 하나. 여러 명의 검체를 섞은 검체를 검사하고 여기서 양성이 나오면 다시 개별검사를 하는 방식으로 이루어진다. 코로나19와 같이 전국적인 감염이 발생할 때 사용되는 검사 기법이다. =취합 검사법, 혼합 검사법, 혼합 검체 기법.",¶모든 검사는 다수의 인원을 대상으로 단기간 검사를 통해 감염 여부를 조기에 판별하기 위해 {취합 검사 기법으로} 실시된다.,146
2020,취합검사법,(聚合檢査法),,"같은 병원체에 의한 감염자가 동시다발적으로 발생할 때 감염 여부를 확인하는 검사 방법의 하나. 여러 명의 검체를 섞은 검체를 검사하고 여기서 양성이 나오면 다시 개별검사를 하는 방식으로 이루어진다. 코로나19와 같이 전국적인 감염이 발생할 때 사용되는 검사 기법이다. =취합 검사 기법, 혼합 검사법, 혼합 검체 기법.",¶방역 당국은 코로나19 검사에 최대 10명의 검체를 한 번에 검사하는 {취합 검사법을} 도입하기로 결정했다.,310
2020,친환경집밥,(親環境집밥),,자연환경에 해를 주지 않으면서 생산한 식재료를 사용하여 집에서 직접 만들어 먹는 음식. 코로나19의 확산과 그에 따른 사회적 거리 두기의 시행으로 인해 외식 대신 집에서 건강한 식재료로 음식을 만들어서 식사를 하는 일에 관심이 높아지는 상황에서 나온 말이다.,¶사회적 거리 두기 캠페인을 시행한 후 외식보다는 건강한 식자재로 만든 집밥을 선호하는 사람들이 많아지면서 {친환경 집밥이} 하나의 트렌드로 자리를 잡고 있다.,48
2020,카피방,(<영>copy房),합성,다른 단톡방에서 생산되고 공유되었던 자료들을 복제하여 다시 배포하는 단톡방.,¶경찰이 불법 영상을 유포하는 원래의 메신저 대화방을 단속하더라도 순식간에 수많은 {카피방을} 새롭게 생성해 해당 영상을 재배포하고 있다.,5
2020,캠린이,(<영>←camping린이),혼성,캠핑을 즐기기 시작한 지 얼마 되지 않아 캠핑과 관련된 활동에 서툰 사람. 코로나19의 확산을 방지하기 위해 실내에서 하는 활동의 많은 부분에서 제약이 생기자 여가 활동으로 캠핑에 관심을 가지기 시작한 사람들이 늘어나는 상황에서 나온 말이다.,¶{캠린이도} 쉽게 설치할 수 있는 텐트 추천 부탁드립니다.,310
2020,케이방역,(K防疫),,감염병에 대처하는 한국의 방역 체계를 일컫는 말. 코로나19의 전 세계적 확산 상황에서 사용되기 시작하였다.,¶코로나19 확진자들이 재확산되고 있는 유럽 선진국들이 {케이 방역(K 방역)에} 깊은 관심을 두고 있다.,260
2020,케이진단키트,(K診斷kit),,감염병에 걸렸는지를 간편하고 빠르게 진단하는 검사 기구 가운데 한국에서 개발하여 생산하는 검사 기구를 이르는 말. 코로나19의 전 세계적 확산 상황에서 사용되기 시작하였다.,¶코로나19 확산 이후 {케이 진단 키트(K 진단 키트)에} 대한 세계 각국의 수요가 폭발적으로 증가하고 있다.,1
2020,코돌이,(<영>←corona virus돌이),혼성,‘코로나돌이’를 줄여 이르는 말.,¶곧이어 치러지는 총선에서 새롭게 국회에 입성할 이른바 {코돌이들에} 많은 사람들이 기대와 우려의 시선을 던지고 있다.,310
2020,코로나공조,(<영>←corona virus共助),,코로나19를 극복하기 위하여 여러 기관이나 국가들이 함께 협력하는 일.,¶아세안 정상 회의에 참석한 아시아 각국의 지도자들은 누구나 할 것 없이 {코로나 공조를} 공고히 하는 데 동의했다.,263
2020,코로나대출,(<영>←corona virus貸出),,코로나19의 영향으로 수익이 감소한 소상공인과 중소기업 따위의 경제 주체에게 지원할 목적으로 하는 대출.,¶코로나19에 의한 장기적인 경기 침체로 각 은행마다 {코로나 대출을} 신청하는 줄이 길게 늘어서 있다.,310
2020,코로나베이비,(<영>←corona virus baby),,코로나19가 유행하는 기간에 잉태되어 태어난 아기. =코로나둥이.,¶코로나19 사태로 {코로나 베이비의} 출생이 급증할 것이라는 일각의 기대에 대해 전문가들은 근거 없는 믿음이라고 평가했다.,229
2020,코로나베이비붐,(<영>←corona virus baby boom),,코로나19로 인하여 집에 머무는 시간이 많아지면서 출생률이 급격하게 높아지는 현상.,¶코로나19 확산으로 자가 격리가 장기화되면서 미국에서는 ‘{코로나 베이비붐’에} 대비해야 한다는 주장이 나오고 있다.,47
2020,코로나보릿고개,(<영>←corona virus 보릿고개),,코로나19로 인해 경기가 침체하여 각 경제 주체의 재정 상태가 어려워진 상황을 비유적으로 이르는 말.,¶이대로 ‘{코로나 보릿고개’가} 더욱 길어질 경우 줄폐업이 현실화될 것이라는 우려가 나온다.,310
2020,코로나블랙,(<영>←corona virus black),,코로나19의 확산으로 인해 우울감보다 심한 좌절감이나 절망감 따위를 느끼는 상태.,¶코로나 블루를 넘어서는 {코로나 블랙을} 슬기롭게 극복하기 위해서는 가벼운 산책과 같은 외부 활동을 조금씩 가져야 할 것이다.,310
2020,코로나블랙스완,(<영>←corona virus black swan),,코로나19가 전 세계의 사회와 경제에 영향을 주는 위기 상황을 이르는 말.,"¶{코로나 블랙 스완의} 초기에는 선진국들은 스스로 해당 사항이 없을 것이라고 자만했지만, 코로나19 사태가 장기화된 지금은 전 세계가 경기 불황의 장기화를 걱정하고 있다.",4
2020,코로나블랙홀,(<영>←corona virus black hole),,코로나19로 인해 코로나19와 직접적인 관련이 없는 여러 가지 쟁점들이 충분히 논의되지 못하고 사라지는 것을 비유적으로 이르는 말.,¶우리 부부의 열아홉 번째 결혼기념일은 {코로나 블랙홀로} 빠져 버렸다.,240
2020,코로나블루,(<영>←corona virus blue),,코로나19의 확산으로 인해 불안함이나 우울함을 느끼는 상태.,¶코로나19 확산이 장기화됨에 따라 이른바 ‘{코로나 블루’를} 호소하는 이들이 늘고 있다.,310
2020,코로나비만,(<영>←corona virus肥滿),,코로나19의 확산으로 활동량이 줄어들면서 생기는 비만.,¶{코로나 비만이} 심각하다고 생각하는지에 대한 설문 문항에 긍정적인 답변을 한 사람들이 40% 정도에 달했다.,163
2020,코로나사피엔스,(<영>←corona virus sapiens),,코로나19로 인해 기존과 달라진 삶의 방식으로 살아가게 된 인류를 비유적으로 이르는 말.,¶{코로나 사피엔스로} 살아가야 하는 시대에 현재 교육계는 원격 수업으로 인한 학습 격차를 해결해야 하는 큰 숙제를 안고 있다.,310
2020,코로나세대,(<영>←corona virus世代),,코로나19로 인해 학업이나 취업 따위에 영향을 받는 세대.,"¶‘{코로나 세대’가} 아이엠에프 외환 위기, 글로벌 금융 위기 때보다 훨씬 더 힘든 시간을 보낼 우려가 있다.",310
2020,코로나쇼크,(<영>←corona virus shock),,코로나19로 인해 세계 각국이 받은 사회 전반의 충격을 이르는 말.,¶{코로나 쇼크로} 지난해 산업 생산이 역대 처음으로 전년보다 뒤처졌다.,310
2020,코로나수능,(<영>←corona virus修能),,코로나19의 확산세 속에 치러지는 대학 수학 능력 시험을 이르는 말.,¶처음 있는 {코로나 수능을} 앞두고 코로나19 확진자와 자가 격리 중인 수험생이 모두 응시할 수 있도록 철저하게 준비해야 한다.,310
2020,코로나수당,(<영>←corona virus手當),,코로나19로 인한 영향을 받는 사람들이나 코로나19 감염증과 관련한 업무에 직접적으로 종사하는 사람들을 대상으로 특별히 지급하는 수당.,¶청원에 동참한 사람들은 목숨을 걸고 일하는 기존의 간호사들에게도 {코로나 수당을} 지급할 것을 강력히 요구하고 있다.,175
2020,코로나신데렐라,(<영>←corona virus Cinderella),,코로나19의 확산으로 인해 급격한 성장세를 보인 기업을 비유적으로 이르는 말.,¶코로나19로 재택근무와 온라인 학습이 늘면서 화상 회의 등의 온라인 인프라로 주목받던 이 기업은 ‘{코로나 신데렐라’라는} 별명을 얻을 정도로 놀라운 성장세를 나타내고 있다.,8
2020,코로나안개,(<영>←corona virus안개),,코로나19의 확산으로 인해 미래가 불확실한 상황을 비유적으로 이르는 말.,¶예비 창업자들은 끝이 보이지 않는 {코로나 안개} 속에 창업에 성공한 이들의 경험담을 참고할 필요가 있다.,32
2020,코로나앱,(<영>←corona virus←application),,코로나19 확진자 현황이나 동선 따위의 코로나19와 관련된 정보를 확인할 수 있는 응용 프로그램.,¶코로나19가 무섭게 번지는 요즘 확진자가 지나간 동선 정보를 제공하는 {코로나 앱은} 코로나19 방역에 톡톡히 한몫하고 있다.,310
2020,코로나우울감,(<영>←corona virus憂鬱感),,코로나19로 인해 외부 활동이 제한되면서 느끼는 답답하거나 언짢은 느낌을 이르는 말.,¶반강제적인 칩거 생활이 지속되면서 {코로나 우울감을} 호소하는 사람들이 많아지고 있다.,310
2020,코로나우울증,(<영>←corona virus憂鬱症),,코로나19 사태가 장기화되면서 외출 자제와 감염 불안감 등으로 인해 나타나는 우울 증세.,¶잇따라 보도되는 확진자 소식을 접하면서 생기는 수면 장애나 무기력증 등은 {코로나 우울증의} 전형적인 사례에 해당한다.,310
2020,코로나이혼,(<영>←corona virus離婚),,코로나19로 인해 부부가 가정에서 함께 보내는 시간이 많아지면서 갈등이 심해져 하게 되는 이혼. =코비디보스.,"¶일부 언론들은 다른 나라에서도 코로나로 관계 악화를 호소하는 부부들이 늘고 있지만, 유독 일본에서 ‘{코로나 이혼’에} 대한 관심이 더 크다고 보도했다.",176
2020,코로나전쟁,(<영>←corona virus戰爭),,코로나19를 퇴치하기 위해 노력하는 것을 전쟁에 비유하여 이르는 말.,¶코로나19 백신 접종을 시작하더라도 세심한 코로나 대응 전략을 마련하는 것은 {코로나 전쟁에서} 승리할 수 있도록 하는 핵심 요소이다.,310
2020,코로나정치01,(<영>←corona virus政治),,코로나19 사태를 정치인의 잘못을 덮거나 정치적 경쟁 상대를 공격하는 수단 따위로 이용하는 행태.,¶이제는 코로나19 확산보다 일부 정치인들의 지독한 ‘{코로나 정치’에} 더 지친다.,0
2020,코로나정치02,(<영>←corona virus政治),,코로나19 사태에 대응하는 정치 행위.,¶OOO 지사는 코로나19 대유행 속에서 중앙 정부보다 한발 앞선 방역 조치와 경제적 대안 마련에 승부수를 걸면서 거침없이 ‘{코로나 정치’를} 펼치고 있다.,0
2020,코로나채권,(<영>←corona virus債券),,코로나19에 대응하기 위한 자금 마련을 목적으로 발행하는 채권.,¶코로나19 직격탄을 맞은 남유럽 국가들은 {코로나 채권을} 발행할 것을 강력히 요구하고 있다.,310
2020,코로나총선,(<영>←corona virus總選),,코로나19 사태 속에서 치러지는 총선.,¶여러 외신들은 한국이 주요국 중 처음으로 {코로나 총선을} 치르는 데 주목하고 있다.,310
2020,코로나특수,(<영>←corona virus特需),,코로나19의 유행으로 인해 특정 업종이 호황을 누리거나 특정 상품의 수요가 많아지는 것을 이르는 말.,¶온라인 쇼핑은 때아닌 {코로나 특수를} 맞이하여 호황을 누리고 있다.,310
2020,코로나팬데믹,(<영>←corona virus pandemic),,코로나19가 세계적으로 크게 유행하는 현상.,¶확진자 증가세가 이런 추세라면 {코로나 팬데믹은} 시간문제이다.,310
2020,코로나포비아,(<영>←corona virus phobia),,코로나19가 장기화되면서 사람들이 코로나19에 대해 두려움을 느끼는 증세.,¶{코로나 포비아가} 퍼지며 하루에도 몇 차례씩 발송되는 안전 문자 메시지는 일상이 되었다.,310
2020,코로나피싱,(<영>←corona virus phishing),,코로나19 확진자의 경로나 무료 마스크 제공 따위의 정보를 문자 메시지나 이메일로 보내어 악성 사이트에 접속하도록 유도하는 유형의 사기 수법.,¶코로나19에 대한 불안감을 악용한 {코로나 피싱과} 관련된 범죄가 늘고 있어 시민들의 각별한 주의가 필요하다.,127
2020,코로나돌이,(<영>←corona virus돌이),접미 파생,코로나19가 유행하는 기간에 치른 선거에서 당선된 사람.,"¶이번 21대 총선에선 {코로나돌이가} 대거 탄생해, 그 사람들이 어떤 역할을 해 낼지 모르겠다.",1
2020,코로나둥이,(<영>←corona virus둥이),접미 파생,코로나19가 유행하는 기간에 잉태되어 태어난 아기. =코로나 베이비.,"¶{코로나둥이로} 태어나서 외출도 제대로 못 해 본 우리 아기인데, 돌잔치도 못 해 주니 너무 속상해요.",15
2020,코로나일구,(<영>←corona virus一九),,‘코로나바이러스 감염증 일구’를 줄여 이르는 말.,¶우리도 {코로나 일구를} 종식할 백신을 개발하기 위해 백방으로 노력하고 있다.,175
2020,코로나바이러스감염증일구,(<영>←corona virus感染症一九),,"사스 코로나바이러스 이(SARS-CoV-2)에 감염되어 발생하는 호흡기 증후군. 발열, 권태감, 기침, 호흡 곤란, 페렴 따위의 다양한 호흡기 증상을 보인다. =신종 코로나 감염증, 신종 코로나바이러스 감염증.","¶{코로나바이러스 감염증 일구는} 개인위생과 면역력이 약한 사람일수록 감염 가능성이 높다고 알려져 마스크, 손 세정제 등의 매출이 대폭 증가하였다.",0
2020,코로나칼립스,(<영>←corona virus apocalypse),혼성,코로나19로 인해 코로나19 사태 이전의 평범한 일상생활로 되돌아가기 힘든 상황을 종말에 빗대어 이르는 말.,¶코로나19 사태가 일어나기 전의 일상을 이어 나가는 사람이 거의 없다 해도 과언이 아닌 현재의 상황은 이른바 ‘{코로나칼립스’라는} 말로 대신할 수 있다.,2
2020,코로나케이션,(<영>coronacation),차용,코로나19로 인해 수업이 학교 현장에서 이루어지지 않고 집에 머물면서 온라인 비대면 수업으로 진행하는 상황을 방학에 빗대어 이르는 말.,¶학교에 등교하지 않는 {코로나케이션에} 슬기롭게 대응하기 위해서는 학생 본인의 노력뿐만 아니라 학부모들의 세심한 관심도 요구된다.,40
2020,코로노미,(<영>←corona virus economy),혼성,코로나19가 경제 활동에 미치는 영향을 이르는 말. 코로나19를 뜻하는 ‘코로나(coronavirus)’와 경제를 뜻하는 ‘이코노미(economy)’를 결합하여 만든 말이다.,¶{코로노미의} 직격탄을 맞으면서 생계 위기로 내몰리는 사람들이 급증하고 있어 정부의 시급한 대책이 요구된다.,112
2020,코로노미쇼크,(<영>←corona virus←economy shock),,코로나19의 확산에 영향을 받아 발생하는 경제적 충격을 이르는 말.,"¶경제 활동 인구의 이동이 제한되고, 국제 분업 체계가 변화하며, 실업 대란이 발생하는 등의 현상을 세계 언론은 ‘{코로노미 쇼크’란} 용어로 압축하여 표현했다.",97
2020,코로니얼세대,(<영>coronial 世代),,1980년대 초반부터 2000년대 초반에 출생한 밀레니얼 세대에 빗대어 코로나19 시대에 태어난 세대들을 이르는 말.,¶‘코로나 베이비 붐’이 불어 ‘{코로니얼 세대’가} 등장할 수 있을 것이라는 사회적 기대감이 높아지고 있다.,0
2020,코비드일구,(<영>COVID一九),,‘코로나바이러스 감염증 일구’를 달리 이르는 말. 세계 보건 기구에서 제안한 명칭이다.,¶세계 보건 기구는 신종 코로나 바이러스 감염증의 정식 명칭을 ‘{코비드 일구(COVID-19)’로} 정했다.,4
2020,코비디보스,(<영>covidivorce),차용,코로나19로 인해 부부가 가정에서 함께 보내는 시간이 많아지면서 갈등이 심해져 하게 되는 이혼. =코로나 이혼.,¶한국은 작년보다 이혼율이 4.3% 줄어 {코비디보스를} 아직까지는 피했다고 볼 수 있다.,83
2020,코비디엇,(<영>covidiot),차용,코로나19 예방을 위해 시행되는 방역 수칙이나 사회적 거리두기를 지키지 않는 사람을 이르는 말.,"¶아직도 카페에는 마스크를 쓰지 않고 다닥다닥 붙어 앉아 대화를 하는 시민들도 많은데, 일각에서는 이를 두고 ‘{코비디엇’이라며} 비판하기도 한다.",40
2020,큐레이터봇,(<영>curator bot),,미술관이나 박물관에서 전시 작품을 선정하거나 주제를 기획하기 위해 구축된 프로그램.,¶우리는 에이아이(AI)를 활용한 {큐레이터 봇을} 구축하는 등 다양한 사업도 구상 중이다.,24
2020,큐코노미,(<영>▼←quarantine economy),혼성,코로나19로 인해 사람들이 외부 활동을 제한받음으로 인해 영향을 받는 경제 상황을 이르는 말.,¶대면 접촉에 대한 불안감이 증폭되며 {큐코노미가} 일상화되자 유통업계도 이를 겨냥한 마케팅 전략을 마련해 대응하고 있다.,58
2020,탑골가요,(塔골歌謠),,오래전에 유행했던 노래를 주로 나이 든 사람들이 많이 찾는 탑골 공원에 빗대어 이르는 말.,¶{탑골 가요를} 듣고 자랐던 기성세대의 공감과 향수를 불러일으키려는 방송들이 최근 우후죽순으로 편성되고 있다.,310
2020,탑골스타,(塔골<영>star),,오래전에 인기를 얻었던 연예인을 주로 나이 든 사람들이 많이 찾는 탑골 공원에 빗대어 이르는 말.,¶다음 방송에는 일명 ‘{탑골 스타’라고} 불리는 연예인들의 이야기들이 포함된다.,210
2020,택배없는날,(宅配없는날),,택배 기사들의 휴식을 위하여 택배 업무를 하지 않기로 지정한 날.,¶올해 8월 14일을 ‘{택배 없는 날’로} 지정해 국내 택배 산업이 시작된 지 28년 만에 처음으로 택배 기사들의 공식적인 휴일이 생기게 되었다.,310
2020,턱스크,(턱<영>←mask),혼성,마스크를 올바르게 착용하지 않고 턱에 걸치는 것을 이르는 말. 여러 사람이 모이는 장소에서는 코로나19의 확산을 방지하기 위해 마스크가 입과 코를 완전히 덮도록 착용해야 한다는 정부의 방역 지침에 어긋나는 행위이다.,¶주위를 둘러보니 안경을 낀 이들 대부분이 성에를 이유로 {턱스크를} 하고 있었다.,310
2020,퇴사플래너,(退社<영>planner),,사직서를 제출하거나 회사에 있는 개인 짐을 수거하는 따위의 퇴직과 관련된 일을 전문적으로 조력하는 사람.,¶의뢰인이 희망하는 퇴직일을 정하면 {퇴사 플래너와} 상담을 거쳐서 사직서 등의 문서를 작성한다.,4
2020,퇴식로봇,(退食<영>robot),,식사를 끝낸 빈 그릇을 올려 두면 이를 수거하여 세척을 하는 곳으로 자율적으로 이동하는 로봇.,¶{퇴식 로봇이} 빈 그릇을 세척 로봇으로 가져가면 비로소 설거지가 시작된다.,190
2020,투게더앳홈,(<영>together at home),,인기 연예인들을 중심으로 시작된 코로나19 대응 기금 모금 운동의 하나. 온라인으로 자선 콘서트를 열어 코로나19 대응을 위한 기금을 모으는 방식으로 진행된다.,¶OOO는 국내 가수 중 최초로 ‘{투게더 앳 홈’에} 동참하여 온라인 콘서트를 진행한다.,310
2020,트래블버블,(<영>travel bubble),,코로나19 확산과 관련하여 안정성이 보장된 국가들끼리 상호 협의하여 의무적인 격리 없이 이동하는 것을 허용하는 것을 이르는 말.,¶양국은 지난달부터 상대국에 입국한 후 의무 격리를 생략하고 이동할 수 있는 {트래블 버블을} 시행할 예정이었다.,310
2020,파생포비아,(派生<영>phobia,,파생 상품에 대하여 두려움이나 거부감을 가져 파생 상품에 투자하는 것을 꺼리는 현상.,¶파생과 연계된 펀드에서 잇따라 문제가 발생하면서 투자자 사이에 ‘{파생 포비아’가} 커지자 자산 운용사들이 파생 상품의 색깔을 지우고 있다.,12
2020,팬티코딩,(<영>▼←panties coding),,코로나19로 인해 재택근무가 용이한 컴퓨터 프로그래머의 업무가 편한 옷차림으로 이루어지는 것을 비유적으로 이르는 말.,¶재택근무가 일상화되면서 일명 ‘{팬티 코딩’이나} ‘잠옷 회의’가 가능해 편해진 면도 있다.,3
2020,펫시터중개업,(<영>pet sitter仲介業),,반려동물을 돌보는 일을 전문적으로 하는 사람과 수요자를 연결해 주는 일을 하는 영업.,¶정부는 다음 달부터 {펫시터 중개업을} 반려동물 관련 신규 서비스 업종에 새롭게 포함하기로 했다.,27
2020,포스트코로나,(<영>post←corona virus),,코로나19가 종식된 이후의 상황을 이르는 말.,¶설문에 따르면 기업들은 {포스트 코로나를} 기회로 인식하는 경향이 강하다는 것을 알 수 있다.,310
2020,포켓팅,(<영>▼←potato ticketing),혼성,코로나19로 어려워진 감자 농가를 돕기 위해 강원도에서 판매하는 감자를 사는 것을 치열한 경쟁을 벌이며 공연 표를 예매하는 것에 빗대어 이르는 말.,¶{포켓팅이라는} 신조어까지 유행시키며 인터넷 강원도 감자 구매 열풍을 일으킨 특판전이 곧 종료된다.,267
2020,플랫폼운송면허,(<영>platform運送免許),,위치 기반 서비스와 같은 정보 시스템 환경을 구축하고 차량을 확보하여 사람 또는 화물을 운송하기 위해 취득해야 하는 면허.,¶국토부는 관련 기업이 기여 비용을 내면 {플랫폼 운송 면허를} 발급하여 제도권으로 편입하는 법안 개정을 서두르겠다고 밝혔다.,253
2020,플랫폼운송중개사업,(<영>platform運送仲介事業),,위치 기반 서비스와 같은 정보 시스템 환경을 구축하여 여객과 운송 차량을 중간에서 소개하는 일을 하는 사업.,¶{플랫폼 운송 중개 사업은} 기존에 이미 보편화된 단순 중개 플랫폼을 말하는 것이어서 지금과 큰 변화는 없다.,56
2020,플랫폼운수사업,(<영>platform運輸事業),,위치 기반 서비스와 같은 정보 시스템 환경을 구축하고 차량을 확보하여 사람 또는 화물을 운송하는 사업.,¶택시업계는 타다 금지법 통과는 환영했지만 렌터카로 {플랫폼 운수 사업을} 할 수 있도록 한 부분에 대한 우려를 나타냈다.,84
2020,플랫폼운수사업자,(<영>platform運輸事業者),,위치 기반 서비스와 같은 정보 시스템 환경을 구축하고 차량을 확보하여 사람 또는 화물을 운송하는 서비스를 제공하는 사람.,¶{플랫폼 운수 사업자는} 앞으로 정부의 허가를 받아 노란 번호판을 달고 영업해야 하며 일정 액수의 기여금을 내야 한다.,40
2020,플루닛,(<영>ploonet),차용,행성을 돌던 위성이 행성으로 변했을 때 해당 천체를 이르는 말.,¶{플루닛을} 일반 행성과 구분하는 것이 쉽지 않지만 행성 가까이에 위치한 {플루닛은} 중력으로 행성이 별 앞을 지날 때 그 속도에 영향을 줌으로써 구분할 수 있다.,310
2020,피캉스,(<영>←PC房<프>←vacance),혼성,피시방에서 보내는 휴가.,¶호텔을 방불케 하는 인테리어와 최신 사양의 컴퓨터. 여기에 다양한 음식을 시켜 먹을 수 있으니 ‘{피캉스’가} 따로 없다.,65
2020,핀셋방역,(<영>pincette防疫),,"핀셋으로 물건을 집는 것처럼, 전체가 아닌 특정 업종이나 집단을 선별하여 방역 활동을 하는 방법. 특정 집단을 중심으로 코로나19가 확산되기 시작하던 단계에서 효율적으로 방역 활동을 하기 위해 활용되었다.",¶집단 감염을 주도한 기관에 대한 전수 조사가 마무리된 이후 확산세가 줄어든다면 이들을 대상으로 한 ‘{핀셋 방역’이} 효과를 거둔 것으로 판단할 수 있다.,310
2020,학부모안심학년,(學父母安心學年),,학교에 처음 입학하여 적응하는 데 도움이 필요한 ‘초등학교 1학년’을 가리키는 말. 2020년부터 교육부에서 시행한 ‘학부모 안심 학년제’에서 나온 말이다.,"¶교육부는 올해부터 초등학교 1학년을 {학부모 안심 학년으로} 정하여 한글이나 산수 등 기초 학습과 안전, 돌봄 관련 제도를 강화하기로 했다.",5
2020,학부모안심학년제,(學父母安心學年制),,"학교에 처음 입학하여 적응하는 데 도움이 필요한 ‘초등학교 1학년’을 지원하기 위한 제도. 교육부에서 2020년부터 시행한 제도로, 기초 학력이 부족한 학생들이나 방과 후 돌봄이 필요한 학생들을 위한 지원을 확대하며 교실 환경을 개선하고 등하굣길 안전시설을 강화하였다.",¶올해 교육부의 주요 업무로는 학부모들이 안심하고 아이를 초등학교에 보낼 수 있도록 돕는 {학부모 안심 학년제가} 대표적이다.,104
2020,호프테이프,(<영>▼hope tape),,장기 실종 아동의 정보가 인쇄되어 있는 포장용 테이프.,¶우체국에서 사람들이 실종 아동의 정보가 담긴 {호프 테이프를} 이용해 택배를 포장하고 있다.,310
2020,혼합검사법,(混合檢査法),,"같은 병원체에 의한 감염자가 동시다발적으로 발생할 때 감염 여부를 확인하는 검사 방법의 하나. 여러 명의 검체를 섞은 검체를 검사하고 여기서 양성이 나오면 다시 개별검사를 하는 방식으로 이루어진다. 코로나19와 같이 전국적인 감염이 발생할 때 사용되는 검사 기법이다. =취합 검사법, 취합 검사 기법, 혼합 검체 기법.",¶검체를 섞어서 진단하는 ‘{혼합 검사법’은} 잘못된 게 아니라 상황에 따라 효율을 높일 수 있는 검사법으로 봐야 한다.,2
2020,혼합검체기법,(混合檢體技法),,"같은 병원체에 의한 감염자가 동시다발적으로 발생할 때 감염 여부를 확인하는 검사 방법의 하나. 여러 명의 검체를 섞은 검체를 검사하고 여기서 양성이 나오면 다시 개별검사를 하는 방식으로 이루어진다. 코로나19와 같이 전국적인 감염이 발생할 때 사용되는 검사 기법이다. =취합 검사법, 취합 검사 기법, 혼합 검사법.",¶이날 휴가에서 복귀한 생도들은 {혼합 검체 기법으로} 코로나19 검사를 받는다.,15
2020,홈터파크,(<영>▼home←water park),,집에서 물놀이를 하며 워터 파크에서 노는 듯한 분위기를 내는 일. 또는 그 공간. 코로나19로 인해 외부 활동에 제약이 생기면서 사용되는 말이다. =집터 파크.,¶바캉스 시즌임에도 코로나19로 외출이 어려워 집에서 일명 ‘{홈터 파크’를} 즐기는 사람들이 늘어나고 있다.,154
2020,홈테인먼트,(<영>home←entertainment),혼성,집에서 즐기는 오락물을 이르는 말. 코로나19로 인해 외부 활동에 제약이 생기면서 사용되는 말이다.,¶코로나19의 영향으로 가족이 집에서 함께 즐기는 {홈테인먼트를} 찾는 경향이 강해졌다.,310
2020,화상벌레,(火傷벌레),,"‘청딱지 개미 반날개’를 달리 이르는 말. 몸의 길이는 6~8mm 정도로, 독성 물질을 분비하기 때문에 피부에 닿았을 때 화상을 입은 것과 같은 상처가 생겨 ‘화상 벌레’라고 부른다.",¶{화상 벌레가} 국내에서도 목격돼 전국에 비상이 걸렸다.,310
2020,확찐자,(확찐者),접미 파생,코로나19로 인해 외부 활동에 제약이 생기면서 활동량이 줄어들어 살이 찐 사람.,"¶집에서 머무는 시간이 길어지면서 {확찐자가} 급증했고, 다이어트 상품에 대한 수요가 치솟았다.",310
2021,가덕도신공항건설을위한특별법,(加德島新空港建設을爲한特別法),,부산 가덕도에 새로운 공항을 건설하는 데 있어 신속하게 건설 사업을 진행할 수 있도록 한시적 특례를 부여하는 법률. 2021년 3월 16일에 공포되었고 2021년 9월 17일에 시행되었다.,"¶신공항 건설 사업을 신속하게 추진하기 위해 필요하면 예비 타당성 조사를 면제하고, 사전 타당성 조사도 간단히 할 수 있는 내용이 담긴 {가덕도 신공항 건설을 위한 특별법이} 국회 본회의를 통과했다.",310
2021,가덕도특별법,(加德島特別法),,부산 가덕도에 새로운 공항을 건설하는 데 있어 신속하게 건설 사업을 진행할 수 있도록 한시적 특례를 부여하는 법률. 2021년 3월 16일에 공포되었고 2021년 9월 17일에 시행되었다. 정식 명칭은 ‘가덕도 신공항 건설을 위한 특별법’이다.,"¶국회 법제 사법 위원회는 필요하다면 공항 건설을 위한 예비 타당성 조사를 면제하는 내용의 {가덕도 특별법을} 통과시켰고, 해당 법은 국회 본회의에서 처리될 것으로 전망된다.",310
2021,가마니전략,(가마니戰略),,"어떠한 행동을 하지 않고도 상대의 실책 등을 통해 이익을 도모하는 전략. 주로 정치 분야에서, 정부나 여당, 야당이 상대 측의 실책에 따라 발생한 지지율 상승 등의 반사 이익을 꾀하는 전략을 이르는 말이다.",¶여당의 잇따른 실책으로 인해 {가마니 전략을} 추구하던 야당의 지지율이 상승했다.,70
2021,가불구취,(價不購取),축약,‘가치관과 불일치하면 구독을 취소함’을 줄여 이르는 말. 자신의 가치관과 미디어 콘텐츠의 가치관이 일치하지 않으면 해당 채널의 구독을 취소함을 이르는 말이다.,¶유명 유튜버가 인권 감수성이 떨어지는 콘텐츠를 올리자 수많은 구독자들이 {가불구취를} 외치며 해당 채널을 떠났다.,28
2021,가상전화면접방식,(假想電話面接方式),,"실제 해외여행처럼 비행기를 타고 출국하지만 목적지에 착륙하지 않고, 낮은 고도로 목적지 상공을 비행하며 돌아본 후 출발지로 돌아오는 여행. 코로나19의 확산으로 해외여행이 제한되며 생겨난 여행 상품이다.",¶감염병의 확산으로 국가 간의 이동이 어려운 상황에서 {가상 출국 여행을} 즐기려는 수요가 늘고 있다.,4
2021,가상출국여행,(假想出國旅行),,정보 형태로 남아 실물이 없이 사이버상으로 거래되는 가상 화폐 등의 가상 공간에서만 사용할 수 있는 자산에 대한 산업을 통틀어 관리하는 데 필요한 사항을 규정한 법안. 2021년 5월에 국회에서 발의되었다.,¶가상 자산에 투자하는 개인 투자자에 대한 최소한의 법적 보호를 위해 {가상 자산업법의} 제정이 시급하다는 목소리가 커지고 있다.,150
2021,가상자산업법,(假想資産業法),,가상으로 부여된 전화번호를 통해 전화로 말을 주고받으며 면접을 진행하는 방식.,¶이번 면접은 코로나19 확산세에 대비하여 스마트폰을 활용한 {가상 전화 면접 방식으로} 진행한다.,310
2021,가정대기자,(家庭待機者),,"감염병에 대한 확진 판정을 받고도 병원 이송이나 생활 치료 센터 입소가 어려워 가정에서 대기하는 사람. 코로나19 확진 환자가 급증하여 환자를 치료할 수 있는 의료 시설이 부족해지면서 생긴 말로, 의료 시설에 들어가기 위해 가정에서 기다리는 사람을 이르는 말이다.","¶OO시는 코로나19 확진자가 급증하던 때, 병상 부족으로 발생한 {가정 대기자를} 집중적으로 관리해 왔다.",310
2021,가족돌봄휴가연장법,(家族돌봄休暇延長法),,"가족 돌봄이 필요한 경우 근로자의 휴가 기간을 연장할 수 있도록 규정한 법률. 코로나19의 장기화로 어린이집ㆍ유치원ㆍ학교 등의 휴원ㆍ휴업ㆍ휴교가 실시됨에 따라 가족 돌봄이 필요한 경우 근로자는 기존 10일을 포함하여 최장 20일까지 휴가를 연장할 수 있으며, 한 부모 가족의 경우 최장 25일까지 연장할 수 있다. 2020년 9월 국회에서 해당 법안이 통과되었다.",¶코로나19로 인한 육아 공백이 커짐에 따라 국회 본회의에서 {가족 돌봄 휴가 연장법이} 통과되었다.,200
2021,감마변이,(<그>gamma變異),,일본에서 최초로 발견된 코로나19의 변이 바이러스. 브라질에서 일본으로 입국한 사람에게서 처음 발견되었다. 국가에 대한 낙인 효과를 제거하기 위해 바이러스의 이름을 그리스어 숫자로 대체하게 되었다.,¶브라질에서 일본으로 입국한 여행객에게서 처음 발견된 {감마 변이가} 아시아와 아프리카를 중심으로 퍼지고 있다.,310
2021,감염병전담요양병원,(感染病專擔療養病院),,요양 병원 내에서 발생한 감염병 환자의 진료 및 치료 등을 전문적으로 맡기 위한 요양 병원. 주로 코로나19에 대한 진료 및 치료를 위해 지정된 병원을 이르는 말이다.,¶정부는 현재 수도권 요양 병원을 {감염병 전담 요양 병원으로} 활용한다는 방침이다.,310
2021,강제중도금,(强制中途金),,"계약금을 치르고 마지막 잔금을 치르기 전에, 매도자의 일방적인 계약 파기를 막기 위해 매수자가 약정한 날짜보다 이른 시기에 무작정 매도인의 계좌에 입금하는 돈.",¶{강제 중도금을} 치르면 계약이 파기되지 않을 것이라는 소문이 매수인들 사이에 퍼지며 중도금을 약속 일자 전에 치르는 일이 빈번해지자 매도인들이 난감을 표하고 있다.,12
2021,개인대주제도,(個人貸株制度),,"증권 시장에서, 개인 투자자에게 매도 증권을 빌려줌으로써 안정적으로 주식을 차입하여 공매도 거래를 할 수 있도록 지원하는 제도.",¶공매도 금지 조치가 해제되는 다음 달부터 개인 투자자의 공매도 접근성을 확대한 새로운 {개인 대주 제도가} 시행된다.,310
2021,갭코노미,(<영>gapconomy),차용,자산 시장과 실물 경제의 괴리가 커지고 사람들 사이의 자산 격차가 벌어지는 경제 상황을 이르는 말.,¶코로나19의 확산 이후 금융 지식에 대한 사람들 간의 차이가 더욱 커지며 {갭코노미의} 골은 점점 더 깊어지고 있다.,5
2021,거점전담병원의무지정기한,(據點專擔病院義務指定期限),,"특정 지역의 병원에 대해, 감염병의 진료 및 치료를 전담하기 위한 거점의 역할을 하도록 의무적으로 정해 놓은 기간. 코로나19의 확산세에 대비하여 거점 전담 병원에 대한 지정 기한을 연장하면서 생겨난 말이다.",¶정부는 지난해 만든 긴급 치료 병상을 더 늘리고 {거점 전담 병원 의무 지정 기한을} 이달 하반기까지로 연장할 계획이다.,26
2021,거점접종센터,(據點接種<영>center),,특정 지역에서 감염병의 백신 접종을 위해 거점의 역할을 하도록 지정된 접종 센터. 전국적으로 코로나19 백신 접종을 시작하면서 생겨난 말이다.,¶이번 백신은 영하 75도의 초저온 유통ㆍ보관이 필요해 특수 냉동고가 비치된 지역별 {거점 접종 센터에서} 접종된다.,104
2021,건강생활실천지원금제,(健康生活實踐支援金制),,"스스로 자신의 건강을 잘 돌보고 건강한 생활을 위해 실천한 사람에게 지원금을 지급하는 제도. 2021년 7월부터 2024년 6월까지 국민 건강 보험 공단에서 시범 사업으로 운영 중이다. 만성 질환자나 건강 위험 요소가 있는 사람을 대상으로 하며, 개인의 실천 과정과 개선 정도에 따라 지원금을 제공한다.",¶전문가들은 {건강 생활 실천 지원금제는} 국가 정책으로 실시하는 예방 분야 최초의 지원금 제도로 국민 스스로가 건강 관리를 하는 데 동기 부여가 될 것으로 전망하고 있다.,310
2021,검사임용개혁법,(檢事任用改革法),,"기존의 검사 임용 제도를 개혁하기 위한 것으로, 변호사 또는 관련 사회 경력을 갖춘 사람을 검사로 임용하도록 규정한 법안. 2020년 12월에 국회에서 발의되었다.","¶O 의원은 다양한 사회 경험과 전문 지식을 갖춘 검사가 우리 사회를 위해 필요하다며, {검사 임용 개혁법을} 발의한 취지를 설명하였다.",34
2021,검수완박,(檢授完剝),축약,"‘검찰의 수사권을 완전히 박탈함’을 줄여 이르는 말. 검찰은 법률에서 정한 예외적인 경우에 한해 수사 업무를 수행하며, 기소 및 공판 업무를 전담한다는 것이 주요 내용이다.",¶한 변호사 단체는 {검수완박의} 방향성은 찬성하지만 사회적 합의와 속도 조절이 필요하다는 의견을 내었다.,310
2021,검체로봇,(檢體<영>robot),,"검사, 시험, 분석 따위를 위해 생물이나 물질을 채취하는 로봇. 코로나19 감염 여부를 검사하기 위해 면봉을 사람 콧속까지 넣어 자동적으로 검체를 채취하는 용도로 개발되었다.",¶의료진은 {검체 로봇을} 이용하여 환자와 대면하지 않고 안전하게 검체를 채취할 수 있게 되었다.,8
2021,고대면접촉,(高對面接觸),,높은 빈도로 다른 사람을 직접 마주함. 코로나19의 확산을 방지하기 위한 사회적 거리 두기의 일환으로 ‘비대면 접촉’이 일반화되자 이에 상대하여 이르는 말이다.,"¶코로나19 확산으로 방문 판매, 식음료 판매 서비스 등의 {고대면 접촉을} 요하는 직종의 일자리 감소가 두드러지게 되었다.",120
2021,골플루언서,(<영>▼←golf influencer),혼성,골프와 관련한 의견이나 정보를 소셜 미디어에 공유하여 대중에게 영향을 미치는 사람.,¶최근 {골플루언서로} 활약하고 있는 배우가 착용한 골프 장갑이 시장 점유율 1위를 차지한 것으로 조사되었다.,310
2021,공동격리자,(共同隔離者),,전염병의 확진으로 자가 격리자와 같은 공간에 거주하여 함께 격리해야 하는 사람. 코로나19의 확산을 방지하기 위한 사회적 거리 두기 조치가 시행되었을 때 자가 격리자와 동일한 규제나 지원 제도를 적용받았다.,¶정부는 {공동 격리자의} 부담을 완화하기 위해서 병원 진료 등 불가피한 사유에 대해서 외출을 허용하는 방안을 내놓았다.,310
2021,공민지,(公민지),혼성,"공공 기관에서 일하는 엠제트(MZ) 세대를 이르는 말. ‘공공 기관’의 첫 음절인 ‘공’, ‘밀레니엄 세대’의 첫머리 문자인 엠(M)을 활용한 ‘민’, ‘제트 세대’의 제트(Z)를 활용한 ‘지’를 결합하여 만든 말로 , 최근 공공 기관에 채용되어 일하는 1980년대 초부터 2000년대 초반에 태어난 세대를 이르는 말이다.",¶딱딱하고 경직되었던 공공 기관의 문화가 {공민지들에} 의해 변화될 조짐을 보이고 있다.,310
2021,공스장,(公<영>▼←health場),혼성,"운동 기구를 갖추어 놓은 공원을 이르는 말. ‘공원’과 ‘헬스장’을 결합하여 만든 말로, 코로나19의 확산 상황에서 실내에서 운동할 수 있는 시설들의 영업이 제한되자 주목받기 시작했다.",¶코로나19의 확산으로 실내 헬스장이 문을 닫자 야외에 있는 {공스장에서} 간단한 운동을 하는 사람들이 늘었다.,82
2021,공정벌금,(公正罰金),,범죄인의 재산이나 소득에 비례하여 차등적으로 부과하는 벌금.,¶개인의 소득에 따라 벌금 5만 원에 대한 무게가 같지 않으므로 재산에 비례해 벌금을 내도록 해야 한다는 {공정 벌금이} 논의되고 있다.,150
2021,공정벌금제,(公正罰金制),,범죄인의 재산이나 소득에 비례하여 차등적으로 벌금을 부과하는 제도. =재산 비례 벌금제.,¶범죄자의 하루 수입에 따라 벌금을 매기는 ‘일수 벌금제’는 범죄자들의 경제적 차이를 고려하기 때문에 ‘{공정 벌금제’라고도} 부른다.,65
2021,관음충,(觀淫蟲),합성,다른 사람을 몰래 훔쳐봄으로써 성적 만족을 얻는 사람을 벌레에 빗대어 이르는 말. 차별 및 비하하는 의미가 포함되어 있으므로 사용에 주의가 필요하다.,¶최근 관음증을 가진 사람을 혐오하는 말로 {관음충이라는} 표현이 나오기도 했다.,93
2021,구글갑질방지법,(Google甲질防止法),,"구글, 애플 등 앱 마켓 사업자가 불가피한 경우를 제외하고는 앱 마켓 운영사에 특정한 결제 방식을 강제할 수 없도록 한 법률. 2021년 8월 31일에 국회 본회의를 통과해 9월 14일부터 시행되었다.",¶OO은 결제 정책의 변경을 일방적으로 발표하며 수수료를 추가로 부과하고자 했지만 일명 ‘{구글 갑질 방지법’이} 국회에서 통과되며 결제 정책 변경을 유보했다.,310
2021,구레니얼,(俱<영>←millennial),혼성,밀레니얼의 윗 세대이면서도 밀레니얼 세대와 소통하고 교감하는 능력이 있는 중장년 세대. ‘함께 구(俱)’와 ‘밀레니얼 세대’를 뜻하는 ‘밀레니얼’을 결합하여 만든 말이다.,¶{구레니얼은} 권위를 내세우기보다 밀레니얼 세대를 인정하고 공감해 주며 세대 간의 갈등을 해소하고 있다.,3
2021,국가치료격리병상,(國家治療隔離病床),,감염병 환자들을 일반 환자들과 따로 수용하여 치료하기 위해 국가에서 설치ㆍ운영하는 병상을 이르는 말. 코로나19의 전 세계적 확산 상황에서 사용되기 시작하였다.,¶감염병의 확산으로 ‘{국가 치료 격리 병상’을} 확충해야 한다는 목소리가 나오고 있다.,6
2021,국방유공자예우법,(國防有功者禮遇法),,군 복무자를 유공자로서 대우하여 국가가 합당하게 예우하는 데에 필요한 사항을 규정한 법안. 정식 명칭은 ‘국방 유공자 예우에 관한 법률’이다. 2021년 4월에 국회에서 발의되었다.,¶O 의원이 발의한 {국방 유공자 예우법에} 대해 일부 청년들은 군 가산점 제도와 다를 바가 없다며 민심을 잡으려는 보여 주기식 정책이라고 비판했다.,16
2021,군싹,,축약,"‘군침이 싹 돎’를 줄여 이르는 말로, 군침이 돌 만큼 맛있어 보이는 음식을 두고 하는 말.",¶OO 식품에서 새로 나온 라면이 “{군싹을} 유발한다.”라며 소비자들로부터 긍정적인 반응을 얻고 있다.,66
2021,그린패스,(<영>green pass),,"이탈리아ㆍ이스라엘 등 유럽에서, 코로나19 백신 접종을 완료하였음을 증명하는 표. 국내에서는 ‘백신 패스’로 불리는 제도와 유사한 것으로, 코로나19 백신 미접종자가 식당, 약국 등의 다중 이용 시설에 출입하는 것을 제한하기 위해 만들어진 조치이다.",¶이스라엘은 공공장소에서의 코로나19 확산을 방지하기 위해 {그린 패스가} 없는 사람들의 대중 행사 참여 또는 공공장소 출입을 제한하고 있다.,310
2021,근력저축운동,(筋力貯蓄運動),,"돈을 차곡차곡 모으듯이 근육의 힘을 점진적으로 기르기 위한 운동. 코로나19의 확산으로 야외 활동이 제한된 상황에서, 실내에서 자주 할 수 있는 간단한 동작으로 구성된 운동이다.",¶O 교수는 어르신들에게 {근력 저축 운동을} 틈틈히 하는 것을 권했다.,27
2021,근원환자,(根源患者),,"감염병의 확산세가 커지는 구역에서, 처음 감염이 시작되어 병을 옮긴 환자. 주로 코로나19와 관련하여 생겨난 말이다.","¶군부대 내 코로나19 확산과 관련되어, {근원 환자로} 추정되는 사람으로부터 현재까지 총 22명의 누적 확진자가 발견되었다.",163
2021,근육적금,(筋肉積金),,"근력을 보조하기 위해 실처럼 가는 형상 기억 합금으로 만든 옷감. 실제 옷감처럼 가볍고 부드러우며, 팔, 다리와 같이 힘이 필요한 신체 부위의 옷 위에 부착하여 근력을 보조하는 로봇 기술의 일종이다.",¶근력 감소로 불편함을 겪는 어르신이 {근육 옷감을} 착용할 경우 일상생활 보조에 큰 도움이 된다고 합니다.,62
2021,근육옷감,(筋肉옷감),,운동하여 근육을 차곡차곡 쌓는 일을 적금에 빗대어 이르는 말.,¶노년층에게는 은퇴 후 받는 연금만큼 ‘{근육 적금’이} 중요하다.,145
2021,금융소송원,(金融訴訟院),,"월급이나 상여금, 복지 포인트 등의 금전적인 보상을 통해 일하면서 겪는 정신적인 고통을 치유하고 행복감을 느끼게 하는 것을 비유적으로 이르는 말.","¶지난달 초과 근무로 너무 힘들었지만, 월급 통장을 보니 {금융 치료가} 되는 느낌이다.",7
2021,금융치료01,(金融治療),,둘 이상의 금융 회사가 동일한 기업에 소속된 집단을 이르는 말. 카드ㆍ보험ㆍ증권 등 금융 회사를 두 개 이상 운영하면서 자산 규모가 오조 원 이상인 기업이 이에 해당한다.,¶{금융 복합 기업 집단에} 속한 기업들이 지정 형평성과 강한 규제에 반발하며 논란이 일고 있다.,310
2021,금융치료02,(金融治療),,"금융 복합 기업 집단에서 발생할 수 있는 경영ㆍ재무상의 위험 등을 효과적으로 감독ㆍ관리하기 위해 필요한 사항을 정한 법률. 정식 명칭은 ‘금융 복합 기업 집단의 감독에 관한 법률’로, 2021년 6월 30일부터 시행되었다.",¶최근 금융 산업에 박차를 가하고 있는 빅 테크 기업 다수도 {금융 복합 기업 집단법의} 적용을 받을 것으로 전망된다.,310
2021,금융복합기업집단,(金融複合企業集團),,"최근 피소 횟수가 많아진 ‘금융 감독원’을 이르는 말. 금융 감독원이 진행하는 금융사에 대한 종합 검사 과정에서, 제재ㆍ징계 등 검사 결과에 반발하는 금융사가 금융 감독원에 대한 소송을 제기하는 수가 많아지며 생겨난 말이다.",¶금융 감독원이 피소된 소송 건수가 지난해 77건에 이르자 금융 감독원이 아니라 ‘{금융 소송원’이라는} 말까지 나오고 있다.,310
2021,금융복합기업집단법,(金融複合企業集團法),,"범죄나 나쁜 일을 저질렀을 때 과태료나 합의금, 배상금 등을 물어 반성하게 만드는 것을 비유적으로 이르는 말.",¶음주 운전으로 내 차를 들이받은 운전자에게 {금융 치료를} 시켜줬다.,310
2021,급식개미,(給食개미),,주식 시장에서 개인적으로 주식 투자를 하는 중ㆍ고등학생을 이르는 말.,¶최근 청소년들 사이 주식 열풍이 불면서 {급식 개미들의} 투자 열기가 높아지고 있다.,1
2021,기근바이러스,(飢饉<영>virus),,기근이 세계적으로 퍼지는 현상을 바이러스에 빗대어 이르는 말. 주로 코로나19의 유행으로 식량 위기가 심각해지자 생겨난 말이다.,¶코로나19만큼의 전파력을 가진 {기근 바이러스가} 가장 먼저 위협하고 있는 곳은 빈곤국이다.,30
2021,기변기추,(機變機追),축약,‘기기 변경’과 ‘기기 추가’를 아울러 이르는 말. 자동차ㆍ자전거 따위의 이동 수단의 기기에 대해 계속해서 변경이나 추가를 하는 행위를 이르는 말이다.,¶바이크 온라인 커뮤니티의 한 사람은 “2기통을 타면 4기통이 그립고 4기통을 타면 2기통이 그립다.”라며 {기변기추를} 계속하는 마음을 표현했다.,0
2021,기본소득국민운동,(基本所得國民運動),,기본 소득 제도의 추진과 안정화를 위한 범국민적 동원 운동. 특정 지역이나 특정 계층뿐만 아니라 전 국민이 기본 소득을 보장받을 수 있도록 기본 소득 도입에 대다수 국민의 동참을 요구하는 운동이다.,"¶OO 지역에서는 {기본 소득 국민운동을} 확산하기 위해 시민 사회, 청년, 농민, 예술인 등이 참여하는 기본 소득 제도 추진 출범식이 열린다.",310
2021,기본소득토지세,(基本所得土地稅),,"토지 소유로 발생하는 불로 소득에 대해 토지의 소유자에게 세를 부과하고, 그 세수를 기본 소득으로 배당하는 제도.",¶O 후보는 {기본 소득 토지세가} 부동산 투기 억제 및 불평등 완화 등 복합적인 효과를 가져올 것이라고 주장했다.,310
2021,기초학술기본법,(基礎學術基本法),,"인문학, 사회 과학 등의 기초 학술 분야를 지원하고 육성하는 데에 필요한 사항을 규정한 법안. 2021년 3월 24일에 국회에서 발의되었다.",¶지난해 인문ㆍ사회 분야를 포함한 기초 학술을 진흥하기 위한 근간이 되는 기본법의 필요성이 대두되며 {기초 학술 기본법이} 발의되었지만 후속 논의는 이루어지지 않았다.,28
2021,기후테크,(氣候<영>tech),합성,첨단 정보 기술을 기후 분야에 적용하여 온실가스의 배출량을 줄어거나 지구 온난화 등의 기후 문제를 해결하도록 돕는 기술.,¶환경 관련 스타트업의 OOO 대표는 “외국의 경우 {기후테크에} 대한 정부의 투자가 많아 다양한 대기업과 스타트업에서 적극적으로 이 분야에 참여하고 있지만 국내는 그렇게 중요한 문제로 다뤄지지 않고 있다.”라고 설명했다.,310
2021,기후민감계층,(氣候敏感階層),,"다른 계층에 비해 홍수, 가뭄, 지진 해일 따위의 기상 변화로 인한 곤경에 처할 가능성이 더 높은 저소득 취약 계층.",¶{기후 민감 계층인} O 씨의 집은 단열재가 설치되지 않아 외풍이 심해 겨울에는 살기가 더욱 힘들다.,253
2021,깃깔따구속,(깃깔따구屬),합성,"일반적으로 흐르는 물에서 서식하는 파리목 깔따굿과에 속하는 속류. 국내 미기록 종이었지만 2020년 제주 서귀포시 수돗물에서 깃깔따구속 유충이 발견되었으며, 사람을 물지는 않는다고 알려져 있다.",¶OO 지역 수돗물에서 {깃깔따구속의} 유충이 발견되어 수돗물 품질 관리에 대한 문제가 제기되고 있다.,63
2021,껄무새,(껄鵡새),혼성,자신이 하는 말에 아쉬움을 나타내는 종결 어미 ‘-ㄹ걸’을 앵무새처럼 반복하여 붙여 말하는 사람. 주로 주식이나 가상 화폐 따위의 경제적인 투자와 관련해 투자 시기나 매입ㆍ매도 규모 등을 반복적으로 후회하는 사람을 이르는 말이다.,"¶가상 화폐의 가치가 최근 급격히 높아지자 가상 화폐에 투자해 큰 수익률을 자랑하는 사람들이 있는 반면, “그때 살걸.”, “그때 팔지 말걸.”과 같은 후회로 가득찬 {껄무새들의} 하소연도 속출하고 있다.",144
2021,꼬마개미,,,주식 시장에서 개인적으로 주식 투자를 하는 어린아이를 이르는 말.,¶최근 주식 투자를 처음 시작하는 연령이 낮아지며 {꼬마 개미들이} 주식 시장에서 주목받고 있다.,6
2021,냥또,(냥←Lotto),혼성,"고양이를 키우는 상황이 운이 좋음을 비유적으로 이르는 말. 일반적으로 고양이들이 싫어하는 산책이나 옷 착용, 샤워 따위의 활동을 거부하지 않는 고양이를 키우는 상황에서 나온 말이다.",¶고양이를 좋아하는 누리꾼들은 산책을 하고 샤워를 좋아하는 고양이를 키우는 연예인 OOO 씨가 “{냥또를} 맞았다.”라며 부러움 섞인 반응을 보였다.,15
2021,네카라쿠배,(←Naver←Kakao←Line←Coupang配),축약,"대형 아이티 기업 ‘네이버, 카카오, 라인, 쿠팡, 배달의 민족’을 아울러 이르는 말. 각 기업의 앞 글자를 따 만들어진 말이다.",¶최근 취업 준비생들이 전통적인 대기업보다 {네카라쿠배를} 더 선호한다는 설문 결과가 나왔다.,310
2021,네카라쿠배당토,(←Naver←Kakao←Line←Coupang配當←Toss),축약,"대형 아이티 기업 ‘네이버, 카카오, 라인, 쿠팡, 배달의 민족, 당근 마켓, 토스’를 아울러 이르는 말. 각 기업의 앞 글자를 따 만들어진 말이다.",¶{네카라쿠배당토는} 복지 수준과 연봉이 높아 직장인들 사이에서 꿈의 직장으로 불린다.,310
2021,네카라쿠배당토직야,(←Naver←Kakao←Line←Coupang配當←Toss直야),축약,"대형 아이티 기업 ‘네이버, 카카오, 라인, 쿠팡, 배달의 민족, 당근 마켓, 토스, 직방, 야놀자’를 아울러 이르는 말. 각 기업의 앞 글자를 따 만들어진 말이다.",¶{네카라쿠배당토직야의} 개발자 초봉이 국내 대기업 과장 연봉보다 높다는 말도 있다.,42
2021,넷술족,(←Netfix술族),접미 파생,넷플릭스를 시청하면서 혼자 술을 즐기는 사람. 또는 그런 무리.,¶식품 업계에서는 영화를 보면서 간단하게 먹을 수 있는 먹거리 개발로 {넷술족을} 공략하고 있다.,52
2021,노가더,(<일>←dokata[土方]<영>←er),접미 파생,막일을 직업으로 하는 사람을 세련되게 이르는 말.,¶건설 현장에서 일하는 청년들이 촬영한 {노가더} 콘텐츠가 많은 사람들에게 주목받고 있다.,11
2021,노쇼백신,(<영>no-show vaccine),,백신을 예약한 사람이 나타나지 않아 남게 된 백신. 코로나19의 감염과 확산을 막기 위한 예방 접종을 실시하면서 생겨난 말이다.,¶최근 들어 접종 예약자가 늘어나면서 {노쇼 백신조차} 구하기 어려워졌다.,310
2021,다크이코노미,(<영>dark economy),,"오프라인 매장은 창고로 사용하고 구매와 운영은 주로 온라인으로 이루어지는 경제 활동. 불이 꺼져 있는 어두운 매장을 나타내는 표현으로, 코로나19로 오프라인 매장의 매출이 급감하는 것에 대한 대처로 생겨났다.",¶창고의 규모가 중요한 {다크 이코노미의} 성장으로 물류 센터 시장이 더불어 급격하게 성장하였다.,25
2021,단일정액제,(單一定額制),,"부동산 거래 시 중개 수수료를, 매매의 경우 0.5% 이하에서, 임대차 계약의 경우 0.4% 이하에서 정하는 제도. 부동산 가격이 급격하게 올라가면서 중개 수수료의 부담을 낮추기 위해 제안된 제도이다.",¶{단일 정액제를} 적용하기 위해서는 관계 부처와 공인 중개사 협회의 협의가 필수적이다.,249
2021,단풍방역,(丹楓防疫),,가을철에 여행객이 몰리는 관광지에서 코로나19의 확산을 차단하는 일.,¶방역 당국에서는 가을을 맞이해 {단풍 방역의} 필요성을 언급했다.,127
2021,당근질,,접미 파생,가까운 동네에서 중고로 물건을 사고파는 일. 중고 거래 애플리케이션인 ‘당근 마켓’에서 비롯된 말이다.,"¶오늘은 이사 준비로 낡은 물건은 다 내다 버리고, 쓸 만한 물건은 골라 {당근질까지} 했다.",9
2021,당모치,(당모<영>←chicken),축약,‘당연히 모든 치킨은 옳음’을 줄여 이르는 말. 모든 치킨은 맛있기 때문에 메뉴를 고를 때 고민할 필요가 없다는 의미이다.,¶내가 치킨 메뉴를 고민하고 있을 때 젊은 직원들은 한목소리로 {당모치를} 외쳤다.,38
2021,대깨족,(대깨族),접미 파생,지지하는 정치인이 하는 일은 옳고 그름을 따지지 않고 무조건 따르는 사람. 또는 그런 무리. 차별 및 비하하는 의미가 포함되어 있으므로 사용에 주의가 필요하다.,¶자신이 지지하는 사람이 하는 일은 무조건적으로 옹호하는 {대깨족은} 자신과 생각이 다른 사람들과는 대화조차 하지 않는다.,1
2021,대네수엘라,(大←Venezuela),혼성,"‘대한민국’과 ‘베네수엘라’를 결합하여 만든 말로, 우리나라 정부의 정책이 베네수엘라의 실패한 정책을 닮아 간다는 말.",¶한 전문가는 최근 국민들이 우리나라를 {대네수엘라라고} 칭하는 것을 단순한 조롱이 아니라 정책에 대한 우려를 뜻하는 것으로 해석해야 한다고 말했다.,29
2021,대북방송금지법,(對北放送禁止法),,통일부가 2021년 1월 말 발의한 ‘남북 교류 협력에 관한 법률 개정안’에 통일부 장관의 승인이 필요한 반출ㆍ반입 항목에 ‘정보 통신망을 통한 송ㆍ수신’이 추가한 것을 북한 인권 단체의 대북 라디오 방송 송출을 막기 위한 것으로 보고 비판적으로 이르는 말.,¶야당은 {대북 방송 금지법의} 목적이 북한 인권 단체가 대북 라디오 방송을 송출하는 것을 막기 위한 것이라며 반발했다.,7
2021,대팔대사,,축약,‘대충 팔고 대충 사.’를 줄여 이르는 말. 부동산 가치는 항상 오르기 때문에 따지지 말고 사야 한다는 의미이다.,"¶부동산이 호황일 때에는 다들 {대팔대사라고} 하더니, 이제는 아파트를 살 때는 꼼꼼하게 비교한 후 신중하게 구매하라고 조언한다.",10
2021,더블링현상,(<영>doubling現象),,전염병의 일일 확진자 수가 전일에 비하여 두 배 이상으로 증가하는 현상. 주로 코로나19에 따른 사회적 거리 두기의 격상 기준으로 사용되었다.,¶오미크론이 기존의 우세종을 넘어 지배종이 되자 신규 확진자 {더블링 현상이} 일주일 간격으로 빚어졌다.,310
2021,덧보고,(덧報告),접두 파생,공식적인 보고가 끝난 이후 비공식적으로 이어지는 보고. ‘백 브리핑(back briefing)’의 순화어이다.,¶대통령은 적어도 일주일에 한 번은 기자실에 들러 {덧보고와} 함께 질의응답 시간을 마련하겠다고 말했다.,56
2021,데스크패션,(<영>▼desk fashion),,"하의는 편안하게 입고 상의는 보다 신경 써서 입는 스타일. 코로나19로 인해 화상 회의, 온라인 수업 등의 비대면 환경이 자리 잡으면서 생겨난 말이다.",¶화상 회의가 일상화되면서 최근 패션업계는 {데스크 패션에} 주목하고 있다.,3
2021,데이터담보대출,(<영>data擔保貸出),,데이터를 담보로 하여 돈을 빌려주거나 빌리는 일.,¶산업계에서는 이 같은 {데이터 담보 대출로} 대출 시장이 크게 변화할 것으로 예측하고 있다.,69
2021,델타변이,(<그>delta變異),,인도에서 최초로 발견된 코로나19의 변이 바이러스. 국가에 대한 낙인 효과를 제거하기 위해 바이러스의 이름을 그리스어 숫자로 대체하게 되었다.,¶지난해 열린 올림픽을 계기로 코로나19 바이러스의 {델타 변이가} 세계 20개국으로 확산되었다.,310
2021,도보배달맨,(徒步配達<영>man),,"도보나 킥보드, 자전거, 전기 자전거 등을 이용하여 배달하는 사람. =도보 배달원.",¶배달업계 관계자는 주요 지역에서 배달하는 {도보 배달 맨을} 대상으로 보험 적용을 고려 중이라고 말했다.,2
2021,도보배달원,(徒步配達配),,"도보나 킥보드, 자전거, 전기 자전거 등을 이용하여 배달하는 사람. =도보 배달 맨.",¶특히 좁은 골목이 많은 전통 시장에서는 {도보 배달원의} 활약이 두드러진다.,310
2021,돔황챠,,생성,"‘도망쳐’를 변형한 말로, 어떤 일이 기대에 미치지 못하거나 잘못되었을 때 그 일을 피하여 도망치라는 뜻으로 하는 말.",¶주식 가격이 떨어지면 주식 온라인 커뮤니티는 {“돔황챠!”로} 뒤덮인다.,35
2021,동물특별사법경찰관,(動物特別司法警察官),,"동물 관련 범죄를 전담하는 특별 사법 경찰관. 길고양이 학대, 반려견 살해, 불법 도살 등의 동물을 대상으로 한 범죄에 대응한다.",¶경기도는 국내에서 처음으로 {동물 특별 사법 경찰관 제도를} 도입하였다.,3
2021,뒷광고,(뒷廣告),합성,보는 사람이 광고임을 알아차리지 못하도록 의도적으로 속이는 광고. 개인 방송을 통한 광고가 활성화되면서 일부 사람들이 금전적 대가를 받았다는 사실을 숨기고 자신이 직접 구입한 상품인 것처럼 광고한 것에서 비롯된 말이다.,¶{뒷광고} 논란에 연루된 인플루언서들은 일제히 사과문을 발표했지만 구독자들의 마음을 돌리기는 어려웠다.,310
2021,디지털시장법,(<영>digital市場法),,"미국의 대형 정보 기술 기업을 대상으로 경쟁사 차별 금지, 인수 합병 시 사전 신고, 혐오 표현ㆍ위조 상품 판매 금지 등을 위반할 시 연간 매출액의 최대 10%를 벌금으로 부과하는 법안. 유럽 연합에서 미국 대형 기업의 독점 구조를 개선하기 위해 도입하였다.",¶유럽 의회는 소수의 거대 기업이 독점하는 상황을 막기 위해서는 {디지털 시장법과} 같이 새로운 제도가 필요하다고 주장한다.,310
2021,따상상,(<영>←double上上),축약,주식 시장에서 신규 상장 종목이 공모가 대비 두 배의 시초가를 형성하고 이틀 연속으로 상한가를 기록하는 일.,¶공모주라고 해서 당연히 {따상상을} 기록할 것이라는 기대를 안고 무작정 투자해서는 안 된다.,310
2021,따상상상,(<영>←double上上上),축약,주식 시장에서 신규 상장 종목이 공모가 대비 두 배의 시초가를 형성하고 사흘 연속으로 상한가를 기록하는 일.,¶증시 침체로 인해 전년도에 비해 {따상상상을} 기록하는 신규 상장주들은 찾기 어렵다.,310
2021,딱내스,(딱내<영>←style),축약,‘딱 내 스타일’을 줄여 이르는 말.,¶맑고 시원한 요즘 같은 날씨가 {딱내스다}.,3
2021,딴봉띠집회,(<미>←ttanpongtti集會),,"2021년 3월부터 12월까지 광주의 미얀마 노동자, 학생, ‘미얀마 군부 쿠데타 반대와 민주화 지지 광주 연대’를 중심으로 미얀마 군부 독재에 저항하고자 열린 집회. ‘딴봉띠’는 큰소리로 악귀를 쫓는 미얀마의 전통 풍습을 뜻한다.",¶오는 18일에는 광주에서 미얀마 민주주의 수호를 위한 마지막 {딴봉띠 집회가} 열린다.,50
2021,뚜따,,축약,‘뚜껑이 따지는 자동차’를 줄여 이르는 말. 자동차 지붕을 접거나 따로 떼어 낼 수 있도록 만든 차를 의미한다.,¶한여름 {뚜따를} 타고 해안 도로를 달리는 기분은 말로 표현할 수 없을 정도이다.,104
2021,뚝년배,(뚝年輩),혼성,"교육 방송 이비에스(EBS) 캐릭터 ‘뚝딱이’와 ‘동년배’를 결합하여 만든 말로, 1994년 이비에스(EBS) <딩동댕 유치원>을 보고 자란 1980년대 후반에서 90년대에 태어난 사람. 또는 그런 나이.",¶EBS 인기 캐릭터 뚝딱이는 유튜브를 통해 {뚝년배들과} 새롭게 소통하고 있다.,5
2021,라이크커머스,(<영>like cummerce),,물건을 사고파는 데에 소셜 네트워크의 ‘좋아요’가 기반이 되는 전자 상거래 방식.,"¶{라이크 커머스의} 원동력은 지인이나 친구의 추천, 리뷰 등을 통해 직접 확인하기 어려운 상품 정보를 확인할 수 있다는 점이다.",289
2021,라할살,,축약,‘라고 말할 때 살걸.’을 줄여 이르는 말. 주로 주식 시장에서 본인이 투자하지 않은 종목의 가격이 크게 올라 아쉬움을 나타낼 때 쓴다.,¶이렇게까지 오를 줄은 몰랐는데 정말 {라할살이네요.},3
2021,랜선사원,(<영>LAN線社員),,온라인으로 혼자 재택근무를 하는 사원. 코로나19의 확산으로 인해 회사에 출근하여 다른 사원들과 같은 공간에서 일하지 않고 온라인을 통해 비대면으로 업무를 보는 사람이 많아진 상황에서 나온 말이다.,¶{랜선 사원이} 증가하면서 업무 환경과 직장 문화도 변화하게 되었다.,1
2021,랜선코칭,(<영>LAN線<영>coaching),,온라인상에서 학습자에게 필요한 능력을 개발할 수 있도록 돕는 일. 코로나19의 확산을 방지하기 위해 비대면으로 하는 활동이 일반화되는 상황에서 나온 말이다.,¶이번 프로그램에서는 수도권 이외 지역의 소상공인들에게 전문 강사의 {랜선 코칭을} 받을 수 있는 기회를 제공한다.,93
2021,랜친실안,(<영>LAN親實안),축약,‘랜선상에서는 친하지만 실제로는 안 친한 사이’를 줄여 이르는 말.,¶그 사람과는 온라인상에서 '좋아요'를 누르는 {랜친실안이라서} 실제로 만나면 어색할 것 같다.,2
2021,레이블링게임,(<영>labeling game),,"테스트를 통해 자신의 정체성에 이름을 부여하고, 이를 다른 사람과 공유하며 놀이처럼 즐기는 것.",¶{레이블링 게임은} 자기 정체성에 대한 고민을 해결하기 위한 노력의 일환이다.,310
2021,레이어드홈,(<영>layered home),,단순히 거주하는 것뿐만 아니라 업무와 여가 생활 등의 다양한 활동을 할 수 있는 집.,"¶{레이어드 홈이} 트렌드로 자리 잡으면서 휴식, 업무, 영화 감상 등의 활동에 알맞은 인테리어가 인기를 끌고 있다.",310
2021,레지던스트랙,(<영>residence track),,코로나19 상황에서 장기 체류하는 사람을 위해 입국 후 14일간 자가 대기 조치 및 피시아르(PCR) 검사 음성 결과 제출을 조건으로 입국을 보장하는 제도.,"¶일본은 코로나19 방역 강화를 위해 베트남, 태국과 시행하던 {레지던스 트랙도} 중단하는 것으로 결정하였다.",310
2021,로빈후드운동,(Robin Hood運動),,미국의 개인 투자자들이 기관과 외국인에 맞서 미국 주식을 대거 사들인 상황을 비유적으로 이르는 말.,¶한국의 동학 개미 운동이나 미국의 {로빈 후드 운동에서} 보듯이 젊은 세대가 주식 투자 열풍을 주도하고 있다.,6
2021,로켓정산법,(<영>rocket定算法),,판매 대금의 지급 기한을 30일로 규정하는 법안. 2021년 1월에 발의되었다.,¶배송은 로켓 배송을 자랑하면서 대금 정산은 거북이처럼 하는 일부 기업의 갑질을 방지하기 위해 {로켓 정산법의} 도입이 필요하다.,64
2021,록다운세대,(<영>lockdown世代),,"코로나19 이후로 교육과 직업 훈련, 소득, 일자리가 줄어들어 어려움을 겪는 청년 세대. 국제 노동 기구에서 청년 세대의 상황을 ‘봉쇄’에 빗대어 표현한 말이다.",¶대통령은 {록다운 세대가} 될 위기에 처한 청년들을 위한 특단의 대책을 강구해야 한다고 말했다.,20
2021,롤링바스켓,(<영>rolling basket),,바퀴가 달린 쇼핑용 바구니.,¶국내의 한 대형 마트는 카트는 부담스럽고 바구니는 너무 무거운 소비자들을 위해 {롤링 바스켓을} 도입했다.,16
2021,롤코족,(<영>←roller coaster族),접미 파생,롤러코스터를 타듯이 삶을 즐기고 짧은 유행을 빠르게 따라가는 사람. 또는 그런 무리.,¶최근 기업들은 {롤코족을} 겨냥하여 단기간 내 브랜드의 인지도를 높이기 위한 마케팅 전략을 취하고 있다.,22
2021,롤코라이프,(<영>←roller coaster life),,롤러코스터를 타듯이 삶을 즐기고 짧은 유행을 빠르게 따라가는 생활 방식.,¶우리 회사는 젊은 세대의 {롤코 라이프에} 맞춰 소비자의 요구에 발 빠르게 대응하기 위한 전담 팀을 꾸렸다.,127
2021,루빙뽕,,생성,웃음 소리를 재미있게 나타내는 말. 주로 'ㅋㅋ루빙뽕'의 형태로 자주 사용된다.,"¶오늘 학교 일찍 마쳤다, {루빙뽕.}",1
2021,리뷰거지,(<영>review거지),,"리뷰를 빌미로 하여 과도한 요청을 하거나 이미 사용한 제품을 교환, 환불하거나 금전적 보상을 취하려는 소비자.",¶물건을 거의 다 사용하고도 트집을 잡아 환불을 요구하는 {리뷰 거지로} 인해 자영업자들이 골머리를 앓고 있다.,15
2021,리뷰진상,(<영>review진상),,리뷰를 빌미로 하여 과도한 요청을 하거나 정당하지 않은 이유로 불만을 제기하는 소비자.,¶배달 어플 사용량이 급증하면서 리뷰를 이용한 {리뷰 진상도} 크게 늘었다.,4
2021,리얼돌방,(<영>realdoll房),합성,신체 일부를 본뜬 인형인 리얼돌을 체험할 수 있게 하고 대가를 받는 유해업소.,¶현행법상으로는 교육 시설 주변에서도 {리얼돌방의} 영업이 가능하다는 문제가 있다.,16
2021,마기꾼,(<영>←mask欺꾼),혼성,실제 모습보다 마스크를 쓴 모습이 더 나은 사람을 속되게 이르는 말. '마스크'와 '사기꾼'을 결합하여 만든 말이다. 코로나19의 전 세계적인 유행으로 인하여 마스크를 일상적으로 착용하게 된 상황에서 나온 말이다.,¶실외 마스크 착용 의무화가 해제되었지만 {마기꾼이라는} 소리를 들을까 두려워 마스크를 벗지 못하는 사람들이 적지 않다.,310
2021,마꾸,(<영>←mask꾸),축약,‘마스크 꾸미기’를 줄여 이르는 말. 코로나19의 전 세계적인 유행으로 인하여 마스크를 일상적으로 착용하게 된 상황에서 나온 말이다.,¶{마꾸를} 할 때는 마스크 필터 훼손에 주의해야 한다.,132
2021,마드름,(<영>←mask드름),혼성,오랜 시간 마스크를 착용해서 생긴 여드름. 코로나19의 전 세계적인 유행으로 인하여 마스크를 일상적으로 착용하게 된 상황에서 나온 말이다. =마스크네.,¶여러 화장품 회사들이 장시간 마스크 착용으로 인해 생긴 {마드름을} 해결하기 위한 신제품을 앞다퉈 출시했다.,19
2021,마스크네,(<영>←mask←acne),혼성,오랜 시간 마스크를 착용해서 생긴 여드름. ‘마스크’와 여드름을 뜻하는 영어 단어 ‘아크네(acne)’를 결합하여 만든 말이다. 코로나19의 전 세계적인 유행으로 인하여 마스크를 일상적으로 착용하게 된 상황에서 나온 말이다. =마드름.,¶건조한 겨울에는 {마스크네가} 더 잘 생길 수 있기 때문에 피부 세안과 보습에 더욱 신경 써야 한다.,226
2021,많관부,(많關付),축약,‘많은 관심 부탁’을 줄여 이르는 말.,"¶주연 배우는 영화에 대한 짧은 소개 후 {""많관부.""}라는 말과 함께 손 하트를 날렸다.",310
2021,먹노매,,축약,"‘먹이를 노리는 매의 눈’을 줄여 이르는 말로, 기회를 엿보거나 결정적인 순간을 놓치지 않기 위해 집중하는 모습.",¶80% 이상의 초특가 세일을 하는 물건을 사기 위해서는 {먹노매를} 하고 기다려야 한다.,19
2021,메타노믹스,(<영>metanomics),차용,메타버스에서 독립적인 경제 체제가 구축되거나 실물 경제와 융합되기도 하는 경제 현상을 이르는 말. ‘메타버스(metaverse)’와 ‘이코노믹스(economics)’를 결합하여 만든 말이다. 코로나19의 확산을 방지하기 위해 온라인을 통해 비대면으로 하는 활동이 일반화되는 상황에서 나온 말이다.,¶{메타노믹스로} 인해서 가상 세계의 경제와 현실 세계의 경제 사이의 경계가 모호해졌다.,310
2021,면역대리지표,(免疫代理指標),,"임상 실험을 하지 않고 백신의 효능을 간접적으로 평가할 수 있는 지표. 코로나19의 전 세계적인 확산으로, 코로나19 백신의 신속한 개발이 요구되는 상황에서 나온 말이다.",¶{면역 대리 지표를} 이용하게 되면 임상 3상에 필요한 피험자 수를 기존의 5분의 1 수준으로 줄일 수 있다.,310
2021,무인탐사헬기,(無人探査<영>←helicopter機),,사람이 직접 탑승하지 않아도 자동으로 조종할 수 있는 탐사용 헬기.,¶나사(NASA)는 2016년에 {무인 탐사 헬기를} 개발하기 위한 회의를 개최했다.,2
2021,문콕족,(門콕族),접미 파생,"차 문을 여닫을 때, 다른 자동차의 문을 상습적으로 긁거나 찍는 사람. 또는 그런 무리.",¶{문콕족이} 주는 피해를 줄이기 위해 자동차 문에 붙이는 기구를 구매하는 사람들이 늘고 있다.,1
2021,뭐하회,(뭐하會),축약,‘뭐 하는 회사야?’ 또는 ‘뭐라도 하겠지. 회사인데.’를 줄여 이르는 말. 주로 특정 회사의 주가 관련 정보를 다른 투자자에게 물어보고 답할 때 사용하는 말이다. ‘머하회’로 쓰기도 한다.,"¶올 한해 개인 투자자들이 가장 많이 매수한 주식 4위가 이 회사라는데, {뭐하회}?",1
2021,민지세대,(민지世代),,"‘엠제트(MZ) 세대’를 달리 이르는 말. ‘밀레니엄 세대’의 첫머리 문자인 엠(M)을 활용한 ‘민’, ‘제트 세대’의 제트(Z)를 활용한 ‘지’를 결합하여 ‘민지’라는 이름으로 바꾸어 표현한 말이다.",¶재미를 중시하는 이른바 {민지 세대가} 소비 주체로 부상하면서 상대적으로 이들과 관련이 적은 전통 제조업체도 이색적인 협업을 통해서 엠제트(MZ) 공략에 나서고 있다.,18
2021,밀보드차트,(<영>▼←military Billboard chart),,군 장병에게 인기 있는 대중가요를 이르는 말. 미국 빌보드 매거진에서 발표하는 대중가요 순위표인 '빌보드 차트'에 빗대어 표현한 말이다.,¶아이돌 그룹 OOO은 자칫 잊혀질 뻔했으나 전국의 군부대를 찾아가는 노력으로 {밀보드 차트에} 올랐고 이후 음원 차트 역주행에 성공하여 폭발적인 인기를 모으게 되었다.,138
2021,바이드노믹스,(<영>Bidenomics),차용,"미국의 46대 대통령 바이든이 시행한 경제 정책. 경제의 활성화를 통하여 더 나은 미국 재건을 목표로, 증세ㆍ대규모 친환경 공공 투자 정책 따위를 실시하였다.",¶{바이드노믹스의} 핵심은 친환경이므로 국내 신재생 에너지 관련 산업 성장에 도움이 될 것으로 보인다.,310
2021,바프,(<영>▼←body profile),축약,‘바디 프로필’을 줄여 이르는 말. 운동과 식단 조절을 통해 탄탄한 몸매를 만든 뒤 사진을 촬영해 기념하는 것을 말한다.,¶최근 일반인들 사이에서도 {바프를} 찍는 것이 유행이다.,310
2021,반값임대료법,(半값賃貸料法),,전국적인 재난 사태로 인해 매출이 급격히 감소한 사업장에 대해 임대료를 절반으로 낮추도록 한 법. 코로나19의 확산으로 인한 경제 위축이 장기화되고 자영업자의 임대료 부담이 커지자 발의된 법이다.,¶코로나19의 확산이 이어져 자영업자들의 고통이 가중되는 상황에서 국회에서는 한 의원이 발의했던 {반값 임대료법이} 다시 주목을 받고 있다.,79
2021,반백신론자,(反<영>vaccine論者),접미 파생,반백신론을 따르거나 주장하는 사람. 백신 접종을 거부하고 그 효능을 의심하는 사람을 일컫는 말이다. 방역 당국에서 코로나19의 감염과 확산을 막기 위해 전 국민을 대상으로 예방 접종을 실시하면서 생겨난 말이다.,¶코로나19 백신 접종률이 높아졌음에도 불구하고 확진자 수가 줄지 않자 {반백신론자들의} 경계심은 더욱 더 커졌다.,8
2021,방꾸,(房꾸),축약,‘방 꾸미기’를 줄여 이르는 말. 커튼이나 수납장 등 방에 필요한 제품을 새로 배치하거나 장식하는 것을 통해 방 안을 꾸미는 행위를 이르는 말이다. 코로나19로 인해 외부 활동을 하기 어려워진 상황에서 생겨난 말이다.,"¶코로나19의 확산으로 집에 있는 시간이 길어지면서, 파티션과 수납장을 통해 방을 정리하거나 화사한 무늬의 커튼을 치는 등 {방꾸가} 유행하고 있다.",310
2021,방방봐,(放放봐),축약,‘방송은 방송으로만 봐라.’를 줄여 이르는 말. 방송에서 이루어진 가상의 일을 실제와 혼동하지 말라는 뜻으로 쓰는 말이다.,"¶두 남녀의 설레는 분위기가 담긴 해당 영상을 시청한 누리꾼들은 “심쿵.”, “{방방봐를} 하라고 해 놓고 이러면 어떡해….” 등의 다양한 반응을 보였다.",40
2021,방역신뢰국,(防疫信賴國),,감염병에 대처하는 우수한 방역 체계를 보유한 국가를 일컫는 말. 코로나19의 전 세계적 확산 상황에서 사용되기 시작하였다.,¶코로나19 음성 판정을 받은 국민들은 누구나 {방역 신뢰국} 사이를 자유롭게 왕래할 수 있고 격리 조치 또한 완화된다.,78
2021,배민맛,(配民맛),합성,배달 음식 특유의 자극적인 맛. 대표적인 배달 애플리케이션인 ‘배달의 민족’의 앞 글자를 딴 ‘배민’과 ‘맛’을 결합하여 만든 말이다.,¶{배민맛에}에 질려 배달 음식을 줄이고 직접 요리해 끼니를 해결하는 사람들이 많아졌다.,19
2021,배배테크,(倍賠<영>tech),,‘배액 배상 재테크’를 줄여 이르는 말. 매수인이 재테크를 할 수 있을 정도로 배액 배상이 흔해진 부동산 시장을 비꼬아 이르는 말이다.,¶집값이 빠르게 올라 기존 계약을 파기하는 경우가 빈번하게 발생했고 이로 인해 ‘{배배 테크’가} 가능하다는 일종의 풍자도 나오고 있다.,18
2021,백슬로핑,(<영>backslopping),차용,"발효 가공의 한 방법으로서, 이전 발효에 사용된 발효액을 일정량 남겨 그다음 발효에 첨가하는 것.",¶전통적인 발효는 앞선 발효액을 활용하는 ‘{백슬로핑}’ 방식을 사용한다.,1
2021,백시케이션01,(<영>vaxication),차용,백신 접종 후 폭발적으로 늘어난 해외여행 수요를 이르는 말. 코로나19가 전 세계적으로 유행한 상황에서 나온 말이다.,¶OOO 연구원은 경기 개선의 흐름이 {백시케이션과} 함께 주가 상승으로 이어질 것이라고 분석했다.,0
2021,백시케이션02,(<영>vaxication),차용,백신 접종과 관광을 결합한 여행. 주로 백신이 부족한 나라의 사람이 그렇지 않은 나라로 가서 백신을 접종하고 관광도 하는 여행을 말한다. 코로나19가 전 세계적으로 유행한 상황에서 나온 말이다.,¶인도양의 섬나라 몰디브에서는 코로나19로 침체된 관광 산업을 살리기 위해 자국을 방문한 관광객들이 휴가를 즐기면서 백신 접종까지 받을 수 있게 하는 {백시케이션을} 추진하고 있다.,0
2021,백신장벽,(<영>vaccine障壁),,자국의 백신 확보를 위해 외국에 파견되는 사람들의 무리. 코로나19가 전 세계적으로 유행한 상황에서 나온 말이다.,¶국회에서는 미국에 {백신 사절단을} 보내야 한다는 의견이 힘을 얻고 있다.,42
2021,백신절벽,(<영>vaccine絕壁),,외국을 여행하는 사람의 백신 접종 이력을 증명하는 문서. 코로나19가 전 세계적으로 유행한 상황에서 나온 말이다.,¶코로나19 백신 개발에 대한 기대가 높아지며 그간 어려움을 겪었던 항공업계가 {백신 여권을} 도입하는 등 필사적으로 생존법을 모색하고 있다.,99
2021,백신디바이드,(<영>vaccine divide),,백신 확보가 어려워 국가 간 백신 수출입이 금지된 상황을 장벽에 빗대어 이르는 말. 코로나19가 전 세계적으로 유행한 상황에서 나온 말이다.,¶유럽 연합이 코로나19 백신의 역외 반출 시 건당 승인 절차를 만드는 등 전 세계가 {백신 장벽을} 세우고 있다.,169
2021,백신사절단,(<영>vaccine使節團),,백신 확보량 부족으로 인해 백신 공급이 급격하게 줄어드는 현상. 코로나19가 전 세계적으로 유행한 상황에서 나온 말이다.,"¶내년 봄, 백신 보유량이 급격히 줄어드는 {백신 절벽을} 마주할 것이라는 전망이 보건 전문가들 사이에서 나왔다.",306
2021,백신여권,(<영>vaccine旅券),,백신을 확보한 나라와 그렇지 않은 나라 간에 발생하는 사회 경제적 격차. 코로나19가 전 세계적으로 유행한 상황에서 나온 말이다.,¶한 대선 후보는 2021년 경제가 {백신 디바이드에} 좌우될 것이라고 전망했다.,310
2021,백신패스,(<영>vaccine pass),,백신 접종 이력을 증명할 수 있는 문서. 또는 백신 접종 이력을 증명한 사람이 이용할 수 있는 서비스. 코로나19가 전 세계적으로 유행한 상황에서 나온 말이다.,"¶독일의 경우 코로나19 백신 접종자, 음성 판정자 및 양성 판정 후 완치자 등을 대상으로 {백신 패스를} 적용하고 있다.",310
2021,백신휴가제도,(<영>vaccine休暇制度),,"백신 접종을 위해 휴가를 주는 제도. 코로나19 백신이 보급됨에 따라 백신 접종률을 높이기 위해 시행되었다. 백신을 접종한 다음 날 하루를 부여하고, 이상 반응이 있는 경우 추가로 하루를 더 사용할 수 있다. 코로나19가 전 세계적으로 유행한 상황에서 나온 말이다.",¶이달부터는 {백신 휴가 제도가} 시행되어 백신 접종 후 이상 징후가 있다면 의사의 소견서 없이도 최대 이틀 동안은 휴가를 쓸 수 있다.,310
2021,베이스시프트,(<영>base shift),,"일정 기간 동안의 경제 성장률이 당초 예상한 수치보다 높게 나타났을 때, 이에 맞춰 남은 기간의 전망 경로를 조정하는 일.",¶1분기 경제 성장률이 예상치를 훌쩍 넘기며 {베이스 시프트를} 이루어 낸 것으로 평가된다.,12
2021,베타변이,(<그>beta變異),,남아프리카 공화국에서 최초로 발견된 코로나19의 변이 바이러스. 국가에 대한 낙인 효과를 제거하기 위해 바이러스의 이름을 그리스어 숫자로 대체하게 되었다.,¶새롭게 개발된 백신은 남아프리카 공화국에서 발견된 {베타 변이에도} 면역 반응을 보였다.,310
2021,벼락거지,,합성,갑자기 된 거지. 주로 주택 가격이 크게 올라서 매매나 전세로 집을 마련할 수 없게 되어 상대적 박탈감을 크게 느끼는 무주택자를 이르는 말이다.,"¶부동산 가격이 급격히 오르면서, 갑자기 나만 거지 신세가 된 것 같다고 느낀 무주택자들은 스스로를 {벼락 거지라고} 말한다.",310
2021,부동산블루,(不動産<영>blue),,부동산 가격 상승으로 내 집 마련이 어려워진 사람들이 느끼는 우울감.,"¶다주택자는 세금에 불만을 표하고, 세입자는 월세 걱정에 한숨을 쉬는 등 온 나라가 {부동산 블루에} 시달리고 있다.",310
2021,부머쇼퍼,(<영>▼boomer shopper),,온라인 쇼핑 시장에 유입된 베이비 부머 세대 소비자를 이르는 말. 다른 연령층에 비해 구매력이 큰 중장년층 소비자를 말한다.,¶온라인 시장에 {부머 쇼퍼가} 대거 진입함에 따라 신선 식품 관련 온라인 침투율은 2019년 12%에서 2020년 29%로 늘었다.,36
2021,부패완판,(腐敗完판),축약,‘부패가 완전히 판을 침’을 줄여 이르는 말.,¶검찰의 수사권 박탈은 {부패완판을} 초래할 것이라는 주장도 있다.,310
2021,브러싱스캠,(<영>brushing scam),,불특정 다수에게 상품을 발송해 해당 상품의 구매량 및 구매 후기를 조작하는 사기. 주로 온라인 쇼핑 시장에서 이루어지는 불법 허위 거래를 말한다.,¶전 세계 곳곳에 도착한 의문의 택배는 {브러싱 스캠으로} 추정된다.,310
2021,브이노믹스,(<영>▼←virus economics),혼성,바이러스로 인한 감염병 확산이 야기한 일련의 경제 현상을 이르는 말. 코로나19가 전 세계적으로 유행한 상황에서 나온 말이다.,"¶코로나19로 인해 많은 것이 변화하고 있는 가운데, 지능형 자동화가 이끄는 초자동화가 {브이노믹스의} 핵심이라고 여겨진다.",310
2021,비건헬스,(<영>vegan health),,"채식으로 식단을 구성하며 헬스를 하는 일. 닭 가슴살 등의 동물성 단백질이 아닌 콩, 두부 등의 식물성 단백질로 운동에 필요한 단백질을 섭취하는 것을 말한다.",¶{비건 헬스를} 주장하는 사람들은 동물성 단백질을 섭취하지 않아도 근육을 충분히 키울 수 있다고 강조한다.,119
2021,비격리여행권역,(非隔離旅行圈域),,"전 세계적으로 전염병이 크게 유행하는 상황에서 방역이 우수한 국가들 사이에 국민들이 해당 국가들을 자유롭게 여행할 수 있도록 맺은 협약. 코로나19가 전 세계적으로 유행한 상황에서 우리나라는 2021년 11월에 싱가포르와 처음 협약을 체결하였다. =여행 안전 권역, 트래블 버블.",¶여행사는 최근 {비격리 여행 권역의} 확대로 해외여행 수요가 증가할 것으로 기대하고 있다.,310
2021,빵공,(빵工),축약,"‘빵집에서 하는 공부’를 줄여 이르는 말. 코로나19의 확산 상황에서 카페의 영업이 일부 제한되자, 기존에 카페에서 공부하던 사람들이 영업 제한 기준이 상대적으로 낮은 빵집으로 몰리며 생겨난 말이다.",¶영업 제한 조치로 카페에서 늦게까지 공부하는 것이 어려워지자 {빵공을} 위해 공부하는 사람들은 빵집으로 몰렸다.,12
2021,빵공족,(빵工族),접미 파생,"빵집에서 공부하는 사람. 또는 그런 무리. 코로나19의 거리 두기 정책 때문에 음식점으로 등록된 사업장만 영업이 가능해져, 독서실이나 카페를 가지 못한 학생들이 빵집으로 몰리면서 생겨난 말이다.",¶특히 프렌차이즈형 빵집에는 {빵공족에게} 필요한 환경이 고루 갖추어져 있다.,8
2021,사이버레커,(<영>▼cyber wrecker),,"사회적 이슈가 생겼을 때, 그와 관련된 영상을 자극적으로 만들어 인터넷에 올리는 사람을 비유적으로 이르는 말.",¶{사이버 레커가} 끔찍한 사고 현장을 그대로 촬영 후 송출하여 사람들의 눈살을 찌푸리게 만들었다.,310
2021,사전위탁보호제도,(事前委託保護制度),,입양을 하기 전에 양친과 양자 간 친밀감을 미리 조성하고 파양을 막기 위해 국가에서 일정 기간 양자를 돌봐 주며 보호하는 제도. =사전 위탁 보호 제도.,¶O 연구원은 {사전 위탁 보호제를} 법제화한다면 입양과 관련된 다양한 문제를 해결하는 데 도움이 될 것이라고 말했다.,210
2021,사전위탁보호제,(事前委託保護制),,입양을 하기 전에 양친과 양자 간 친밀감을 미리 조성하고 파양을 막기 위해 국가에서 일정 기간 양자를 돌봐 주며 보호하는 제도. =사전 위탁 보호제.,¶{사전 위탁 보호 제도는} 예비 부모와 입양될 아동 사이에 친밀감을 형성하는 데 큰 도움을 준다.,268
2021,산스장,(山▼←health場),혼성,"등산로 입구나 산 중턱에 조성된 실외 헬스장. ‘산’과 ‘헬스장’을 결합하여 만든 말로, 코로나19의 확산 상황에서 실내에서 운동할 수 있는 시설들의 영업이 제한되자 주목받기 시작했다.",¶문을 닫은 체육 시설 대신에 산 중턱에 운동 기구가 설치되어 있는 {산스장에} 사람들이 모이고 있다.,310
2021,삼대이모님,(三大姨母님),,"집안일을 하는 데 큰 도움을 주는 대표적인 생활 가전인 ‘빨래 건조기, 로봇 청소기, 식기세척기’를 아울러 이르는 말.",¶요즘 신혼부부들에게는 {삼대 이모님이} 결혼 필수품이다.,1
2021,상생소비지원금,(相生消費支援金),,전국적인 재난 사태로 인한 경기 침체를 극복하고 위축된 소비 심리를 진작하기 위해 정부가 국민에게 일시적으로 지원하는 현금 또는 현물. 코로나19로 인한 재난 상황에서 카드 사용 금액의 일부를 현금으로 돌려주는 방식으로 지급되기 시작했다.,¶카드업계는 {상생 소비 지원금을} 받은 후에 카드 결제를 취소하여 지원금 수령 요건이 충족되지 않는 회원들에게 환수금을 청구할 예정이다.,310
2021,상폐빔,(上廢<영>beam),,상장 폐지를 앞둔 종목의 주가가 급등하는 현상.,¶전문가들은 개인 투자자들이 {상폐 빔에} 올라타 수익을 내려는 욕심을 버려야 한다고 말한다.,240
2021,생떼탕,(生떼湯),접미 파생,억지로 떼를 쓰는 모습을 생태탕을 끓이는 것에 빗대어 이르는 말.,¶여당은 야당이 이번 국정 감사에 감사 위원의 출석을 요청한 것과 관련해서 “감사원의 손발을 묶기 위한 ‘{생떼탕’에} 불과하다.”라고 비판했다.,310
2021,서학개미,(西學개미),,서학 개미 운동에 참여한 국내 개인 투자자들을 이르는 말.,¶{서학 개미들의} 등장은 원 달러 환율에도 큰 영향을 미쳤다.,310
2021,서학개미운동,(西學개미運動),,"해외 주식에 대한 국내 개인 투자자들의 대규모 매수세를 이르는 말. 코스피 지수 및 코스닥 지수를 회복시킨 ‘동학 개미 운동’ 이후, 국내 개인 투자자들이 해외 주식 또한 대규모로 매수하며 사용된 말이다.","¶동학 개미 운동 이후, 최근에는 미국을 비롯한 해외 주식까지 사들이는 {서학 개미 운동이} 활발하게 이어지고 있다.",250
2021,세계백신면역개발연합,(世界<영>vaccine免疫開發聯合),,"개발 도상국 어린이들의 면역화를 지원하기 위한 목적으로 2000년에 설립된 국제 기구. 백신 공급 및 접종, 의료 환경 개선, 의료 전문 인력 양성 등에 기여하는 여러 사업들을 수행한다.",¶백신의 공정한 분배를 주도해 온 {세계 백신 면역 개발 연합이} 평화상 후보에 올랐다.,14
2021,세금멈춤법,(稅金멈춤法),,반값 임대료법에 따라 감액된 임대료의 절반을 임대인에게 되돌려 주도록 규정한 법안. 코로나19의 확산으로 인한 경제 위축이 장기화되고 반값 임대료법 발의에 따라 생기게 된 임대인의 손실을 보전하기 위해 추가적으로 발의된 법이다.,¶여당은 착한 임대인을 지원하기 위한 {세금 멈춤법의} 발의도 예고했다.,53
2021,세컨슈머,(<영>▼←second consumer),혼성,당장의 편의가 아니라 경제적 낭비 혹은 환경적 낭비를 줄여 지속 가능한 소비를 추구하는 소비자. 중고 거래를 선호하거나 자원의 재활용 등을 실천한다는 것이 특징이다.,¶엠제트 세대는 이른바 {세컨슈머로서의} 가치관을 가지고 있어 명품에 대한 중고 거래도 거리낌 없이 하는 경향이 있다.,43
2021,손민수하다,,접미 파생,다른 사람의 외모나 행동 따위를 따라 하다. 웹툰 ‘치즈 인 더 트랩’에서 주인공의 외모를 따라 하는 등장인물인 ‘손민수’의 이름으로 만든 말이다.,¶개그우먼 OOO이 유명 여자 아이돌의 의상과 메이크업을 {손민수하며} 시청자들의 웃음을 자아냈다.,52
2021,숏케팅,(<영>▼←short marketing),혼성,유행에 민감한 소비자를 사로잡기 위해 단기간 내에 치고 빠지는 방식으로 이루어지는 마케팅.,¶{숏케팅은} 넘쳐 나는 콘텐츠들 속에서 짧고 강렬한 자극을 원하는 소비자를 공략하는 효과적인 마케팅 방법으로 주목받고 있다.,28
2021,수정체낭절개술,(水晶體囊切開術),,백내장 따위의 안구 관련 질병을 치료하기 위해 수정체낭을 절개하는 수술.,¶새로 도입된 레이저 수술 장비를 활용하면 보다 정확한 {수정체낭 절개술이} 가능해 관련 질병을 안전하게 치료할 수 있다.,11
2021,쉬세션,(<영>shecession),차용,경기 침체의 영향으로 노동 시장에서 어려움을 겪고 있는 여성의 상황을 이르는 말. 코로나19의 대유행으로 인한 경제적 위기 상황에서 나온 말이다.,¶{쉬세션이라는} 용어가 만들어질 만큼 전 세계의 여성들이 코로나19에 심각한 영향을 받고 있다.,55
2021,쉽살재빙,(쉽살재<영>←bingo),축약,‘쉽게만 살아가면 재미없어 빙고’를 줄여 이르는 말. 혼성 그룹 거북이의 히트곡인 ‘빙고’의 가사로 만든 말이다.,¶배우 OOO은 자신의 에스엔에스(SNS)에 ‘{쉽살재빙’이라는} 말과 함께 여러 장의 사진을 업로드하였다.,26
2021,스가노믹스,(Suga[菅]<영>←economics),혼성,"일본의 99대 내각 총리대신 스가 요시히데가 시행한 경제 정책. 경제의 안정화를 목표로, 지방 경제 활성화 및 소비 활성화를 위한 최저 임금 인상 따위를 실시하였다.",¶‘{스가노믹스’는} ‘아베노믹스’를 계승하되 추가적인 성장 전략들을 포함할 것이라는 전망이 나온다.,60
2021,스강신청,(<일>sushi[鮨]講申請),,예약 경쟁이 치열한 스시 가게를 예약하는 일을 수강 신청에 빗대어 이르는 말.,¶몇몇 스시 가게는 얼마나 예약 경쟁이 치열한지 {스강 신청이라는} 신어가 생겼을 정도다.,122
2021,스펜데믹,(<영>spendemic),차용,팬데믹 상황에서 나타나는 과소비 현상을 이르는 말. 코로나19가 전 세계적으로 크게 유행할 때 외부 활동 제한에 대한 보상 심리가 식품 등에 대한 과잉 소비로 이어지며 나타난 현상이다.,"¶명품 거래, 음료 및 식료품 분야의 온라인 거래 등이 크게 증가한 것은 {스팬데믹의} 한 단면이다.",43
2021,스핏후드,(<영>spit hood),,재소자가 교도관에게 침을 뱉는 것을 방지하기 위해 재소자의 얼굴에 씌우는 후드.,¶한 재소자가 계속 침을 뱉으며 공격적인 모습을 보이자 경찰들은 그를 제압한 후 {스핏 후드를} 씌웠다.,9
2021,시기상조회,(時機尙早會),접미 파생,전기 차 개발 기술 및 관련 기반 시설이 부족함에도 불구하고 비교적 이른 시기에 전기 차를 소유한 사람들의 모임을 이르는 말.,¶전기 차 동호회는 흔히 ‘{시기상조회’로} 불린다.,4
2021,시심비,(時心比),축약,‘시간 대비 심리적 만족의 비율’을 줄여 이르는 말. 어떤 재화나 서비스를 구입하여 소비하는 데 투자한 시간에서 기대할 수 있는 심리적인 만족도를 말한다.,¶여러 편의 시리즈 영화를 30분 남짓의 요약 영상으로 즐겨 보는 것이 ‘{시심비’의} 대표적인 예라고 할 수 있다.,49
2021,식집사,(植執事),혼성,식물을 시중들듯이 정성스럽게 돌보고 기르는 사람을 비유적으로 이르는 말. 코로나19의 확산으로 인해 외부 활동을 하기보다는 집에 머무르며 식물을 기르는 사람들이 많아지는 상황에서 나온 말이다.,"¶코로나19의 확산과 사회적 거리 두기의 시행 이후, 기성세대만의 취미 활동으로 여겨졌던 원예가 ‘{식집사’라는} 이름으로 젊은 세대에게도 인기를 끌고 있다.",310
2021,신꾸,,축약,‘신발 꾸미기’를 줄여 이르는 말. 신발 표면에 그림을 그리거나 장식품을 부착하는 등 신발을 꾸미는 일을 뜻한다.,¶‘{신꾸’는} 엠제트 세대에게 최근 들어 새롭게 사랑받고 있는 ‘꾸미기’ 테마다.,310
2021,신속진단검사센터,(迅速診斷檢査<영>center),,질병 혹은 바이러스 등의 감염 여부를 빠르게 진단하기 위해 만든 검사 센터. 코로나19가 전 세계적으로 유행하는 상황에서 학생들이 원활하게 수업을 들을 수 있도록 2021년 4월에 한 대학교에서 시범적으로 운영되었다.,¶OO대에서는 대면 수업 전환을 위해 1~2시간 안에 검사 결과를 받아 볼 수 있는 {신속 진단 검사 센터를} 캠퍼스 내에 설치해 운영할 계획이라고 밝혔다.,200
2021,싫테,(싫<영>←terror),축약,‘싫어요 테러.’를 줄여 이르는 말. 누리 소통망 서비스나 인터넷 방송 플랫폼 따위에서 많은 사람들이 조직적으로 자신들의 마음에 들지 않거나 동의하지 않는 내용의 게시물을 찾아가 ‘싫어요’ 버튼을 누르는 행위를 이른다.,¶사실 이 영상은 예전에 올린 적이 있었는데 {싫테로} 하루 만에 내렸던 비운의 작업물이다.,5
2021,쌀먹,,축약,‘게임 아이템을 팔아서 쌀을 사 먹음’을 줄여 이르는 말. 온라인 게임 따위에서 현금을 받고 계정이나 아이템 등을 팔아 생계유지할 정도로 돈을 버는 행위를 이른다.,¶온라인 게임은 이용자들의 {쌀먹을} 방지하고 게임 회사의 이익을 늘리는 방향으로 변화해 왔다.,250
2021,쏠드족,(<영>←smart old族),접미 파생,누리 소통망 서비스나 디지털 플랫폼 등을 자연스럽게 사용할 수 있으면서 빠르게 변화하는 시대 상황에 잘 적응하는 50대 이상의 사람. 또는 그런 무리.,¶가전 시장에서는 스마트한 오륙십 대인 {쏠드족이} 새로운 고객층으로 주목받고 있다.,149
2021,아끼똥,,축약,속담 ‘아끼다 똥 된다.’를 줄여 이르는 말. 무작정 아끼기만 하다가는 정작 필요할 때는 못 쓰게 된다는 뜻이다.,¶자산 시장 상승기에는 {아끼똥을} 외치며 씀씀이에 거침이 없는 사람들이 늘어난다.,19
2021,아동돌봄특별지원,(兒童돌봄特別支援),,"재난 따위로 인하여 어린 자녀를 돌보는 데 부담이 늘어난 가정을 돕기 위하여 일시적으로 양육비 등을 지원하는 일. 코로나19의 대유행으로 인해 학교, 어린이집, 유치원 등이 휴교 및 휴원하는 기간이 길어짐에 따라 늘어난 가정의 양육 부담을 줄이기 위하여 정부가 2020년 9월에 초등학생 이하의 아동이 있는 가정에 지원금을 지급했다. =아동 특별 돌봄 지원.",¶미취학 아동 및 초등학생에게 20만 원씩 지급되는 {아동 돌봄 특별 지원은} 추석 전에 시작될 가능성이 크다.,76
2021,아동특별돌봄지원,(兒童特別돌봄支援),,"재난 따위로 인하여 어린 자녀를 돌보는 데 부담이 늘어난 가정을 돕기 위하여 일시적으로 지원하는 일에 드는 비용. 코로나19의 대유행으로 인해 학교, 어린이집, 유치원 등이 휴교 및 휴원하는 기간이 길어짐에 따라 늘어난 가정의 양육 부담을 줄이기 위하여 정부가 2020년 9월에 초등학생 이하의 아동이 있는 가정에 아동 1명당 20만 원씩 지원금을 지급했다. = 아동 특별 돌봄비, 아동 특별 돌봄 지원비.",¶정부의 4차 추가 경정 예산안에 따르면 {아동 특별 돌봄 지원금은} 9월 중에 수령할 수 있다.,310
2021,아동특별돌봄지원금,(兒童特別돌봄支援金),,"재난 따위로 인하여 어린 자녀를 돌보는 데 부담이 늘어난 가정을 돕기 위하여 일시적으로 지원하는 일에 드는 비용. 코로나19의 대유행으로 인해 학교, 어린이집, 유치원 등이 휴교 및 휴원하는 기간이 길어짐에 따라 늘어난 가정의 양육 부담을 줄이기 위하여 정부가 2020년 9월에 초등학생 이하의 아동이 있는 가정에 아동 1명당 20만 원씩 지원금을 지급했다. = 아동 특별 돌봄비, 아동 특별 돌봄 지원금.",¶육아에 대한 부모의 부담을 완화하기 위해 아동 일인당 이십만 원의 {아동 특별 돌봄 지원비가} 지급된다.,310
2021,아동특별돌봄지원비,(兒童特別돌봄支援費),,"재난 따위로 인하여 어린 자녀를 돌보는 데 부담이 늘어난 가정을 돕기 위하여 일시적으로 지원하는 일에 드는 비용. 코로나19의 대유행으로 인해 학교, 어린이집, 유치원 등이 휴교 및 휴원하는 기간이 길어짐에 따라 늘어난 가정의 양육 부담을 줄이기 위하여 정부가 2020년 9월에 초등학생 이하의 아동이 있는 가정에 아동 1명당 20만 원씩 지원금을 지급했다. = 아동 특별 돌봄 지원비, 아동 특별 돌봄 지원금.","¶정부는 휴교와 휴원 등으로 가중된 학부모의 돌봄 부담을 덜어 주기 위해 초등학생 이하인 자녀가 있을 경우, 일인당 이십만 원의 {아동 특별 돌봄비를} 지원하기로 했다.",99
2021,아동특별돌봄비,(兒童特別돌봄費),,"재난 따위로 인하여 어린 자녀를 돌보는 데 부담이 늘어난 가정을 돕기 위하여 일시적으로 양육비 등을 지원하는 일. 코로나19의 대유행으로 인해 학교, 어린이집, 유치원 등이 휴교 및 휴원하는 기간이 길어짐에 따라 늘어난 가정의 양육 부담을 줄이기 위하여 정부가 2020년 9월에 초등학생 이하의 아동이 있는 가정에 지원금을 지급했다. =아동 돌봄 특별 지원.",¶비대면 활동을 뒷받침하기 위한 통신비 지원과 돌봄 수요에 따른 {아동 특별 돌봄 지원도} 맞춤형 긴급 재난 지원 패키지에 포함된다.,310
2021,아재백신,(←AstraZeneca<영>vaccine),,코로나19를 예방하기 위한 백신 가운데 ‘아스트라제네카 백신’을 줄여 이르는 말. 백신의 부작용이 젊은 층보다 중고령층에서 더 적게 나타나는 경향성이 있어서 해당 백신을 ‘아저씨’를 의미하는 ‘아재’에 빗대어 이르는 말이다.,¶잔여 백신 접종을 예약하려는 시민들은 “부작용 때문에 {아재 백신이라더니} 잔여 백신이 없어서 못 맞을 줄은 몰랐다.”라는 반응을 보였다.,20
2021,안내스,(안내<영>←style),축약,‘내 스타일이 아님’을 줄여 이르는 말.,¶요즘 세대들은 다수의 사람들이 좋은 평가를 한 물건이라고 해도 {안내스라면} 사지 않는다.,2
2021,알몸김치,,,위생 장비를 쓰지 않고 절인 배추로 만든 김치. 김치 제조업체의 직원으로 보이는 사람이 알몸으로 배추를 절이는 통 속에 들어가 배추를 옮기는 영상이 온라인에 퍼지면서 수입 김치의 위생이 논란되었다.,¶최악의 위생 환경에서 김치를 담그는 {알몸 김치의} 충격이 가시기도 전에 염색한 과일과 야채가 판매되어 논란이 일고 있다.,310
2021,알파변이,(<영>alpha變異),,영국에서 발견되고 보고된 코로나19의 변이 바이러스. 국가에 대한 낙인 효과를 제거하기 위해 바이러스의 이름을 그리스어 숫자로 대체하게 되었다.,¶델타 변이가 {알파 변이보다} 전염력이 더 강하다는 주장이 나왔다.,310
2021,액화수소열차,(液化水素列車),,"액화 수소를 연료로 하는 고속 열차. 에너지 변환 과정에서 오염 물질을 배출하지 않아 친환경적이며, 수소 기체 열차에 비해 운송 효율이 높아 경제적이다.",¶연구원은 {액화 수소 열차를} 타고 유라시아 대륙을 횡단할 날이 올 것을 기대한다고 밝혔다.,140
2021,양자난수생성기술,(量子亂數生成技術),,양자 역학의 원리를 이용하여 특정한 규칙을 가지지 않는 임의의 수를 만드는 기술.,"¶{양자 난수 생성 기술은} 패턴이 없고 예측이 불가능한 순수한 난수를 만들어 낼 수 있으며, 이 기술은 생체 인증 보안 키에 활용될 수 있다.",90
2021,에브리싱랠리,(<영>everything rally),,"금이나 달러화와 같은 안전 자산을 제외한 모든 자산의 가격이 오르는 현상. 주식, 부동산, 원자재, 가상 화폐 등 모든 자산의 가격이 상승하는 것을 의미한다. 코로나19의 대유행이 전 세계 경제에 큰 영향을 미치게 된 상황에서 나온 말이다.","¶코로나19로 인한 글로벌 경제 충격으로 세계 각국의 중앙은행은 초저금리 정책을 펼치고 있으며, 이로 인한 유동성이 증권 시장, 가상 화폐 시장 등의 자본 시장에 유입되어 {에브리싱 랠리를} 이끌고 있다.",310
2021,에프와이피,(<영>FYP),축약,"누리 소통망 서비스에서, 개별 이용자가 관심을 가질 만한 콘텐츠를 자동으로 분석하여 추천해 주는 페이지. 자신의 게시물이 다른 사람의 추천 페이지에 노출되어 조회 수를 높일 수 있도록 게시물의 해시태그로 자주 언급된다.",¶앱을 실행하면 사용자의 관심 분야를 고려하여 알고리즘이 영상을 추천해 주는 {에프와이피를} 가장 먼저 확인할 수 있다.,7
2021,엔차신상,(<영>n次新商),,여러 번 거래된 중고 제품이지만 신상품처럼 선호되는 상품.,¶중고 거래 플랫폼을 활용한 개인 간의 거래가 일상화되면서 {엔차 신상이} 새로운 소비 트렌드로 주목받고 있다.,0
2021,엘에이치로남불,(LH<영>←romance남不),혼성,"임직원들의 땅 투기를 부동산 투자라고 합리화한 한국 토지 주택 공사 직원의 발언을 ‘내로남불’에 빗대어 이르는 말. ‘내로남불’은 ‘내가 하면 로맨스, 남이 하면 불륜’을 줄여 이르는 말로, 다른 사람이 하면 비난할 행위를 자기가 할 때는 합리화하는 태도를 이르는 말이다. 한국 토지 주택 공사의 영문명 이니셜인 ‘엘에이치(LH)’의 모양이 ‘내로남불’의 ‘내’와 비슷하다는 점을 이용하여 풍자적으로 쓰는 말이다.",¶{엘에이치(LH)로남불에서} 비롯된 사태가 향후 지역 사회에 얼마나 큰 파문을 일으킬지 가늠하기조차 어려운 상황이다.,0
2021,엠뷰티,(<영>▼M beauty),,군인들에게 인기가 많은 미용 용품이나 화장품을 이르는 말.,"¶최근 군대와 연관된 다양한 신조어들이 나타나고 있는데, 피엑스(PX)에서 인기가 있는 상품을 뜻하는 ‘밀슐랭’, 장병들에게 인기가 많은 화장품을 뜻하는 ‘{엠 뷰티’가} 있다.",39
2021,여행안전권역,(旅行安全圈域),,"전 세계적으로 전염병이 크게 유행하는 상황에서 방역이 우수한 국가들 사이에 국민들이 해당 국가들을 자유롭게 여행할 수 있도록 맺은 협약. 코로나19가 전 세계적으로 유행한 상황에서 우리나라는 2021년 11월에 싱가포르와 처음 협약을 체결하였다. =비격리 여행 권역, 트래블 버블.","¶정부는 다른 방역 안전 국가와의 협의를 통해 {여행 안전 권역을} 합의한 뒤, 이를 시행할 전망이다.",310
2021,연금개미,(年金개미),,퇴직 연금을 활용하여 주식 시장에서 개인적으로 주식 투자를 하는 사람.,¶{연금 개미들을} 잡기 위한 자산 운용사들의 경쟁이 심화되고 있다.,149
2021,영끌매수,(靈끌買收),,자신이 할 수 있는 최대한의 대출을 받아 집을 구매하거나 주식 시장 등에 투자한 사람을 이르는 말.,¶지난 1년 사이의 금리 상승으로 인하여 {영끌러들의} 원리금 상환 부담이 크게 늘어났다.,310
2021,영끌러,(靈끌<영>←er),접미 파생,영혼을 끌어모으듯이 자신이 받을 수 있는 최대한의 대출을 받아 물건을 사들임. 주로 최대한의 대출을 받아 주택을 사는 행위를 이르는 말이다.,¶전셋값이나 주택 매맷값이 상승한 데에 놀라서 {영끌 매수를} 하기보다는 자신의 능력을 고려한 부동산 구매가 필요하다.,67
2021,영끌족,(靈끌族),접미 파생,자신이 할 수 있는 최대한의 대출을 받아 집을 구매하거나 주식 시장 등에 투자한 사람. 또는 그런 무리.,¶정부가 대출 규제를 강화하자 자금을 확보하지 못한 {영끌족들은} 제2ㆍ3 금융권으로 눈을 돌리기 시작했다.,310
2021,영털,(靈털),축약,‘영혼까지 털림’을 줄여 이르는 말. 부동산 가격이 급등하고 토지 개발과 관련된 일을 하는 사람들이 업무상 알게 된 정보를 활용하여 땅 투기를 한 의혹이 제기된 상황에서 성실하게 일해서 돈을 모으고 정당하게 대출을 받아 부동산을 마련하려는 사람들이 상대적 박탈감을 크게 느끼게 됨을 비유적으로 이르는 말이다.,"¶청년들은 영혼까지 끌어모아서 집을 마련하고 싶어 하지만, 최근 불거진 땅 투기 사태와 관련해 ’{영털’이라는} 말까지 나온다고 한다.",90
2021,오륙남,(五六男),접미 파생,오십 대와 육십 대의 남자를 아울러 이르는 말.,¶그간 {오륙남} 중심의 선거판에서 여성들은 조연에 그치는 경우가 많았다.,66
2021,오하운,(오하運),축약,‘오늘 하루 운동’을 줄여 이르는 말. 매일 일상적으로 하는 운동을 가리키는 말이다.,¶젊은 세대 사이에는 자존감과 성취감을 높이기 위한 {오하운이} 중요한 키워드로 자리를 잡고 있다.,310
2021,완내스,(完내<영>←style),축약,‘완전 내 스타일’을 줄여 이르는 말. 어떤 것이 자신의 취향에 딱 맞음을 이르는 말이다.,¶유통업계에서는 본인의 취향이 확고하며 {완내스를} 강조하는 젊은 세대를 겨냥한 제품을 출시하고 있다.,179
2021,우먼버핏,(<영>woman Buffett),,주식 투자 수익률이 높은 여성을 미국의 유명한 투자가이자 자산가인 워런 버핏(Warren Buffett)에 빗대어 이르는 말. 주식 시장의 단기적인 주가 등락에 반응하기보다는 워런 버핏처럼 우량주에 주목하여 장기적으로 투자하는 경향이 있다.,"¶최근 주식 투자를 하는 여성들이 장기 투자를 선호하고, 수익률도 양호한 것으로 나타나 증권가에서 {우먼 버핏으로} 불리고 있다.",17
2021,워크레져패션,(<영>work leisure fashion),,일할 때와 여가 시간을 보낼 때 두루 입는 옷차림. 일할 때는 적당히 격식을 차린 것처럼 보이지만 몸에 편안한 것이 특징이다. 코로나19로 인해 화상 회의 등의 비대면 환경이 자리 잡으면서 생겨난 말이다.,¶화상 회의가 일상생활이 되면서 하의보다는 상의에 더 신경을 쓰는 것도 {워크 레저 패션의} 중요한 경향이다.,2
2021,유도슈트,(誘導<영>chute),,원료를 원료 컨베이어 벨트 끝에서 다음 공정으로 옮기는 장치.,¶{유도 슈트의} 교체를 위한 작업은 네 명이 한 조를 이루어 진행된다.,4
2021,육아기본소득,(育兒基本所得),,근로 여부나 재산의 많고 적음에 상관없이 어린 아이를 양육하는 모든 가정에 지급하는 소득. 우리나라에서는 강원도 지방 자치 단체에서 2019년 1월 1일 이후 출생한 아이가 48개월이 될 때까지 아이의 보호자에게 매달 30만 원을 지급한다.,¶이 연구원은 {육아 기본 소득의} 도입과 출산율 간의 상관관계에 대한 논문을 발표를 하였다.,3
2021,육아전문관리사,(育兒專門管理士),,일정 시간 동안 아이를 맡아 돌보는 일을 전문적으로 하는 사람.,¶정부는 {육아 전문 관리사에} 대한 자격증 제도를 도입할 것이라고 밝혔다.,112
2021,음토토,(<와>mtoto),차용,"2013년에 케냐 동부의 동굴에서 발굴된 현생 인류의 유골 화석. 스와힐리어의 ‘아이’라는 뜻으로, 2.5세 내지 3세 유아의 유골로 추정된다. 매장 시기는 7만 8000년 전으로 추정되며 현재 아프리카에서 발견된 매장 유적들 가운데 가장 오래된 것으로 기록되었다.",¶중동 지역과 유럽에서는 약 12만 년 전의 매장 유적이 발굴되었으나 선사 시대 무덤의 발굴이 드문 아프리카에서는 {음토토의} 무덤이 가장 오래된 것으로 기록되었다.,20
2021,의무공공기여,(義務公共寄與),,"토지 개발 사업자가 용도 지역을 변경하거나 용적률을 상향할 때, 공공의 이익을 위하여 의무적으로 지방 자치 단체에 시설을 기부하거나 일정 비율의 돈을 내는 일.","¶시에서는 {의무 공공 기여를} 폐지하고 업무 처리 절차를 간소화하는 등, 소규모 재건축 사업에 각종 인센티브를 제공한다.",310
2021,이말올,,축약,‘이걸 말아 올림’을 줄여 이르는 말. 하락한 주가를 특정 투자 세력이 움직여서 끌어올릴 때 사용한다.,"¶최근에는 개인 투자자들의 매수세가 대거 유입되면서 급격히 하락하던 증시를 단숨에 끌어올렸는데, 이런 상황에서 쓰는 말이 ‘{이말올’이다}.",55
2021,이모카세,(姨母<일>←omaka[御任]se),혼성,"주방장이 만드는 특선 요리. 또는 그런 요리를 내놓는 음식점. 손님이 메뉴판에 적힌 일정한 음식을 주문하지 않고, 주방장이 그날그날의 상황에 따라 엄선하여 만든 음식을 손님에게 내놓는다. 식당이나 주점 따위에서 일하는 중년의 여성을 친근하게 부르는 말인 ‘이모’와 ‘오마카세’를 결합하여 만든 말이다.",¶{이모카세는} 식당 주인이 그날그날 구매한 재료에 따라 음식을 만들어 내므로 별도의 메뉴판이 없다.,310
2021,이왜진,(이왜眞),축약,‘이게 왜 진짜임’을 줄여 이르는 말. 가짜라고 생각한 일이 알고 보니 진짜인 경우에 사용한다.,"¶한국인이 치킨을 가장 적게 먹는 때는 가장 짧은 달인 2월이라는 얘기가 온라인상에 떠도는데, 농림 축산 식품부 자료를 보면 실제로 2월에 육계 도축 수가 가장 적은 것으로 나타나서 누리꾼들은 “{이왜진?”과} 같은 반응을 보였다.",247
2021,인플루언서블세대,(<영>influenceable世代),,인플루언서가 되고 싶어 하거나 그들처럼 행동하는 세대. ‘인플루언서블’은 누리 소통망 서비스에서 다른 사람들에게 영향을 미치는 사람을 뜻하는 ‘인플루언서’와 어떤 것을 ‘할 수 있는’을 뜻하는 영어 접미사 ‘-어블(-able)’을 결합하여 만든 말이다.,"¶밀레니얼 세대는 공동의 행복보다는 자신의 욕구 실현과 취향을 추구하며, 개개인이 상당한 영향력을 가지고 있는 ‘{인플루언서블 세대’인} 만큼 주거 트렌드에도 급격한 변화가 나타나고 있다.",0
2021,일가구일주택법,(一家口一住宅法),,부동산 투기를 막기 위하여 1가구당 1개의 주택만을 보유하도록 하는 법안. 2020년 12월에 국회에서 발의되었으며 정식 명칭은 ‘주거 기본법 일부 개정안’이다.,¶여당에서 {일 가구 일 주택법이} 발의되자 이에 대해 야당에서는 “사유 재산까지 법으로 제한하려 한다.”라고 비판했다.,1
2021,임대료멈춤법,(賃貸料멈춤法),,코로나19의 확산을 방지하기 위해 정부에서 집합을 금지하거나 제한한 업종의 상인들에게 상가의 임대인이 임대료의 전체 또는 일부를 청구할 수 없게 하는 법안. 2020년 12월에 국회에서 발의되었으며 정식 명칭은 ‘상가 건물 임대차 보호법 개정안’이다.,"¶{임대료 멈춤법은} 집합 금지 조치가 내려진 업종에 대해서는 임대인이 임대료 등을 청구할 수 없게 하고, 집합을 제한한 업종의 경우 기존 임대료의 절반 이상을 청구할 수 없도록 하는 내용을 포함하고 있다.",310
2021,자본주의키즈,(資本主義<영>kids),,어릴 때부터 자본주의를 접하면서 자본주의적인 논리를 당연하게 생각하는 아이. 돈이나 소비에 대한 부정적인 편견이 없으며 경제 문제에 밝고 재테크에 큰 관심을 보이는 것이 특징이다.,¶자본주의 요소에 밝은 {자본주의 키즈라고} 해도 복잡하고 생소한 투자가 결코 쉬운 것이 아니다.,310
2021,자율방역로봇,(自律防疫<영>robot),,스스로 방역 작업을 할 수 있는 인공 지능 로봇. 코로나19의 확산을 막기 위해 활용되었다.,¶팬데믹 사태로 방역 작업의 중요성이 점점 높아짐에 따라 모든 건물에서 {자율 방역 로봇이} 활동하게 되었다.,107
2021,자컨,(自<영>←contents),축약,‘자체 제작 콘텐츠’를 줄여 이르는 말.,¶{자콘이란} 개인이나 기업이 자체 제작하여 인터넷상에서 공개하는 콘텐츠로 방송국 등에서 제작하는 프로그램과 구별하기 위해 사용하기 시작한 말이다.,310
2021,재난시기상가임대료감면법,(災難時期商家賃貸料減免法),,감염병의 확산과 같은 재난이 일어난 상황으로 인해 정부가 영업 제한이나 영업 정지를 명령하는 업종의 경우 상가의 임대료를 감면받을 수 있도록 하는 법안. 2020년 국회에서 발의되었으며 정식 명칭은 ‘재난 및 안전 관리 기본법 일부 개정 법률안’이다. 코로나19의 대유행으로 인한 경제적 위기 상황을 극복하기 위한 방안을 논의하는 과정에서 나온 말이다.,¶OOO 의원은 코로나19와 같은 재난 상황으로 인해 상가 영업에 차질이 있을 경우 임대료를 감면하는 내용을 골자로 하는 {재난 시기 상가 임대료 감면법을} 발의하였다.,38
2021,재산비례벌금제,(財産比例罰金制),,범죄인의 재산이나 소득에 비례하여 차등적으로 벌금을 부과하는 제도. =공정 벌금제.,¶법무부 장관 후보자는 동일한 범죄라도 범죄자의 재산 규모에 따라서 벌금 액수에 차이를 두는 ‘{재산 비례 벌금제’를} 도입하여 형평성 문제를 해결하겠다고 밝혔다.,310
2021,재텔근무,(在<영>←hotel勤務),혼성,호텔 객실에서 회사의 업무를 보는 일. ‘재택근무’와 ‘호텔’을 결합하여 만든 말이다. 코로나19의 확산으로 인해 회사에 출근하지 않고 온라인을 통해 비대면으로 업무를 보는 사람이 많아진 상황에서 나온 말이다.,¶코로나19로 인해 예년에 비해 호텔을 찾는 사람들이 줄어들자 도심에 있는 호텔들은 {재텔근무를} 원하는 직장인들을 위한 서비스를 선보이고 있다.,105
2021,잼민이,,접미 파생,‘어린이’를 속되게 이르는 말. 주로 ‘초등학생’을 낮잡아 이르는 말이다. 차별 및 비하하는 의미가 포함되어 있으므로 사용에 주의가 필요하다.,¶‘초딩’과 비슷하게 쓰이고 있는 ‘{잼민이’는} 게임 실황 방송 플랫폼의 문자 음성 변환기에서 선택할 수 있는 어린 남자아이 목소리인 ‘재민’에서 유래되었다고 한다.,310
2021,전국민재난지원패키지,(全國民災難支援<영>package),,"전국적인 재난 사태로 인해 침체된 경기를 부양하기 위해 도입한 ‘재난 지원금ㆍ상생 소비 지원금ㆍ소상공인 손실 지원금’의 세 가지 정책을 이르는 말. 코로나19의 대유행으로 인한 경제적 위기 상황을 극복하기 위한 방안으로, 전 국민이 세 가지 가운데 적어도 한 가지는 지원받을 수 있다는 의미로 나온 말이다.","¶{전 국민 재난 지원 패키지는} 내수 경기를 활성화하기 위한 종합 대책으로, 코로나19로 인해 피해를 입은 중소기업과 소상공인을 위한 손실 보상 피해 지원, 가계의 어려움을 돕기 위한 현금 직접 지원, 그리고 국민들의 소비를 촉진하기 위한 상생 소비 지원을 모두 합친 것이라고 여당 원내 대표가 설명하였다.",60
2021,전략장거리포,(戰略長距離砲),,"사정거리가 1,600킬로미터 이상으로 긴 대포.","¶2023년경에 출시될 {전략 장거리포는} 미 육군이 개발 중인 장거리 무기이며, 군용 트럭이 끌어서 움직일 수 있도록 설계되었다.",8
2021,전월세금지법,(傳月貰禁止法),,수도권 내의 분양가 상한제가 적용되는 신규 아파트에 실거주 의무 기간을 부과하는 법률. 실수요자 위주의 분양 시장을 만드는 것을 목적으로 2021년 2월에 시행되었다. 정식 명칭은 ‘주택법 시행령 일부 개정안’이다.,¶내일부터 수도권에서 분양가 상한제가 적용되는 지역의 아파트에 최대 5년의 실제 거주 의무 기간이 부여되는 {전월세 금지법이} 시행될 예정이다.,310
2021,전자예방접종증명서,(電子豫防接種證明書),,예방 접종을 받았음을 증명하는 전자 문서. 코로나19의 감염과 확산을 막기 위한 예방 접종 및 증명을 실시하면서 생겨난 말이다.,¶이용자가 예방 접종을 받은 사실을 모바일 기기로 증명할 수 있도록 {전자 예방 접종 증명서를} 암호화하는 서비스가 개발될 예정이다.,310
2021,젊치인,(젊治人),접미 파생,이삼십 대의 정치인을 이르는 말.,¶OOO 야당 대표의 당선으로 정치권에 세대교체의 바람이 불고 있는 가운데 여당 또한 {젊치인으로} 파격적인 인선을 보일 것이라는 예상이 나오고 있다.,310
2021,점심시간일괄휴식제,(點心時間一括休息制),,민원 업무를 담당하는 공무원들이 점심시간 한 시간 동안 업무를 처리하지 않고 모두 쉬도록 하는 제도.,¶공무원 노조는 공무원들도 노동자이므로 휴식권을 보장받아야 한다는 이유로 한 시간의 점심시간 동안 민원 담당 부서 공무원들이 다 함께 쉬는 {일괄 휴식제를} 도입하기로 했다.,2
2021,정자공여시술,(精子供與施術),,"보조 생식술의 하나로, 정자은행에서 공여받은 정자와 시술 대상의 난자를 결합시키는 시술.",¶한국에서의 {정자 공여 시술은} 법률적 혼인 관계에 있는 부부만을 대상으로 시행되고 있다.,134
2021,정책형뉴딜펀드,(政策型New Deal<영>fund),,뉴딜 관련 기업이나 사업에 투자하기 위하여 정부가 출자하여 만든 모펀드.,¶정부는 {정책형 뉴딜 펀드를} 신설하고 20조 원을 조성하여 한국판 뉴딜 기업과 사업에 적극적으로 투자할 계획이다.,310
2021,정치신인트랙,(政治新人<영>track),,본경선에 정치 신인이 반드시 1명 이상 출마할 수 있도록 하는 규칙.,"¶{정치 신인 트랙은} 정치 신인인 후보자가 2인 이상이면서 정치 신인이 여론 조사 결과 상위 4인에 포함되지 않을 경우, 정치 신인 중 가장 많은 표를 얻은 후보자를 본경선에 진출하게 한다.",98
2021,제당슈만,(제當<영>←super star만),축약,‘제가 당신을 슈퍼스타로 만들어 드릴게요.’를 줄여 이르는 말. 좋아하는 연예인이 더 높은 인기를 얻을 수 있도록 해당 연예인과 관련된 물건을 구매하는 등의 적극적인 행동을 하고자 하는 마음을 표현하는 말이다. 일본의 티브이(TV) 애니메이션 대사에서 유래하였다.,¶이제 팬들은 문화를 소비할 뿐만 아니라 능동적으로 문화를 만드는 주체가 되어 ‘{제당슈만’을} 외친다.,30
2021,좋댓구알,(좋對購알),축약,"‘좋아요, 댓글, 구독, 알림 설정’을 줄여 이르는 말. 주로 유튜브 영상에서, 해당 영상의 조회 수를 높이기 위해 출연자가 시청자들에게 하는 말이다.",¶구독자 여러분 사랑해요. 가시기 전에 ‘{좋댓구알’은} 잊지 마세요.,285
2021,주가꿈비율,(株價꿈比率),,10년 후 해당 산업 전체의 시장 규모 예상값과 10년 후 기업의 시장 점유율 예상값을 곱한 값으로 기업의 현재 시가 총액을 나눈 비율. 기업의 미래 가치를 평가하기 위한 지표이다.,"¶최근에는 메타버스 관련주가 계속 상승세에 있는데, 이는 이미 주식 시장에서 어떤 기업의 미래 가치를 미리 평가하기 위해 {주가 꿈 비율을} 반영하고 있다는 의미다.",122
2021,주불,(住불),축약,"‘주소 불러.’를 줄여 이르는 말. 주로 문자 메시지나 채팅 따위를 통한 의사소통에서, 상대방에게 물건을 택배로 보내기 위해 상대방의 주소를 알려 달라는 뜻으로 쓰는 말이다. 간혹 온라인상에서 시비가 붙었을 때 상대방이 있는 곳에 직접 가서 물리적 충돌을 할 수도 있다는 의미를 위협적으로 전달하기 위해 쓰기도 한다.","¶우리 회사에서 이번 추석 선물은 한우 세트를 보내 준다고 하니, 다들 {주불}!",310
2021,주포원,(住抛員),접미 파생,‘주택 담보 대출에 대한 상담을 포기한 은행원’을 줄여 이르는 말. 대출과 관련한 정책이나 규정이 자주 바뀌고 복잡해져서 은행원이 고객과 주택 담보 대출을 상담할 때 어려움을 겪는 일이 많아진 상황에서 나온 말이다.,¶대출 규제가 거듭 추가되면서 대출의 최전선인 은행 지점에서는 {주포원이} 등장하고 있다는 말까지 나온다.,11
2021,주폭방지법,(酒暴防止法),,"술을 마시고 행패를 부리는 일이 일어나지 못하게 막기 위한 법안. 주취 범죄에 대한 처벌을 강화하기 위한 법안으로, 정식 명칭은 ‘주취자 범죄의 예방 및 처벌 등에 관한 법률안’이다. 2021년 4월에 국회에서 발의되었다.",¶{주폭 방지법은} 상습적인 주폭 사범에게 형의 2분의 1까지 가중할 수 있도록 한 것이다.,30
2021,줌피로,(Zoom疲勞),합성,화상 회의나 화상 수업 등을 진행하며 개인이 느끼는 정신이나 몸의 피로. 코로나19가 확산하는 상황에서 대면보다는 화면을 주시해야 하는 비대면 상황이 많아지면서 생겨난 말이다.,¶화상 회의가 활성화되자 회의는 물론이고 회식까지 온라인으로 진행하는 문화가 생겨나며 {줌피로를} 호소하는 직장인들이 많아지고 있다.,14
2021,줌술족,(Zoom술族),접미 파생,"사람들을 직접 만나지 않고 화상 회의 플랫폼인 ‘줌(Zoom)’에 접속하여 술을 마시는 사람. 또는 그런 무리. 코로나19로 대면 활동이 제한되면서 생겨난 말로, 각자의 공간에서 화상 카메라로 서로를 보면서 술을 사람들을 의미한다.",¶사회적 거리 두기가 강화되면서 화상 회의 플랫폼인 줌(Zoom)에서 하는 비대면 모임이 증가하여 {줌술족이} 크게 늘어났다.,2
2021,중수청,(重搜廳),접미 파생,"‘중대 범죄 수사청’을 줄여 이르는 말. 2021년 2월에 국회에서 ‘중대 범죄 수사청 설치 및 운영에 관한 법률안’이 발의되면서 ‘중대 범죄 수사청’을 새로 설치하는 방안이 제안되었다. 법안에 따르면, 중대 범죄에 대하여 기존 검찰이 가진 수사권을 ‘중대 범죄 수사청’이 이관받게 되고 검찰은 주로 공소의 업무를 맡아보게 된다.","¶법안은 경제 범죄, 부패 범죄, 공직자 범죄, 선거 범죄, 방위 사업 범죄, 대형 참사 등 검찰 소관인 6대 범죄의 관련 수사권을 {중수청에} 이관하는 내용을 담고 있다.",310
2021,중수청법,(重搜廳法),합성,"‘중대 범죄 수사청 설치 및 운영에 관한 법률안’을 줄여 이르는 말. ‘중수청’은 ‘중대 범죄 수사청’을 줄여 이르는 말로, 중대 범죄에 대하여 기존 검찰이 가진 수사권을 ‘중수청’이 이관받고 검찰은 주로 공소의 업무를 맡아보게 된다는 내용의 법안이다. 2021년 2월에 국회에서 발의되었다.","¶OO당은 {중수청법을} 2월에 국회에서 발의한 뒤, 6월에 통과시키는 것을 목표로 하고 있다.",310
2021,중수청장,(重搜廳長),접미 파생,‘중대 범죄 수사청장’을 줄여 이르는 말. ‘중대 범죄 수사청’의 소관 업무를 총괄하는 책임자를 가리키는 말이다. 2021년 2월에 국회에서 ‘중대 범죄 수사청 설치 및 운영에 관한 법률안’이 발의되면서 ‘중대 범죄 수사청’을 새로 설치하는 방안이 제안되었다.,"¶중수청법이 입법되면, 청문회 대상에 {중수청장을} 포함할 수 있도록 인사 청문회법도 개정될 예정이다.",236
2021,중앙예방접종센터,(中央豫防接踵center),,"코로나19 예방 접종을 체계적으로 관리하는 중심 기관. 국립 중앙 의료원에 설치되었으며, 2021년 2월에 코로나19 환자 치료 병원의 종사자를 대상으로 한 첫 번째 예방 접종이 시행되었다. 코로나19 예방 접종 시행 외에도, 적정 온도 유지가 필수적인 엠아르엔에이(mRNA) 백신의 보관 및 유통을 관리하고, 예방 접종 매뉴얼을 마련하여 권역 및 지역 예방 접종 센터로 전달하는 등의 기능을 수행한다.",¶{중앙 예방 접종 센터에서} 수도권 소재 의료 기관의 의료진들을 대상으로 국내 첫 백신 접종이 이루어졌다.,310
2021,지역재생잠재력지수,(地域再生潛在力指數),,"지역의 발전 가능성과 성장 잠재력을 평가하는 지수. 둘째 이상의 출생률을 출산 가능한 인구의 비율로 나눈 것으로, 값이 1 이상이면 인구가 늘고 있음을 보여준다.","¶{지역 재생 잠재력 지수가} 2 이상 나온 곳은 총 19곳으로 집계되었으며, 모두 농촌의 군 단위 지역이었다.",172
2021,지옥개미,(地獄개미),합성,수직으로 움직이는 뿔과 턱을 가진 고대의 개미를 비유적으로 이르는 말. 이마에 낫 모양의 뿔이 나 있으며 먹이를 잡기 위해 뿔과 그 아래에 위치한 턱을 함께 이용한 것이 특징적이다.,¶미국의 진화 생물학 연구진은 미얀마에서 호박에 갇힌 9900만 년 전의 {지옥개미를} 발견했음을 발표했다.,18
2021,집단면역가설,(集團免疫假說),,백신 접종 따위를 통해 감염증에 대한 집단 면역이 이루어질 수 있다는 가설. 코로나19에 대한 방역 지침을 논의하는 상황에서 나온 말이다.,¶연구진은 중국은 {집단 면역 가설에} 따른 전략을 받아들일 준비가 되어 있지 않다고 밝혔다.,6
2021,집착광공,(執着狂攻),,어떤 사람이나 대상에 지나치게 집착하는 사람을 이르는 말.,¶이 영화는 {집착광공} 수준으로 각양각색의 로맨스를 담고 있다.,188
2021,쩝쩝박사,(쩝쩝博士),합성,음식이나 먹는 일에 대하여 박식한 사람. 또는 음식을 맛있게 먹을 수 있는 방법을 잘 생각해 내는 사람.,¶라이스페이퍼를 돌돌 말아서 떡볶이 떡을 만드는 방법을 소개한 한 누리꾼은 사람들에게 ‘{쩝쩝박사’라는} 찬사를 받았다.,310
2021,쫌쫌따리01,,생성,매우 적고 하찮은 양.,"¶앱 테크로 버는 돈이 쫌쫌따리이기는 하지만, 모이면 적은 금액이 아니다.",0
2021,쫌쫌따리02,,생성,매우 적고 하찮게 계속하여.,¶주식 초보자는 크게 투자하는 것보다는 {쫌쫌따리} 투자하는 게 좋다.,0
2021,차박튀,(車박튀),축약,"‘차를 박고 튀다.’를 줄여 이르는 말로, 주차되어 있는 다른 사람의 차를 들이박고 달아나는 일. 또는 그런 사람.",¶뺑소니와 달리 {차박튀라는} 말은 주차된 차를 들이박고 달아난다는 특정 상황에 한하여 사용된다.,1
2021,책임등교,(責任登校),,원격 수업에 스스로 참여하기 어려운 유치원생과 초등학교 저학년 학생들이 우선적으로 등교하는 일. 코로나19로 인하여 학교에 등교하지 않고 비대면으로 수업하는 기간이 길어지면서 스스로 원격 수업에 참여할 수 있는 중고등학생 및 초등학교 고학년 학생들과 그보다 더 어린 학생들 사이의 학습 격차가 심각해지는 상황에서 나온 말이다.,¶당 대표는 방역을 철저히 한다는 것을 전제로 유치원생과 초등학교 저학년 학생부터 대면 수업을 하는 {책임 등교를} 제안했다.,159
2021,천스닥,(千<영>←KOSDAQ),혼성,"코스닥 지수가 1,000포인트에 이르거나 1,000포인트를 넘어선 상태를 이르는 말.","¶이날 코스닥 지수는 985.76포인트로 마감하며, {천스닥에} 한발 더 다가갔다.",310
2021,청년특별구직지원금,(靑年特別求職支援金),,전국적인 재난 사태로 인해 구직 기간이 길어짐에 따라 경제적인 어려움을 겪는 미취업 상태의 저소득층 청년들을 지원하기 위해 정부가 지급하는 지원금. 코로나19의 확산과 그에 따른 경제 위기로 인해 마련된 제도이다.,¶정부는 청년들의 어려운 취업 여건을 고려하여 기준 중위 소득 이하에 해당하는 청년 구직자들에게 1회에 50만 원씩 {청년 특별 구직 지원금을} 지급하기로 했다.,310
2021,청무구사,(請무舊사),축약,"‘청약은 무슨, 구축이나 사.’를 줄여 이르는 말. 아파트의 값이 계속하여 오르는 상황에서, 신축 아파트의 청약은 당첨 확률이 낮으니 구축 아파트라도 사는 것이 낫다는 뜻으로 쓰는 말이다.",¶거듭된 청약 실패로 인해 ‘{청무구사’로} 눈을 돌리는 주택 수요자들이 늘고 있다.,2
2021,청산가정반환율,(淸算假定返還率),,"상조 회사가 청산되었을 때를 가정할 경우, 소비자가 납부한 금액이 소비자에게 반환되는 비율. 회사의 총자산에서 선수금을 제외한 부채를 뺀 뒤 이를 선수금으로 나눈 비율을 백분율로 나타낸다. 회사가 소비자들에게 받은 선수금을 중장기적으로 환급할 수 있는지를 평가하는 지표로 활용되며, 값이 100에 가까울수록 회사가 선수금 전액을 환급할 수 있음을 의미한다.",¶공정 거래 위원회에서 조사한 상조 업체 81개 가운데 27개는 {청산 가정 반환율이} 100% 이상이었다.,48
2021,촌캉스,(村<프>←vacance),혼성,시골에서 보내는 휴가. 코로나19로 인해 사람이 많이 몰리는 휴가지를 피해 한적한 시골을 찾아 휴가를 즐기려는 사람들이 많아지는 상황에서 나온 말이다.,¶{촌캉스의} 성지인 강원도에서는 산기슭마다 들어선 소담한 시골집들이 가득이다.,310
2021,칩플레이션,(<영>▼chip←inflation),혼성,반도체의 공급 물량 부족으로 인해 반도체를 포함한 관련 품목들의 가격이 상승하는 현상.,¶{칩플레이션에} 따라 국내 대표 반도체 기업들은 물론이고 소재 부품 등 반도체 관련 품목 시장 생태계 전체의 성장이 예상된다.,269
2021,캐해,(<영>←character解),축약,"‘캐릭터 해석’을 줄여 이르는 말. 특정 인물의 성격이나 표정, 말투, 행동 특성 따위를 자세하게 파악하여 앞으로 어떻게 행동할지 예측하는 것을 이르는 말이다.","¶‘{캐해’는} 영화나 드라마 속 등장인물뿐만이 아니라, 자신이 좋아하는 연예인 등을 대상으로도 활발하게 이뤄진다.",105
2021,코끝모,(<영>←corona virus끝모),축약,"‘코로나19가 끝나면 모이자.’를 줄여 이르는 말. 코로나19의 확산과 그에 따른 사회적 거리 두기의 시행으로 인해 대면 모임이 힘들어진 상황에서 나온 말로, 주로 누리 소통망 서비스 따위에서 인사말로 사용된다.",¶연휴지만 메신저를 통해 ‘{코끝모’를} 되뇌며 지인들과 또 한 번 다음을 기약하게 된다.,11
2021,코로나레드,(<영>▼←corona virus red),,코로나19의 확산으로 인해 우울감보다 심한 분노감 따위를 느끼는 상태.,"¶전문가들은 갈등, 일탈, 분노 등으로 표출되는 {코로나 레드는} 단순 우울증과 다르므로 맞춤형 처방을 내려야 한다고 강조한다.",310
2021,코로나앵그리,(<영>▼←corona virus angry),,코로나19의 확산으로 인해 우울감보다 극심한 분노를 느끼는 상태.,¶김 교수는 {코로나 앵그리} 현상은 기존 한국 사회가 갖고 있던 사회적 분노가 코로나19를 만나 폭발한 것으로 분석했다.,310
2021,코로나피로도,(<영>←corona virus疲勞度),,코로나19의 장기화로 인해 피로를 느끼는 정도.,¶영업시간 제한과 5인 이상의 사적 모임 금지 등으로 인해 국민들의 {코로나 피로도가} 한계에 다다르고 있다.,142
2021,코로나학번,(<영>←corona virus學番),,코로나19가 유행하기 시작한 2020년과 코로나19 상황이 지속된 2021년에 대학에 입학한 학생들을 이르는 말. 코로나19의 유행으로 대면 수업이나 대학 축제 등 대학 생활을 하는 데에 많은 제한을 받았다.,¶올해 입학한 {코로나 학번들은} 외롭고 쓸쓸한 새내기 기간을 보내고 있다.,100
2021,코로나손실보상법,(<영>←corona virus損失補償法),,"코로나19의 감염과 확산을 막기 위한 방역 지침으로 인해 영업 손실을 입은 소상공인에게 국가가 손실의 일정 부분을 보상해 주는 법률. 정식 명칭은 ‘소상공인 보호 및 지원에 관한 법률’이다. 2021년 1월에 발의되어 2021년 7월에 통과되었으며, 2021년 10월에 시행되었다.",¶{코로나 손실 보상법에} 의해 국가의 재정 지출 증가가 장기화되지 않도록 면밀한 모니터링이 필요하다.,310
2021,코비디오파티,(<영>covideo party),,코로나19의 확산과 그에 따른 사회적 거리 두기의 시행으로 인해 사람들이 직접 만나지 못하고 집에서 화상 회의 프로그램을 통하여 여는 파티. ‘코비디오’는 ‘코로나19’와 ‘비디오’를 결합하여 만든 말이다.,¶사회적 거리 두기로 인해 사람들이 각자 자기 집에서 온라인 화상 프로그램을 통해 대화를 즐기며 술을 마시는 랜선 파티는 ‘{코비디오 파티’라고} 부른다.,0
2021,코세글자,(<영>←corona virus세글字,혼성,‘코로나’를 달리 이르는 말. ‘코로나’는 ‘코로나바이러스 감염증 일구’를 일상적으로 이르는 말이다. 코로나19의 강한 전염성에 대한 우려와 장기화된 코로나19 사태에 대한 염증을 표현한다.,"¶{코세글자} 때문에 외출도 못 하고, 공연도 못 봐서 답답해 죽겠다.",2
2021,코스크,(코<영>←mask),혼성,마스크를 올바르게 착용하지 않고 코 아래로 내리는 것을 이르는 말. 여러 사람이 모이는 장소에서는 코로나19의 확산을 방지하기 위해 마스크가 입과 코를 완전히 덮도록 착용해야 한다는 정부의 방역 지침에 어긋나는 행위이다.,"¶‘턱스크’나 ‘{코스크}’ 등 입과 코를 완전히 가리지 않은 경우, 마스크를 착용하지 않은 것으로 간주되어 과태료가 부과될 수 있다.",310
2021,코인민심,(<영>coin民心),,가상 화폐에 투자하고 있는 사람들의 마음.,¶“가상 화폐 거래소들이 등록을 안 할 경우 거래소 모두가 폐쇄될 수 있다.”라고 발언한 금융 위원회장의 발언으로 인해 이삽십 대 가상 화폐 투자자들의 {코인 민심이} 무섭게 악화하고 있다.,255
2021,코파라치,(<영>←corona virus<이>←paparazzi),혼성,코로나19의 감염과 확산을 막기 위해 시행되는 방역 수칙을 지키지 않는 사람을 신고하여 포상금을 받는 일. 또는 그런 일을 하는 사람.,¶일부 지역에서는 밤 9시가 되기 직전에 가게에 들어가서 가게가 제한 시간 이후에도 영업을 계속하도록 유도한 뒤에 이를 신고하는 {코파라치가} 등장했다.,140
2021,콜체크인,(<영>▼call check-in),,지정된 전화번호로 전화를 걸어 출입 기록을 남김. 코로나19의 확산을 막기 위한 방역 지침에 따라 출입 명부를 수기로 작성하는 절차를 더 간편하게 하고 개인 정보의 유출도 방지하기 위해 2020년 11월부터 도입되었다.,¶2021년 프로야구 개막에 맞춰 전국 9곳의 야구장에 {콜 체크인을} 활용한 출입 기록 서비스가 도입된다.,310
2021,쿠세권,(←Coupang勢圈),접미 파생,전자 상거래 플랫폼인 ‘쿠팡’에서 물건을 사면 다음 날 바로 물건을 배송받을 수 있는 주거 지역.,¶전국을 ‘{쿠세권’으로} 만들어 시장 우위를 선점하면 지금까지의 영업 손실이 흑자로 전환될 수 있을 것이다.,310
2021,크크루삥뽕,,생성,상대를 조롱하는 듯이 웃는 소리.,"¶게임에서 이긴 상대는 나에게 ""발으로 해도 이것보단 잘하겠네. 화난다고요? 어쩔티비! 크크루삥뽕.”이라는 메시지를 보냈다.",50
2021,탄소조정세,(炭素調整稅),,생산 과정에서 탄소 배출량이 많은 상품에 대해 부과하는 세금.,¶미국 행정부는 환경 의무를 다하지 않는 국가에 {탄소 조정세를} 부과할 예정이다.,310
2021,태그니티마케팅,(<영>▼tag←community marketing),,"누리 소통망 서비스에서, 해시태그를 통하여 같은 관심사나 취향을 공유하는 집단을 대상으로 하는 마케팅. ‘태그니티’는 ‘해시태그’와 ‘커뮤니티’를 결합하여 만든 말이다.",¶에스엔에스(SNS)에서 민초단이 이슈가 되자 한 아이스크림 회사는 민초단들을 대상으로 공격적인 {태그니티 마케팅을} 펼쳤다.,17
2021,턱스크족,(턱<영>←mask族),접미 파생,마스크를 올바르게 착용하지 않고 턱에 걸친 사람. 또는 그런 무리. ‘턱스크’는 여러 사람이 모이는 장소에서 코로나19의 확산을 방지하기 위해 마스크가 입과 코를 완전히 덮도록 착용해야 한다는 정부의 방역 지침에 어긋나는 행위이다.,¶날씨가 더워지면서 코와 입을 완벽하게 가리지 않은 {턱스크족이} 늘고 있다.,65
2021,테슬람,(<영>Teslam),차용,미국 기업 ‘테슬라’를 맹목적으로 좋아하거나 신뢰하는 사람을 낮잡아 이르는 말. 이 기업에서 만든 자동차를 맹목적으로 좋아하거나 기업의 소유주를 맹목적으로 추종하는 사람을 가리킨다. 또는 이 기업의 성장 가능성을 고평가하여 기업의 주식이 떨어지지 않을 것이라는 맹목적인 믿음을 고수하는 사람을 가리키기도 한다. 미국 기업 ‘테슬라’와 이슬람교 또는 그 교도를 의미하는 ‘이슬람’을 결합하여 만든 말이다. 차별 및 비하하는 의미가 포함되어 있으므로 사용에 주의가 필요하다.,¶그의 행보에 한결같은 지지를 보내던 {테슬람들조차} 대다수가 침묵을 유지했습니다.,310
2021,토지임대부기본주택공급촉진특별법,(土地賃貸附基本住宅供給促進特別法),,공공 기관이나 국가가 토지의 소유권을 가지면서 최소한의 임대료를 받고 수요자에게 주택을 공급하는 법안. 2021년 3월에 국회에서 발의되었다.,¶한 대선 후보가 여야 국회 의원들에게 입법을 촉구한 ‘{토지 임대부 기본 주택 공급 촉진 특별법’을} 위시한 ‘기본 주택법’은 논란이 분분한 사안이다.,6
2021,통합수질지수,(統合水質指數),,"시민들이 수질의 상태를 직관적으로 확인할 수 있도록 하천의 오염도를 매우 나쁨에서 매우 좋음까지 5개 등급으로 나눈 지수. 총유기 탄소량, 총인, 총질소, 분원성 대장균군의 4개 주요 수질 항목을 하나의 등급으로 통합하여 평가한다.","¶{통합 수질 지수를} 적용하여 수질 등급을 측정한 결과, 58개 지점 가운데 5개 지점의 수질 등급이 ‘매우 좋음’으로 나타났다.",27
2021,트윈데믹,(<영>twindemic),차용,"두 종류의 전염병이 동시에 크게 유행하는 현상. 코로나19가 전 세계적으로 유행하는 때에, 독감이 유행할 가능성이 높은 가을과 겨울철이 되면 두 종류의 전염병이 동시에 유행할 가능성이 높음을 강조하는 상황에서 나온 말이다. 쌍둥이를 의미하는 영어 단어 ‘트윈(twin)’과 전염병이 전 세계적으로 유행하는 현상을 의미하는 ‘팬데믹(pandemic)’을 결합하여 만든 말이다.",¶보건 복지부 차관은 “{트윈데믹을} 최소화하기 위해 현장 진료 수칙과 호흡기 전담 클리닉을 마련하고 있다.”라고 전했다.,310
2021,포택트,(<영>▼for←ontact),혼성,온라인상에서 고객의 개인적인 취향이나 요구에 맞추어 서비스를 제공함. ‘…을 위한’을 의미하는 영어 단어 ‘포(for)’와 온라인상으로 다른 사람과 접촉함을 의미하는 ‘온택트’가 결합하여 이루어진 말이다. 코로나19의 확산을 방지하기 위해 온라인으로 하는 활동이 일반화되는 상황에서 나온 말이다.,¶코로나19가 종식되면 언택트 금융 거래가 다시 쇠퇴하는 것이 아니라 오히려 더 진화하여 {포택트의} 시대가 올 것이다.,11
2021,폰꾸,(<영>phone꾸),축약,‘폰 꾸미기’를 줄여 이르는 말. 휴대 전화에 스티커를 붙이거나 전용 액세서리를 부착하는 등으로 휴대 전화를 장식하는 행위를 이르는 말이다.,¶OO은 새로운 스마트폰 출시를 맞아 다양한 액세서리도 함께 선보이며 {폰꾸에} 적극적인 젊은 층을 공략하고 있다.,310
2021,풀멍,,합성,식물을 바라보며 아무 생각 없이 멍하니 있는 일. 코로나19의 확산으로 인해 외부 활동이 어려워지자 실내에서 즐길 수 있는 여가 활동을 선호하는 사람들이 많아진 상황에서 나온 말이다.,"¶최근 들어, 집에서 식물을 기르며 {풀멍으로} 힐링하는 것이 인기를 얻고 있다.",310
2021,피코질,(被<일>←kosupure질),축약,‘피해자 코스프레질’을 줄여 이르는 말. 피해자가 아닌 사람이 피해자인 척을 하는 것을 비하하는 말이다.,¶자신이 좋아하는 가수가 힘들어 보여 걱정된다는 내용의 게시글에 누리꾼들은 “다른 가수들도 모두 똑같다. 본인만 그런 것처럼 {피코질은} 그만해라.”라고 하는 등의 여러 댓글들을 남기며 갑론을박을 펼쳤다.,2
2021,핀플루언서,(<영>finfluencer),차용,"누리 소통망 서비스에서, 금융에 관한 정보나 자신의 의견을 공유하고 폴로어(follower)와 소통하며 그들에게 영향을 미치는 사람. 금융을 의미하는 영어 단어 ‘파이낸스(finance)’와 다른 사람들에게 영향력을 행사하는 사람을 의미하는 ‘인플루언서(influencer)’가 결합하여 이루어진 말이다.","¶최근 에스엔에스(SNS)에서는 인플레이션이 인기 주제로 떠올랐고, 이에 따라 사람들에게 금융 관련 조언을 해 주는 {핀플루언서들이} 급부상하였다.",310
2021,하체털기,(下體털기),합성,자동차의 하부에 있는 여러 부품을 손보거나 새것으로 교체하는 일.,"¶나 이번에 중고차를 장만해서 {하체털기를} 했는데, 승차감이랑 안정감이 확실히 다르더라고!",0
2021,학대정책계,(虐待政策係),,경찰서에서 아동 학대 범죄를 다루는 업무를 맡은 부서. 아동 학대를 예방하고 피해 아동의 보호를 전담하기 위해 2021년 1월에 신설되었다.,¶경찰 내에서는 {학대 정책계를} 신설하여 학대 예방과 피해 아동 보호를 전담할 수 있게 하고 학대 사건에 대한 전수 합동 조사를 강화하겠다는 대책을 내놓았다.,16
2021,한계근로빈곤층,(限界勤勞貧困層),,일하려는 의지가 있지만 실업 상태가 지속됨에 따라 소득이 부족하여 살기가 어려운 계층.,¶정부는 생계에 어려움을 겪는 {한계 근로 빈곤층을} 대상으로 한시적 생계 지원금 50만 원을 지급하기로 하였다.,310
2021,한국여행놀이,(韓國旅行놀이),,"외국에서, 자국을 떠나지 않고 한국을 여행하는 흉내를 내는 놀이. 주로 일본에서, 일본 내에 있는 코리아타운을 방문하거나, 집이나 호텔에서 한국 음식을 먹고 한국 콘텐츠를 감상하면서 한국을 여행하는 기분을 내며 즐기는 일을 가리키는 말이다.",¶일본에서 {한국 여행 놀이가} 유행하자 한국 관광 공사는 {한국 여행 놀이에서} 빼놓을 수 없는 음식으로 한국 치킨을 소개했다.,198
2021,한복공정,(韓服工程),,한복이 중국의 전통 의상이라고 하는 일부 중국 사람들의 주장을 ‘동북 공정’에 빗대어 이르는 말. ‘동북 공정’은 현재의 중국 영토에서 전개된 여러 민족과 국가의 역사를 모두 중국의 역사로 만들기 위하여 추진된 중국의 국가 연구 사업이다.,¶최근 중국의 인플루언서들이 “한복의 원조는 중국이다.”라고 주장하며 {한복 공정을} 펼친 것에 대해 한국인들은 민감하게 반응했다.,310
2021,할미룩,(할미<영>look),,"할머니의 옷차림을 현대적으로 재해석한 패션 스타일. 강렬하고 알록달록한 색상의 조합, 화려한 꽃무늬 자수나 펑퍼짐한 실루엣이 특징이다. =그래니 룩, 할머니 룩.","¶지금은 편안한 {할미 룩과} 같은 패션 스타일이 유행하고 있지만, 몇 년 후에는 또 다른 패션 스타일들이 유행할 것이다.",35
2021,할밍아웃,(할<영>←coming-out),혼성,"자신의 입맛, 패션 스타일 등의 취향이 할머니 같다는 사실을 공개적으로 밝히는 일. 늙은 여자가 손녀나 손자에게 자기 자신을 이르는 말인 ‘할미’와 ‘커밍아웃’을 결합하여 만든 말이다.",¶할머니 감성에 관심이 많은 밀레니얼 세대는 {할밍아웃과} 같은 해시태그를 통해 비슷한 취향을 가진 사람들과 소통한다.,14
2021,호모마스쿠스,(<라>▼Homo<영>mask<라>←pithecus),,마스크 착용을 생활화하는 인간. 코로나19가 전 세계적으로 유행한 상황으로 인하여 항상 마스크를 착용하고 일상생활을 하게 된 현대인을 이른다. =호모 마스크쿠스.,¶백신 접종을 통해 집단 면역이 형성되면 {호모 마스쿠스가} 호모 사피엔스로 돌아갈 수 있을 것이다.,78
2021,호모마스크쿠스,(<라>▼Homo<영>mask<라>←pithecus),,마스크 착용을 생활화하는 인간. 코로나19가 전 세계적으로 유행한 상황으로 인하여 항상 마스크를 착용하고 일상생활을 하게 된 현대인을 이른다. =호모 마스쿠스.,¶코로나19로 마스크를 언제 벗게 될지 모르니 이제 인류를 {호모 마스크쿠스라고} 불러야겠다고들 한다.,10
2021,호텔거지,(<영>hotel거지),,호텔을 리모델링하여 만든 임대 주택에 사는 사람을 낮잡아 이르는 말. 차별 및 비하하는 의미가 포함되어 있으므로 사용에 주의가 필요하다.,¶O 의원은 정부의 호텔 임대 주택 공급 방안이 {호텔 거지를} 양산했다고 비판했다.,204
2021,홈오피스웨어,(<영>home office wear),,재택근무를 할 때 입는 옷차림. 편안하지만 적당히 격식을 차린 것처럼 보이게 입는다. 코로나19로 인해 화상 회의 등의 비대면 환경이 자리 잡으면서 생겨난 말이다.,¶{홈 오피스 웨어는} 홈 웨어와 워크 웨어 사이의 경계를 허물며 사람들의 주목을 받고 있다.,4
2021,확장가상세계,(擴張假象世界),,"3차원의 가상 세계에서 자신의 역할을 대신하는 가상의 캐릭터를 통해 현실 세계에서처럼 경제, 사회, 문화적 활동을 함으로써 가상 세계와 현실 세계의 경계가 허물어진 세계. =멀티 버스.",¶이날 간담회는 {확장 가상 세계에} 마련된 회의장에서 진행되어 사람들의 눈길을 끌었다.,310
2021,힙화점,(<영>hip貨店),혼성,최신 트렌드에 밝으면서도 고유한 개성과 감각을 느낄 수 있는 백화점. 유행에 밝음을 의미하는 영어 단어 ‘힙(hip)’과 ‘백화점’을 결합하여 만든 말이다.,¶{힙화점은} 밀레니얼 세대에서도 자기만의 취향이 가장 뚜렷한 ‘크리에이터’를 주요 타깃으로 한다.,67
2022,가상세계패션,(假象世界<영>fashion),,가상 세계에 등장하는 아바타에게 사용하기 위해 디지털 기술을 활용하여 만든 패션 제품.,¶O 대표는 온라인에서 보내는 시간이 많아지면서 ‘{가상 세계 패션’에} 대한 수요가 늘어날 것이라고 하였다.,36
2022,가스테란투스익스팅크투스,(<라>Gasteranthus extinctus),,"게스네리아과의 한 종류. 짙은 홍색의 꽃이 피며 열대, 아열대에서 자란다. 1981년에 처음으로 발견되었을 당시에 이미 멸종된 것으로 알려졌으나 2021년 11월 에콰도르 서부의 센티넬라 산에서 다시 발견되었다.","¶남미 에콰도르에 서식하는 ‘{가스테란투스 익스팅크투스’는} ‘멸종’이라는 단어에서 유래한 이름의 의미 그대로 40년 전에 이미 멸종했다고 여겨졌지만, 최근에 다시 발견되었다.",3
2022,가스플레이션,(<영>gasflation),차용,가스 가격의 상승으로 인해 발생하는 인플레이션. 에너지 공급의 부족과 친환경 정책 등 복합적인 원인으로 인해 발생한 물가 상승 현상이다.,¶친환경 정책들로 인해 {가스플레이션이} 시작되었다는 분석도 존재했다.,10
2022,가입자퇴직급여보장법,(加入者退職給與保障法),,가입자가 별도로 지시하지 않아도 금융 회사가 사전에 정해진 방법으로 퇴직 연금을 운용하여 퇴직 연금 가입자의 노후 대비 자산 형성에 이바지하고자 제정한 법률.,¶‘{가입자 퇴직 급여 보장법’이} 여야의 합의에 의해 국회 본회의를 통과하면서 퇴직 연금 가입자의 지시가 따로 없어도 금융 회사가 사전에 미리 정한 방법으로 퇴직 연금을 운용하게 된다.,33
2022,가족돌봄청년,(家族돌봄靑年),,"정신적, 신체적 질병이나 장애, 약물 중독 따위의 문제를 가진 가족을 돌보는 청년.","¶{가족 돌봄 청년에} 대한 사회적 책임을 요청하는 목소리가 커짐에 따라, 지난해 정부는 {가족 돌봄 청년을} 지원하는 방안을 마련했다.",310
2022,가족돌봄청소년,(家族돌봄靑少年),,"정신적, 신체적 질병이나 장애, 약물 중독 따위의 문제를 가진 가족을 돌보는 청소년.",¶{가족 돌봄 청소년이} 사회에서 존중받으면서 건강하게 성장할 수 있도록 하기 위한 조례안이 검토되고 있다.,310
2022,가짜무새,(假짜鵡새),혼성,‘모든 게 가짜’라고 주장하는 사람을 이르는 말.,"¶“이것도 가짜.”, “저것도 가짜.”라고만 하는 {가짜무새랑은} 대화하기가 어렵다.",1
2022,가피단,(加被團),축약,‘가습기 살균제 합의를 위한 피해자 단체’를 줄여 이르는 말. 가습기 살균제로 인한 피해 회복을 위하여 13개의 피해자 단체로 구성되었다.,¶13개의 피해자 단체로 구성된 {가피단은} 그동안 피해자들이 요구했던 사항들에 대해 기업의 합당한 배상이 없었다며 아쉬움을 나타냈다.,28
2022,간병이혼,(看病離婚),,부모의 간병을 하는 기간 동안 갈등이 생겨 하게 되는 이혼. 주로 배우자의 부모의 나이가 많아진 오래된 부부 사이에서 나타난다.,¶고령화 사회가 되면서 ‘{간병 이혼’이라는} 말이 있을 만큼 노부모 간병이 사회적인 문제가 되고 있다.,9
2022,간호인력인권법,(看護人力人權法),,간호사 한 명당 환자 수를 규정하는 법률. 코로나19가 오랜 기간 이어져 오고 있는 상황에서 간호사의 업무 가중 해소와 인력 부족 문제를 해결하기 위한 방안을 의미한다.,¶간호사 한 명당 환자 수를 법적으로 제한하는 내용을 담고 있는 ‘{간호 인력 인권법’} 제정을 위하여 간호사들이 거리로 나섰다.,310
2022,갈대멍,,합성,갈대의 움직임을 멍하니 바라보며 아무 생각 없이 시간을 보내는 일.,¶가을에는 낭만이 흐르는 강진만 갈대 축제에 가서 {갈대멍을} 하며 시간을 보낼 것을 추천한다.,1
2022,감동심해,(感動심해),,아주 크게 느끼어 마음이 움직임. ‘심하다’의 활용형과 깊은 바닷속을 의미하는 ‘심해’의 발음이 같다는 점을 이용하여 재미있게 이르는 말이다.,¶이 언니는 정말 미모도 노래도 ‘{감동 심해’라고요.},44
2022,감트코인,(감<영>←bitcoin),혼성,감자의 가격이 암호 화폐의 시세처럼 불안정하다는 것을 비유적으로 이르는 말. ‘감자’와 암호 화폐를 뜻하는 ‘비트코인’을 결합하여 만든 말이다.,¶국내의 감자 가격이 갑자기 많이 오르자 소비자들 사이에서는 암호 화폐의 시세처럼 감자 가격이 불안정하다는 의미로 ‘{감트코인’이라는} 말도 나온다.,2
2022,개리야스,(개<에>←medias),혼성,개가 입는 내의를 이르는 말. ‘개’와 속옷을 뜻하는 ‘메리야스’를 결합하여 만든 말이다.,"¶회사측은 반려견이 사람보다 체온이 높고 무더위에 취약하여 반려견용 기능성 제품을 제작하게 되었고, 사람 내의와 디자인이 비슷하다는 점에서 ‘{개리야스’라는} 별칭을 붙였다고 하였다.",310
2022,개발이익국민환수제,(開發利益國民還收制),,국가가 토지를 개발하면서 얻게 된 개발 이익에 대해 공공 환수를 의무화하고 개발 이익을 국민에게 돌려주는 제도.,"¶O 지사는 앞으로 개발 이익에 대한 불로 소득의 공공 환수를 의무화하고, 부동산 개발 이익에 대해서는 전부 국민에게 돌려주는 ‘{개발 이익 국민 환수제’를} 도입할 예정이라고 하였다.",290
2022,개인경계선,(個人境界線),,가상 세계에서 성희롱이나 학대 등을 막기 위해 일정 거리 이상 다른 아바타가 진입할 수 없도록 설정한 경계선. 아바타 간에 진입할 수 없도록 설정된 거리는 1.2m(4피트)이다.,¶가상 세계에서 누군가의 아바타가 자신의 아바타에 접근하더라도 {개인 경계선} 내로는 들어올 수 없게 만들어 가상 세계에서의 성희롱을 차단한다.,22
2022,검당유착,(檢黨癒着),,검찰과 야당이 서로 깊은 관계를 가지고 결합해 있음. 또는 검찰과 야당 사이의 부도덕한 밀착 관계.,¶O 대표는 이 사건을 ‘사상 초유의 {검당 유착’이라고} 언급하며 하루 빨리 진상을 조사하여 국민들에게 보고하여야 한다고 주장했다.,210
2022,검수단박,(檢搜段剝),축약,‘검찰의 수사권을 단계적으로 박탈함’을 줄여 이르는 말. 검찰이 수사권을 가진 6대 범죄 중 4개 분야를 이관하고 2대 범죄에 해당하는 부패 및 경제 범죄로 수사권을 축소하는 것이 주요 내용이다.,¶여야가 합의한 ‘{검수단박’은} 검찰이 수사권을 가지고 있는 6대 범죄 중 경제 및 부패 범죄는 한시적으로 남겨 두고 대형 참사와 선거ㆍ공직자ㆍ방위 사업 범죄는 박탈하는 것을 골자로 한다.,23
2022,검수더박,(檢搜더剝),축약,‘검찰의 수사권을 더 박탈함’을 줄여 이르는 말. 검찰의 수사권을 현재보다 더 제한해야 한다는 주장이다.,¶O 위원은 한국에서 검찰의 직접 수사가 지나치게 많이 이루어지고 있으므로 ‘검수완박’은 부당하지만 ‘{검수더박’은} 옳은 방향이라고 주장하였다.,3
2022,검수덜박,(檢搜덜剝),축약,"‘검찰의 수사권을 덜 박탈함’을 줄여 이르는 말. 검찰의 직접 수사권의 범위를 축소하되, 일부 사전에 대해서는 수사도 가능하도록 조정하는 것을 말한다.",¶개정안에는 검찰의 6대 범죄에 대한 수사권 중 부패 및 경제 범죄로 축소한 내용이 포함되었기 때문에 검찰 수사권의 완전 박탈이 아닌 ‘{검수덜박’이라는} 말까지 등장했다.,94
2022,검수완박법,(檢搜完剝法),축약,"‘검찰의 수사권을 완전히 박탈하는 법안’을 줄여 이르는 말. 검찰의 수사권과 기소권을 분리하도록 한 법안으로, 검찰은 법률에서 정한 경우를 제외하고는 기소와 공판 업무만 하게 된다.",¶그는 이것이 ‘{검수완박법’이} 아니라 국회가 검찰을 정상화하기 위한 법이므로 신속하게 처리해야 한다고 주장하였다.,310
2022,검역정보사전입력시스템,(檢疫情報事前入力<영>system),,대한민국 입국 시 소요되는 검역 조사 시간을 단축하고 입국자의 편의를 도모하기 위해 질병 관리청이 구축한 시스템.,"¶우리 정부는 ‘{검역 정보 사전 입력 시스템’을} 구축하여 해외 입국자가 여권 번호, 예방 접종 여부, 건강 상태, 체류지 주소 등의 정보를 사전에 입력하도록 하는 입국자 관리는 계속 진행할 것이다.",310
2022,검월완박,(檢月完剝),축약,‘검사의 월급을 완전히 박탈함’을 줄여 이르는 말. 검사의 보수 규정을 행정부의 공무원법 체계로 일원화하여 행정기관 간의 형평성을 도모하자는 내용을 담은 법안을 말한다.,"¶얼마 전 검사의 월급을 깎자는 내용의 법안이 화제를 모았는데, 언론은 이에 대해 ‘검사 월급 완전 박탈’이라는 의미에서 ‘{검월완박’이라고} 불렀다.",37
2022,검찰면담제,(檢察面談制),,"사전 구속 영장이 신청된 피의자를 검찰이 직접 면담하여 변론의 기회를 주는 제도. 영장의 심사를 강화하고, 피의자의 변론권을 보장하여 부당한 구속을 방지하기 위한 제도를 말한다.","¶{검찰 면담제에} 따르면, 검사는 특별한 이유가 없는 한 피의자를 조사하거나 면담한 당일에 구속 영장의 청구 여부를 결정해야 한다.",47
2022,검찰정상화법,(檢察正常化法),,검찰의 개혁을 통해 검찰을 정상적인 상태가 되도록 만드는 법안을 이르는 말. 검찰을 개혁하기 위한 것으로 검찰의 수사권을 없애자고 주장하는 법안을 말한다. =검수완박법.,¶몇몇 의원들은 개혁을 위한 시간이 충분하지 않으므로 {검찰 정상화법의} 입법 진행을 강력하게 촉구한다고 강조하였다.,292
2022,검핵관,(檢核關),축약,‘검찰 출신의 핵심 관계자’를 줄여 이르는 말.,¶이번 인사 개편은 홍보와 정무 등에 집중되어 있고 인사나 법무 비서관 등의 검찰 출신은 문책을 받았다는 소식이 들리지 않아 {검핵관의} 존재가 더욱 부각되고 있는 것으로 보인다.,310
2022,결송하다,(結悚하다),접미 파생,결혼해서 죄송하다. 코로나19에 따른 방역 지침으로 인해 결혼식을 미루거나 친족 외에는 초대하지 못하는 상황에 쓰이는 말이다.,"¶코로나19에 따른 방역 지침으로 인해, 지인들을 초대하지 못하고 이런 때 결혼해 죄송하다고 말하면서 ‘{결송합니다’라는} 말이 나오고 있다.",2
2022,결장협착증,(結腸狹窄症),,맹장과 직장 사이에 있는 결장에 작은 덩어리가 생겨 장내가 좁아지는 증상. 고령층에게 자주 나타나는 질환으로 주기적인 복통을 유발한다.,"¶O은 {결장 협착증을} 위한 수술을 받았으며, 직장과 연결된 결장의 일부를 절제했다고 한다.",310
2022,경수완박,(警搜完剝),축약,‘경찰의 수사권을 완전 박탈함’을 줄여 이르는 말.,¶앞서 검찰이 검수완박 상황을 맞은 것과 비슷하게 경찰에게 ‘{경수완박’} 상황이 발생할 것이라고 한다.,67
2022,경육남,(慶六男),축약,‘경상도 출신의 육십 대 남자’를 줄여 이르는 말.,¶내각 인선은 능력을 중심에 두었다고 하지만 서울대 출신의 50대 남성을 뜻하는 ‘서오남’과 경상도 출신의 60대 남성을 일컫는 ‘{경육남’이라는} 비판을 의식하지 않을 수 없다.,152
2022,경제특례시,(經濟特例市),합성,일자리 창출 및 투자 유치 등을 통해 경제를 활성화하여 경제 분야에서 특례가 인정되는 도시.,¶O 후보는 경제통 이미지를 부각하여 OO를 ‘{경제특례시’로} 만들어 대기업을 유치하겠다는 공약을 발표하였다.,310
2022,경제부스터샷,(經濟<영>booster shot),,서민 경제를 되살리기 위하여 코로나19로 인해 피해를 입은 국민들에게 제공되는 경제 지원 대책을 이르는 말.,¶그는 코로나19로 인해 자영업자와 소상공인의 손실이 이 년 이상 지속되고 있는 상황에서 ‘{경제 부스터 샷’으로} 경제 회복을 위한 대책을 마련하겠다고 약속했다.,310
2022,고끝낙온,(苦끝樂온),축약,‘고생 끝에 낙이 온다’를 줄여 이르는 말.,"¶‘내로남불, 달삼쓰뱉, {고끝낙온’} 등과 같은 네 글자 조합이 활개를 친다.",3
2022,고등직업교육거점지구지원사업,(高等職業敎育據點地區支援事業),,"지자체와 기업, 전문 대학이 연합체를 조직하여 교육 체계를 개편하고 지역 내의 특화 분야를 선정하는 등의 방법으로 대학이 지역의 거점의 역할을 맡을 수 있도록 지원하는 사업.",¶전문 대학을 위한 협의회는 기초 지방 자치 단체와 전문대가 연계하여 평생 직업 교육을 강화하고 지역 특화 분야를 중심으로 학과를 개편하는 ‘{고등 직업 교육 거점 지구 지원 사업’의} 추친을 요구하였다.,5
2022,고소절연작업차,(高所絕緣作業車),,높은 위치에 있는 고압 전기 시설에 대한 작업이 가능하도록 절연 설비를 갖춘 차량.,¶이번 사고는 고압 전기 작업에 사용되는 {고소 절연 작업 차가} 아닌 일반 트럭을 타고 작업하면서 발생한 것이다.,100
2022,고용평등임금공시제,(雇傭平等賃金公示制),,"성별, 고용 형태별로 임금과 근로 시간 등에 대한 정보와 임금 격차 현황을 공개적으로 게시하여 일반에게 의무적으로 알리는 제도.",¶O 후보는 노동 시장의 구조적 임금 차별을 개선하기 위해 공공 분야부터 ‘{고용 평등 임금 공시제’를} 도입하겠다고 말했다.,310
2022,고준위특별법,(高準位特別法),,고준위 방사성 폐기물을 안전하게 관리하기 위한 절차와 원칙 및 관리 시설의 부지 선정 등에 관한 내용을 담고 있는 법률. =고준위 방사성 폐기물 관리에 관한 특별법.,¶‘{고준위 특별법’의} 발의에 반대하는 단체에서는 이 법안이 고준위 방사성 폐기물의 안전한 처분과 관리를 위한 법안이 아니라고 주장하였다.,310
2022,고짠,,축약,‘고소하고 짠맛’을 줄여 이르는 말.,¶새롭게 출시된 빵은 베이글을 연상하게 하는 모양으로 고소하고 빵 위에 소금을 뿌려 {고짠의} 묘미를 살렸다.,65
2022,골푸어,(<영>▼←golf poor),혼성,자신의 경제력에 비해 비싼 골프 용품들을 구매하여 경제적으로 궁핍한 생활을 하는 사람.,¶골프 때문에 궁핍해진 사람들을 ‘{골푸어’라} 부르기도 하였다.,13
2022,공간결정론,(空間決定論),,공간이 사람의 생각과 행동에 영향을 준다는 관점.,"¶지리학에서 지리 결정론과 환경 결정론은 알려져 있지만, 건축학의 {공간 결정론은} 다소 생소한 개념이다.",7
2022,공공금융플랫폼,(公共金融<영>platform),,"소상공인과 같은 금융 소외층을 중심으로 금융 서비스를 합리적으로 제공받을 수 있는 시스템. 인천시가 설립을 추진하였으며, 인천 이음카드를 업그레이드한 것을 말한다.",¶O 후보는 지역 공공성의 확보를 위하여 신혼부부 주택 자금이나 학자금 등에 대해 낮은 금리로 대출을 지원하고 소상공인 및 금융 소외 계층에 금융 서비스를 제공하는 {공공 금융 플랫폼의} 운영 방식과 설립 형태에 대해 검토할 것이라고 하였다.,100
2022,공공매입약정,(公共買入約定方式),,지방 자치 단체나 정부가 주택을 매입하기로 약속하여 정하는 방식.,"¶테마형 매입 임대 주택은 입주자의 특성에 맞게 민간 운영사가 운영 테마를 미리 정하여 {공공 매입 약정 방식으로} 건설하고, 테마에 맞는 입주자를 선발하여 서비스를 제공하는 형태의 공공 임대 주택이다.",165
2022,공급망안정화기금,(供給網安定化基金),,"공급망을 안정시킬 수 있도록 도움을 주는 기업들에게 정부가 재정, 금융, 세제 혜택을 주기 위하여 마련한 기금. 글로벌 공급망 위기에 대응하기 위한 정부의 방안을 말한다.","¶O 의원이 대표 발의한 ‘공급망 기본법’은 대통령 직속 기관으로 공급망 안정화 위원회를 설치하고, 경제 안보 품목 지정, 지원하며, ‘{공급망 안정화 기금’을} 설치하는 등의 내용을 포함하고 있다.",310
2022,공수완박,(公搜完剝),축약,‘공수처 수사권을 완전히 박탈함’을 줄여 이르는 말. 검찰의 수사권을 박탈하는 법안이 국회를 통과할 경우 고위 공직자 범죄 수사처의 수사권 또한 영향을 받을 것이라는 내용을 말한다.,¶검찰의 개혁을 주장하던 정당이 ‘검찰의 수사권 완전 박탈’을 의미하는 ‘검수완박’의 법안을 입법하면서 ‘{공수완박’이라는} 논란이 불거졌다.,15
2022,공직후보자역량자격시험,(公職候補者力量資格試驗),,"국민의힘 소속으로 선거에 출마하려는 기초 의원 또는 광역 의원 예비 출마자를 대상으로 정당법, 지방 자치법, 당헌, 당규 등의 직무 수행 능력과, 시사 현안을 묻는 시험. 2022년에 처음 도입되었으며, 공직 후보자 기초 자격 평가, 공천 시험, 공천 자격 시험, 공직 후보자 자격 시험 등으로 불린다.",¶공천 신청자들은 곧 시행될 {공직 후보자 역량 자격시험에} 참여하여 동등한 기준으로 지방 선거에 출마하는 것을 합의하였다.,4
2022,광자력계,(光磁力計),,지구 자기장의 십억분의 일 정도에 불과한 아주 약한 자기장의 변화도 감지할 수 있도록 만든 자력계.,¶이 프로젝트는 암흑 물질 유력 후보인 액시온과 원자핵이 만났을 때 나타나는 미세한 자기장의 변화를 {광 자력계로} 측정하려는 시도이다.,3
2022,교육회복추진단,(敎育回復推進團),,"코로나19의 장기화로 인해 발생하게 된 학생들의 학습, 사회성 등의 교육 결손을 해결하기 위하여 만들어진 추진단. 국내에서는 인천시 교육청이 최초로 시행하였다.","¶O 교육감은 코로나19로 발생한 학습 결손의 회복을 위하여 {교육 회복 추진단의} 구성 및 학교 방역 강화, 혁신 미래 교육 추진 등을 제안하였다.",163
2022,굥정,(굥正),생성,"공정하지 못하다는 의미로 사용되며 ‘공정’을 비꼬아 이르는 말. ‘굥’은 대통령의 성인 ‘윤’을 뒤집어 쓴 것으로, 온라인 커뮤니티에서 밈으로 사용된다. 차별 및 비하하는 의미가 포함되어 있으므로 사용에 주의가 필요하다.",¶대통령실의 사적 채용을 소식을 들은 국민들은 대통령이 강조했던 ‘공정’은 허울뿐인 ‘{굥정’에} 불과하냐며 분통을 터트렸다.,109
2022,국가데이터혁신지구,(國家<영>data革新地區),,정부 데이터의 활용과 관리의 구심점 역할을 수행하는 기능이 집중된 거점 지역. 세종시가 정치 및 행정 수도로 입지를 굳히기 위한 방안 중 하나이다.,¶OO시는 분산된 공공 데이터의 관리 기관을 행정 중심 복합 도시에 집적하여 ‘{국가 데이터 혁신 지구’를} 조성하기로 하였다.,63
2022,국가민속유산,(國家民俗遺産),,국가가 심의를 거쳐서 보호 대상으로 지정한 민속 유산. ‘국가 민속 문화재’에 대한 새로운 이름이다.,"¶국가 지정 문화재인 천연기념물, 사적, 보물, 국보의 명칭은 유지되지만, 국가 민속 문화재와 국가 무형 문화재는 각각 {국가 민속 유산과} 국가 무형 유산으로 변경된다.",275
2022,국가우주산업벨트,(國家宇宙産業<영>belt),,국가 우주 산업의 육성을 위한 중심지로 만들기 위하여 경상남도와 전라남도의 일부 지역을 하나로 묶어서 지정한 구역.,"¶전라남도는 남해안 남부권을 메가시티로 확대하기 위한 방안으로 {국가 우주 산업 벨트,} 국제 행사 성공 개최, 해양 쓰레기 및 어장의 공동 협력 체계 구축 등을 제안하였다.",160
2022,국가우주정책연구센터,(國家宇宙政策硏究<영>center),,"국내외 우주 개발과 관련된 이슈와 현황 등에 대해 객관적인 분석과 연구를 목적으로 설립된 연구 기관. 우주 산업을 육성하기 위하여 민간에서 필요로 하는 정책 수립을 지원하며, 정부의 주요한 우주 개발 계획의 수립을 지원한다.","¶국가 우주 정책의 싱크 탱크를 맡게 될 전담 연구 기관인 {국가 우주 정책 연구 센터가} 과학 기술 정책 연구원에 설립되었으며, 우주 개발 진흥 기본 계획 등과 같은 정부의 주요한 우주 개발 계획의 수립을 지원한다.",310
2022,국가유산기본법,(國家遺産基本法),,국가 유산 체제의 변화를 위하여 문화 유산의 유형별 특성에 맞게 필요한 사항을 정한 법률.,"¶문화재청은 ‘문화재’를 ‘유산’의 개념으로 변경하며, ‘{국가 유산 기본법’을} 중심으로 문화재와 관련된 법 체제를 정비할 계획이다.",310
2022,국가자원안보특별법,(國家資源安保特別法),,공급 기관이 핵심 자원을 의무적으로 비축할 수 있도록 필요한 사항을 제정한 법률. ‘공급망 기본법’ 및 ‘소재ㆍ부품ㆍ장비 산업 경쟁력 강화를 위한 특별 조치법 개정안’과 함께 ‘공급망 삼법’으로 불린다.,"¶정부는 공급망 관리의 핵심 사업을 지원하기 위한 안정적인 기금 확보 방안을 마련할 계획이며, 산업 및 자원 분야의 공급망 관리를 좀 더 촘촘하게 하기 위하여 ‘{국가 자원 안보 특별법’을} 추진할 것이다.",310
2022,국가전략기술육성특별법,(國家戰略技術育成特別法),,국가 차원에서 민간의 전략 기술 개발을 제도적으로 지원할 수 있도록 필요한 사항을 제정한 법률. 2023년 2월 국회 본회의를 통과하였다.,"¶정부는 경제 및 외교, 안보 관점에서 대체할 수 없는 원천 기술의 확보를 위하여 ‘{국가 전략 기술 육성 특별법’을} 제정하고, 전략 기술을 위한 로드 맵을 마련하겠다고 하였다.",310
2022,국가전략기술제품,(國家戰略技術製品),,"반도체 및 배터리, 백신 분야에서 지정된 65개의 기술로 생산되는 제품.","¶일반 제품과 {국가 전략 기술 제품을} 동시에 생산하는 시설에 대해서도 시설 투자에 대한 세제 지원은 허용되지만, 세제 혜택을 위해서는 생산 비율을 준수해야 한다.",87
2022,국가전임상시험지원센터,(國家前臨牀試驗支援<영>center),,"최초의 국산 코로나19 백신 개발을 위하여 전임상 시험을 위한 통합 관리 기반을 구축하고, 연구 개발의 효율성 제고를 위해 특허 연구 데이터베이스와 특허 분석을 제공하는 기관.",¶정부는 {국가 전임상 시험 지원 센터를} 통해 전임상 시험에 대한 지원이 상시적으로 이루어진다면 앞으로 발생할 수 있는 신종 또는 변종 감염병에 더욱 효과적으로 대응할 수 있을 것이라고 기대하고 있다.,310
2022,국가지도차량,(國家指導車輛),,국가가 위기 상황에 처할 경우 국가 위기 관리 센터를 대신하여 그 역할을 수행하는 차량. =국가 지도 통신 차량.,¶안보 위기나 재난과 같은 비상 상황에서 종합적인 대응이 가능한 장소를 놓아둔 채 비상용인 {국가 지도 차량을} 사용하는 것은 위기 대응 능력을 축소시키는 선택이라는 지적이 나왔다.,10
2022,국가지도통신차량,(國家指導通信車輛),,국가가 위기 상황에 처할 경우 국가 위기 관리 센터를 대신하여 그 역할을 수행하는 차량. =국가 지도 차량.,¶인수 위원회는 O 당선자가 이동용 지휘소라 할 수 있는 ‘{국가 지도 통신 차량’을} 활용하여 국가 재난 상황과 안보 위기 상황에 대응하기로 하였다.,140
2022,국가첨단전략기술,(國家尖端戰略技術),,반도체와 이차 전지 등을 포함하는 첨단 기술. 첨단 산업의 경쟁력 강화와 경제 안보 확보를 목적으로 지정하였다.,¶‘국가 첨단 전략 산업 특별법’의 주요 내용은 정부가 경제 안보나 국가 안보에 미치는 영향과 연관 효과가 큰 기술에 대해 {국가 첨단 전략 기술로} 지정하는 것이다.,310
2022,국가첨단전략산업,(國家尖端戰略産業),,"반도체, 이차 전지, 백신 등을 포함한 첨단 산업.",¶이번에 가결된 안건은 반도체 등의 산업 명칭을 ‘국가 핵심 전략 산업’이 아니라 ‘{국가 첨단 전략 산업’으로} 정하였다.,310
2022,국가첨단전략산업경쟁력강화및보호에관한특별조치법안,(國家尖端戰略産業競爭力强化및保護에關한特別措置法),,"반도체, 이차 전지, 백신과 같은 전략 산업의 생산, 세제 및 기술 보호 지원에 기여하기 위해 만든 법률. =국가 첨단 전략 산업법.",¶법제 사법 위원회는 정부가 반도체를 포함한 첨단 산업을 지원하고 육성할 수 있는 근거가 되는 법안인 ‘{국가 첨단 전략 산업 경쟁력 강화 및 보호에 관한 특별 조치법’} 또한 의결하였다.,203
2022,국가첨단전략산업특별법,(國家尖端戰略産業特別法),,반도체와 같은 국가 전략 기술이 성장할 수 있도록 하기 위한 지원에 필요한 사항을 규정한 법.,"¶산업 통상 자원부는 ‘{국가 첨단 전략 산업 특별법’을} 근거로 하여 첨단 전략 기술 및 이에 기반한 산업의 생산 시설과 투자 인센티브, 개발 업무 등의 전폭적인 지원책을 펼칠 예정이다.",310
2022,국가첨단전략산업법,(國家尖端戰略産業法),,"반도체, 이차 전지, 백신과 같은 전략 산업의 생산, 세제 및 기술 보호 지원에 기여하기 위해 만든 법률. 2022년 하반기부터 시행되었으며 정식 명칭은 ‘국가 첨단 전략 산업 경쟁력 강화 및 보호에 관한 특별 조치법’이다. =국가 첨단 전략 산업 경쟁력 강화 및 보호에 관한 특별 조치법.",¶전문가들은 {국가 첨단 전략 산업법을} 제정하여 국내 핵심 산업의 기술 보호 장치가 시급하다고 지적하였다.,310
2022,국립뮤지컬진흥원,(國立<영>musical振興院),,한국 뮤지컬 산업의 기반 조성과 체계화된 지원 정책을 설계하고 실행하기 위해 설립될 기관.,¶뮤지컬 전담 기관인 {국립 뮤지컬 진흥원이} 설립될 경우 한국 뮤지컬 산업의 중추적인 역할을 할 수 있게 될 것으로 보인다.,29
2022,국립지질유산센터,(國立地質遺産<영>center),,화석 자연 유산의 통합적인 관리와 화석 산지의 활성화 방안을 마련하기 위해 설립될 기관. 서부 경남 지역 화석 산지의 효율적인 연구와 관리 등을 위하여 진주시가 유치를 추진하였다.,"¶진주시는 ‘{국립 지질 유산 센터’의} 건립을 추진하기 위하여 진주와 인근 지역에서 발견되고 있는 자연 유산 자원을 활용한 관광 콘텐츠를 확립하고, 이들을 효과적으로 활용하고 보존할 수 있는 방안을 마련할 계획이다.",215
2022,국민안심지원제도,(國民安心支援制度),,갑작스러운 위기 상황에 처한 국민들에게 정부가 적절한 복지 서비스를 지원하여 위기 상황을 해결할 수 있도록 돕는 제도. 취약 계층만 이용할 수 있었던 기존의 긴급 복지 지원 제도를 확대 개편하여 위기에 처한 대부분의 국민이 신청 가능하도록 하였다.,¶O 후보는 그동안 취약 계층만 이용할 수 있었던 기존의 긴급 복지 지원 제도를 확대하여 위기에 처한 대부분의 국민이 신청 할 수 있는 ‘{국민 안심 지원 제도’로} 개편하겠다고 공약하였다.,138
2022,국민우수제안협의체,(國民優秀提案協議體),,민관 협동 심사 위원들이 국민들이 제안한 우수한 정책을 선정하는 협의체. 선정된 우수 제안을 온라인 국민 투표에 올려 국민과의 소통의 기능을 강화한다는 정부의 방침을 반영한 것이다.,"¶정부는 10명 내외의 민관 협동 심사 위원을 구성하고 ‘{국민 우수 제안 협의체’를} 만들어 우수 제안을 선정한 후 이를 온라인 국민 투표에 부치고, 국정 운영에 적극적으로 반영할 계획이다.",110
2022,국제메탄서약,(國際<영>methane誓約),,2020년과 비교하여 2030년까지 메탄의 배출을 최소 30% 이상 줄인다는 내용의 서약. 메탄이 기후 변화에 영향을 미치는 온실가스이므로 이와 관련하여 국제적 메탄 감축 협력에 대한 논의가 반영된 것이다. =글로벌 메탄 서약.,"¶인도는 130억 달러 규모의 ‘클린 인디아’ 프로젝트는 추진하고 있지만, ‘{국제 메탄 서약’에는} 참여하지 않고 있다.",310
2022,국특완박,(國特完剝),축약,‘국회 의원의 특권을 완전히 박탈함’을 줄여 이르는 말.,¶‘{국특완박’을} 주장하는 사람들은 국회 의원이 누릴 수 있는 다양한 특권은 국민을 대표하기 때문에 주어지는 것으로 의원 개개인을 위한 것이 아니라고 강조하였다.,22
2022,국현미,(國現美),축약,‘국립 현대 미술관’을 줄여 이르는 말.,¶이번 달 1일부터 ‘{국현미’에서는} 현대 회화와 조소 등 다양한 컬렉션이 전시된다.,100
2022,굿힘당,(굿힘黨),혼성,"‘굿’과 ‘국민의 힘’을 결합하여 만든 말로, 국민의 힘 후보의 선거 대책 본부에 무속인이 개입되었음을 이르는 말. 차별 및 비하하는 의미가 포함되어 있으므로 사용에 주의가 필요하다.",¶야당 국회 의원인 그는 국민의 힘은 당분간 ‘{굿힘당’이라는} 비판에서 벗어나기 어려울 것이라고 지적하였다.,38
2022,궁케팅,(宮<영>←ticketing),혼성,"궁궐을 의미하는 ‘궁’과 ‘티켓팅’을 결합하여 만든 말로, 궁궐에서 열리는 기획 행사에 참여하기 위한 예매 경쟁이 치열하다는 것을 이르는 말.","¶궁궐을 체험하는 행사는 대부분 온라인 예매를 통하여 이루어지는데, 예매 경쟁이 치열하여 ‘{궁케팅’이라는} 말까지 등장하였다.",59
2022,규제심판제,(規制審判制),,민간 전문가가 참여하여 현행 규제의 개선 및 중립적인 심사를 권고하기 위해 마련한 제도. 주로 투자 계획이 신속하게 실현되도록 하기 위하여 투자에 걸림돌이 될 수 있는 각종 규제를 개선하는 것을 말한다.,¶정부는 경제 체질을 개선하여 재도약의 계기를 마련하고자 산업 현장에서 실제 규제 내용에 대해 살펴본 후에 판단하는 ‘{규제 심판제’를} 도입한다.,129
2022,그레이그린,(<영>grey green),,기후 위기에 적극적으로 대응하는 노인층을 이르는 말.,¶해외에서 노년층이 주도하는 환경 운동이 확대되면서 한국판 ‘{그레이 그린’이} 첫발을 내디뎠다.,310
2022,그린플레이션,(<영>greenflation),차용,산업 구조의 친환경적인 전환이 원인이 되어 일어나는 인플레이션. 기후 위기를 극복하기 위한 세계 각국의 친환경 정책이 가격 인상을 유발한다는 것을 말한다.,¶환경친화적인 정책이 물가의 상승을 압박하는 원인이 되는 ‘{그린플레이션’이} 나타나면서 투자자들 또한 고민에 빠졌다.,310
2022,글로벌메탄서약,(<영>global methane誓約),,2020년과 비교하여 2030년까지 메탄의 배출을 최소 30% 이상 줄인다는 내용의 서약. 메탄이 기후 변화에 영향을 미치는 온실가스이므로 이와 관련하여 국제적 메탄 감축 협력에 대한 논의가 반영된 것이다. =국제 메탄 서약.,"¶‘{글로벌 메탄 서약’에} 따라 메탄가스의 배출량을 줄여야 하는데, 이로 인해 벼를 재배하는 방식에서도 대대적인 변화가 요구되고 있다.",310
2022,기회발전특구특별법,(機會發展特區特別法),,개인이나 기업에게 규제 특례나 파격적인 세제 혜택을 제공하여 지방으로의 이전이나 지방에 대한 투자를 유도하고자 제정한 법률. 정식 명칭은 ‘지방 자치 분권 및 지역 균형 발전에 관한 특별법’이다.,"¶정부는 ‘{기회 발전 특구 특별법’의} 제정을 통하여 해외 진출 기업이 국내로 복귀할 경우 지방으로 투자를 유인하고, 지방에서 주도하는 특화 산업 등을 결정한다는 계획을 제시하였다.",87
2022,기후영향사업,(氣候影響事業),,"온실가스를 줄이는 감축 사업, 연료 소비를 증가시키는 배출 사업 등 기후에 영향을 미치는 사업.","¶서울시는 올해 125개의 사업에서 3,725억 원의 규모를 ‘{기후 영향 사업’으로} 분류하였으며, 이를 통해 99만 톤의 온실가스 감축이 예상된다.",15
2022,기후인지예산제,(氣候認知豫算制),,환경 및 기후가 미치는 효과를 사전에 파악하여 예산의 편성 및 집행에 반영하는 제도. 2022년에 경상남도에서 전국 최초로 시행하였다.,"¶경상남도는 기후에 부정적인 영향을 미치는 사업에 대해서는 사업 계획의 수립 시에 온실가스를 감축하는 방안을 함께 마련할 것을 촉구하였으며, ‘{기후 인지 예산제’의} 시행을 통하여 온실가스의 감축 효과를 확대해 나가고 있다.",34
2022,깊꾸,(<영>▼←gift emoticon꾸),축약,‘기프티콘 꾸미기’를 줄여 이르는 말. 선물을 위해 인터넷상에서 거래되는 상품권인 ‘기프티콘’을 예쁘게 꾸미는 일이다.,¶친구들 사이에서는 단순한 꾸미기 목적 외에도 또 다른 재미있는 용도를 위해 '{깊꾸'가} 사용되기도 한다.,16
2022,깐부쇼어링,(깐부<영>shoring),,"글로벌 경제 위기에 대비하기 위해 동맹국이나 우방국끼리 공급망을 공동으로 구축하는 일. 친한 친구를 뜻하는 ‘깐부’와 재화나 서비스의 생산지를 뜻하는 ‘쇼어링(shoring)’을 결합하여 만든 말이다. 코로나19 팬데믹의 영향으로 글로벌 공급망이 불안정해진 상황에서 나온 말이다. =동맹 쇼어링, 프렌드 쇼어링.",¶코로나19의 확산으로 글로벌 공급망 위기가 전 세계를 강타하자 미국을 중심으로 한 {깐부 쇼어링이} 본격화될 것이라는 전망이 나오고 있다.,46
2022,꼼수완박,(꼼수完拍),축약,"‘꼼수들의 완전한 박자’를 줄여 이르는 말. 2022년 5월, ‘검찰청법 개정안’ 및 ‘형사 소송법 개정안’을 공포하는 과정에서 특정 정당이 째째한 수단들을 박자를 맞추 듯 시의적절하게 동원하였음을 비난조로 이르는 말이다.",¶보수 성향의 한 인터넷 커뮤니티에서는 ‘검수완박’ 법안의 공포는 {꼼수완박이라고} 비판했다.,19
2022,꾸자사모,(꾸資사모),축약,‘꾸준히 자산을 사서 모으자’를 줄여 이르는 말. 장기적인 관점에서 투자하는 방식을 이른다.,¶{꾸자사모를} 주장하는 사람들은 10년 이상 볼 주식이 아니면 사지 말라고 한다.,4
2022,나이토그래피,(<영>▼←night photography),혼성,밤에도 사진을 선명하게 촬영할 수 있게 하는 스마트폰의 카메라 기능. 밤을 뜻하는 ‘나이트(night)’와 사진 촬영 기법을 뜻하는 ‘포토그래피(photography)’를 결합하여 만든 말이다.,¶이번에 새로 출시된 스마트폰은 최신 인공 지능 기술을 이용하여 어두운 밤에도 선명한 사진을 찍을 수 있는 기능인 {나이토그래피를} 지원한다.,310
2022,남산프레스티지벨트,(南山<영>prestige belt),,"서울특별시에 있는 남산을 중심으로 하여 백화점, 호텔, 고급 주거 단지 등이 모인 지역.","¶‘{남산 프레스티지 벨트’에} 들어서는 이 오피스텔에서는 자연과 백화점, 호텔, 미술관 등이 가까이 있어 수준 높은 생활을 누릴 수 있다.",74
2022,내검남네,(내檢남<영>←negative),축약,"‘내가 하면 검증, 남이 하면 네거티브’를 줄여 이르는 말. 주로 정치에서, 남이 할 때는 상대방의 부정적인 면만을 크게 부각시키는 방식이라고 비난하던 행위를 정작 자신이 할 때는 합리화하는 태도를 말한다.",¶경선을 앞두고 두 후보는 {내검남네의} 늪에 빠져 감정 싸움만 하며 충돌하고 있다.,25
2022,내돈내받,,축약,‘내 돈 내고 내가 받음’을 줄여 이르는 말. 국민연금 혹은 여러 복지 정책으로 지원금을 받지만 결국 자신이 납부한 세금을 돌려받는 것에 불과한 상황을 비판적으로 이르는 말이다.,¶조세 부담률이 오른 상황에서 재난 지원금 역시 {내돈내받인} 셈이 아니냐는 지적이 나오고 있다.,3
2022,내비실거리제,(<영>←navigation實거리制),,식당과 배달 장소의 직선 거리가 아닌 내비게이션상의 실제 거리를 기준으로 배달료를 책정하는 요금 체계.,¶노사가 {내비 실거리제를} 도입하기로 합의하였으나 노조는 사측이 여전히 배달료를 깎기 위해 꼼수를 부린다고 지적했다.,1
2022,내손내산,,축약,"‘내 손으로 내가 삼’을 줄여 이르는 말. 주로 물건을 소개하는 상황에서, 광고가 아니라 내 손으로 내가 직접 산 물건임을 나타내기 위해 사용하는 말이다.",¶어제 공연에 대한 계속되는 특혜 의혹에 ‘{내손내산’을} 인증하고 나선 연예인까지 나왔다.,18
2022,내손내잡,,축약,‘내 손으로 내가 잡음’를 줄여 이르는 말. 주로 낚시에서 직접 잡은 물고기들을 가리킬 때 쓰는 말이다.,¶이 영상에는 ‘{내손내잡’을} 위해 바닷속으로 입수하는 스킨 다이버들의 모습이 담겨 있다.,310
2022,너또다,(너또<영>←diet),축약,‘너 또 다이어트하니?’를 줄여 이르는 말.,¶{너또다?} 이번엔 얼마나 가는지 보자.,12
2022,네버코비드,(<영>never COVID),,코로나19 바이러스에 노출되어도 감염이 잘 되지 않음을 이르는 말.,¶전 세계적으로 코로나 후유증 및 ‘{네버 코비드’에} 대한 연구가 활발히 진행되고 있다.,63
2022,네버코비드족,(<영>never COVID族),,코로나19 바이러스에 노출되어도 감염이 잘 되지 않는 사람. 또는 그런 무리.,¶최근 오미크론 변이로 인한 코로나19 확진자가 다시 증가하고 있는 가운데 강한 면역 체계를 가진 ‘{네버 코비드족’에게} 관심이 집중되고 있다.,65
2022,네카라쿠배토당야,(←Naver←Kakao←Line←Coupang配←Toss當야),축약,"대형 아이티 기업 ‘네이버, 카카오, 라인, 쿠팡, 배달의 민족, 토스, 당근 마켓, 야놀자’를 아울러 이르는 말. 각 기업의 앞 글자를 따 만들어진 말이다.",¶{네카라쿠배토당야는} 재택 근무 등의 자유로운 근무 방식과 높은 연봉으로 직장인들의 선호도가 높다.,3
2022,노교수존,(<영>no敎授<영>zone),,대학 교수의 출입을 금지하는 곳. 일부 대학 교수의 무례한 행동으로 다른 손님이 피해를 입지 않도록 하기 위해 대학 교수의 출입을 금지하는 카페나 음식점 따위를 말한다.,"¶최근 노 키즈 존, 노 래퍼 존, {노 교수 존} 등 특정 집단에 속한 사람들이 출입하지 못하게 막는 카페나 음식점이 늘고 있다.",57
2022,노동전환지원금,(勞動轉換支援金),,"기업에서 고용주가 근로자의 직무 이동을 돕는 서비스를 제공할 경우, 정부에서 해당 근로자에게 지급하는 지원금.","¶정부는 고용 조정을 해야 하는 사업주가 근로자 전직 지원 서비스를 제공할 경우, 대상 근로자에게 월 300만 원씩 최장 12개월간 {노동 전환 지원금을} 지원하기로 결정하였다.",228
2022,노숙런,(露宿<영>run),,"원하는 물건을 구매하기 위해 백화점 등의 개점 시간을 기다리며 밖에서 노숙을 하다가, 개점하자마자 입장해 물건을 구매를 하는 일. ‘노숙’과 달리다를 의미하는 영어 단어 ‘런(Run)’을 결합하여 만든 말이다.",¶가격 인상 소식을 접한 소비자들은 값이 오르기 전에 명품을 사고자 새벽부터 백화점 앞에 줄을 서서 밤을 새는 이른바 ‘{노숙런’을} 반복하고 있다.,80
2022,녹색위장행위,(綠色僞裝行爲),,"실제로는 친환경적인 행동을 하지 않으면서, 마치 친환경적인 행동인 것처럼 거짓으로 꾸미는 행위. 주로 기업에서, 제품 생산 중에 발생하는 환경 오염과 같은 문제는 축소하고, 자원 재활용 따위의 친환경적인 과정만을 강조하는 행위 등을 가리킨다.",¶최근 {녹색 위장 행위와} 관련된 사례가 보고되면서 일부 기업의 친환경 경영의 진정성에 대한 논란이 일고 있다.,310
2022,농접근권,(聾接近權),,어떠한 정보에도 접근할 수 있는 청각 장애인의 권리. 주로 음성 언어로 의사소통이 이루어지는 환경에서 청각 장애인의 원활한 정보 접근을 위하여 수어 통역 따위를 제공하는 등 청각 장애인의 권리를 보장할 수 있는 방안의 필요성이 제기되는 상황에서 나온 말이다.,"¶{농 접근권은} 쉬이 보장되지 않으므로, 농인 당사자의 의견을 귀담아 들으면서 그 내용과 형식에 대해 깊은 고민이 필요하다.",4
2022,농어민기본소득지원금,(農漁民基本所得支援金),,"농어민의 기본 생활을 돕고, 지속적인 농어업 활동을 장려하기 위해 정부가 지급하는 지원금. 지급 주체가 지방 자치 단체일 경우 각 지방 자치 단체에 따라 지급 내용과 용어가 조금씩 다르다.",¶OO도는 올해 연 60만 원을 {농어민 기본 소득 지원금으로} 지급한다.,4
2022,뇌로빅,(腦<영>←aerobics),혼성,신체의 건강을 위하여 에어로빅을 하는 것처럼 뇌의 건강을 위하여 두뇌를 훈련하는 일.,¶전문가들은 뇌 노화를 막기 위한 방법의 하나로 {뇌로빅을} 소개하였다.,19
2022,눕코노미,(눕<영>←economy),혼성,"항공기 내에서 여러 개의 빈 좌석에 누워서 이동하는 것. ‘눕다’와 항공기의 일반석을 뜻하는 ‘이코노미(economy)’를 결합하여 만든 말로, 코로나19의 확산으로 인해 항공기 탑승객이 줄어들자 일반석에서도 주위의 빈 좌석을 이용해 누워서 이동할 수 있게 된 상황에서 나온 말이다.",¶코로나19의 확산으로 인해 탑승객이 적은 항공편에서는 좌우로 빈 세 좌석을 한 명의 승객이 이용하는 {눕코노미의} 혜택을 볼 수 있었다.,38
2022,닉코노미,(<영>▼←nickname economy),혼성,친근하거나 기발한 별명을 가진 제품이 높은 판매량을 보이는 경제 효과를 이르는 말. 별명을 뜻하는 ‘닉네임(nickname)’과 경제를 뜻하는 ‘이코노미(economy)’를 결합하여 만든 말이다.,¶일부 업체들은 {닉코노미를} 위해 제품 출시 단계부터 제품의 별명을 고려하기도 한다.,1
2022,다누리호,(다누리號),접미 파생,"우리나라 최초의 달 궤도 탐사선. 2022년 8월에 미국 케이프커내버럴 항공 우주국 기지에서 발사에 성공하였다. 2022년 12월부터 2023년 12월까지 약 1년간, 달의 남북극 상공 100km를 통과하는 원 궤도를 돌며 달의 표면을 관측하는 역할을 한다.",¶{다누리호는} 카메라와 자기장 측정기를 활용하여 달을 관측하고 달 착륙 후보지를 탐색하는 등의 임무를 수행한다.,310
2022,다중궤도위성,(多重軌道衛星),,"정지 궤도 위성, 저궤도 위성, 중궤도 위성을 모두 포함하는 확장된 위성 시스템을 이르는 말.",¶글로벌 통신 기업과 경쟁하기 위해서는 규모가 작은 사업자들이 공동으로 {다중 궤도 위성} 통신망을 제공할 필요가 있다.,310
2022,달파멸콩,,혼성,"‘달걀, 파, 멸치, 콩’을 아울러 이르는 말. 주로 정치에서, 좌파 성향의 정당을 타파하고 공산주의 또는 공산주의자를 멸하는 기조를 이르는 말이다. 차별 및 비하하는 의미가 포함되어 있으므로 사용에 주의가 필요하다.","¶보수 정권의 지지자들이 모인 온라인 커뮤니티에서는 {달파멸콩} 챌린지에 동참한다는 의미로 ‘달걀, 파, 멸치, 콩’을 장바구니에 담은 후 인증 사진을 찍어 업로드하고 있다.",210
2022,닭피부모,(닭피父母),,"중국 사회에서 닭의 피를 사람에게 수혈하듯, 자녀의 교육에 수단과 방법을 가리지 않는 열성적인 부모를 이르는 말.",¶최근 중국에서는 엘리트 그룹에 자녀를 밀어 넣기 위해 물불 가리지 않는 {닭 피 부모가} 늘어나고 있다.,3
2022,당평세대,(躺平世代),,"중국에서 사회ㆍ경제적 상황으로 인해 취업, 내 집 마련, 결혼 및 출산 등을 포기하고 최저 생계만 유지한 채 소극적으로 지내는 세대.",¶최근 중국에서는 오직 최저 생계만 유지하며 자신들을 돈벌이 수단으로 착취하는 모든 것들에 대하여 소극적으로나마 반항하는 {당평 세대가} 늘어나고 있다.,1
2022,대기정체지수,(大氣停滯指數),,"대기가 정체되어 있는 정도를 수치로 나타낸 지수. 지상 및 대기 상하층에 부는 바람의 세기에 따라서, ‘낮음, 보통, 높음, 매우 높음’의 4단계로 나타낸다.","¶기상청에 따르면 오늘 정오까지 대부분의 지역에서 {대기 정체 지수가} ‘높음’ 이상일 것으로 예상되어, 미세 먼지 농도가 떨어지지 않을 것으로 전망된다.",310
2022,대깨좌,(대깨左),축약,"‘대가리가 깨져도 좌파’를 줄여 이르는 말. 주로 정치에서, 좌파 성향을 지닌 단체나 정당 따위를 맹목적으로 지지하는 사람을 비판적으로 이르는 말이다. 차별 및 비하하는 의미가 포함되어 있으므로 사용에 주의가 필요하다.",¶좌파 성향을 지닌 단체를 조직하고 운영하는 사람들과 그들의 가족까지 합치면 ‘{대깨좌’} 고정표가 수백만은 될 것이라는 의견이 나오고 있다.,3
2022,대사직시대,(大辭職時代),,직장을 그만두는 사람이 많아진 시대. =대퇴직 시대.,¶실리콘 밸리 등지에 위치한 거대 기업들의 경영자들도 ‘{대사직 시대’의} 예외는 아니었다.,33
2022,대장동게이트,(大庄洞<영>gate),,경기도 성남시 분당구 대장동의 개발 사업과 관련된 비리 의혹 사건.,¶대선 후보자의 {대장동 게이트에} 대한 국정 조사를 요구하는 의견이 빗발치고 있다.,310
2022,대장동방지법,(大庄洞防止法),,"민간과 공공이 함께하는 도시 개발 사업의 공공성과 투명성을 높이기 위하여 만든 법안을 아울러 이르는 말. 민관 공동 도시 개발 사업에서, 민간 참여자의 이윤율 상한을 10%로 제한하는 ‘도시 개발법 개정안’, 해당 택지에 분양가 상한제를 적용하는 ‘주택법 개정안’, 개발 부담금을 계획 입지는 40%, 개별 입지는 50% 수준으로 상향하는 ‘개발 이익 환수법 개정안’이 주요 3대 법안이다. 경기도 성남시 분당구 대장동의 개발 사업과 관련된 비리 의혹에 의해 촉발되었기 때문에 이러한 이름이 붙었다.",¶최근 정치권에서는 민간 공동 개발 사업에서 과도한 민간의 이익을 제한하는 일명 {대장동 방지법들이} 잇달아 발의되었다.,310
2022,대퇴직시대,(大退職時代),,직장을 그만두는 사람이 많아진 시대. =대사직 시대.,¶기업들은 역대 최고 매출을 기록하고 있지만 노동자들은 속속 일자리를 떠나는 ‘{대퇴직 시대’를} 맞고 있다.,97
2022,더블링확진,(<영>doubling確診),,감염병 따위의 확진자 수가 기준 기간 대비 두 배 이상으로 급격하게 증가하는 것을 이르는 말.,¶계속되는 {더블링 확진으로} 인해 코로나19 재확산에 대한 우려가 나오고 있다.,4
2022,델타크론,(<그>deltacron),차용,키프로스 공화국에서 최초로 발견된 코로나19의 변이 바이러스. 델타 변이와 오미크론의 혼합종이다. 국가에 대한 낙인 효과를 제거하기 위해 바이러스의 이름을 그리스어 숫자로 대체하게 되었다.,"¶세계 보건 기구에서는 {델타크론이} 프랑스, 네덜란드 등 유럽에서 확산되고 있음을 확인하였다.",310
2022,도그폰,(<영>dog phone),,"반려견이 주인에게 전화를 걸 수 있도록 고안된 휴대 전화. 부드러운 공 모양으로, 반려견이 공을 흔들면 공 내부의 가속도계가 움직임을 감지하여 미리 등록된 번호로 영상 통화를 거는 방식이다.","¶영국에서는 반려견용 휴대 전화인 ‘{도그 폰’이}, 미국에서는 반려견 훈련 기기인 ‘트레이너’가 개발되는 등 최근 반려동물 산업은 디지털 기기의 개발과 판매 영역으로도 확장되고 있다.",8
2022,도제담낭,(陶製膽囊),,담낭 벽의 석회가 침착해서 굳어지는 질병.,"¶담석 환자의 60~70%는 무증상이기 때문에 별도의 수술이 필요하지 않지만, 거대 담석이나 {도제 담낭} 등일 경우에는 악성일 가능성이 있기 때문에 담낭 절제 수술이 필요하다.",15
2022,도한놀이,(渡韓놀이),,"주로 젊은 일본 여성들이 일본 현지에서 한국풍의 장소에 찾아가 한국 음식을 먹으며 한국 여행을 하는 것처럼 노는 일. 코로나19의 확산으로 인해 한국 여행이 어려워지자, 일본 내에서 한국 콘텐츠를 간접적으로나마 즐기기 위하여 생겨난 문화이다.",¶한국 관광 공사는 {도한 놀이를} 소재로 삼은 대규모 한국 관광 캠페인을 펼칠 계획이라고 밝혔다.,310
2022,동맹쇼어링,(同盟<영>shoring),,"글로벌 경제 위기에 대비하기 위해 동맹국이나 우방국끼리 공급망을 공동으로 구축하는 일. 코로나19 팬데믹의 영향으로 글로벌 공급망이 불안정해진 상황에서 나온 말이다. =깐부 쇼어링, 프렌드 쇼어링.","¶코로나19 확산 초기에 중국과 서구 사회의 대립이 심화되자, 미국을 중심으로 {동맹 쇼어링이} 논의되기 시작하였다.",25
2022,득템력,(得<영>←item力),접미 파생,경제적 지불 능력만으로는 구매할 수 없는 희소한 물건을 획득하는 능력.,¶{득템력은} 단순히 높은 가격이 아니라 희소성을 차별화 요소로 두는 복합적인 사회ㆍ문화적인 트렌드에 해당한다.,285
2022,디깅소비,(<영>digging消費),합성,특정 분야에 깊이 파고들어 시간과 돈을 소비하며 만족감을 느끼는 소비 방식. 무언가를 파는 행동을 의미하는 영어 단어 ‘디깅(digging)’과 ‘소비’를 결합하여 만든 말이다.,¶엠제트 세대의 {디깅소비} 트렌드와 일상 속에서 운동을 즐기는 사람이 많아지면서 스포츠 의류에 대한 수요가 늘고 있다.,310
2022,디깅족,(<영>digging族),접미 파생,특정 분야에 깊이 파고들어 시간과 돈을 소비하며 만족감을 느끼는 사람. 또는 그런 무리. 무언가를 파는 행동을 의미하는 영어 단어 ‘디깅(digging)’과 ‘족’을 결합하여 만든 말이다.,¶최근 자신이 좋아하는 분야를 깊게 파고드는 {디깅족이} 늘면서 생활용품 업체들이 다양한 취향을 맞추기 위한 여러 제품들을 내놓고 있다.,310
2022,디지털자산기본법,(<영>digital資産基本法),,"가상 화폐, 암호 화폐, 엔에프티 따위의 디지털 자산에 관한 기본 사항을 정리하고, 디지털 자산의 이용자를 보호하는 것을 주요 목적으로 하는 법안.",¶{디지털 자산 기본법은} 가상 자산에 투자하는 사람들의 보호에 초점이 맞춰져 있는 법안이다.,310
2022,디지털자산통합거래소,(<영>digital資産統合去來所),,"가상 화폐, 암호 화폐, 엔에프티 따위의 디지털 자산을 한데 모아 거래할 수 있는 상설 시장.",¶부산광역시에서는 450억 원 규모의 예산을 투자하여 {디지털 자산 통합 거래소의} 설립을 추진하고 있다.,10
2022,디지털헬스지표,(<영>digital health指標),,"병원 운영 전반에 관한 디지털 전환 정도를 수치로 나타낸 지표. 지배 구조 및 인력, 개인별 맞춤 의료 지원 등의 항목에서의 정보 통신 기술 적용 및 활용의 정도를 평가한다.",¶OO병원은 {디지털 헬스 지표} 400점 만점의 평가에서 308점을 얻어 디지털 의료 생태계 구축에 있어서 그 우수함을 인정받았다.,277
2022,떠돌이쉬파리,,생성,"쉬파릿과의 곤충. 몸의 길이는 8~14mm이며, 가슴은 회색을 띠며 앞가슴 등판에 세 개의 검은색 세로줄이 있다. 날개는 투명하고, 다리는 검은색이다. 사람과 동물의 배설물 주위에 모인다. (Boettcherisca peregrina)",¶법곤충 감정에서 {떠돌이쉬파리의} 산란 시기는 유골의 사망 시점을 추정하는 단서 중 하나이다.,17
2022,러스틱라이프,(<영>rustic life),,도시를 떠나 시골에서 편안함과 매력을 느끼며 사는 생활 방식을 이르는 말. ‘시골 특유의’를 의미하는 영어 단어 ‘러스틱(rustic)’과 ‘삶’을 의미하는 영어 단어 ‘라이프(life)’를 결합하여 만든 말이다.,¶누군가는 복잡한 도시가 아닌 지방에서 ‘{러스틱 라이프’를} 즐기며 행복감을 느낀다.,310
2022,러시스트,(<영>russist),차용,"러시아인을 극단적인 전체주의적 신념을 가진 파시스트로 비난하여 이르는 말. 2022년 러시아가 우크라이나를 침공한 것을 두고, 우크라이나에서 러시아를 비난하기 위해 사용한 말이다.",¶우크라이나 대통령은 {러시스트들이} 우리 도시를 죽음의 수용소로 만들었다면서 러시아를 비난하였다.,60
2022,런치플레이션,(<영>lunchflation),차용,점심 식사에 소요되는 비용이 오르는 현상.,¶고물가에 따른 {런치플레이션이} 심화되면서 비교적 저렴하게 끼니를 해결할 수 있는 도시락에 대한 수요가 늘고 있다.,310
2022,리뷰깡,(<영>review깡),합성,"배달 음식의 리뷰를 악의적으로 작성한 후, 해당 리뷰의 삭제를 조건으로 음식값을 환불받는 행위.","¶최근 배달업계에서는 무리한 배달 요청 사항을 남기는 진상 고객에 이어, {리뷰깡까지} 등장하는 등 자영업자들의 고충이 커져 가고 있다.",7
2022,리핑력,(<영>ripping力),접미 파생,굴삭기 따위의 기계가 땅이나 암석을 파내는 힘.,¶새롭게 개발된 암 파쇄 기계의 최대 {리핑력은} 48톤이다.,2
2022,릴렉스코지룩,(<영>▼relax cozy look),,일상적으로 편안하고 아늑한 느낌을 추구하는 옷차림. 규범 표기는 ‘릴랙스 코지 룩’이다.,"¶최근에는 활동성이 부각되는 옷차림 대신, 일상과 이질감 없는 {릴렉스 코지 룩이} 주목받고 있다.",1
2022,맘따남,(맘따男),축약,‘마음이 따뜻한 남자’를 줄여 이르는 말. 주변 사람에게 정답고 포근한 남자를 말한다.,¶그는 항상 후배들을 사랑으로 끌어 주고 챙겨 줘 왔기 때문에 {맘따남으로} 평가받고 있다.,17
2022,맘시생,(<영>mom試生),혼성,자녀를 둔 여성 공시생을 이르는 말. 어머니를 뜻하는 영어 단어 ‘맘(mom)’과 공무원 채용 시험을 준비하는 사람을 뜻하는 ‘공시생’을 결합하여 만든 말이다.,¶{맘시생들은} 공무원 채용 시험 준비 과정에서 체력 부족을 가장 큰 어려움으로 꼽았다.,29
2022,멍미노피자,(멍←Domino pizza),혼성,반려견이 먹을 수 있도록 만든 피자. 피자 전문점인 ‘도미노 피자’에 빗대어 이르는 말이다.,¶반려견과 반려인이 함께 이용할 수 있는 이른바 ‘퍼피 시네마’에서는 반려견 전용 메뉴인 ‘{멍미노피자’와} ‘멍스킨라빈스’를 판매한다.,48
2022,멍스킨라빈스,(멍←Baskin Robbins),혼성,반려견이 먹을 수 있도록 만든 아이스크림. 아이스크림 전문점인 ‘배스킨라빈스’에 빗대어 이르는 말이다.,¶반려견과 반려인이 함께 이용할 수 있는 이른바 ‘퍼피 시네마’에서는 반려견 전용 메뉴인 ‘멍미노피자’와 ‘{멍스킨라빈스’를} 판매한다.,48
2022,메타보이스,(<영>meta voice),,"웹상에 구축된 가상 세계 플랫폼에 접속하여, 현실 세계에서의 목소리가 아닌 다른 목소리로 의사소통하는 일.",¶오디오 플랫폼 애플리케이션 OO은 {메타 보이스} 커뮤니티로서 엠지 세대의 큰 호응을 얻고 있다.,310
2022,메타사피엔스,(<영>meta<라>sapiens),,웹상에서 아바타를 활용하여 사회문화적ㆍ경제적 활동을 하는 등 가상 공간을 적극적으로 활용하는 사람. =메타버시안.,¶이러한 흐름은 최근 등장한 개념인 일상적으로 메타버스를 활용하며 새로운 라이프 스타일을 만들어가는 것을 의미하는 '{메타 사피엔스'와도} 관련이 있다.,100
2022,메타모빌리티,(<영>meta mobility),,자동차 등의 이동 수단을 매개로 웹상에 구축된 가상 세계 플랫폼의 가상 공간 내에서 이동과 관련된 경험을 하거나 개인적인 시간을 보내는 일. 가상 세계와 현실 세계의 혼합을 뜻하는 ‘메타버스(metaverse)’와 이동을 뜻하는 ‘모빌리티(mobility)’를 결합하여 만든 말이다.,¶OO자동차는 로보틱스 등의 핵심 역량을 집결하여 이동 경험을 혁신적으로 확장할 수 있는 {메타 모빌리티를} 현실화할 계획이라고 발표하였다.,310
2022,메타물리학,(<영>meta物理學),,"사물과 존재의 물리적 특성을 초월하여, 사물의 본질이나 존재의 근본 원리를 탐구하는 학문. 형이상학을 뜻하는 ‘메타 피직스(meta physics)’의 역어이다.","¶이번 학회에서는 이론 물리학자로서 열역학적 연구를 비롯해 생물 물리학, {메타 물리학} 등 다양한 주제의 논문이 발표되었다.",5
2022,메타바이오아트,(<영>meta bio art),,가상 공간 내에 표현된 바이오아트. 주로 컴퓨터나 전자 미디어를 활용하여 예술 작품을 표현한다.,"¶기존의 미디어 아트는 작가들이 입력한 컴퓨터 값에 따라 작품을 만들어 냈다면, {메타 바이오아트는} 작가가 입력한 값을 로봇이 인식하여 새로운 작품을 표현해 낸다는 점에서 차이가 있다.",25
2022,메타소셜네트워크,(<영>meta social network),,"웹상에 구축된 가상 세계 플랫폼에 접속하여, 자신의 생각이나 여러 가지 정보를 교환하며 맺는 사회적 관계.","¶메타버스 전문가들은 올해를 기점으로 ‘메타 커머스’, ‘메타 엔터테인먼트’, ‘{메타 소셜 네트워크}’ 등을 매개로 한 가상 세계로 이주하는 분위기가 거세질 것이라고 분석하였다.",18
2022,메타버시안,(<영>metaversian),차용,웹상에서 아바타를 활용하여 사회문화적ㆍ경제적 활동을 하는 등 가상 공간을 적극적으로 활용하는 사람. =메타사피엔스.,¶메타버스는 생각보다 가깝고 우리의 물리적 현실과 떼려야 뗄 수 없는 관계가 될 것이라며 가상 세계의 참가자를 이르는 {메타버시안이라는} 용어를 소개했다.,4
2022,멸콩,,혼성,"‘멸치’와 ‘콩’의 앞 글자를 따 만든 말로, 공산주의 또는 공산주의자를 멸한다는 뜻을 가진 ‘멸공’을 이와 발음이 유사하도록 만들어 우회적으로 표현한 말. 차별 및 비하하는 의미가 포함되어 있으므로 사용에 주의가 필요하다.",¶멸치와 콩 등으로 장을 보며 자신의 정치적 견해를 전달하는 이른바 ‘{멸콩} 릴레이’에 대한 정치권의 찬반 공방이 이어졌다.,310
2022,무피장타,(無被長打),접두 파생,"야구에서, 투수가 타자에게 장타를 허용하지 않는 일.",¶프로 야구 선수 OOO은 최근 94명의 타자에 대해 연속 2루타 이상을 허용하지 않는 {무피장타} 기록을 이어가며 좋은 경기력을 보여 주고 있다.,46
2022,무지출챌린지,(無支出<영>challenge),,일정 기간 동안 지출을 아예 하지 않는 극단적 절약 운동.,¶요즘 엠지 세대들 사이에선 하루 지출 0원을 목표로 극단적인 절약을 추구하는 ‘{무지출 챌린지’가} 유행이다.,310
2022,뮨파,(뮨派),접미 파생,문재인 대통령의 지지자 중 제20대 대선 과정에서 윤석열 대선 후보를 지지했던 사람들을 뜻하는 말. 문재인 대통령의 성인 ‘문’과 윤석열 대통령의 성인 ‘윤’을 결합하여 만든 말이다.,¶그는 “문재인 지지자이면서 동시에 윤석열 지지자”라고 하면서 스스로를 ‘{뮨파’라고} 말했다.,45
2022,바이미식스,(<영>←bio二未<영>six),축약,"대한민국의 미래 유망 산업으로 예측되는 ‘바이오산업, 이차 전지, 미래 자동차, 6G’를 줄여 이르는 말.",¶O 후보는 ‘바이미식스’가} 미래 산업의 핵심이 될 것이라고 하면서 국가 차원의 적극적 지원이 필요하다고 주장하였다.,144
2022,방심패스,(放心<영>pass),,"‘방역 패스’의 시행이 초래할 수 있는 부정적 상황을 비판적으로 이르는 말. 백신 접종 이력만으로 다중 이용 시설의 출입 가능 여부를 판단하는 것은 백신 접종이 곧 안전하다는 신호로 여겨질 수 있어, 오히려 방역과 관련해 방심을 유발할 수 있다는 의미이다.","¶일부 전문가들은 방역 패스의 시행이 코로나19와 관련된 경각심을 낮추어, 방역 패스가 오히려 {방심 패스가} 될 수도 있다고 지적하였다.",11
2022,방역패스,(防疫<영>pass),,"코로나19 백신 미접종자가 식당, 약국 등의 다중 이용 시설에 출입하는 것을 제한하기 위한 제도. 또는 코로나19 백신 접종 여부나 음성 확인을 했다는 일종의 보건 증명서.",¶프로 야구는 다음 달 포스트 시즌부터 {방역 패스} 좌석만 운영하기로 결정하였다.,310
2022,배꼽착륙,(배꼽着陸),,"‘동체 착륙’을 달리 이르는 말. 비행기 따위의 착륙 장치가 작동이 안 될 때, 비행기 동체의 중앙 부분을 직접 땅에 대어 착륙하는 것을 배꼽이 땅에 닿는 것에 빗대어 표현한 말이다.",¶{배꼽 착륙을} 하기 위해서는 마찰열로 인한 화재 발생에 대비하여 공중에서 최대한 연료를 비워야 한다.,52
2022,백신국가책임제,(<영>vaccine國家責任制),,"감염병 따위의 치료를 위한 백신의 개발과 생산, 접종, 부작용 추적 및 관리 등에 있어서, 국가가 법률적 주체가 되어 사회적 부담을 책임지는 제도.",¶코로나19의 확산을 방지하기 위한 대책으로 {백신 국가 책임제가} 논의되고 있다.,310
2022,백신패스제,(<영>vaccine pass制),,"코로나19 백신 미접종자가 식당, 약국 등의 다중 이용 시설에 출입하는 것을 제한하는 제도.","¶정부에서 검토 중인 {백신 패스제와} 관련하여, 일각에서는 이 조치가 미접종자들에 대한 기본권 침해 및 차별이라는 목소리가 나오고 있다.",208
2022,백케팅,(<영>▼←vaccine ticketing),혼성,백신 예약에 많은 사람이 한꺼번에 몰려 치열한 경쟁을 벌이는 일을 이르는 말. 전국적으로 코로나19 백신 접종을 시작하며 백신 물량이 부족해지자 생겨난 말이다.,¶소셜 미디어에는 백신 예약 대란을 두고 ‘{백케팅’이} 따로 없다는 반응이다.,8
2022,법카농단,(法<영>←card壟斷),,법인 카드를 본래의 목적이나 범위에 맞지 않게 함부로 사용함으로써 개인적인 이익을 취한 비리 사건을 이르는 말.,¶{법카 농단으로} 물의를 일으킨 OOO 후보에 대한 비판이 더욱 거세졌다.,40
2022,베케플레이션,(<영>▼←vacation inflation),혼성,"휴가철에 항공비, 숙박비, 식비 등 휴가를 보내기 위한 비용이 지속적으로 상승하는 현상. 휴가를 뜻하는 영어 단어 ‘베이케이션(vacation)’과 물가 상승 상태를 뜻하는 영어 단어 ‘인플레이션(inflation)’을 결합하여 만든 말이다. 코로나19의 확산이 잦아들어 여행 수요가 폭발적으로 늘어났으나, 그동안 축소되어 있던 여행 관련 인프라가 이 수요를 따라가지 못하면서 생겨난 현상이다.","¶{베케플레이션으로} 항공권 가격이 큰 폭으로 오르자, 국내 호텔들은 국내에서 이국적인 경관을 즐기며 다양한 체험을 할 수 있는 호캉스 패키지를 마련하여 여행자들의 마음을 사로잡고 있다.",215
2022,벼락빚거지,,합성,가능한 만큼 최대한으로 대출을 받아 집을 구매하였으나 집값 하락과 금리 인상으로 큰 빚이 생긴 사람. 또는 그런 무리.,¶한순간에 부동산 시작 열풍이 가라앉으며 고금리로 인한 {‘벼락빚거지’가} 늘고 있다.,2
2022,별다꾸,(別다꾸),축약,"‘별 걸 다 꾸민다’를 줄여 이르는 말. 마스크 꾸미기, 휴대폰 꾸미기 등 꾸미기 열풍에서 비롯된 말이다.","¶‘{별다꾸’는} 하나의 트렌드로 신발, 다이어리, 마스크 등을 통해 자신의 개성을 적극적으로 드러내고자 하는 요즘 세대들의 특성이 반영된 것이다.",310
2022,볕멍,,합성,볕을 쬐며 아무 생각 없이 멍하게 시간을 보내는 일.,"¶‘물멍’과 ‘불멍’에 이어, 볕을 쬐며 생각을 정리하고 마음을 바로 잡는 ‘{볕멍’이} 최근 휴식 트렌드로 인기를 얻고 있다.",1
2022,보복회식,(報復會食),,"감염병 따위로 하지 못했던 회식을, 상황이 나아진 후 급격히 자주 하는 것. 또는 그런 회식. 코로나19의 확산과 사회적 거리 두기의 시행으로 인하여 억눌렸던 회식 문화가 상황이 바뀌면서 급격히 늘어나게 된 상황에서 생겨난 말이다.","¶완화된 사회적 거리두기의 시행이 일주일 연기되자, 자영업자들은 허탈감을 감추지 못한 반면, {보복 회식을} 우려했던 젊은 직장인들은 안도감을 표하였다.",60
2022,분식주의자,(粉食主義者),접미 파생,분식을 즐겨 먹는 사람.,"¶{분식주의자처럼} 먹고, 툭하면 끼니를 거른다면 건강에 적신호가 오기 마련이다.",2
2022,블세,(<영>←blown save),축약,"‘블론 세이브’를 줄여 이르는 말. 야구에서, 세이브 상황에 등판한 투수가 상대 팀에게 동점 혹은 역전을 허용하는 일을 이르는 말이다.","¶OOO은 마무리 투수로 9회 말에 등판하였지만, 상대 팀의 마지막 타자에게 안타를 내어 주며 {블세를} 범하는 실수를 하고 말았다.",1
2022,비말환자,(飛沫患者),,비말을 통해 감염병에 감염된 환자.,"¶최근 OO대학교 의과 대학 연구진은 연구소에서 새롭게 개발한 특수 구리 합금 위에 {비말 환자의} 기침 수준의 코로나19 바이러스를 200μL 도포한 결과, 4시간 뒤에 99.9%가 사멸했다는 연구 결과를 발표하였다.",2
2022,비호감선거,(非好感選擧),,"네거티브 선거 전략이 난무하여, 유권자들이 선거 자체에 호감을 느끼지 못하는 일.","¶유력 후보들의 도덕성 문제가 지속적으로 거론됨에 따라, 이번 선거는 유례없는 {비호감 선거가} 될 것이라는 전문가 분석이 나오고 있다.",310
2022,빵스킹,(빵<영>←busking),혼성,길거리 행사를 통해 판매 중인 빵을 소개하고 시식 기회를 제공하는 일. ‘빵’과 길거리 공연을 뜻하는 ‘버스킹’을 결합하여 만든 말이다.,¶최근 인기를 끌고 있는 한 베이커리 전문점은 전국 각지에서 판매 중인 빵을 소개하고 시식할 수 있는 기회를 제공하는 {빵스킹} 행사를 진행하며 소비자들의 반응을 살피고 있다.,1
2022,뼈말라족,(뼈말라族),접미 파생,"뼈가 드러날 정도로, 과도하게 마른 몸매를 아름답다고 느끼는 사람. 또는 그런 무리.","¶최근 젊은이들 사이에서 ‘{뼈말라족’이} 되는 것이 유행처럼 번지면서, 식욕 억제제를 오남용하는 사례가 늘고 있다.",100
2022,사불,(<영>←cyberbullying),축약,사이버불링(Cyber bullying)을 줄여 이르는 말.,¶‘{사불’을} 당하고 있는 경우에는 개인적으로 해결하려고 하지 말고 선생님이나 부모님과 상의해야 한다.,310
2022,삶포자,(삶抛者),접미 파생,‘삶을 포기한 사람’을 줄여 이르는 말.,"¶학창 시절 우스갯소리로 말하던 ‘수포자’, ‘과포자’ 이후, ‘삼포 세대’, ‘오포 세대’ 등의 씁쓸한 단어가 나오더니, 최근에서 ‘{삶포자’라는} 말까지 나오고 있다.",2
2022,삼미남,(三未男),축약,‘삼십 대 미혼 남성’을 줄여 이르는 말.,"¶{삼미남들은} ‘배우자와의 미래’보다 ‘현재’를 즐기기 위해서 결혼을 미루고 있다고 하지만, 최근에는 집값 폭등으로 인해 비자발적으로 결혼을 미루기도 한다.",8
2022,삼캉스,(蔘<프>←vacance),혼성,삼계탕을 먹으며 보내는 휴가.,¶인삼으로 유명한 금산군은 무더위 속 건강도 챙기고 여러 가지 놀이도 즐길 수 있는 {삼캉스를} 기획하여 지역을 홍보하고 있다.,80
2022,삼현에엘,(三現←SK←LG),축약,"대형 기업인 ‘삼성, 현대, 에스케이, 엘지’를 아울러 이르는 말. 각 기업의 앞 글자를 따 만들어진 말이다.",¶20대의 경우 사회적 인식이 좋은 {삼현에엘로} 취직을 하기를 원한다.,6
2022,새똥광,(새똥光),혼성,새똥 따위로 지저분해진 태양광 발전 시설. ‘새똥’과 ‘태양광’을 결합하여 만든 말이다.,¶{새똥광이} 된 태양광 패널은 청소를 해도 며칠이 지나면 다시 새똥 천지가 되어 태양광 발전소 설비가 제대로 가동되지 않고 있다.,34
2022,서육남,(서六男),축약,‘서울대 출신의 육십 대 남자’를 줄여 이르는 말.,¶국무총리 후보자와 18개 부처 장관 후보자 등 총 19명 후보자가 ‘{서육남’으로} 서울대 출신 육십 대 남성이라고 한다.,245
2022,선학개미,(先學개미),,비상장 주식을 매수하는 투자자를 이르는 말.,¶단기간에 이익을 얻는 데 치중하기 보다는 중장기적 관점에서 유망 기업의 미래 가치에 투자하려는 ‘{선학 개미’들이} 늘어나고 있다.,264
2022,설거지남,(설거지男),접미 파생,외벌이 가정에서 전업주부 아내에게 경제권을 주고 용돈을 받아 쓰면서 집안일까지 하는 유부남을 비하하여 이르는 말. 타인이 식사를 마치고 남은 그릇을 설거지하는 것에 빗대어 이르는 말이다. 차별 및 비하하는 의미가 포함되어 있으므로 사용에 주의가 필요하다.,"¶한 인터넷 커뮤니티에 올라온 ‘{설거지남} 자가 문진표’에 따르면, 10개 이상의 문항에 해당되면 ‘{설거지남’으로} 확정이다.",15
2022,설거지론,(설거지論),접미 파생,"외벌이 가정에서 전업주부 아내에게 경제권을 주고 용돈을 받아 쓰면서 집안일까지 하는 것을, 타인이 식사를 마치고 남은 그릇을 설거지하는 것에 빗대어 이르는 말. 차별 및 비하하는 의미가 포함되어 있으므로 사용에 주의가 필요하다.","¶한 달에 700만 원 이상을 벌지만 용돈은 40만 원을 받는 한 남성이 온라인상에서 논란이 된 {설거지론을} 접한 뒤 이혼을 고민하고 있다는 사연을 두고, 누리꾼들이 갑론을박을 벌이고 있다.",248
2022,소상공인긴급금융구조안,(小商工人緊急金融救助案),,"코로나19로 인해 대출 이자의 부담이 늘어난 소상공인을 위하여 제시한 방안. 대출 금리의 부담을 낮추고 상환 기간은 늘리며, 과잉 부채를 감면하는 것이 주요 내용이다.","¶소상공인을 위한 금융 지원책으로 ‘{소상공인 긴급 금융 구조안’이} 마련될 예정이며, 여기에는 소상공인을 위한 저금리 대출 및 대출 만기의 연장을 포함하여 세제 지원책도 포함된다.",98
2022,소상공인방역지원금,(小商工人防疫支援金),,"코로나19의 확산에 따른 사회적 거리 두기의 시행으로 인하여 매출이 줄어든 소상공인에게 정부가 지급하는 지원금. 1차 지원금은 2021년 12월 27일부터 100만 원이, 2차 지원금은 2022년 2월 23일부터 300만 원이 지원금 대상자에게 지급되었다.","¶정부가 발표한 {소상공인 방역 지원금} 제도로 인하여, 쌀값 하락과 관련해서는 아무런 조치가 없었기 때문에 농민들의 박탈감이 가중될 것이라는 우려도 제기된다.",310
2022,소식좌,(小食座),접미 파생,음식을 보통 사람보다 매우 적게 먹는 사람을 이르는 말. 주로 방송 등에서 음식 섭취량이 매우 적은 사람을 강조할 때 사용한다.,¶평소 ‘{소식좌’로} 유명한 그는 라면 하나를 다 먹는 모습을 보여 주어 사람들의 눈길을 끌었다.,310
2022,소주런,(燒酒<영>run),,소주 가격의 인상으로 인해 소주 구입을 위한 사람들이 아직 가격이 오르지 않은 가게로 몰리는 현상.,¶주류업체의 출고가 인상으로 인해 마트나 편의점에는 ‘{소주런’도} 발생하였다.,30
2022,소확수,(小確收),축약,‘소소하지만 확실한 수익’을 줄여 이르는 말. 주식 투자 따위에서 작지만 확실한 수익을 내는 것을 말한다.,"¶공모주를 청약하는 투자자들은 높은 수익률을 추구하는 대신, 검증된 기업을 통해 {소확수를} 추구하기도 한다.",2
2022,손주턴,(孫주<영>turn),합성,도시에서 나고 자란 손주 세대들이 조부모가 거주하는 시골로 이주하는 것을 이르는 말.,¶일본에서는 도시에서 태어난 손주가 조부모의 고향으로 이주하는 ‘{손주턴’이} 늘면서 지방 인구가 증가하고 있다고 한다.,2
2022,술쓰,,축약,‘술 쓰레기’를 줄여 이르는 말. 술을 잘 못 마시는 사람을 이르는 말이다.,"¶‘알쓰’, ‘{술쓰}’ 같은 말은 술자리에서 자신의 적은 주량을 미리 고백할 때 유머러스하게 사용되기도 한다.",2
2022,슈붕,(<프>▼chou←<영>cream붕),축약,‘슈크림이 들어있는 붕어빵’을 줄여 이르는 말.,"¶아직 ‘{슈붕’을} 먹어본 적이 없다면, 이번 겨울에는 꼭 한번 먹어 보길 권한다.",310
2022,슈퍼면역자,(<영>super免疫者),,"면역력이 보통의 사람보다 훨씬 뛰어나, 감염병 따위에 잘 걸리지 않거나 병원 미생물에 대항하는 항체를 잘 만드는 사람.","¶‘코로나19 휴먼 챌린지’의 결과, 코와 목 등으로 바이러스를 침투시키고, 감염자들과 파티를 벌이기도 하였으나 코로나19에 감염되지 않은 {슈퍼 면역자가} 실제로 존재하는 것으로 확인되었다.",134
2022,스까국,(스까國),접미 파생,"‘부산’을 ‘무엇이든지 섞어 먹는 나라’에 빗대어 이르는 말. 음식을 섞어 먹는 부산 지역의 식문화를 표현한 말로, 주로 인터넷상에서 부산 지역을 우스꽝스럽게 표현하기 위하여 사용한다. 차별 및 비하하는 의미가 포함되어 있으므로 사용에 주의가 필요하다.","¶인터넷 커뮤니티에는 부산을 ‘{스까국’이라고} 이르며, 음식을 섞어 먹기를 좋아하는 부산 사람들을 조롱하는 글이 올라오곤 한다.",1
2022,스텔스오미크론,(<영>stealth<그>omikron),,"코로나19의 변이 바이러스인 ‘오미크론’의 하위 변이. 최초 발견 시 피시아르(PCR) 검사에서 다른 변이 바이러스와 잘 구분되지 않았기 때문에, 레이더에 탐지되지 않는 ‘스텔스’에 빗대어 명명하게 되었다.",¶{스텔스 오미크론에} 감염되면 피시아르 검사에서 코로나 감염자로 나오지만 오미크론 변이 여부는 확인이 되지 않는다고 한다.,310
2022,스프링깅,(<영>▼←spring plogging),혼성,봄에 산책 또는 조깅을 하면서 쓰레기 따위를 줍는 행위를 이르는 말. 봄을 뜻하는 ‘스프링(spring)’과 조깅을 하면서 쓰레기 따위를 줍는 행위를 뜻하는 ‘플로깅(plogging)’을 결합하여 만든 말이다.,¶우리 집 봄 나들이는 개나리가 핀 강가를 걸으며 쓰레기를 줍는 '{스프링깅'으로} 시작된다.,5
2022,식테크족,(植<영>tech族),접미 파생,식물을 이용하여 재테크를 하는 사람. 또는 그런 무리.,"¶희귀한 식물들의 몸값이 치솟으면서, 식물에 투자하는 {식테크족도} 늘고 있다.",11
2022,신윤핵관,(新尹核館),접두 파생,‘새로운 윤석열 대통령 측 핵심 관계자’를 이르는 말.,¶친박계 인사로 널리 알려진 O 의원은 이번 선거에서 {신윤핵관을} 자처하고 나섰다.,310
2022,신뢰가치사슬,(信賴價値사슬),,"국가 간 신뢰를 바탕으로 한 산업 경쟁력과 공급망 강화와 관련된 모든 활동의 연계. 특히 반도체 산업에서 미국 중심의 우방국, 동맹국 간의 가치 사슬을 의미한다.",¶{신뢰 가치 사슬은} 시장의 효율성보다 안보 논리와 동맹의 논리를 중요시한다.,90
2022,신속방문검사,(迅速訪問檢査),,이동형 현장 신속 피시아르(PCR) 검사소를 활용하여 확진자 발생시 학생이 교내에서 빠르게 코로나 감염 여부를 확인할 수 있도록 하는 검사 방식.,¶방역 당국은 확진자가 발생한 학교에는 {신속 방문 검사를} 지원할 계획이다.,4
2022,신호처리박스,(信號處理<영>box),,발사체의 산화제 탱크와 연료 탱크 사이에 위치하여 센서 신호를 처리하는 장비. 누리호 2차 발사 당시 산화제 탱크의 레벨 센서에서 신호 이상이 확인되어 점검 대상이 되었다.,¶{신호 처리 박스를} 점검하기 위해서는 탱크 연결부의 점검창을 개방해야 한다.,106
2022,실재감테크,(實在感<영>tech),,시공간의 물리적 한계를 극복하여 가상 세계를 실제 세계처럼 느낄 수 있게 하는 기술.,¶엔터테인먼트 업계도 VR 콘서트와 같은 {실재감 테크를} 활용하고 있다.,160
2022,실질신용갭률,(實質信用<영>gap率),,실질 민간 신용과 장기 추세 사이의 격차를 판단할 수 있는 지표.,"¶금융 사이클 진폭를 가늠하는 {실질 신용 갭률은} 코로나19 이후 급속도로 확대되면서, 지난해 3분기 말 5.1%로 나타났다.",56
2022,쓴또쓴,,축약,‘쓴 사람 또 쓴다’를 줄여 이르는 말.,¶이번 정권의 정부 부처 장관 인사는 {‘쓴또쓴’이라는} 말로 요약된다.,14
2022,아동거부업소,(兒童拒否業所),,영유아나 어린이의 출입을 금지하는 곳. =노키즈존,¶2019년 유엔 아동 권리 위원회가 한국이 아동 혐오 국가라는 인상을 받았다고 말하면서 {아동 거부 업소를} 언급했다.,3
2022,아세틸글리신,(<영>acetylglycin),차용,"장내 미생물의 대사산물로, 체중 감소와 관련된 것으로 밝혀진 생리활성 물질.",¶연구진은 {아세틸글리신을} 보충해 준 쥐의 체중이 줄어들었다고 밝혔다.,1
2022,아키테이너,(<영>architainer),차용,건축가로서 얼굴이 알려져 방송인으로 활동하는 사람을 이르는 말. 건축가를 뜻하는 ‘아키텍트((architect)’와 연예인을 뜻하는 ‘인터테이너(entertainer)’를 결합하여 만든 말이다.,¶한 비평가는 그를 전문적인 건축가라기 보다는 {아키테이너에} 불과하다고 비판했다.,12
2022,악깡버,,축약,‘악으로 깡으로 버텨라’를 줄여 이르는 말.,"¶네 선택이니 스스로 책임지고 감당하라고 이야기할 때 ‘{악깡버’라고} 하는데, 누군가 월급이 적어서 힘들다고 쓴 글에 '{악깡버'라고} 댓글을 다는 식으로 쓰인다.",10
2022,안티워크,(<영>anti work),,전 세계적으로 퍼지고 있는 반노동 운동. 일을 하여도 행복해질 수 없을 것이라는 믿음에서 시작된 운동이다.,¶최근 미국에서 시작하여 전 세계적으로 ‘{안티 워크’에서} 용기를 얻고 직장을 떠나 새로운 삶의 방향을 찾는 추세의 젊은이들이 늘고 있다.,95
2022,약자감별사,(略字鑑別師),,특정 계층이 사회적 약자인지 아닌지를 자신의 주관적 기준에 따라 판단하는 사람을 비난조로 이르는 말.,¶대변인이 성소수자는 사회적 약자가 아니라고 말하자 {약자 감별사라도} 되는 것이냐는 비난이 쏟아졌다.,3
2022,약제배송로봇,(藥劑配送<영>robot),,병원 약제팀에서 병동까지 약품을 배송하는 로봇.,¶대형 병원은 안전한 의료 환경 조성과 서비스 향상을 위해 {약제 배송 로봇을} 도입하고 있다.,120
2022,약케팅,(藥<영>←ticketing),혼성,전통 과자의 하나인 약과 구매에 많은 사람이 한꺼번에 몰려 치열한 경쟁을 벌이는 일을 이르는 말.,¶요즘 약과가 워낙 인기를 끌다 보니 ‘{약케팅’에} 성공한 사람들이 에스엔에스에 인증샷을 올리고 있다.,156
2022,어다행다,(어<영>←diet행<영>←diet),축약,‘어차피 다이어트를 할 거라면 행복하게 다이어트하자’를 줄여 이르는 말.,¶{어다행다} 열풍에 무설탕 제품이 인기를 끌고 있다.,254
2022,어쩔티비,(어쩔<영>←TV),합성,주로 가전제품 앞에 ‘어쩔’이라는 말이 붙어 대꾸하는 형식으로 쓰이는 말. ‘어쩔’ 뒤에는 여러가지 단어가 쓰일 수 있는데 특별한 의미를 더하지는 않는다.,"¶“어쩔티비, 안 물어 봤는데.”",310
2022,언수처,(言搜處),혼성,"고위 공직자 범죄 수사처가 언론인, 교수, 정치인 등의 정보를 사찰한 것을 비판하는 말.",¶공수처는 최근 민간인 사찰 논란으로 {‘언수처’라는} 비판을 피하지 못 했다.,1
2022,언시처,(言視處),혼성,고위 공직자 범죄 수사처가 언론을 감시하는 기관으로 변질되었다는 것을 나타내는 말.,¶김 의원은 공수처는 고위 공직자가 아니라 오히려 언론을 감시하는 {언시처로} 전락했다고 비판했다.,7
2022,언자완박,(言自完剝),축약,‘언론의 자유 완전 박탈’을 줄여 이르는 말.,¶언론 중재법은 검수완박 여론을 {언자완박으로} 전환하여 지지층을 결집하기 위한 의도라는 지적을 받고 있다.,190
2022,언취완박,(言取完剝),축약,‘언론의 취재권 완전 박탈’을 줄여 이르는 말.,¶김 특파원은 언론중재법에 대해 {언취완박도} 머지않았다는 위기감을 느낀다고 말했다.,2
2022,업토버,(<영>uptober),차용,10월에 비트코인 가격이 상승하는 경향에 대한 기대를 나타내 말. 위쪽을 뜻하는 ‘업(Up)’과 시월을 뜻하는 ‘옥토버(Octpber)’를 결합하여 만든 말이다.,¶비트코인 커뮤니티에는 10월이 되자마자 ‘반갑다 {업토버’라는} 제목의 게시물이 올라왔다.,310
2022,에듀핀,(<영>▼←education fintech),혼성,디지털 플랫폼을 활용하여 실시하는 금융 교육ㆍ재무 교육 등을 일컫는 말. 교육을 뜻하는 ‘에듀케이션(education)’과 첨단 정보 기술을 기반으로 한 금융 서비스인 ‘핀테크(fintech)’를 결합하여 만든 말이다.,¶금융 교육에 대한 수요의 증가에 따라 {에듀핀은} 온라인 플랫폼을 통해서 급부상하기 시작했다.,49
2022,에스비엔,(<영>SBN),생성,"‘선배님’을 의미하는 말. ‘선배님’의 초성 ‘ㅅ, ㅂ, ㄴ’에 해당하는 로마자 ‘s, b, n’을 조합한 말이다.",¶소속사에서는 공식 채널에 “첫 입학생들에게 ‘{에스비엔’의} 축하 메세지가 도착했습니다.”라는 글과 함께 영상을 업로드했다.,4
2022,영끌거지,(靈끌거지),합성,최대한의 대출을 받아 집을 구매하였으나 집값 하락과 금리 인상으로 크게 손해를 본 사람. 또는 그런 무리.,¶아파트 구매를 통해 벼락부자를 꿈꿨지만 ‘{영끌거지’로} 전락하고 만 사람들도 존재한다.,30
2022,영문음성확인서,(英文陰性確認書),,유전자 증폭 검사 결과 코로나에 감염되지 않았음을 증명하는 영어로 된 문서. 코로나 팬데믹 당시 도착 국가에서 입국자에게 비행기 탑승전 72시간 내의 검사 결과지를 요구하였다.,¶보건소에 미리 연락해 {영문 음성 확인서 발급이} 가능한지 확인해 보아야 한다.,310
2022,영털족,(靈털族),접미 파생,가능한 만큼 최대한으로 대출을 받았으나 시장 변화와 금리 인상으로 큰 손해를 본 사람. 또는 그런 무리.,¶대출금에 대한 부담은 커지고 집값은 하락하면서 ‘{영털족’들이} 늘고 있다.,17
2022,예테크,(預<영>tech),혼성,예금 금리가 상승한 것을 이용한 제테크.,"¶한 관계자는 “주식, 코인, 부동산 등의 시장이 최근 하락세를 보이면서 ‘{예테크’가} 주목받고 있고 있다.”라고 말했다.",310
2022,예측범죄지도,(豫測犯罪地圖),,시시 티브이로 과거 범죄 빅데이터를 분석해 시간대별로 범죄 우려가 있는 지역을 표시해 주는 감시 시스템.,¶인공 지능을 활용해 시시 티브이 화면과 {예측 범죄 지도를} 비교해 범죄률을 예측하는 기술을 선보일 예정이다.,33
2022,오다망,(오<영>←diet亡),축약,‘오늘도 다이어트 망함’을 줄여 이르는 말.,¶그는 맛집을 방문해 정신 없이 음식을 먹은 후 한숨을 쉬며 “‘{오다망’이다.}”라고 하여 시청자들에게 웃음을 주었다.,10
2022,오미크론부스터샷,(<영>omicron booster shot),,코로나19의 변이 바이러스인 오미크론까지 무력화할 수 있는 추가 접종 백신.,¶경제 분석가는 {오미크론 부스터 샷이} 필요할 가능성이 더 크기 때문에 시장 규모가 크게 증가할 것으로 예상했다.,99
2022,오운완,(오運完),축약,‘오늘 운동 완료’를 줄여 이르는 말.,¶운동에 푹 빠진 엠지 세대들의 에스엔에스에는 ‘{오운완’이라는} 해시 태그가 넘쳐 난다.,310
2022,오커스,(<영>AUKUS),차용,"인도 태평양 지역의 평화와 안정을 촉진하고자 호주, 영국, 미국 3개국이 2021년 설립한 안보 협력체.",¶외신에서는 ‘{오커스’가} 미중 관계의 틈을 더 벌려 놓을 것으로 전망했다.,310
2022,온학교교육회복학습지원,(온學校敎育回復學習支援),,코로나19로 인한 학생들의 교육 결손 회복을 위하여 경상북도 교육청이 도내 모든 학생들에게 지원하는 지원금. 일인당 삼십만 원을 지급하며 유치원부터 고등학교까지의 학생들과 특수 학교 및 방송 통신 학교 등의 학생들을 대상으로 한다.,¶{온 학교 교육 회복 학습 지원은} 코로나19로 지치고 힘든 학생들의 교육 결손과 학부모들의 교육 피해의 회복에 도움을 주고자 마련되었다.,48
2022,와이노믹스,(<영>▼Y←economics),혼성,"윤석열 대통령이 시행한 경제 정책. 민간이 주도하고 정부가 뒷받침하는 경제 성장 정책으로, 윤석열 대통령의 이니셜 와이(Y)에 경제를 의미하는 ‘이코노믹스(economics)’를 결합하여 만든 말이다.",¶당선인의 이니셜을 딴 ‘{와이노믹스’의} 핵심은 민간이 주도하고 정부가 뒷받침하는 경제 성장이다.,23
2022,완졸,(完卒),축약,‘완벽한 졸업’을 줄여 이르는 말.,¶완벽한 부모가 되려고 하면 육아에서 {완졸은} 어렵다.,3
2022,왝플레이션,(<영>whackflation),차용,코로나 팬데믹으로 인해 갑작스럽고 예측 불가능하게 발생한 인플레이션. ‘세게 후려치다’라는 의미를 가진 영어 단어 ‘Whack’과 인플레이션이 결합된 말이다.,¶코로나19가 불러온 {왝플레이션이} 수시로 경제에 충격을 주어 경제 시스템이 작동하지 못 하고 있다.,19
2022,용와대,(龍瓦臺),혼성,서울 용산에 있는 우리나라 대통령 집무실. ‘용산’과 ‘청와대’를 결합하여 만든 말이다.,¶‘{용와대’의} 등장으로 인해 근처 용산 일대의 집값 또한 상승하였다.,310
2022,웃수저,,합성,별 다른 노력 없이 남을 웃길 수 있는 재능을 가진 사람을 비유적으로 이르는 말.,¶그는 최근 국민 ‘{웃수저’에} 등극하여 많은 국민들의 사랑을 받고 있다.,310
2022,웃안웃,,축약,‘웃긴데 안 웃기다’를 줄여 이르는 말. 표면적으로는 헛웃음이 나오지만 실제로 처한 상황이나 처지가 슬프거나 안타까워 마냥 재미있지 않은 상황을 의미한다.,"¶감기에 걸린 선배에게 보낸 '빨리 낳으세요.'라는 문자를 본 누리꾼들은 ""정말 ‘{웃안웃’이다.""라는} 반응을 보였다.",16
2022,위꾸,(胃꾸),축약,‘위장 꾸미기’를 줄여 이르는 말. 위장을 맛있는 음식들로 꾸몄다는 뜻으로 맛있는 음식을 먹는 행위를 이른다.,¶먹방 열풍과 더불어 또 다른 직장인 키워드로 ‘{위꾸’가} 떠오르기도 하였다.,15
2022,유교패치,(儒敎<영>patch),,"외국의 문화 요소가 한국식으로 수정되는 일, 또는 외국인이 한국의 유교 문화를 빠르게 습득하는 일을 비유적으로 이르는 말.",¶외국 영화의 자막에서 여성 캐릭터만 남성 캐릭터에게 존댓말을 사용하는 것이 {유교 패치의} 대표적인 예시다.,4
2022,음튜버,(音<영>←youtuber),축약,‘음악 유튜버’를 줄여 이르는 말. 음악에 관련된 개인 방송 채널을 운영하는 사람을 말한다.,¶{음튜버는} 음반 시장에서 음악 평론가 못지 않은 영향력을 끼친다.,1
2022,이플레이션,(<영>▼E←inflation),혼성,에너지의 수급 불안이 주된 원인이 되어 일어나는 인플레이션.,¶전쟁으로 인한 유럽의 천연 가스값 상승이 ‘{이플레이션’을} 더욱 부채질할 것이라는 우려가 있다.,23
2022,인체인터넷,(人體<영>internet),,사물 인터넷을 신체에 삽입하거나 이식하여 인공 지능을 통해 정보를 수집하고 제어ㆍ관리할 수 있도록 고안된 시스템.,¶{인체 인터넷은} 사물 인터넷의 다음 단계로 주목되는 신기술 영역이다.,3
2022,일자리도약장려금,(일자리跳躍奬勵金),,"청년 고용 활성화를 위하여, 취업에 어려움을 겪고 있는 청년들을 고용하는 기업에게 정부가 지급하는 장려금. 5인 이상의 중소 기업 등에서 취업 애로 청년을 정규직으로 채용하고 6개월 이상 고용 유지 시, 최장 2년간 최대 1,200만 원을 지원한다.","¶정부는 중소기업의 청년 채용을 촉진하기 위하여 {일자리 도약 장려금을} 신설하고, 청년 고용 시 1인당 500만 원에서 1,300만 원까지 공제해 주는 제도 또한 3년 연장하였다.",310
2022,자금이동추적시스템,(資金移動追跡<영>system),,금융권에서 자금 세탁을 방지하기 위해 해외 송금 시에 국제 은행 간 통신 협회가 요구하는 형식에 따라 정보를 기록하고 공유하는 시스템.,¶국제 자금 세탁 방지 기구는 {자금 이동 추적 시스템} 대상에 암호 화폐를 추가하기로 하였지만 아직 구체적인 방안은 마련되지 않았다.,153
2022,자기공명탄성검사,(磁氣共鳴彈性檢査),,엠아르아이와 음파를 결합해 장기의 시각적 영상을 생성하여 간이 딱딱하게 굳어진 정도를 예측하는 검사.,¶{자기 공명 탄성 검사는} 인체에는 손상을 주지 않고 간 조직의 탄성도를 측정할 수 있다는 장점이 있다.,3
2022,자이낸스,(<영>▼Z←finance),혼성,모바일 플랫폼에 익숙한 제트 세대가 중심이 되는 금융 흐름을 이르는 말. ‘제트 세대’의 첫 머리 문자인 ‘제트(Z)’와 금융을 의미하는 영어 단어 ‘파이낸스(finance)’를 결합하여 만든 말이다.,¶20대가 금융의 디지털화를 이끌면서 금융권에서는 ‘{자이낸스’} 확장을 위한 준비가 한창이다.,96
2022,장포족,(場抛族),접미 파생,물가의 상승으로 인해 장을 보는 것을 포기하고 배달 음식만을 시켜 먹는 사람. 또는 그런 무리.,¶최근 물가가 치솟자 기업들은 가성비 제품을 앞다퉈 선보이며 ‘{장포족’을} 공략하고 있다.,92
2022,재택수강생,(在宅受講生),,집에서 컴퓨터 통신망을 통해 수업을 받는 사람.,"¶{재택 수강생들의} 모습이 대형 화면에 모습을 드러내자, 마치 대면 강의처럼 느껴졌다.",1
2022,재택응시생,(在宅應試生),,집에서 컴퓨터 통신망을 통해 시험을 치는 사람.,"¶교육청이 예상한 {재택 응시생은} 5만 명 정도였으나, 서버가 다운되면서 시험을 2만 명밖에 치르지 못했다.",42
2022,재택치료키트,(在宅治療<영>kit),,"코로나19 확진자가 집에서 치료받기 위해 필요한 물품 세트. 코로나19가 장기화되면서 경증 또는 무증상 환자의 경우 재택 치료를 받을 수 있도록 제공되었으며 체온계, 산소 포화도 측정기 등이 포함된다. =재택 키트.",¶재택 치료 환자들은 자가 격리 기간 동안에 필요한 생활용품과 {재택 치료 키트를} 제공받는다.,310
2022,재택키트,(在宅<영>kit),,"코로나19 확진자가 집에서 치료받기 위해 필요한 물품 세트. 코로나19가 장기화되면서 경증 또는 무증상 환자의 경우 재택 치료를 받을 수 있도록 제공되었으며 체온계, 산소 포화도 측정기 등이 포함된다. =재택 치료 키트.",¶재택 치료 대상자가 증가하면서 {재택 키트의} 공급이 부족해졌다.,104
2022,저짤래미,,생성,‘우짤래미’를 맞받아서 대꾸하는 말.,¶한 멤버는 팬이 “우짤래미”라고 보낸 메시지에 {“저짤래미”로} 응답했다.,4
2022,저쩔티비,(저쩔<영>←TV),합성,"‘어쩔티비’를 맞받아서 대꾸하는 말. ‘저쩔’ 뒤에는 여러가지 단어가 쓰일 수 있으며, 특별한 의미를 더하지는 않는다.",¶상대방이 ‘어쩔티비’라고 말하면 {‘저쩔티비’라고} 대응한다.,126
2022,전력시장긴급정산상한가격,(電力市場緊急精算上限價格制度),,국제 유가를 비롯한 연료비가 급등하더라도 평균 가격의 최대 25% 이내로 제한하여 전기 요금의 가격을 정하는 제도.,¶정부 관계자는 ‘{전력 시장 긴급 정산 상한 가격 제도’는} 국제 연료의 가격이 급등하여 국내 전력의 시장 가격이 상승할 경우 소비자들이 부담해야 할 전기 요금이 급증하는 상황에 대비하기 위한 것이라고 하였다.,193
2022,제로코로나,(<영>zero←corona virus),,중국이 코로나19 바이러스를 완전히 박멸하기 위해 시행한 엄격한 방역 정책. 국경을 봉쇄하여 전 세계에 경제 및 사회적 영향을 미쳤으며 시행된지 3년만인 2022년 12월 폐지되었다.,¶지난 5월에는 중국이 국경을 봉쇄한 {제로 코로나} 방역 이후로 첫 범죄자 송환이 이루어졌다.,310
2022,종합부동산벌금,(綜合不動産罰金),,‘종합 부동산세’를 비판적으로 이르는 말.,¶종합 부동산세 고지서 발송을 앞두고 부동산 커뮤니티에는 {종합부동산 벌금이나} 다름없다는 비판의 목소리가 나오고 있다.,2
2022,주간수술유닛,(晝間手術<영>unit),,당일에 퇴원이 가능한 시술 또는 수술과 관련된 시설들을 하나로 모은 구역.,"¶새로 개소한 여성 센터는 난임 진료실, 난자 채취실 등 관련 시설들을 한곳에 모은 {주간 수술 유닛이라고} 할 수 있다.",2
2022,지뢰설치반,(地雷設置班),,매력적인 외모와 성격을 가지고 여러 이성을 만나는 남성들을 부정적으로 이르는 말. 차별 및 비하하는 의미가 포함되어 있으므로 사용에 주의가 필요하다.,¶네티즌들은 연애 경험이 풍부한 남성들을 ‘{지뢰 설치반’이라고} 낮잡아 부르기도 하였다.,2
2022,지민완박,(地民完박),축약,‘지방 선거 민주당 완전 박살’을 줄여 이르는 말. 더불어민주당이 ‘검수완박’을 강행하는 것을 비판하는 의미다.,¶O 대표는 “민심을 버린 이번 결정은 지방 선거에서 민주당이 완전하게 깨지는 ‘지민완박’으로 결론 날 것”이라고 말했다.,200
2022,지방소멸대응기금,(地方消滅對應基金),,인구가 감소하여 사라질 위기에 있는 지자체를 위해 조성된 재정 지원 자금. =지역 소멸 대응 기금.,"¶OO군은 {지방 소멸 대응 기금으로} 산림 체류형 청년 창업 센터를 조성하였으며, 군의 산림 자원을 활용하여 지역민과 외부인의 연결을 통한 지역 정착을 유도하였다.",310
2022,지사찬스,(知事<영>chance),,도지사직을 이용하여 또는 도지사의 도움을 받아 무엇을 이룰 기회를 얻음. 또는 그런 기회.,¶농업 용지에 불법적으로 운영 중인 카페 주인이 해당 도지사의 최측근인 것이 알려지면서 {지사 찬스로} 행정 처리가 미뤄진 것이 아니냐는 지적이 일고 있다.,310
2022,지역산업위기대응법,(地域産業危機對應法),,"산업 위기 대응 특별 지역 제도를 확대 및 개편한 제도. 산업 위기 예방 조치, 산업 위기 선제 대응, 지역 경제 연착륙 지원 등의 산업 위기 단계별 대응 수단과 그에 따른 지원 수단을 규정하고 있다.",¶OO시는 {지역 산업 위기 대응법에} 따라 지정된 산업 위기 대응 특별 지역 지정 기간을 1년 더 연장하였다.,188
2022,지역소멸대응기금,(地域消滅對應基金),,인구가 감소하여 사라질 위기에 있는 지자체를 위해 조성된 재정 지원 자금. = 지방 소멸 대응 기금.,¶행정 안전부는 지방 소멸 위기를 극복하기 위해 2014년 {지방 소멸 대응 기금의} 개선 방안을 마련하겠다고 밝혔다.,310
2022,지팔지꼰,(지八지꼰),축약,‘지 팔자를 지가 꼰다’를 줄여 이르는 말. 자신의 운수를 자기 스스로가 나쁘게 만든다는 뜻이다.,¶이를 본 누리꾼들은 해당 배우의 작품 선택 대해 “{지팔지꼰이다.”라는} 반응을 보였다.,153
2022,직관팸,(直觀<영>fam),합성,"운동 경기, 공연 등을 현장에 직접 가서 관람하는 집단.","¶중고 마켓 어플에서 {직관팸을} 모집하여, 경기 관람을 위해 모인 주민들끼리 어울리며 친구가 되기도 한다.",1
2022,집놀이족,(집놀이族),접미 파생,집에서 놀이를 하며 즐기는 사람 또는 그런 무리. ‘홈 루덴스’를 다듬은 말이다.,¶코로나19를 겪으면서 ‘{집놀이족’이} 늘어났다.,24
2022,짜세권,(<중>←zhajiangmian[炸醬麵]勢圈),접미 파생,주변에 중화요리점이 있어 짜장면 등을 편리하게 배달받을 수 있는 주거 지역.,¶요즘 ‘{짜세권’이} 아닌 집은 거의 찾아보기가 힘들다.,1
2022,짜짜박박,,축약,‘진짜 진짜 대박 대박’을 줄여 이르는 말.,¶OOO 배우는 팬들에게 감사 인사를 남기며 “여러분 {짜짜박박”이라는} 말도 덧붙였다.,12
2022,짠내사업가,(짠내事業家),,중고 거래를 적극적으로 활용하여 소액의 수익을 얻는 사람.,¶{짠 내 사업가들은} 특히 중고 거래 앱을 적극적으로 활용하여 수액을 낸다.,2
2022,짬처리론,(짬處理論),,연애 경험이 많은 남성이 결혼할 때가 되면 어리고 세상 물정을 잘 모르는 여성을 만나서 결혼하려는 행동을 이르는 말. 여성이 문란한 남편을 책임지는 모습이 음식물 쓰레기를 의미하는 ‘짬’을 처리하는 모습과 비슷하다 하여 생겨난 말이다. 차별 및 비하하는 의미가 포함되어 있으므로 사용에 주의가 필요하다.,¶최근 결혼 관련 커뮤니티에서는 설거지론을 미러링한 ‘{짬 처리론’도} 등장했다.,9
2022,첫만남지원금,(첫만남支援金),,"저출산 문제를 해결하기 위해 아이를 낳은 부모에게 제공되는 지원금. 2022년부터 시작된 제도로, 출생 아동당 200만 원이 바우처 형식으로 지급된다.","¶첫째 아이를 낳을 경우, 출산 지원금뿐만 아니라 {첫만남 지원금까지} 모두 받을 수 있다.",185
2022,청년내일저축계좌,(靑年來日貯蓄計座),,"만 18~39세 이하의 최저 임금 이하, 중위 소득이 100% 이하인 청년을 대상으로 정부가 지원하는 금융 상품. 월 10만 원씩 3년 동안 적금을 넣으면 정부 지원금 10만 원이 더해져 저축된다.","¶{청년 내일 저축 계좌에} 3년간 매월 10만 원씩 적금을 들면 만기 시 1,080만 원을 마련할 수 있다.",310
2022,청년도약계좌,(靑年跳躍計座),,"만 18~34세의 연소득 7500만 원 이하, 가구 소득 중위 180% 이하인 청년을 대상으로 정부가 지원하는 금융 상품. 월 1000원부터 70만 원까지 적금을 넣으면 정부 지원금을 더하여 저축이 되며, 정부 지원금은 개인 소득과 본인 납입액에 따라 달라진다.",¶금융 위원회는 {청년 도약 계좌의} 가입자가 약 300만 명에 달할 것이라고 예상했다.,310
2022,청와대해체론,(靑瓦臺解體論),,"윤석열 대통령의 후보 시절 공약으로, 청와대의 업무 공간과 주거 공간을 이전하고 청와대를 시민에게 개방해야 한다는 이론.",¶대통령은 {청와대 해체론이} 제왕적 대통령제를 청산하고 대통령의 권한을 축소하기 위한 것이라고 말했다.,11
2022,카카오방지법,(Kakao防止法),,카카오 등 플랫폼 대기업의 문어발식 사업 확장을 막기 위하여 마련한 법.,¶국회는 플랫폼의 독과점을 막기 위해 일명 ‘{카카오 방지법’을} 내놓을 예정이다.,11
2022,카풀팸,(<영>▼car pool fam),합성,목적지가 동일하거나 같은 방향인 운전자들이 통행 비용을 아끼기 위하여 한 대의 승용차에 동승하여 통행하는 집단.,¶기름값이 치솟자 직장 내 {카풀팸을} 모집하는 사람들이 늘고 있다.,1
2022,카플레이션,(<영>carflation),차용,자동차의 가격이 급등하는 현상. 원자재 가격 상승과 공급망 장애 등 복합적 원인에 의해 발생한 인플레이션이다.,"¶원자재값 상승, 반도체 공급난 등 복합적인 이유로 인해 차값이 오르는 ‘{카플레이션’이} 본격화되고 있다.",310
2022,캘박,(<영>calendar剝),축약,‘캘린더 박제’를 줄여 이르는 말. 일정을 캘린더에 저장한다는 것을 의미한다.,¶여행자들이 좋은 사진을 찍기 위해서는 산행을 미리 ‘{캘박’을} 해 놓아야 한다.,149
2022,커팅족,(<영>cutting族),접미 파생,물가가 크게 오르면서 생활비에 부담을 느껴 취미를 끊은 사람. 또는 그런 무리.,¶야외 스포츠를 즐기던 사람들은 고물가를 감당하지 못하고 {커팅족이} 되고 있다.,18
2022,코끝여,(<영>←corona virus끝旅),축약,‘코로나 끝나고 여행가자’ 또는 ‘코로나 끝나고 가야하는 여행지’를 줄여 이르는 말.,¶코로나 기세가 다소 꺽이고 있으니 {코끝여를} 선정해 보자.,1
2022,코내기,(<영>←corona virus내기),혼성,"코로나19 시기에 입학한 새내기. ‘코로나’와 ‘새내기’를 결합한 말로, 코로나19 시기에 입학한 20~22학번 대학 새내기를 이르는 말이다.",¶대학교 학생회에서는 {코내기를} 위한 새내기 배움터 준비에 한창이다.,28
2022,코로나극복국민참여방역운동본부,(<영>←corona virus克服國民參與防疫運動本部),,"지속 가능한 코로나19의 방역 체계 전환을 위하여 다수의 시민 단체가 참여하여 만든 기관. 2021년 9월에 발족하였으며, 발족 후 한 달 사이에 약 30여 개의 시민 단체가 추가로 참여하였다.",¶123개의 시민 단체가 참여하는 ‘{코로나 극복 국민 참여 방역 운동 본부’가} 안전하고 신속한 일상 회복을 위하여 코로나19의 역학적 단계에 대한 새로운 기준표를 정부에 제안하였다.,132
2022,코림픽,(<영>▼←corona virus Olympics),혼성,"‘코로나’와 ‘올림픽’을 결합한 말로, 코로나19와 관련된 변수가 크게 작용한다는 의미에서 2020년 개최한 도쿄 올림픽을 이르는 말.",¶2020 도쿄 올림픽은 코로나19 관련 변수로 인해 올림픽이 아닌 {코림픽이라고} 불린다.,9
2022,코비드플레이션,(<영>covidflation),차용,코로나19와 관련된 물가 상승 현상을 이르는 말. ‘코로나(corona)’와 ‘인플레이션(inflation)’을 결합하여 만든 말이다.,¶지금의 물가 상승 사태는 코로나19로 인해 시작된 것이므로 {코비드플레이션이다}.,1
2022,쿠팡세대,(Coupang世代),,전자 상거래 플랫폼인 ‘쿠팡’ 등을 사용하여 편리한 물품 구매와 라이프 스타일을 경험하며 성장한 세대.,¶이들이 ‘{쿠팡 세대’로} 성장하였을 때가 기존 유통사의 진짜 위기일 것이다.,3
2022,킹노잼,(<영>king no잼),합성,아주 재미가 없음.,¶영화 예고편 보고 기대했는데 {킹노잼이다}.,6
2022,킹받다,(<영>king받다),접미 파생,어떠한 일에 자극을 받아 화가 나다. 영어 단어 ‘킹(king)’과 ‘받다’를 결합하여 만든 말로 ‘열받다’를 재미있게 이르는 말이다.,"¶네티즌들은 살면서 은근히 {킹받는} 순간으로 배달 음식을 받았는데 봉지 매듭이 풀리지 않을 때, 인터넷으로 산 옷이 살짝 작을 때 등을 꼽았다.",66
2022,탄소중립시민회의,(炭素中立市民會議),,정부가 2050년 탄소 중립을 위한 계획을 구상하면서 국민의 의견을 반영하기 위해 구성한 시민 단체.,¶{탄소 중립 시민 회의에서는} 정부의 탄소 중립 시나리오에 대해 우려 섞인 목소리가 터져 나왔다.,255
2022,탄소중립직불제,(炭素中立直拂制),,정부가 기후 변화 완화에 이바지하는 생산자에게 소득을 직접 보조해 주는 제도.,¶기후 위기 시대에 유럽 연합의 사례를 참고하여 {탄소 중립 직불제를} 신설할 필요가 있다는 주장이 나오고 있다.,156
2022,탕핑족,(<중>tangping[躺平]族),접미 파생,모든 것을 포기하고 아무것도 하지 않는 중국의 젊은 세대를 이르는 말.,"¶최근 중국에서는 유례없는 취업난과 경제적 불평등이 심화되면서 일과 결혼, 소비 등 모든 것을 포기한 ‘{탕핑족’이} 늘고 있다.",297
2022,파산핑,(破産←Teenieping),혼성,인기 캐릭터 ‘티니핑’의 관련 제품을 아이들에게 사주는 데 과도한 지출을 하게 되는 것을 이르는 말.,¶티니핑 굿즈는 최근 부모 지갑을 얇아지게 만드는 ‘{파산핑’으로} 불릴 만큼 많은 인기를 끌고 있다.,310
2022,파이브지위성다중연결망,(<영>five G衛星多重連結網),,"파이브 지 통신망과 위성 통신망을 함께 활용하는 통신 기술. 파이브지 기지국이 없거나 부족한 지역에서는 위성을 활용함으로써, 통신 서비스의 연속성을 유지하고, 재난 및 재해 상황에서도 통신 서비스를 이용할 수 있다는 장점이 있다.",¶한국전자통신연구원은 {파이브 지 위성 다중 연결망을} 구축하여 한국과 프랑스 사이의 파이브 지 서비스 시연에 성공하였다고 밝혔다.,0
2022,팥붕,,축약,‘팥이 들어있는 붕어빵’을 줄여 이르는 말.,"¶수많은 이색 붕어빵 가운데, 근본이 되는 ‘{팥붕’과} 겨룰 수 있는 붕어빵은 슈크림 붕어빵이 유일하다.",310
2022,퍼피시네마,(<영>▼puppy cinema),,반려견과 함께 영화를 감상할 수 있는 시설을 갖춘 영화관.,"¶최근 서울, 수원 등에 반려견 가구를 겨냥한 ‘{퍼피 시네마’가} 인기를 얻고 있다.",102
2022,펫플로깅,(<영>▼pet plogging),혼성,반려동물과 산책을 하면서 쓰레기 따위를 줍는 행위를 이르는 말.,¶이번 반려동물 축제에서 가장 눈길을 끄는 것은 ‘{펫플로깅’} 캠페인이다.,310
2022,포켓못런,(Pokémon<영>run),,인기 문화 상품인 ‘포켓 몬스터’의 관련 제품을 구매하기 위해 점포 오픈 시간 혹은 제품 입고 시간에 맞추어 편의점 등 판매 매장으로 사람들이 몰려드는 일.,¶일부 매장에서는 포켓몬 빵을 사기 위해 몰려든 소비자들로 ‘{포켓몬 런’이라는} 새로운 현상까지 생겼다.,0
2022,폴리서치,(<영>▼←politics research),혼성,"정치적인 편향성을 지닌 여론 조사. 주로 정치적 편향성으로 인해 여론 조사의 신뢰가 감소하였을 때 사용하는 말로, 정치를 의미하는 영어 단어 ‘폴리틱스(politics)’와 조사를 의미하는 영어 단어 ‘리서치(research)’를 결합하여 만든 말이다.",¶O 소장은 일부 ‘{폴리서치’가} 여론 조사의 신뢰성을 떨어뜨리고 있다고 지적했다.,4
2022,퐁퐁시티,(퐁퐁<영>city),,퐁퐁남이 많이 살고 있는 도시를 이르는 말. 차별 및 비하하는 의미가 포함되어 있으므로 사용에 주의가 필요하다.,¶대기업이 많아 다수의 퐁퐁남이 사는 도시를 ‘{퐁퐁 시티’라고} 비하하여 부른다.,32
2022,퐁퐁남,(퐁퐁男),접미 파생,외벌이 가정에서 전업주부 아내에게 경제권을 주고 용돈을 받아 쓰면서 집안일까지 하는 유부남을 비하하여 이르는 말. 설거지할 때 사용하는 주방세제 중 하나인 ‘퐁퐁’에 빗대어 이르는 말이다.,¶공대 나와서 대기업 다니면서 신도시 사는 게 {퐁퐁남} 풀코스이다.,310
2022,퐁퐁단,(퐁퐁團),접미 파생,가정 내 발언권과 경제권이 제한된 유부남 집단을 부정적으로 이르는 말. 차별 및 비하하는 의미가 포함되어 있으므로 사용에 주의가 필요하다.,¶전문가들은 ‘{퐁퐁단’과} 같이 설거지론에서 파생된 신조어는 젠더 갈등을 부추긴다고 지적하였다.,40
2022,표미새,(票미새),축약,‘표에 미친 새끼’를 줄여 이르는 말. 제20대 대선 과정 중 상대 후보를 비하하기 위해 나온 말이다.,"¶득표를 위해서는 뭐든지 하는 사람이란 의미로 사용된 ‘{표미새’는} 욕 같이 들리지만, 애칭의 성격도 있다.",10
2022,푸틴플레이션,(<영>putinflation),차용,"러시아의 우크라이나 침공이 주된 원인이 되어 일어나는 인플레이션. 러시아 대통령의 이름인 ‘푸틴’과 ‘인플레이션’을 결합하여 만든 말로, 러ㆍ우 전쟁으로 인해 발생한 모든 직ㆍ간접적인 물가 상승을 의미한다.",¶사료 기업들의 주가는 {푸틴플레이션의} 효과를 톡톡히 보았다.,80
2022,프렌드쇼어링,(<영>friend shoring),,"글로벌 경제 위기에 대비하기 위해 동맹국이나 우방국끼리 공급망을 공동으로 구축하는 일. 코로나19 팬데믹의 영향으로 글로벌 공급망이 불안정해진 상황에서 나온 말이다. =깐부 쇼어링, 동맹 쇼어링.",¶미국 정부는 신뢰할 수 있는 무역 파트너와의 경제적 통합을 강화하여 공급망을 서로 연결하는 ‘{프렌드쇼어링’을} 강화할 것이라고 밝혔다.,310
2022,프로토니즘,(<영>protonism理論),,평화와 긍정적인 사고를 고취시키기 위한 문학 비평 이론. 1990년 미국의 시인 잭 마리나이가 제창하였다.,¶잭 마리나이는 철학자이자 평론가로서 ‘{프로토니즘 이론'의} 창시자이기도 하다.,20
2022,프로틴플레이션,(<영>▼protein←inflation),혼성,육류 및 유제품 등 단백질 주공급원의 가격이 급등하는 현상. 코로나19 사태로 인한 육류 공급망 장애와 급격한 기후 변화 그리고 육류 소비량 증가 등 복합적인 원인으로 인해 발생한 인플레이션이다.,"¶{프로틴플레이션이} 미국, 호주 등을 넘어 국내에도 직접적인 영향을 미쳐 유제품들의 가격이 급격히 인상되었다.",58
2022,플랫폼분쟁조정위,(<영>platform分爭調停委),,"플랫폼 사업자, 이용 사업자, 최종 이용자 간 분쟁을 신속하고 효율적으로 해결하기 위해 조직된 위원회. 코로나19의 확산으로 인해 증가한 비대면 온라인 서비스의 분쟁을 해결하고자 조직되었다.",¶정부에서는 온라인 플랫폼 기업과 개인 사업자 간의 분쟁을 신속하게 해결하기 위해 ‘{플랫폼 분쟁 조정위’를} 마련하였다.,1
2022,피해회복국가책임제,(被害回復國家責任制),,백신 접종으로 인한 손해를 국가에서 책임지는 제도. 코로나19의 백신 접종 과정에서 나타난 부작용으로 인해 고통받는 당사자들을 해결해 주고자 내세워진 공약이다.,¶정부에서는 코로나19 백신 접종 부작용의 해결을 위하여 ‘{피해 회복 국가 책임제’를} 추진할 예정이라고 하였다.,45
2022,해오름권광역자족거점,(해오름圈廣域自足據點),,울산ㆍ포항ㆍ경주 등을 포함하며 초광역 거점 도시를 만들기 위한 산업 혁신 성장의 중요한 지점. 울산의 미래 발전을 위한 개발 계획 중 하나를 의미한다.,"¶울산의 사회ㆍ경제적 영향력 확대를 위해, 북부권은 경주, 포항과 함께 묶어 {해 오름권 광역 자족 거점으로} 조성되고 남부권은 산업과 관광 거점으로 조성될 것이다.",19
2022,해산물주의자,(海産物주의자),접미 파생,해산물을 즐기는 식생활을 하는 사람.,"¶아내는 육식주의자이고, 딸은 채식주의자이고, 나는 해산물을 즐기는 ‘{해산물주의자’이다.}",1
2022,해치펫트롤,(해치<영>pet←patrol),,잠재적 범죄 요인의 예방을 위해 제시된 주민 참여형 치안 정책. 주민이 반려견의 산책과 더불어 거주지 근처의 위험 요소를 파악하는 정책으로 서울시 자치 경찰 위원회가 2022년 5월부터 6월까지 시범 운영하였다.,¶서울시 자치 경찰 위원회는 지역 방법 순찰대인 ‘{해치 펫트롤’을} 모집 중이다.,27
2022,헬시플레저,(<영>▼healthy pleasure),혼성,건강을 즐겁고 편리하게 관리하는 일. 건강한 상태를 의미하는 ‘헬시(healty)’와 즐거움을 의미하는 ‘플레저(pleasure)’를 결합하여 만든 말이다.,¶요즘 젊은 세대들 사이에서는 즐거운 건강 관리를 뜻하는 ‘{헬시플레저’가} 트렌드로 자리잡기 시작했다.,310
2022,호드백,(好<영>←feedback),혼성,향수를 뿌린 후 느껴지는 향에 대한 반응을 일컫는 말. ‘좋을 호(好)’와 반응을 뜻하는 ‘피드백(feedback)’을 결합하여 만든 말이다.,"¶과거에는 상대가 주는 ‘{호드백’을} 즐겼다면, 코로나19 이후 집에 있는 시간이 많아져 나를 위한 힐링의 수단으로 향수를 찾게 되었다.",4
2022,호모미그라티오,(<라>homo migratio),,"이주하는 인간이라는 뜻으로, 더 나은 환경을 찾아 거처를 옮겨 다니는 인간의 본질적 특성을 이르는 말.",¶‘게르만족의 대이동’부터 ‘아이리시 엑소더스’까지 인류의 역사는 ‘{호모 미그라티오’의} 역사라는 견해가 설득력을 얻고 있다.,53
2022,혼놀로그,(혼놀<영>←vlog),혼성,다른 사람과 어울리지 않고 혼자 시간을 보내며 노는 일상을 동영상 콘텐츠로 촬영하는 일. 혼자서 노는 일을 뜻하는 ‘혼놀’과 영상 일기를 뜻하는 ‘브이로그’를 결합하여 만든 말이다.,"¶2030세대 사이에서는 운동, 공부, 취미 생활뿐만 아니라 혼자서 잘 노는 방법까지 공유하는 ‘{혼놀로그’가} 인기다.",11
2022,홀리몰리과카몰리,(<영>▼holymoly guacamole,,"놀라움을 나타낼 때 사용하는 감탄사 혹은 탄성. 놀라움을 의미하는 감탄사인 영어 단어 ‘홀리몰리(holymoly)’와 소스의 한 종류인 ‘과카몰리(guacamole)’를 결합하여 만든 말로, 발음이 비슷하다는 점을 이용하여 재미있게 사용한 것에서 비롯되었다.",¶이번 신제품 광고는 정말 생각지도 못한 전개라 그야말로 ‘{홀리몰리 과카몰리’였습니다.},18
2022,회슬라,(膾←Tesla),혼성,미국 기업 ‘태슬라’에서 만든 자동차의 가격이 들쭉날쭉한 것을 가격의 변동이 큰 생선회에 빗대어 이르는 말.,¶테슬라가 찻값을 수시로 올렸다 내렸다를 반복하자 이를 횟집에 빗대 ‘{회슬라’냐는} 말이 나오고 있다.,22
2023,가상근무표,(假想勤務表),,"주당 최대 69시간 노동을 할 경우를 가정해서 만든 근무표. 고용 노동부가 주당 최대 12시간으로 제한돼 있는 연장 근로 허용 기준을 월ㆍ분기ㆍ반기ㆍ연 단위로 유연화해, 1주일에 최대 69시간까지 근로가 가능하도록 하는 제도 개편 방안을 제시한 후 등장한 근무표이다.","¶고용 노동부가 근로 시간 개편안에 대한 오해를 풀겠다며, 온라인상에 공개한 {가상 근무표가} 직장인들의 반발을 불러일으키고 있다.",44
2023,감사완박,(監査完剝),축약,‘감사원의 감사권을 완전히 박탈함’을 줄여 이르는 말. 감사원 내의 주요 사항에 대해 국회에 보고하는 절차가 포함되는 것이 주요 내용이다.,¶O 의원은 이번 야당의 감사원법 개정안에 대해 {감사완박이라며} 강력하게 반발했다.,310
2023,감사완박법,(監査完剝法),합성,"감사원의 감사권을 완전히 박탈하는 법안. ‘감사원법 개정안’을 달리 이르는 말로, 외부 공개 모집 감찰관의 임용, 감사 위원회의 의결 사항 공개, 직무 감찰 결과 국회 및 대통령에게 보고 등이 핵심 내용이다.",¶OO은 감사원이 특별 감사를 하기 전에 국회의 승인을 받도록 하는 {감사완박법에} 대해 감사원이 가지고 있는 직무 독립성이 침해될 우려가 있다는 입장을 발표하였다.,70
2023,감형스펙,(減刑<영>spec),,범죄 피의자들이 형벌을 줄이는 데 필요한 조건이나 능력을 이르는 말.,¶범죄 피의자들이 {감형 스펙을} 쌓기 위한 목적으로 기부를 하는 경우가 있어 관련 단체가 곤혹스러워 하는 일이 발생하기도 한다.,2
2023,갓산직,(<영>god産職),혼성,신도 부러워할 만큼 조건이 좋은 생산 분야의 직무. 또는 그러한 분야에 종사하는 직원.,¶‘{갓산직’으로} 불리며 취업 준비생들의 많은 관심을 끌었던 OO의 생산직 채용 모집에 18만 명 이상이 지원한 것으로 파악되었다.,37
2023,갓생족,(<영>god生族),접미 파생,부지런하며 타인에게 모범이 되는 삶을 추구하는 사람. 또는 그런 무리.,"¶OO은 살림과 육아를 완벽하게 하는 것은 물론이고, 매일 아침 운동에 주말에는 봉사 활동까지 하는 {갓생족이다.}",28
2023,강제매수법,(強制買收法),,양곡 관리법 개정안을 달리 이르는 말. 쌀 가격이 전년보다 5~8% 하락하거나 쌀 생산량과 다음 연도 수요량을 추정하여 초과 생산량이 3~5%일 경우 초과 생산된 쌀을 정부가 전량 매입한다는 것이 주요 내용이다.,"¶O 의원은 이 법안이 농촌의 발전에 도움이 되지 않을 뿐만 아니라, 남는 쌀에 대한 {강제 매수법이자} 전형적인 포퓰리즘 법안이라고 비판하였다.",310
2023,개발워싱,(開發<영>washing),,개발을 이용하여 국가나 지역의 부정적인 이미지를 세탁하는 행위.,¶국가가 과거의 어두운 역사를 어떻게든 덧칠하고 지우기 위하여 활용하는 방법 중의 하나가 바로 {개발 워싱이다.},2
2023,개인채무자보호법,(個人債務者保護法),,개인 채무자들의 빚 부담을 경감하기 위하여 필요한 사항을 정한 법. 정식 명칭은 '개인 금융 채권의 관리 및 개인 채무자 보호에 관한 법률'이다.,¶OO에서도 취약 계층과 관련하여 향후 채무자와 금융 회사 간의 자율적인 채무 조정을 제도적으로 뒷받침하기 위하여 {개인 채무자 보호법을} 제정하기로 결정했다.,310
2023,거르주아,(거<프>←bourgeois),혼성,가진 돈은 적지만 마음은 풍요로운 사람을 이르는 말. ‘거지’와 ‘부르주아’를 결합하여 만든 말이다.,"¶채팅방 참여자들은 지출 내역을 공유하고, {거르주아라고} 서로를 다독이면서 유쾌한 ‘절약 놀이’를 통해 허리띠를 졸라맨다.",3
2023,건강보정기대수명,(健康補正期待壽命),,가벼운 만성 질환은 제외하고 건강하게 살아갈 것으로 기대되는 삶의 기간.,"¶사람이 건강하게 살다 죽을 수 있을지 보여주는 수치가 {건강 보정 기대 수명인데}, 한국인은 2010년에는 71.3세, 2019년에는 75.0세로 나타났다.",5
2023,건폭몰이,(建暴몰이),,건설 노조 조합원의 활동을 건설 현장 폭력 행위로 몰아 분위기를 조성하는 일.,"¶{건폭 몰이라는} 노조의 비판에 대해, 경찰은 수집된 증거를 바탕으로 수사가 진행되고 있다고 맞섰다.",310
2023,건폭수사,(建暴搜査),,건설 현장에서 발생하는 불법 폭력 행위를 목표로 삼고 벌이는 수사.,"¶경찰은 {건폭 수사와} 관련하여, 건설 현장에서 일어나는 갈취나 협박 등의 불법 행위에 대하여 엄정하게 수사하고 있다고 말했다.",90
2023,검수원복,(檢授原復),축약,‘검찰의 수사권을 원상 복구함’을 줄여 이르는 말. 검찰이 직접 수사할 수 있는 경제 범죄와 부패 범죄의 범위가 대폭 확대되는 것이 주요 내용이다.,"¶이러한 검찰의 수사권을 완전히 박탈하는 것에 맞서서, {검수원복에} 대한 위원회의 공방이 아주 뜨거웠다.",310
2023,검수원복법,(檢搜原復法),합성,"검찰의 수사권을 원상 복구하는 법안. 검찰의 수사권을 확대한 법안으로, 검찰의 수사가 가능한 경제 및 부패 범죄의 범위가 확대된다.","¶일각에서는 {검수원복법으로} 인해 검찰 조직에 대한 견제 장치가 무력화되면, 검찰에 많은 권력이 집중될 수도 있다는 지적이 나왔다.",6
2023,검주국가,(檢主國家),,검찰이 지나치게 많은 권력을 가지고 운용되는 나라를 이르는 말.,¶O은 이번 압수 수색에 대해 권위주의 시대로 돌아가기 위한 것이냐는 비판과 함께 민주 국가가 아닌 {검주 국가라는} 말이 나오는 것도 무리는 아니라고 지적했다.,129
2023,겟생,(<영>get生),합성,생산적인 일상 속에서 충분한 휴식까지 취하며 삶의 조화를 추구하는 삶을 이르는 말.,"¶부지런하고 생산적인 일상을 강조하던 갓생에서, 이제 일과 휴식의 조화를 추구하는 {겟생이} 새로운 트렌드가 되었다.",210
2023,경제완박,(經濟完박),축약,‘경제가 완전히 박살남’을 줄여 이르는 말. 파업 등으로 인해 국가 경제에 피해 상황이 발생하는 것을 말한다.,¶OO은 이번 파업에 대해 국가의 경제를 파멸로 이끄는 {경제완박이라고} 표현했다.,60
2023,계묘국치,(癸卯國恥),합성,"계묘년에 일어난 나라의 수치라는 뜻으로, 일제 강점기 강제 징용 피해 배상안의 발표를 비판하여 이르는 말.","¶O 의원은 일제 강점기 강제 동원 피해자 문제에 대해, 지난 6일 내 놓은 정부안을 외교 대참사라고 말하며, 제2의 경술국치이자 {계묘국치라고} 비판하였다.",184
2023,계묘군란,(癸卯軍亂),혼성,병사의 처우 개선에만 집중하다가 초급 간부의 문제는 뒷전으로 밀렸다는 논란을 신식 군대와 구식 군대의 차별에서 시작된 임오군란에 빗대어 이르는 말.,¶병사 월급을 단계적으로 높이는 과정에서 초급 간부의 처우 문제는 뒤로 밀린 상황을 임오군란에 빗대어 {계묘군란이라고} 말하는 사람도 있다.,2
2023,계묘늑약,(癸卯勒約),혼성,"계묘년에 일어난 억지로 맺은 조약이라는 뜻으로, 일제 강점기 강제 징용 피해 배상안의 내용을 을사늑약에 빗대어 이르는 말.",¶일제 강점기 강제 노역에 대한 피해 배상에 대한 해법을 두고 일부에서는 을사늑약에 준하는 {계묘늑약이라고} 비판하고 있다.,200
2023,계약정원제,(契約定員制),,"대학에서, 계약학과 없이 기업에서 필요한 인력을 양성할 수 있도록 입학 정원을 한시적으로 조정하는 제도.",¶정부는 반도체와 같은 첨단 분야에서 별도의 학과 설치 없이도 기존의 학과 정원을 한시적으로 증원할 수 있도록 하는 ‘{계약 정원제’를} 신설하는 등의 규제 완화에 나선다.,310
2023,고등평생교육특별회계,(高等平生敎育特別會計),,지방 교육 재정 교부금 중 유치원 및 초중등 교육에 지원하던 지원금을 대학 지원에도 사용하기 위하여 특별히 수립한 회계. =고특회계.,¶정부가 교육 교부금 중 교육세에서 전입되는 약 3조 원을 신설 예정인 ‘{고등 평생 교육 지원 특별 회계’에} 투입하겠다고 밝혔다.,144
2023,고특법,(高特法),합성,지방 교육 재정 교부금 중 유치원 및 초중등 교육에 지원하던 지원금을 대학 지원에도 사용하기 위하여 특별 회계를 설치함을 목적으로 제정한 법률. 정식 명칭은 ‘고등 평생 교육 지원 특별 회계법’이다.,¶당초 정부는 학령 인구의 감소로 여유가 생긴 초중등학교의 예산을 대학과 평생 교육에 투자하겠다는 취지로 {고특법} 추진을 발표하였다.,4
2023,고특회계,(高特會計),,지방 교육 재정 교부금 중 유치원 및 초중등 교육에 지원하던 지원금을 대학 지원에도 사용하기 위하여 특별히 수립한 회계. =고등 평생 교육 특별 회계.,"¶{고특 회계의} 재원은 교육세와 일반 재정으로, 재원 조달 방식 등은 2016년 말에 국회를 통과한 유아 교육 지원 특별 회계와 거의 동일하다.",310
2023,곱게팅,(곱<영>getting),혼성,맛있는 곱창을 구매하기 위해 많은 사람이 한꺼번에 몰려 치열한 경쟁을 벌이는 일을 이르는 말.,¶치열한 경쟁을 뚫고 {곱게팅에} 성공해야 맛있는 곱창을 먹을 수 있다.,1
2023,공공반납기,(公共返納器),,"회수하는 사람 없이도, 매장이 아닌 곳에서 일회용 컵의 보증금을 돌려받을 수 있도록 설치한 기계. =공공 반납처.",¶제주 시청과 제주 공항에 설치된 {공공 반납기는} 일회용 컵 반납처로서 중요한 역할을 하고 있다.,10
2023,공공반납처,(公共返納處),,"회수하는 사람 없이도, 매장이 아닌 곳에서 일회용 컵의 보증금을 돌려받을 수 있도록 설치한 기계. =공공 반납기.",¶일회용 컵을 반납하면 보증금을 반환해 주는 {공공 반납처는} 각 공공 기관에 설치될 예정이다.,109
2023,관광워싱,(觀光<영>washing),,관광을 이용하여 국가나 지역의 부정적인 이미지를 세탁하는 행위.,"¶의도한 것이 아니었다고 하더라도, 인권 탄압 논란이 심한 나라를 방문한 것은 {관광 워싱의} 조력자가 된 것 같아 씁쓸하다.",3
2023,괌옥,(Guam獄),혼성,슈퍼 태풍으로 인해 공항이 폐쇄되면서 괌섬에 갇히게 된 한국인 여행객의 처지를 감옥에 빗대어 이르는 말.,"¶괌섬에 갑작스레 불어닥친 태풍의 영향으로 수도와 전기가 끊기고 생필품을 구하기도 힘든 상황이 되어, 관광객들은 {괌옥에} 갇혔다는 말까지 했다고 한다.",57
2023,교육자유특구법,(敎育自由特區法),,학교의 설립 및 운영과 관련된 규제를 완화하여 지역에 맞는 공교육의 선도 모델을 만들기 위하여 마련된 법률.,"¶{교육 자유 특구법이} 시행되면, 특구 내의 학교에서는 다양한 교육 활동이 운영될 수 있도록 공교육을 지원하고, 개인의 적성이나 소질의 개발, 체험 등을 위한 교육을 실시할 수 있는 대안 학교가 설립되어 운영될 수 있다.",67
2023,국가인재양성기본법,(國家人材養成基本法),,"항공ㆍ우주 미래 모빌리티와 바이오헬스, 첨단 부품ㆍ소재, 디지털 그리고 환경 및 에너지 분야를 포함하는 5대 핵심 첨단 분야의 인재 육성을 목적으로 제정한 법률. 국가의 체계적인 인재 양성을 위하여 직업 교육법, 인재 데이터 관리법과 함께 인재 양성 3법에 포함된다.","¶첨단 핵심 분야의 인재를 양성하기 위한 법적 근거를 마련하기 위하여 {국가 인재 양성 기본법을} 마련하여, 정부 및 지자체가 인재 양성 정책을 수립하거나 성과 점검의 책임을 지게 할 것이다. '",68
2023,국폭01,(國暴),축약,‘국회 폭력’을 줄여 이르는 말.,¶O 의원은 국회에서 힘자랑에 여념이 없는 행태를 보며 {국폭이냐며} 고함을 질렀다.,0
2023,국폭02,(國暴),축약,‘국가 폭력’을 줄여 이르는 말.,¶O은 제주 사삼 사건에 대해 {국폭에} 의하여 죄가 없는 국민들이 짓밟힌 일이라고 강조하였다.,0
2023,군졸교과서,(軍卒敎科書),,군국기무처의 의결을 거쳐서 군졸들에게 보급된 우리나라 최초의 순 한글 교과서.,¶이번에 공개된 {군졸 교과서는} 군졸을 대상으로 예절과 충절의 도리를 설파한 내용을 담고 있다.,19
2023,군중유체화,(群衆流滯化),,한곳에 모인 사람들의 밀집도가 증가하면서 자의에 의한 이동이 어렵게 되어 이리저리 떠밀리다가 질식 또는 호흡 곤란 등이 유발되는 현상.,"¶좁은 곳에 갑자기 많은 시민들이 모이면서 {군중 유체화가} 시작되었고, 다수의 사람들이 넘어진 후에도 인파가 계속 몰리면서 참사로 이어지게 되었다.",235
2023,군집자살,(群集自殺),,주변의 다른 사람이 죽음을 택한 것에 영향을 받아 스스로 자기의 목숨을 끊음.,¶실제로 학교에서 또래의 학생들이 숨지면 주변 청소년들에게 영향을 미치는 {군집 자살이} 발생할 수 있기 때문에 사건 후에 적절한 개입이 필요하다.,4
2023,그리드플레이션,(<영>greedflation),차용,대기업들이 상품이나 서비스의 가격을 과도하게 올려 물가가 상승하는 현상.,"¶기업 대표의 수입 증가율이 직원보다 큰 것은 {그리드플레이션의} 징후이며, 기업들이 기업 대표의 보수를 높이고 이윤을 늘리기 위하여 상품의 가격을 올리고 있다.",310
2023,근로자밥값지원법,(勤勞者밥값支援法),,직장인의 밥값 부담을 덜어 주기 위한 목적으로 제정한 법. 비과세 식대의 한도를 월 10만 원에서 20만 원으로 올리는 것을 주요 내용으로 한다.,¶외식 물가의 상승세가 이어지는 상황에서 여야는 직장인들의 점심값 부담을 낮춰 주기 위하여 {근로자 밥값 지원법을} 추진하고 있다.,50
2023,근테크족,(筋<영>tech族),접미 파생,신체 자산 증가를 위해 꾸준히 근력 강화 운동을 하는 사람. 또는 그런 무리.,¶최근 {근테크족을} 공략하기 위한 프로틴 음료들이 대거 출시되고 있다.,2
2023,글로벌스톡테이크,(<영>global stocktake),,"온실가스 감축 목표를 이행한 정도를 점검하고 평가하는 일. 2015년에 채택된 파리 기후 변화 협약의 필수 구성 요소로, 온실가스 배출량을 줄이고 기후 변화에 적응하기 위해 각 참여국과 이해관계자들이 이룬 진전을 조사하고 그 결과를 보고서로 작성한다.","¶제28차 유엔 기후 변화 협약 당사국 총회에서는 최초로 {글로벌 스톡테이크를} 시행하고, 이를 통해 온실가스 감축을 위한 각국의 노력을 평가할 예정이다.",16
2023,금리폭리방지법,(金利暴利防止法),,은행 이용자에게 이자율의 산정 방식과 그 근거를 투명하게 공개하여 금리 인하 효과를 유도하는 것을 목적으로 하는 법안.,¶OO은 시중 은행에 대출 금리의 산정 방식과 그 근거를 공개하도록 하는 내용의 {금리 폭리 방지법과} 이자 제한법을 비롯한 금융권 규제 법안의 정기 국회 처리를 목표로 하고 있다.,300
2023,금안계정,(金安計定),,‘금융 안정 계정’을 줄여 이르는 말. 금융 회사가 일시적인 자금난을 겪게 되거나 재무 구조의 개선 또는 자본의 확충이 필요한 경우에 금융 당국이 선제적으로 자금을 지원하기 위한 계정을 뜻한다.,"¶{금안 계정은} 자금 조달에 일시적으로 어려움에 처한 금융 회사가 지원 대상이며, 부실 금융사가 아니라 일시적인 유동성 위기에 빠진 금융사를 지원 대상으로 한다는 것이 핵심이다.",115
2023,금융교육진흥법,(金融敎育振興法),,학교 정규 교과 과정에 금융 교육을 편성하여 공교육을 통해 초중고 학생들에게 금융 교육이 이루어질 수 있도록 금융 교육의 진흥에 필요한 사항을 규정한 법률.,"¶O은 학생들이 올바른 금융 활동 역량을 갖추고 금융에 대한 지식을 습득하여, 향후 경제 활동 과정에서 합리적인 의사 결정에 도움을 주는 것을 목적으로 하는 법안인 {금융 교육 진흥법을} 대표 발의하였다.",42
2023,금융안정계정,(金融安定計定),,금융 회사가 일시적인 자금난을 겪게 되거나 재무 구조의 개선 또는 자본의 확충이 필요한 경우에 금융 당국이 선제적으로 자금을 지원하기 위한 계정. =금안 계정.,"¶OO는 {금융 안정 계정을} 통하여 유동성의 공급에 문제를 겪고 있는 금융사를 대상으로 대출이나 채무 보증을 지원하고, 자본의 확충에 어려움이 있는 경우에는 우선주를 매입하는 등의 방식으로 도움을 줄 계획이다.",310
2023,기절근무표,(氣絕勤務表),,"온라인상에 등장한 한 주 동안 69시간의 근로를 가정하여 근무 시간을 짠 도표. 정부가 근로 시간 개편 방안을 발표한 이후 소셜 네트워크 서비스에서 등장하여 화제가 되었으며, 늦은 퇴근 시간 때문에 평일에 부족했던 수면을 주말 동안 보충하기 위하여 주말에는 기절하는 일정으로 표시되어 있다.",¶OO은 주 69시간 제도는 실제 노동 현실을 모르는 {기절 근무표이자} 과로사를 조장하는 정책이라고 날을 세웠다.,46
2023,기초연금확대법,(基礎年金擴大法),,"부부가 함께 기초 연금을 받는 경우 남편 몫과 아내 몫의 연금 수령액을 각각 20%를 감액하는 기초 연금의 부부 감액 제도를 폐지하고, 기초 연금을 월 40만원으로 인상하기 위하여 제정한 법률.",¶{기초 연금 확대법은} 연금 수령의 대상을 100%로 확대하는 안과 만 65세 이상이면서 소득 하위 70%인 경우 기초 연금을 월 30만 원에서 월 40만 원으로 높이는 안으로 각각 발의되어 있다.,310
2023,기프테크,(<영>▼←gifticon tech),혼성,"모바일 상품권을 액면가보다 할인된 가격에 구매하거나, 선물로 받은 모바일 상품권을 중고로 거래하여 남긴 이익을 이용한 재테크.",¶고물가 상황이 이어지면서 재테크 수단 중의 하나로 {기프테크가} 성행하고 있다.,70
2023,기회발전특구법,(機會發展特區法),,비수도권 지역이나 수도권 중 일부 접경 지역 및 인구 감소 지역의 투자 촉진을 목적으로 제정한 법률. 해당 지역으로 이전하는 기업에게 감세 등의 혜택이 지원된다. 정식 명칭은 '지방 자치 분권 및 지역 균형 발전에 관한 특별법'이다.,¶{기회 발전 특구법은} 국민 모두가 사는 지역에 관계없이 균등한 기회를 누릴 수 있는 지방 시대를 구현하는 것을 목적으로 제정되었다.,54
2023,기후기술허브,(氣候技術<영>hub),,기후 분야에서 개발 도상국의 역량 강화를 돕고 전문가 네트워크와 기후 기술의 거점 역할을 담당하기 위한 곳. 정부와 아시아 개발은행이 서울에 설립을 추진하기로 하였다.,"¶정부는 아시아 개발은행과 공동으로 {기후 기술 허브를} 내년에 서울에 설립하고, 기금의 출연을 약정하는 등의 방법으로 협력을 강화하겠다고 하였다.",310
2023,기후배상,(氣候賠償),,선진국이 온실가스의 배출량이 상대적으로 적은 개발 도상국에게 기후 위기의 피해를 입힌 것에 대해 배상하는 일.,¶세계 200여 개 국가가 참여한 기후 정상 회의에서 처음으로 {기후 배상} 문제가 공식 의제로 상정됐다.,20
2023,기후보상금,(氣候補償金),,탄소를 많이 배출한 선진국이 온실가스로 인해 기후 위기 피해를 받게 된 개발 도상국들에게 기후 문제에 대한 보상으로 주는 돈.,"¶정책 전문가들은 기후 변화 및 불평등을 초래하게 된 경제 분야의 주요한 원인으로 화석 연료와 개발 도상국의 부채 등을 지목하였고, 기후 정의의 실현과 함께 {기후 보상금을} 마련할 방안을 제시하였다.",15
2023,기후행동지수,(氣候行動指數),,온실가스를 많이 배출한 기업을 대상으로 각 기업이 기후 변화 대응을 위해 얼마나 적극적으로 행동하고 있는지를 평가하는 지표.,¶금융 정보 서비스 기업인 MSCI는 {기후 행동 지수를} 도입하는 등 ESG 관련 지수와 파생 상품 개발에 적극적이다.,33
2023,기후플레이션,(氣候<영>←inflation),혼성,기후 변화로 인해 물가가 상승하는 현상.,¶극단적인 폭우와 폭염이 이어지는 {기후플레이션까지} 맞물리면서 전 세계의 식량난은 더욱 심각해질 것으로 보인다.,310
2023,긴급벌채제도,(緊急伐採制度),,"병충해 방제, 산불 진화 및 산불 확산 방지, 산사태 등 2차 피해가 우려되는 경우에, 산림 소유자의 동의 없이 긴급히 벌채를 할 수 있도록 한 제도.",¶산림청 관계자는 조만간 과도하게 넓은 지역에 대한 벌채를 허가하는 {긴급 벌채 제도의} 미비점을 정비할 예정임을 알렸다.,6
2023,길티팁,(<영>▼guilty tip),,사회적 압박 때문에 죄책감을 느껴 일정한 수준 이상으로 지급하는 팁. =죄책감 팁.,"¶신용 카드로 결제하는 문화가 확산되면서 팁을 주지 않는 경우가 많아지자, 사회적 압박에 따른 {길티 팁이} 과도하다는 불만도 있다.",3
2023,깊털,(<영>▼←gifticon털),축약,‘기프티콘 털어 먹기’를 줄여 이르는 말. 선물로 받아 놓고 사용하지 않았던 기프티콘으로 끼니를 해결하는 것을 말한다.,¶생활비를 줄이기 위하여 돈을 쓰지 않는 무지출 챌린지를 실천하는 방법으로는 {깊털을} 하거나 냉장고에 있는 재료로만 요리를 하는 냉장고 파먹기 등이 있다.,2
2023,깡통전세공공매입특별법,(깡筒傳貰公共買入特別法),,"전세 보증금과 담보 대출이 매매가를 웃도는 전세 주택의 공공 매입 절차를 규정하고, 피해자를 구제하는 데 필요한 사항을 제정한 법률. 공공 기관이 채권을 매입하여 전세 사기 피해를 먼저 보상하고, 이후에 구상권 청구 등을 통해 비용을 회수하는 것을 목적으로 한다. =임대 보증금 미반환 주택 임차인 보호를 위한 특별법.","¶전세 사기에 대한 대책으로 제시된 {깡통 전세 공공 매입 특별법은} 공공 기관이 보증금 채권을 매입하여 공공 임대 주택으로 활용하고, 피해 임차인들에게 우선적으로 지원하는 것을 주요 내용으로 한다.",52
2023,꼬이직,(꼬移職),축약,"‘꼬우면 이직해’를 줄여 이르는 말. 공무원들이 임금 인상을 요구하는 시위를 하자, 일부 사람들이 온라인상에서 이를 조롱하는 의미로 사용한다.","¶공무원의 보수 문제가 화제로 다루어질 때마다 철밥통, {꼬이직} 등과 같은 댓글이 등장한다.",17
2023,꾸웨액,,생성,‘후회해’라는 뜻으로 쓰는 말. ‘후회해’를 익살스럽게 발음한 것에서 비롯되었다.,¶주말에 너무 많이 먹은 거 {꾸웨액.},2
2023,나토베나토르폴리돈투스,(<라>natovenator polydontus),,"물속 사냥에 적합하도록 몸이 유선형으로 진화한 육식성 두 발 공룡의 화석. 한국 과학자들이 발견하였으며, ‘이빨이 많이 있는 수중 사냥꾼’이라는 뜻이다.","¶한국 연구진이 몽골에서 조류가 아니면서도 몸이 물속 사냥에 적합한 유선형으로 진화한 육식 공룡의 화석을 처음으로 발견하여, {‘나토베나토르 폴리돈투스’로} 명명하였다.",3
2023,내집마련리츠주택,(내집마련<영>REITs住宅),,"입주 시에 최초 분양가의 절반을 보증금으로 내고, 최장 10년 동안 임대로 거주한 후 최종 매입 여부를 자유롭게 선택할 수 있는 주택.",¶무주택자들의 내 집 마련을 지원하기 위해서 최소 6년만 임대 거주하면 분양 여부를 자유롭게 선택할 수 있는 ‘{내 집 마련 리츠 주택’이} 도입된다.,157
2023,내비남공,(내非남公),축약,"‘내가 쓴 돈은 비공개, 남이 쓴 돈은 공개’라는 뜻으로, 자신이 쓴 돈에 대해서는 숨기려고 하면서 다른 사람에게는 회계 자료의 공개를 요구하는 태도를 이르는 말.",¶일부 국민들이 답답하게 생각하는 점은 한두 언론을 제외하면 이러한 {내비남공의} 행태에 대한 제대로 된 보도를 찾기 힘들다는 것이다.,9
2023,노주취자존,(<영>no酒醉者<영>zone),,주취자의 출입을 금지하는 곳.,¶주취자는 주변에 피해를 줄 수 있음에도 불구하고 한국에서 {노 주취자 존은} 찾아보기 힘들다.,1
2023,노면컬러안내선,(路面<영>color案內線),,갈림길에서 각 차로의 경로를 미리 안내하기 위해 차로의 중앙에 선명한 색깔로 그어 놓은 선. =인포라인.,¶{노면 컬러 안내선은} 화재 발생 시에 소방차가 화재가 발생한 건물까지 신속하게 도착할 수 있도록 안내하여 소방차의 현장 도착 시간 단축에 효과적일 것으로 기대된다.,206
2023,노조방탄법,(勞組防彈法),,‘노동조합 및 노동관계 조정법 개정안’을 이르는 말. 하도급 노동자에 대한 원청의 책임을 강화하고 그 범위를 확대하는 것이 핵심 내용으로 노란봉투법이라고도 불린다.,¶OO는 노조원 개인이 폭력 행위를 저질러도 그에 따른 책임을 물을 수 없다는 이유로 {노조 방탄법이라고} 맞서며 법 개정을 반대하고 있는 상황이다.,198
2023,녹색항로,(綠色航路),,해당 항로를 이용하는 선박들은 온실가스의 배출이 없거나 낮은 연료를 사용해야 하는 특정 항로.,¶이번 토론회에서는 국제 해운 분야에서 2050년 탄소 중립의 목표를 달성하기 위한 기술 개발과 {녹색 항로의} 도입 등 해운 탈탄소화를 위한 협력 방안에 대해 협의할 계획이다.,200
2023,녹색해운항로,(綠色海運航路),,2050년까지 해운업의 탄소 중립 실현을 목표로 친환경 암모니아나 친환경 메탄올 등의 무탄소 연료 추진 선박으로 운항되는 항로. 부산항과 미국 서부의 타코마항 간에 구축 합의의 내용을 2022년 11월에 공식적으로 발표하였다.,¶해운 협력의 일환으로 미국 주요 항만과 부산항 사이의 탈탄소 항로 구축을 위하여 추진 중인 {녹색 해운 항로의} 동참을 위하여 일부 선박은 향후 미주 항로에 투입될 계획이다.,310
2023,농촌소멸기금,(農村消滅基金),,인구가 감소하여 사라질 위기에 있는 농촌 지역을 위해 조성된 재정 지원금.,¶서울시 교육청 관계자는 삭감된 농촌 유학 사업의 예산 마련을 위해 {농촌 소멸 기금을} 활용하는 방안을 모색할 예정이라고 했다.,3
2023,농친자,(籠친者),혼성,‘농구’를 열광적으로 좋아하는 사람.,"¶농구라는 스포츠에 관심이 가기 시작한 당신, 90년대 원조 ‘{농친자’를} 알고 계신가요?",5
2023,누칼협,(누칼脅),축약,‘누가 칼로 협박했느냐’를 줄여 이르는 말. 누군가가 고충을 토로할 때 그에 대한 책임이 그 일을 선택한 개인에게 있다고 주장할 때 사용한다.,¶‘{누칼협’이란} 반응은 문제를 개인 탓으로 돌리며 사회나 구조의 문제로 논의할 가능성을 차단한다.,252
2023,닭코야키,(닭<일>←takoya[蛸燒]ki),혼성,"‘닭’과 ‘다코야키’가 합쳐진 말로, 둥근 모양의 틀에 잘게 썬 닭과 묽은 밀가루 반죽을 넣어 만든 일본식 풀빵.","¶이 대회에서는 '삼도그', '{닭코야키'}, '한방 삼계 튀김' 등 다양한 삼계 요리가 본선에 진출하였다.",11
2023,댕댕버스,(댕댕<영>bus),,반려동물과 함께 탑승할 수 있는 버스. 글자 모양이 비슷하여 인터넷상에서 ‘멍멍이’라는 뜻으로 쓰는 ‘댕댕이’와 ‘버스’를 결합하여 만든 말이다.,"¶아직은 반려동물과 대중교통을 이용하여 여행하는 것이 쉽지 않았는데, 해당 웹사이트에서는 {댕댕 버스와} 함께하는 투어 등의 다양한 여행 상품을 찾을 수 있었다.",310
2023,댕댕존,(댕댕<영>zone),,반려동물의 출입을 허용하는 곳. 글자 모양이 비슷하여 인터넷상에서 ‘멍멍이’라는 뜻으로 쓰는 ‘댕댕이’와 장소를 의미하는 ‘존’을 결합하여 만든 말이다.,"¶도는 자연 휴양림 내에 {댕댕 존을} 도입하는 것에 대한 의견을 정책에 반영하기로 하였고, 자연 휴양림의 운영자 의견과 반려동물 동반 객실의 정비에 대한 의견을 수렴할 계획이다.",38
2023,댕댕크루즈,(댕댕<영>cruise),,반려동물과 함께 여행할 수 있도록 마련된 배. 또는 그런 여행 상품. 글자 모양이 비슷하여 인터넷상에서 ‘멍멍이’라는 뜻으로 쓰는 ‘댕댕이’와 배를 의미하는 ‘크루즈’를 결합하여 만든 말이다.,¶군은 새로운 여행의 트렌드에 발맞추어 {댕댕 크루즈를} 이용하는 관광객들에게 관광 안내 지도와 홍보용 부채를 나누어 주는 환영 행사를 가졌다.,140
2023,댕수욕장,(댕水浴場),혼성,반려동물과 함께 해수욕을 할 수 있는 시설과 환경이 갖추어진 바닷가. 글자 모양이 비슷하여 인터넷상에서 ‘멍멍이’라는 뜻으로 쓰는 ‘댕댕이’와 ‘해수욕장’을 결합하여 만든 말이다.,¶시는 반려동물을 기르는 가정을 위하여 반려동물의 동반이 가능한 해수욕장인 {댕수욕장을} 조성하여 올여름부터 운영할 계획이라고 밝혔다.,310
2023,도심복합개발지원법,(都心複合開發支援法),,"도시 공간을 혁신적이고 복합적으로 활용하여 주거 안정에 이바지하기 위한 것으로, 도심 복합 개발 혁신 지구를 설정하여 해당 지역에 대한 민간 기업의 개발 규제를 완화하고 부담금을 감면하도록 규정한 법안. 2022년 8월에 국회에서 발의되었다.","¶{도심 복합 개발 지원법이} 국회의 문턱을 넘으면서, 민간 사업자의 주도로 문화ㆍ상업 등의 복합 시설과 주택을 신속하게 지을 수 있을 것이라는 기대가 높아지고 있다.",102
2023,도심복합개발특별법,(都心複合開發特別法),,"공공에만 부여하던 용적률 등 도시 건축 특례, 절차 간소화, 세제 혜택 등을 민간 기업에도 부여하여 주택 공급을 신속히 할 수 있도록 하는 내용을 담은 특별법.","¶{도심 복합 개발 특별법이} 제정되면, 그동안 한국 토지 주택 공사 등 공공 주도로 추진하던 도심 복합 사업을 앞으로는 건설사나 부동산 투자 신탁 등 민간 사업자도 할 수 있게 된다.",6
2023,돌친자,(←Dolby친者),혼성,‘돌비 시네마’를 열광적으로 좋아하는 사람. ‘돌비 시네마’는 미국의 오디오 기업 ‘돌비(Dolby)’에서 개발한 첨단 영상 및 음향 기술인 ‘돌비 비전(Dolby Vision)’과 ‘돌비 애트모스(Dolby Atmos)’을 도입한 영화관을 말한다.,"¶지난해 화려한 액션 신과 시원한 사운드가 장점인 영화들이 흥행하자, 영화 마니아 사이에서는 {돌친자들이} 등장했다.",17
2023,돼지게이터,(돼지<영>←navigator),혼성,"‘돼지’와 ‘내비게이터’를 결합하여 만든 말로, 음식 맛이 뛰어난 음식점을 찾아내는 능력을 비유적으로 이르는 말.",¶그는 낯선 동네에 가서도 ‘{돼지게이터’가} 되어 맛집을 찾아낼 수 있는 능력을 가지고 있다.,2
2023,두더집,,혼성,"‘두더지’와 ‘집’을 결합하여 만든 말로, 서울시에서 고립ㆍ은둔 청년의 사회 복귀를 도울 수 있도록 마련한 사회 복지 시설.",¶온라인 교류를 통해 어느 정도 훈련을 마친 청년들은 오프라인 쉼터인 {두더집으로} 나오기도 한다.,103
2023,드링크플레이션,(<영>drinkflation),차용,인플레이션의 심화로 인해 기업들이 주류 상품의 가격과 용량은 기존과 동일하게 유지한 채 알코올 함량을 줄여 결과적으로는 물건값이 상승하는 효과를 거두는 일.,¶한 언론은 “술의 용량과 병의 크기에는 변화가 없고 알코올 함량만 달라져 소비자들이 이를 알아채기 어렵기 때문에 {드링크플레이션이} 슈링크플레이션보다 더 교활하다.”라고 하였다.,25
2023,디깅력,(<영>digging力),접미 파생,어떤 것을 밝히거나 알아내는 힘이나 능력. 주로 자신이 열성적으로 좋아하는 영역의 새로운 사실을 계속해서 파헤치는 것을 말한다.,"¶나만의 가치에 몰입하며 행복을 느끼는 사람, 즉 {디깅력이} 충만한 사람들이 콘텐츠 시장을 바꾸고 있다.",10
2023,디시브레인,(<영>dish brain),,사람의 줄기세포에서 유래한 뇌 신경 세포와 쥐 배아의 뇌에서 가져온 신경 세포 80만 개에 미세 전극을 연결해 배양 접시에 올린 뇌세포 집합체.,¶호주의 한 바이오 기업과 대학의 공동 연구진은 배양 접시에서 뇌 신경 세포와 미세 전극을 연결하여 외부와 피드백을 주고받게 한 '{디시 브레인(DishBrain)'을} 개발하고 '퐁' 게임을 학습해 플레이하게 했다.,5
2023,디지털플랫폼재난,(<영>digital platform災難),,포털 서비스나 메신저 서비스가 제대로 작동하지 않아 발생하는 재난.,"¶한 국회의원은 최근 발생한 메신저 서비스 오류와 관련해, 국회가 {디지털 플랫폼 재난에} 대비할 수 있는 법안을 마련해야 한다고 목소리를 높였다.",85
2023,런플루언서,(<영>runfluencer),차용,"소셜 미디어 등에서 달리기 영상이나 달리기 관련 정보를 공유하고 소통하면서, 대중에게 영향력을 미치는 사람.","¶달리기에 대한 관심이 높아지고, 자신이 달리는 모습을 촬영해 소셜 미디어에 올리는 것이 유행하면서 {런플루언서들이} 많아지고 있다.",2
2023,리셀러꾼,(<영>reseller꾼),접미 파생,서비스나 제품을 재판매할 목적으로 구입하는 사람.,¶이 회사는 최근 이용 약관을 개정하면서 ‘재판매를 위한 구매 불가’라는 항목을 추가해 {리셀러꾼을} 제재하기 위한 방안을 마련하였다.,2
2023,리퀴드소비,(<영>liquid消費),,"가격이나 유행 등에 민감하게 반응하며, 변화가 빠르고 다음의 상황을 예측하기 힘든 소비. 짧은 기간 동안 유행하고 바로 사라지는 상품들이 대표적인 결과물이라고 할 수 있다.","¶{리퀴드 소비의} 가장 두드러진 특징은 서비스 선택 주기나 소비자의 제품 선택 주기가 짧다는 것으로, 예상이 가능하고 고정적인 소비 패턴을 의미하는 솔리드 소비에 반대되는 개념이다.",78
2023,마스크키핑족,(<영>mask keeping族),,"코로나19의 감염을 방지하기 위한 마스크 착용의 의무가 사라졌지만, 마스크를 계속 곁에 두는 사람. 또는 그런 무리.",¶마스크 착용의 의무 해제와 동시에 마스크를 더 이상 착용하지 않는 탈마스크족과 {마스크 키핑족이} 공존하게 되면서 서로 이질감을 느끼는 상황이 발생하였다.,2
2023,맑눈광,(맑눈狂),축약,"‘맑은 눈의 광인’을 줄여 이르는 말. 맑고 초롱초롱한 눈을 가지고 있지만, 어딘가 미쳐 있는 듯한 사람을 이르는 말이다.",¶{맑눈광의} 이미지를 가진 배우가 미친 듯이 바다 수영을 하며 시청자들에게 웃음을 안겨 주었다.,310
2023,맞폭,(맞暴),접두 파생,상대방이 폭력을 당한 행동이나 태도에 대하여 본인도 폭력을 당한 적이 있다고 맞서서 대응함.,¶최근 학교 폭력 피해 학생들이 가해 학생들로부터 맞신고를 당하는 이른바 ‘{맞폭’} 현상이 만연한 것으로 나타났다.,75
2023,멍쉼터,,합성,물소리를 듣거나 숲속에서 경치를 바라보는 등을 하며 아무 생각 없이 멍하게 있으면서 쉴 수 있도록 시설물을 설치해 놓은 곳.,¶OO시는 주민들이 계곡 소리를 듣거나 편안한 공간에 앉아 쉴 수 있도록 {멍쉼터} 등 다양한 휴식 공간을 조성할 계획이라고 밝혔다.,5
2023,멍감님,(멍監님),혼성,나이가 많은 개를 이르는 말. 개를 의미하는 ‘멍멍이’와 영감의 높임말인 ‘영감님’을 결합하여 만든 말이다.,¶최근에 반려동물을 키우는 인구가 늘어나면서 {멍감님을} 위한 보험을 드는 사람들이 증가하고 있다.,9
2023,면플레이션,(麵<영>←inflation),혼성,"식자재 가격과 인건비, 전기 요금 상승 등으로 인해 냉면, 국수 등 면 요리의 가격이 상승하는 현상.",¶서울에서 냉면으로 유명한 맛집에서 냉면 가격을 올리면서 이른바 {면플레이션으로} 인한 가계 부담이 더 커지고 있다.,269
2023,명절테크,(名節<영>←tech),,명절에 받은 선물 세트를 개봉하지 않고 중고 거래로 되팔아 남긴 이익을 이용한 재테크.,¶혼자 사는 이삼십 대의 직장인들 사이에서 지인이나 회사로부터 받은 선물 세트를 포장도 뜯지 않고 중고 거래로 파는 {명절 테크가} 유행이다.,137
2023,명품테크족,(名品<영>tech族),,명품 브랜드 제품의 시세 차익을 통해 재테크를 하는 사람. 또는 그런 무리.,¶온라인 유통 플랫폼이 활성화되자 {명품 테크족들은} 특가 행사 때마다 오픈 런을 할 필요가 없어지게 되었다.,1
2023,무떡밥,(無떡밥),접두 파생,동물이나 사람을 꾀어내거나 관심을 끌기 위한 수단이나 물건이 없음.,"¶가수들의 경쟁은 지나치게 심해졌고, 휴식은 곧 ‘{무떡밥을’} 의미하여 팬들이 이탈할 수 있으므로 항상 긴장을 늦출 수 없다.",1
2023,무게샵,(무게<영>shop),,손님이 고른 중고 의류를 저울로 무게를 재서 가격을 매기는 가게. ⇒규범 표기는 ‘무게 숍’이다.,"¶주머니가 가벼운 젊은 층 사이에서는 {무게 샵,} 킬로 숍 등이 인기를 끌고 있는데, 이곳에서는 옷을 무게로 측정해서 팔기 때문에 여러 벌을 사더라도 부담이 없다고 한다.",3
2023,무진동항온항습차,(無振動恒溫恒濕車),,진동이 적고 온도와 습도가 일정하게 유지되도록 설계한 차. 반도체나 동물 따위를 운반할 때 사용한다.,¶푸바오는 인천 공항까지 {무진동 항온 항습 차를} 타고 이동한 후에 중국에서 제공한 전세기로 이동할 예정이다.,7
2023,문구카세,(文具<일>←omaka[御任]se),혼성,문구를 열성적으로 좋아하는 사람들을 위한 필기구 종합 세트. ‘문구’와 ‘오마카세’를 결합하여 만든 말이다.,¶음식 메뉴의 일종에서 범위를 확장하여 문구 덕후들을 위한 필기구 종합 세트인 {문구카세와} 다이어리 꾸미기를 좋아하는 사람들을 겨냥한 다양한 스티커도 등장하였다.,3
2023,문화워싱,(文化<영>washing),,박람회 등과 같은 문화 행사를 이용하여 국가나 지역의 부정적인 이미지를 세탁하는 행위.,¶이번 박람회는 과거의 인권 탄압에 대한 비판을 피하기 위해 개최하는 {문화 워싱에} 가까운 행사였기 때문에 서방 국가들은 참석하지 않았다.,17
2023,밀프렙족,(<영>▼meal prep族),,일정 기간 동안의 식사를 미리 한 번에 준비해 놓는 사람. 또는 그런 무리.,¶‘일주일 먹을 양의 직장인 도시락 만들기’를 주제로 한 동영상의 조회 수가 수십만 회를 기록하는 등 급등하는 물가로 인해 {밀 프렙족이} 늘어나고 있다.,132
2023,바지임대인,(바지賃貸人),,"부동산을 소유하거나 계약에 대한 돈을 받은 것이 아니라, 임대차 계약에 필요한 명의만 빌려준 사람.",¶전세 사기 피해 방지를 위하여 집주인이 {바지 임대인으로} 갑자기 변경되더라도 이를 알릴 의무가 없다는 허점에 대해서는 개선이 필요하다는 의견이 다수로 나타났다.,310
2023,반강성고정술,(反剛性固定術),,"흔들리는 척추를 교정하기 위하여 척추의 앞쪽은 긴 나선의 원통 케이지를, 척추의 뒤쪽은 탄성이 높은 스프링 형태의 로드를 통하여 척추를 고정하는 수술.",¶{반강성 고정술은} 척추에 가해지는 하중을 기존의 척추와 동일하게 분배하여 신체의 부담을 덜어주는 척추 수술법이다.,49
2023,반도체산업강화법,(半導體産業強化法),,"반도체 투자 활성화를 위하여 반도체 투자에 대한 세제 혜택을 주고자 제정한 법률. 대기업의 반도체 설비 투자 세액 공제율을 기존의 8%에서 15%로, 중소기업은 16%에서 25%까리 상향하는 것을 내용으로 한다.",¶{반도체 산업 강화법에} 대하여 법안 취지에 대해서는 일부 공감하면서도 대기업을 위한 특혜 법안이 될 수 있다는 이유로 반대하고 있다.,76
2023,반세권,(半勢圈),혼성,반도체 공장과 인접해 있어 관련 직종 종사자가 편리하게 통근할 수 있는 주거 지역.,¶작년부터 경기 남부 지역에서는 반도체 클러스터 호재가 예상되면서 '{반세권} 아파트'에 대한 관심이 계속되고 있다.,310
2023,발레코어,(<영>balletcore),차용,발레복 혹은 발레 소품들을 활용하여 일상복처럼 자연스럽고 아름답게 표현하는 패션 스타일.,¶최근까지 '{발레코어'} 열풍이 지속되면서 올해 여름에는 메리제인 슈즈와 발레 슈즈까지 큰 인기를 끌고 있다.,310
2023,뱀서라이크,(<영>←vampire survivors like),합성,"게임 플레이어가 몰려드는 적들을 상대로 여러 가지 방법을 사용하며 일정한 시간 동안 살아남는 비디오 게임의 한 장르. 주로 쿼터 뷰 혹은 위에서 아래로 보는 시점으로 게임이 진행되며, 매 게임마다 이전 게임의 내용이 초기화되는 것이 특징이다. 게임의 이름인 ‘뱀파이어 서바이버즈(Vampire Survivors)’를 줄인 말인 ‘뱀서’와 ‘비슷한’을 의미하는 영어 단어 ‘like’가 결합하여 만들어진 말이다.",¶최근 '{뱀서라이크'에} 새로운 시스템을 결합해 독특한 맛을 낸 게임들이 인기를 끌고 있다.,189
2023,뱅보드차트,(<영>←bank board chart),,일반에게 널리 알리기 위하여 예금 상품의 금리를 비교해 만든 표. 은행을 의미하는 ‘뱅크(bank)’와 미국 대중음악의 순위를 집계한 순위표를 뜻하는 ‘빌보드 차트’를 결합하여 만든 말이다.,"¶고금리의 특판 가입에 성공하기 위해서는 사전 정보가 가장 중요한데, 인터넷 포털 사이트에서 {뱅보드 차트를} 검색하면 일자별 예금 금리의 순위가 정리된 게시물을 확인할 수 있다.",40
2023,뱅크데믹,(<영>bankdemic),차용,은행 파산에 대한 두려움이 전세계적으로 확산되는 현상을 전염병에 빗대어 이르는 말.,¶다수의 사람들이 스마트폰을 통해 쉽게 예금을 인출하고 해지할 수 있기 때문에 위기설이 나도는 은행은 순식간에 {뱅크데믹의} 상황으로 들어가고 만다.,310
2023,버거플레이션,(<영>burgerflation),차용,물가 상승으로 인해 햄버거의 가격이 급등하는 현상.,¶저렴한 가격으로 서민들에게 사랑 받던 햄버거의 가격까지 오르면서 {버거플레이션이} 현실화되고 있다.,160
2023,법사완박,(法司完剝),축약,"‘법제 사법 위원회의 권한을 완전히 박탈함’을 줄여 이르는 말. 탄핵 소추 시, 법제 사법 위원장에게 부여된 탄핵 소추 위원의 권한을 없애기 위해 발의한 법률 개정안을 비난조로 이르는 말이다.","¶여당의 한 국회의원은 이번 개정안이 {법사완박이라고} 지적하며, 이를 발의한 국회의원들과 거대 야당의 입법 농단을 비난하였다.",16
2023,벤버지,(←Bento버지),혼성,2022년 카타르 월드컵에서 대한민국 축구 국가 대표 팀의 감독인 파울루 벤투(Paulo Bento)를 친근하게 이르는 말. ‘파울루 벤투’와 ‘아버지’를 결합하여 만든 말이다.,¶실제로 최근 온라인 커뮤니티에서는 벤투 감독을 ‘{벤버지’라} 부르며 그의 리더십과 전술 능력을 칭찬하고 있다.,310
2023,부모돌봄법,(父母돌봄法),,간호사의 근무 환경 및 처우 개선 등에 관한 간호법이 부모 돌봄을 목적으로 마련한 ‘법률’과 마찬가지임을 비유적으로 이르는 말.,"¶간호협회는 국회 앞에서 집회를 열어 ""간호법은 간호와 돌봄에 대한 국민들의 요구를 반영한 {부모 돌봄법""이라고} 강변했다.",310
2023,부분근로자대표제,(部分勤勞者代表制),,특정 직종ㆍ직군ㆍ직무의 근로자가 근로 제도 따위의 의견을 반영할 수 있도록 근로자의 대표를 부분적으로 따로 선발하는 제도.,"¶호봉제를 유지하려는 근로자들이 많았기 때문에, 연구회는 임금 체계 개편을 위한 방편으로 {부분 근로자 대표제에} 주목했다.",213
2023,불법일임투자,(不法一任投資),,"법률에서 금하고 있는 방식이나 내용으로, 자산의 운용에 대한 권한이나 투자 자금을 자산 운용 회사, 투자 자문 회사, 증권 회사 등에 전부 맡기기로 하는 투자.",¶이들이 {불법 일임 투자에} 참여했다는 이유만으로 모두가 주가 조작을 인지하고 있던 공범이라고 간주하기는 어려워 보인다.,2
2023,불법파업보장법,(不法罷業保障法),,"‘노동조합 및 노동 관계 조정법 2ㆍ3조 개정에 관한 법률안’을 비난조로 이르는 말. 개정안은 사용자의 범위를 확대하고 노동조합에 대한 손해 배상 청구를 제한하는 것을 골자로 하는데, 이것이 불법 파업을 조장할 수도 있다는 우려 속에서 나온 말이다.",¶여당의 한 국회의원은 기자 회견을 열어 노동조합 및 노동 관계 조정법에 대한 개정안이 ‘{불법 파업 보장법’으로} 활용될 수 있다며 상정 철회를 요구하였다.,65
2023,불법파업조장법,(不法罷業助長法),,"‘노동조합 및 노동 관계 조정법 2ㆍ3조 개정에 관한 법률안’을 비난조로 이르는 말. 개정안은 사용자의 범위를 확대하고 노동조합에 대한 손해 배상 청구를 제한하는 것을 골자로 하는데, 이것이 불법 파업을 조장할 수도 있다는 우려 속에서 나온 말이다.","¶노동조합 및 노동 관계 조정법에 대한 개정안이 가결되자, 이를 {불법 파업 조장법이라} 지칭하며 강력하게 반발하였다.",310
2023,블록코어룩,(<영>blokecore look),,스포츠 유니폼을 이용하여 일상적이고 스타일리시한 멋을 표현한 옷차림.,¶축구 유니폼 스타일의 ‘{블록코어 룩’이} 2023년 새해 패션 트렌드로 선정되었다.,310
2023,빅테크족,(<영>big tech族),접미 파생,규모와 시장 점유율이 높은 정보 기술 기업의 주식을 이용하여 재테크를 하는 사람. 또는 그런 무리.,¶빅테크의 연이은 주가 하락에 {빅테크족은} 당분간 고전을 면치 못할 것으로 보인다.,1
2023,빵플레이션,(빵<영>←inflation),혼성,빵의 주 재료인 밀가루 따위의 가격 상승과 물류 비용 증가 등이 원인이 되어 일어나는 인플레이션.,¶러시아의 우크라이나 침공으로 인해 폭등한 밀가루 가격 때문에 앞으로 ‘{빵플레이션’이} 본격화될 것이라는 우려가 나오고 있다.,310
2023,사막캉스,(沙漠<프>←vacance),혼성,사막에서 보내는 휴가.,"¶미국 로스앤젤레스에서는 해변에서의 자유로운 시간뿐만 아니라, 이색적인 {사막캉스도} 함께 즐길 수 있다.",24
2023,사이버도화살,(<영>cyber桃花煞),,"온라인상에서, 다른 사람들의 관심을 유독 많이 받도록 지워진 살. 주로 별 뜻 없이 게시물을 올려도 조회 수가 높거나 댓글이 많이 달리는 사람이 가지고 있는 기운을 말한다.",¶{사이버 도화살이} 있는 사람들은 블로그에 일상적인 내용의 게시물을 올려도 모르는 사람들이 댓글을 달곤 한다.,5
2023,사회서비스진흥법,(社會<영>service振興法),,적정한 사회 서비스의 공급을 유인하고 사회 서비스 분야의 육성 기반과 체계적 지원이 마련되기 위하여 제정한 법률. 정식 명칭은 ‘사회 서비스 지원 및 진흥에 관한 법률안’이다.,"¶{사회 서비스 진흥법은} 돌봄 등 사회 서비스의 육성 및 품질 향상 방안을 담고 있으며, 사회 서비스의 공급을 늘리고 혁신을 이끌어 나가겠다는 취지로 법안의 제정을 추진 중이다.",18
2023,산업평화보장법,(産業平和保障法),,‘노동조합 및 노동관계 조정법 개정안’을 이르는 말. 하도급 노동자에 대한 원청의 책임을 강화하고 그 범위를 확대하는 것이 핵심 내용으로 ‘노란봉투법’이라고도 불린다.,¶O 의원은 이 법은 헌법에 명시된 노동 삼권을 보장할 수 있도록 하기 위한 것으로 {산업 평화 보장법이라고} 하였다.,22
2023,상대적불평등지수,(相對的不平等指數),,"수입, 재산, 생활 양식 등에 따른 사회 경제적 불평등을 상대적으로 비교하고 평가하기 위한 지수.","¶청소년 비만과 사회 경제적 불평등의 상관관계를 분석한 결과, 남학생과 여학생의 {상대적 불평등 지수의} 값은 가구 소득, 아버지의 학력, 어머니의 학력 등 모든 기준에서 여학생의 값이 훨씬 더 높게 나타났다.",12
2023,상추테크,(상추<영>tech),,상추의 시세를 이용한 재테크. 상추의 가격이 크게 오르자 상추를 직접 키워 먹는 사람들이 늘어난 상황에서 나온 말이다.,"¶최근 아파트 옥상이나 베란다 등에서 상추를 직접 재배하는 사람들이 늘어나면서, 상추 가격이 오를 때에는 ‘{상추 테크’도} 가능하다는 말이 나오곤 한다.",13
2023,새드팝,(<영>sad pop),,슬프거나 불행한 감정을 주로 표현한 팝 음악.,¶최근 음악계에서는 제트 세대 아티스트들을 중심으로 발라드와 록 장르를 결합하는 등 {새드 팝에} 대한 다양한 시도가 이루어지고 있다.,3
2023,생성에이아이,(生成<영>AI),,"사용자가 입력한 문장을 분석하여 그 의도에 맞는 텍스트, 이미지, 비디오 따위를 만들어 내는 컴퓨터 시스템. 기존의 인공 지능과 달리 새로운 콘텐츠를 생성하는 데 초점을 두며, 작문, 예술, 소프트웨어 개발 따위의 영역에 응용한다.",¶언론사들이 {생성 에이아이의} 등장으로 인해 인턴 기자의 채용을 줄일 것이라는 관측이 나오고 있다.,206
2023,생성형에이아이,(生成型<영>AI),,"사용자가 입력한 문장을 분석하여 그 의도에 맞는 텍스트, 이미지, 비디오 따위를 만들어 내는 컴퓨터 시스템. 기존의 인공 지능과 달리 새로운 콘텐츠를 생성하는 데 초점을 두며, 작문, 예술, 소프트웨어 개발 따위의 영역에 응용한다.",¶저작권 전문가들은 {생성형 에이아이의} 활용이 늘어나면서 저작권이 있는 자료를 무단으로 복제하는 것에 대한 우려를 표명하였다.,184
2023,생체직교화학,(生體直交化學),,생체 내 다른 화학 반응에 영향을 받거나 주지 않는 독립적인 화학 반응. 또는 이를 활용한 화학 연구.,¶제약 회사의 연구원들은 새로운 약물의 생물학적 표적을 결정하기 위해서 {생체 직교 화학을} 활용한다.,60
2023,선가후고,(先加後苦),축약,"‘선 가입 후 고민’을 줄여 이르는 말. 금리가 높은 적금에 가입부터 한 후, 다른 상품과 비교하며 정기 납입 여부를 결정하는 것을 말한다.","¶고금리 적금 상품에 대한 가입 경쟁이 치열해지자, 일부 가입자들은 ‘{선가후고’를} 하기도 한다.",1
2023,세계구매자지수,(世界購買者指數),,"세계 각국 제조업 분야의 구매 활동을 평가하기 위한 지수. 주로 기업의 구매 관리자를 대상으로 한 설문 조사를 통해 조사되며, 일반적으로 이 지수가 높다는 것은 경기 확장을 의미한다.","¶이번 해 조사된 {세계 구매자 지수에} 따르면, 세계 제조업 시장은 여전히 침체 국면을 벗어나지 못하고 있다.",3
2023,센타고,(<영>←center高),합성,"본사의 할인 행사와는 별도로, 와인이나 위스키 등의 고급 주류를 자체적으로 할인하여 판매하는 편의점. 또는 이러한 할인 정보를 공유하는 온라인 커뮤니티. ⇒규범 표기는 ‘센터고’이다.","¶일부 {센터고} 매장은 점포 간 재고 이동을 통해 인기 있는 와인이나 위스키를 확보한 후, 본사의 할인 행사와 더불어 추가적인 혜택을 제공한다.",24
2023,센타백,(<영>←center back-up),축약,"‘센터 백업(center back-up)’을 줄여 이르는 말. 와인, 위스키 등 고급 주류의 자체적으로 할인하여 판매하는 것을 지지하는 편의점 점주들의 모임. 자체 할인을 최초로 시작한 편의점을 백업한다는 의미로 만들어진 말이다. ⇒규범 표기는 ‘센터백’이다.",¶평소 마셔 보고 싶었던 와인이 할인한다고 하기에 집 주변 {센타백에} 전화로 예약한 후 구매하였습니다.,11
2023,셀프세일,(<영>self sale),,주로 기업이 투자를 받기 위해 스스로의 가치를 낮게 평가하는 일.,"¶배달 대행 서비스를 운영하는 한 회사가 기업 가치를 스스로 낮추며 ‘{셀프 세일’에} 나섰지만, 국내외 투자 유치에 큰 어려움을 겪고 있다.",2
2023,소뇌력,(小腦力),접미 파생,평형 감각 등 소뇌의 역할과 관련된 힘.,¶재활 의학과 전문의들은 어지럼증이나 낙상 사고를 예상하기 위해서는 하체 근육이 아닌 {소뇌력을} 키워야 한다고 말한다.,2
2023,소득동질혼,(所得同質婚),,소득이 비슷한 사람들끼리 하는 결혼.,"¶우리나라는 남편과 아내의 소득이 비슷한 {소득 동질혼의} 경향이 비교적 약하고, 일인 가구나 한 부모 가구의 비중도 낮은 것으로 조사되었다.",83
2023,속튀,,축약,‘속이고 튀다’를 줄여 이르는 말. 자신의 이익을 위해 상대방을 속이고 달아나는 일을 말한다.,"¶최근 일어난 주가 조작 사건에 대하여, 외국 투자 기업이 ‘먹튀’를 넘어 ‘{속튀’를} 했다는 전문가 의견이 나왔다.",38
2023,솔리드소비,(<영>solid消費),,"고정적이고 정형화되어 있으며, 변화가 있기는 하지만 급속한 변화가 아니기 때문에 다음의 상황을 예측할 수 있는 소비.","¶이전 세대일수록 신뢰하는 브랜드를 쉽게 바꾸지 않으며, 자동차나 집 등을 소유하는 것을 중요하게 여기고, 온라인 구매나 결제보다 오프라인 방문을 더 선호하는 것은 {솔리드 소비에} 익숙하기 때문이다.",6
2023,쇼트폴리오,(<영>▼short←portfolio),혼성,"소셜 미디어를 활용하여 자신의 생각이나 감정, 취향 따위를 짧고 가볍게 표현한 콘텐츠.","¶진지하고 긴 포트폴리오로 자신을 설명하던 기존 세대와 달리, 엠제트 세대는 소셜 미디어나 커머셜 플랫폼을 활용하여 {쇼트폴리오를} 만들고 자신만의 확고한 취향을 적극적으로 표현한다.",180
2023,숄칭,(<영>Scholzing),차용,"돕고자 하는 마음은 표현하지만, 실제로 돕는 것은 망설이는 태도를 이르는 말. 우크라이나에 전차를 지원하기로 한 독일 총리가 1년 넘게 지원을 미룬 상황을 조롱하기 위하여 생겨난 말로, 독일 총리의 이름인 '숄츠'를 동사형으로 만든 것이다.",¶숄츠 독일 총리가 우크라이나에 대한 레오파드 전차 지원을 주저하며 빠른 결정을 내리지 못하자 사람들은 ‘숄칭(scholzing)’이라는 말을 만들어 그의 행동을 비꼬기 시작했다.,2
2023,순환경제기본계획,(循環經濟基本計劃),,"‘순환 경제 사회 전환 촉진법’에 따라, 순환 경제 사회로의 전환을 위한 중장기 정책 목표 및 방향을 종합적으로 제시하는 기본 계획. 자원 절약과 폐기물 발생 억제, 자원의 순환 이용 등에 대한 방침을 주요 내용으로 한다.",¶정부는 향후 시행될 ‘{순환 경제 기본 계획’에서} 플라스틱 폐기물은 별도로 관리하겠다는 방침을 발표하였다.,30
2023,술플레이션,(술<영>←inflation),혼성,술의 가격이 급등하는 현상. 곡물 등 술의 주재료의 가격 상승과 물류 비용 증가 등 복합적 원인에 의해 발생한 인플레이션이다.,"¶주세 인상, 소주와 맥주 출고가 인상 등으로 인해 {술플레이션이} 더 심해져 소비자들은 외식을 줄이고 있다.",20
2023,술피뎀,(술<영>zolpidem),혼성,"술과 불면증 치료제인 졸피뎀을 섞어 만든 음료. 일시적인 환각 상태를 느끼기 위해 만들어 마시며, 각종 범죄에 악용되기도 한다.",¶실제 {술피뎀은} 우울증 환자들 사이에서는 널리 알려진 투약 방식으로 보인다.,17
2023,쉴금,(쉴金),합성,쉬는 금요일을 이르는 말.,¶주요 대기업들은 내부적으로 {쉴금을} 도입하여 주 사일제 근무의 효용을 평가하고 있다.,1
2023,슈거플레이션,(<영>sugarflation),차용,설탕의 가격이나 설탕을 주재료로 하는 가공식품의 가격이 급등하는 현상. 기후 변화에 따른 사탕수수 재배량 감소 등의 원인에 의해 발생한 인플레이션이다.,"¶세계적으로 이상 기후 현황이 나타나 사탕수수의 작황이 어려움을 겪고 있고, 이에 따라 {슈거플레이션이} 심화될 수 있다는 전망이 나오고 있다.",310
2023,슈즈코드,(<영>shoes code),,"시간이나 장소, 상황에 어울리도록 신발의 모양, 색상, 스타일 따위를 정해 놓은 것.",¶수해 현장에 정장 구두를 신고 나타난 고위 공직자들로 인해 {슈즈 코드와} 관련된 논란이 불거졌다.,1
2023,스키니피케이션,(<영>skinification),차용,두피와 모발을 마치 피부를 관리하는 것처럼 깨끗하고 섬세하게 가꾸는 일.,¶뷰티업계는 젊은층 사이 확산되고 있는 ‘{스키니피케이션’에} 대한 관심에 맞춰 두피와 헤어 관리 상품군을 강화하고 있다.,296
2023,스팸지수,(SPAM指數),,스팸 선물 세트를 되팔 때의 시세를 수치로 나타낸 것. 고물가에 경기 침체의 우려까지 겹치면서 명절 선물을 온라인상에서 되팔아 생활비 등에 보태려고 하는 현상이 나타나며 등장하였다.,"¶중고 거래가 일상화하면서 명절 선물을 팔아 현금을 마련하거나 포장을 뜯지 않은 선물을 더 저렴하게 구입해 다시 선물하기도 하는데, 이러한 흐름에 따라 명절 선물 세트의 중고 거래 앱에서 형성된 스팸 가격을 이르는 {‘스팸 지수’라는} 말도 생겼다.",8
2023,시보완박,(時報完剝),축약,"‘시사 보도를 완전히 박탈함’을 줄여 이르는 말. 서울시 의회가 ‘티비에스(TBS)’에 대한 예산 지원 중단을 골자로 하는 조례안을 제출하자, 이를 비판하는 맥락에서 나온 말이다.",¶한 관계자는 서울시 의회의 조례안이 ‘{시보완박’이라며} 반발하였다.,34
2023,신속회생추진법,(迅速回生推進法),,"‘채무자 회생 및 파산에 관한 법률 개정안’을 달리 이르는 말. 개인 회생 절차를 간소화하기 위해, 채무자가 개인 회생 채권자 목록에서 누락된 경우 변제 계획 인가 후에도 이를 수정할 수 있도록 하는 것을 주요 내용으로 한다.",¶{신속 회생 추진법은} 코로나19의 확산으로 인해 늘어난 가계 부채를 해결하기 위한 대책 중 하나로 발의되었다.,116
2023,신용상승격려금,(信用上昇激勵金),,"채무 조정 이행자 중, 신용 점수가 일정 수준 이상 오른 사람에게 정부가 주는 격려금.",¶신용 회복 위원회는 후속 사업을 통해 일정 기준을 충족한 참여자에게 {신용 상승 격려금을} 지급하겠다고 밝혔다.,33
2023,신파포비아,(新派<영>phobia),,신파 영화에 거부감을 느끼는 증세.,¶역대 천만 영화가 보여 준 과잉 신파로 인해 영화 관람객들 중에서는 {신파 포비아를} 겪는 사람이 적지 않다.,1
2023,신파프레임,(新派<영>frame),,신파 영화가 가지고 있는 틀에 박힌 구성이나 내용을 이르는 말.,¶이 영화는 애국심을 유발하고자 하는 억지스러운 구성으로 인해 {신파 프레임을} 가지고 있다며 비판 받고 있다.,1
2023,실감문화공간,(實感文化空間),,메타버스와 인공 지능을 활용하여 실제로 체험하는 듯한 콘텐츠를 제작하고 이를 전시해 놓은 문화 공간.,"¶{실감 문화 공간은} 메타버스를 기반으로 한 창의적인 연출을 통해 만들어지며, 광장에 설치된 대형 디스플레이를 통해 전시된다.",19
2023,심야호출비,(深夜呼出費),,밤 열 시부터 새벽 두 시 사이에 택시를 이용할 때 추가적으로 내는 비용.,"¶정부는 택시난을 해소하기 위해 택시 이용객의 목적지를 미리 노출하지 않고, {심야 호출비를} 인상하는 방안을 발표하였다.",12
2023,쌀값정상화법,(쌀값正常化法),,‘양곡 관리법 개정안’을 달리 이르는 말. 과잉 공급된 쌀을 정부가 의무적으로 매입하는 방안이 쌀값의 폭락 혹은 폭등을 해결할 수 있다는 관점에서 나온 말이다.,¶한국 농촌 경제 연구원에서는 {쌀값 정상화법이} 통과되면 과잉 생산된 쌀의 증가로 국가의 재정에 큰 부담이 될 수도 있다는 연구 결과를 발표하였다.,310
2023,쌉극혐,(쌉極嫌),접두 파생,‘극혐’을 강조하여 이르는 말.,¶젊어 보이고 싶어서 의식적으로 유행어를 쓰다가는 ‘{쌉극혐’이라는} 말을 들을 수도 있다.,1
2023,썰스포츠,(←說<영>sports),,"예능 프로그램 따위에서, 재미있는 이야기를 경쟁적으로 풀어내는 것을 스포츠에 빗대어 이르는 말.",¶새롭게 방영되는 프로그램은 최고의 입담을 가진 각 분야의 출연자들이 치열한 ‘{썰 스포츠’를} 펼친다는 점에서 시청자들의 기대를 한 몸에 받고 있다.,310
2023,아기기후소송,(아기氣候訴訟),,"영유아부터 어린이까지 총 62명의 아이들이 모여 ‘탄소 중립 기본법’이 위헌이라고 헌법 소원을 제기한 사건. 정부가 발표한 온실 가스 감축 목표가 충분하지 않아, 미래 세대의 생명권과 행복 추구권을 침해한다는 것이 주요 내용이다.","¶전 세계적으로 심각해진 기후 위기가 미래 세대의 생존과 직결된다는 맥락에서 ‘청소년 기후 소송’, ‘{아기 기후 소송}’ 등이 제기되어, 헌법 재판소의 판결을 기다리고 있다.",310
2023,아빠찬스위원회,(아빠<영>chance委員會),,자녀 채용 비리 의혹이 불거진 중앙 선거 관리 위원회를 비꼬아 이르는 말.,"¶중앙 선거 관리 위원회의 채용 비리 의혹이 보도되자, ‘{아빠 찬스 위원회’라는} 조롱 섞인 비난과 함께 진상 규명을 촉구하는 여론이 이어졌다.",20
2023,아트테크족,(<영>art tech族),,예술품의 소장 가치를 활용하여 재테크를 하는 사람. 또는 그런 무리.,¶최근 예술과 전시 관람에 대한 젊은층의 관심이 늘면서 미술품에 투자하는 ‘{아트 테크족’이} 증가하고 있다.,6
2023,안심거래존,(安心去來<영>zone),,"전세 계약 시, 세금 체납이나 보증 사고 이력이 없어 신뢰할 만한 집 주인에게 정부가 발행해 주는 인증서.",¶{안심 거래 존에는} 중고 거래 시 주의 사항을 안내해 주는 키오스크도 함께 설치되어 있다.,137
2023,안심임대인인증서,(安心賃貸人認證書),,지역 주민들이 중고 거래를 안전하게 할 수 있도록 각 지방 자치 단체가 만들어 놓은 공간.,"¶{안심 임대인 인증서의} 유효 기간은 1개월이므로, 이전에 인증을 받은 집 주인이더라도 계약 당시에 인증서를 다시 확인할 필요가 있다.",104
2023,안심전세앱,(安心傳貰<영>app),,안심하고 계약할 수 있는 전세 매물을 소개하기 위해 정부가 개발하고 배포한 애플리케이션.,"¶{안심 전세 앱을} 통해서 임대인의 정보를 조회할 수 있지만, 임차인이 임대인의 동의를 얻어야 하기 때문에 이를 적극적으로 활용하는 사람들의 비율은 극히 낮은 것으로 나타났다.",310
2023,안심전세포털,(安心傳貰<영>portal),,전세 사기 피해자를 지원하고 관련 정책을 소개하기 위해 정부가 개설한 인터넷 사이트.,¶전세 피해 확인서의 온라인 접수와 발급은 {안심 전세 포털을} 통해 실시된다.,310
2023,안트로포퀴나스,(<영>anthropoquinas),차용,일반적으로 플라스틱 쓰레기와 자연 암석이 혼합되어 형성된 퇴적암. =암석 플라스틱.,"¶브라질에서는 2020년에 플라스틱 병뚜껑, 귀걸이 등 녹아 퇴적암과 결합된 암석이 발견돼 ‘{안트로포퀴나스’(anthropoquinas)라고} 명명됐다.",3
2023,안티인스타,(<영>anti←Instagram),,"‘인스타그램’ 등의 에스엔에스(SNS)에 자신의 외모, 재력, 사회적 지위 따위를 과하게 자랑하거나 꾸며내는 일에 반대하는 사람. 또는 그러한 무리.",¶최근 젊은 세대 사이에서는 ‘{안티 인스타’나} ‘안티 알고리즘’ 등 진정성 없는 기계적인 소통에 반대하는 움직임이 생겨나고 있다.,24
2023,안티스티어링,(<영>antisteering),차용,특정 온라인 플랫폼이 제공하는 결제 수단 외의 다른 결제 수단을 활용하지 못하게 하는 행위.,¶{안티스티어링이} 규제된다면 애플리케이션 소비자들은 새로운 결제 방식과 프로모션을 통해 보다 더 편리하게 앱 마켓을 이용할 수 있게 된다.,20
2023,알줍,,축약,‘알려 주세요. 주워 주세요.’를 줄여 이르는 말. 해안 쓰레기를 알리고 주우며 조깅을 하는 연안 정화 캠페인의 일종이다.,"¶해양 수산부는 해양 쓰레기 신고를 활성화하고, 피서철 해변 정화를 위해서 {알줍} 캠페인을 추진할 예정이라고 밝혔다.",85
2023,알고스피크,(<영>algospeak),차용,"소셜 미디어를 활용할 때, 단어 필터링 알고리즘을 우회하기 위해 기존 단어를 대체하는 단어. ‘알고리즘(algorism)’과 ‘스피크(speak)’를 결합한 말로, 알고리즘이 탐지하지 못하도록, ‘죽다’ 대신 ‘살아 있지 않다’를 입력하여 차단된 콘텐츠를 검색하는 것이 그 예시이다.","¶욕설이나 인종 차별 발언을 식별해 차단하는 인공 지능 기술이 개발되고 있지만, 여전히 특이한 억양이나 {알고스피크는} 탐지하지 못하고 있다.",5
2023,알만추,(<영>←algorism만追),축약,‘알고리즘에 의한 만남 추구’를 줄여 이르는 말. 인공 지능 알고리즘이 사용자의 선호도를 세밀하게 파악하여 상대방을 골라 주는 서비스가 인기를 얻으며 사용되기 시작하였다.,"¶남녀의 만남이 자연스러운 만남과 인위적인 만남으로 갈리던 시대를 지나, 바야흐로 인공 지능을 주선자로 삼은 {알만추의} 세상이 도래하였다.",10
2023,알빠노,,축약,‘내가 알 바가 아님’이라는 뜻으로 쓰는 말. 주로 어떤 상황에 대해 냉소적으로 반응할 때 쓰는 말이다. =알빠임.,"¶O 씨는 최근 직장인 익명 커뮤니티에 ""나는 제일 싫은 요즘 말이 누칼협, {알빠노야'라는} 제목의 글을 올렸다.",95
2023,알빠임,,축약,‘내가 알 바가 아님’이라는 뜻으로 쓰는 말. 주로 어떤 상황에 대해 냉소적으로 반응할 때 쓰는 말이다. =알빠노.,"¶취업을 준비하고 있는 O 씨는 ""경쟁자가 많아도 상대가 아무리 스펙이 뛰어나도 '{알빠임'의} 자세로 면접을 준비할 생각""이라고 말했다.",28
2023,암석플라스틱,(巖石<영>plastic),,일반적으로 플라스틱 쓰레기와 자연 암석이 혼합되어 형성된 퇴적암. =안트로포퀴나스.,"¶{암석 플라스틱은} 지질에 새겨진 환경 오염의 예시로, 지난 수 세기 동안 증가한 플라스틱 사용과 폐기의 결과이다.",4
2023,압축소멸,(壓縮掃滅),,"‘압축 성장’에 대비되는 말로, 단기간에 일어나는 사회 경제적 쇠퇴를 이르는 말. 압축 성장을 이룬 한국이 저출산 고령화 사회로 진입하며, 사회적 불평등은 심화되고 경제적 성장은 둔화되는 상황에서 나온 말이다.",¶한 사회학자는 압축 성장을 이룬 우리나라가 이제 {압축 소멸의} 길에 접어들었다고 진단한 바 있다.,44
2023,애사비,(<영>←apple cider vinegar),축약,"‘애플 사이다 비니거’를 줄여 이르는 말. 사과를 발효하여 만든 식초로, 주로 샐러드 소스로 먹거나 물에 희석하여 마신다.","¶{애사비를} 먹으면 포만감이 느껴지고 지방을 연소하는 데 도움이 돼, 체중 감량 효과가 있다고 한다.",310
2023,앱만추,(<영>app만追),축약,‘앱으로 만남 추구’를 줄여 이르는 말. 교제를 목적으로 이성끼리 만나기 위한 데이팅 앱이 인기를 얻으며 사용되기 시작하였다.,"¶{앱만추는} 요즘 시대의 여러 연애를 나타내는 말 중 하나이며, 특히 데이팅 앱의 사용이 늘어나면서 그 비중이 더 증가하였다.",26
2023,야간공화국,(夜間共和國),,야간 근무나 야간 영업이 일상화된 나라를 부정적으로 이르는 말.,¶코로나 팬데믹 이후 사람들의 귀가 시간이 빨라지자 이전의 {야간 공화국의} 풍경도 달라지고 있다.,1
2023,약자동행지수,(弱者同行指數),,"사회적 약자의 기준과 관점에서, 정부의 정책이 얼마나 도움이 되었는지를 측정하고 평가하기 위해 만든 지수.","¶정부는 {약자 동행 지수를} 개발하여 정책 수립과 실행, 예산 집행의 전 단계에 적용하겠다고 밝혔다.",310
2023,양곡공산화법,(糧穀共産化法),,‘양곡 관리법 개정안’을 비난조로 이르는 말. 과잉 공급된 쌀을 정부가 의무적으로 매입하는 것이 공산주의 경제를 모방하는 것과 같다는 비판에서 나온 말이다.,¶여당은 양곡 관리법이 ‘{양곡 공산화법’이자} 농업인과 농업에 도움이 되지 않는 입법이라며 거세게 비판하였다.,102
2023,양곡처리법,(糧穀處理法),,‘양곡 관리법’을 달리 이르는 말. 양곡의 효율적인 수급과 관리를 위해 제정된 법률을 이르는 말이다.,"¶일부 농민들은 쌀값이 떨어질 것을 염려하여, 정부가 {양곡 처리법을} 통해 쌀을 수매할 필요가 있음을 주장한다.",40
2023,어통령,(어統領),혼성,무능력하지만 운이 좋아 당선된 대통령을 비꼬아 이르는 말. ‘어쩌다’와 ‘대통령’을 결합한 말이다.,"¶{어통령의} 어설픈 권력이 초래할 부정적 상황은 상상을 초월할 수도 있으며, 잘못하면 나라를 파멸시킬 수도 있다.",13
2023,억빠,,축약,‘억지로 빪’을 줄여 이르는 말. 타당한 이유 없이 상대를 칭찬하는 것을 말한다.,¶지난 대선을 기점으로 정치적으로 자신과 다른 사람에 대한 억까와 자기 편에 대한 {억빠가} 난무하고 있다.,9
2023,얼리케어족,(<영>▼early care族),,자신이 건강하게 사는 것을 최우선으로 생각하는 젊은 사람. 또는 그런 무리. 주로 운동이나 건강 기능 식품에 시간과 돈을 투자하여 젊을 때부터 미리 몸을 챙기고자 하는 이삼십 대를 이르는 말이다.,¶건강에 관심을 갖는 연령대가 낮아지면서 {얼리 케어족’이} 건강식 시장의 중요 소비층으로 급부상하고 있다.,20
2023,얼죽크,(얼죽<영>←cropped),축약,‘얼어 죽어도 크롭트’를 줄여 이르는 말. 추운 날씨에도 멋을 위해서 길이가 짧은 윗옷이나 외투를 입는 것을 말한다.,"¶{얼죽크의} 인기가 온몸을 휘감은 검정색의 롱 패딩, 일명 김밥 패션을 밀어냈다.",30
2023,얼죽크족,(얼죽<영>←cropped T族),접미 파생,추운 날씨에도 멋을 위해서 길이가 짧은 윗옷이나 외투를 입는 사람. 또는 그런 무리.,"¶롱 패딩이 유행한 작년과 달리, 올해 겨울 패션의 트렌드는 강추위에도 크롭 티를 고수하는 ‘{얼죽크족’의} 탄생이다.",2
2023,에바스증후군,(<영>EVAS症候群),,귀의 가장 안쪽에 단단한 뼈로 둘러싸인 부분에 있는 전정 수도관이 비정상적으로 커져서 생기는 증후군. 전정 수도관 확장 증후군이라고도 한다.,¶O은 네 살 때 {에바스 증후군으로} 청력을 잃었다가 여덟 살 때 청력을 회복시키기 위해 인공 와우 수술을 받았다고 한다.,1
2023,에소바,(<영>←espresso bar),축약,‘에스프레소 바’를 줄여 이르는 말.,"¶요즘은 서서 간편하게 커피를 즐길 수 있는 커피숍 즉, 일명 ‘{에소바’가} 인기이다.",5
2023,에이지빌리티,(<영>age←ability),혼성,나이가 들어감에 따라 얻게 되는 능력이나 새로운 가능성을 이르는 말.,¶백 세 시대가 됨에 따라 ‘{에이지빌리티’라는} 개념이 등장하여 각 분야에서 경험이 풍부한 노년층의 가능성이 재조명을 받고 있다.,4
2023,에피슈머,(<영>←efficient←consumer),혼성,에너지 소비 효율이 높은 제품을 선호하는 소비자.,"¶{에피슈머들은} 여름철 실내 적정 온도 유지, 전자 제품 플러기 뽑기 등 생활 속에서 실천할 수 있는 에너지 절약 방법을 강조한다.",15
2023,엔극화,(<영>n極化),접미 파생,사회 구성원의 수만큼 엔(N) 개의 취향이나 방식이 생겨나는 현상.,"¶한 연구 결과에서는 현 시대가 평균 실종의 시대이자, 정치ㆍ경제ㆍ사회ㆍ문화 등 다양한 영역에서 {엔극화가} 심화되고 있다고 진단한 바 있다.",1
2023,엔테크족,(<일>en[円]<영>tech族),접미 파생,엔화의 시세를 이용한 재태크를 하는 사람. 또는 그런 무리.,¶지난해 말 역대급 ‘엔저' 현상이 발생하면서 환차익을 노린 {엔테크족이} 대거 등장한 것으로 나타났다.,120
2023,연개특위,(年改特委),축약,"‘연금 개혁 특별 위원회’를 줄여 이르는 말. 연금 재정의 확보, 사대 연금의 개혁 방안 등을 논의하기 위해 구성 및 운영된다.","¶야당은 별도의 {연개특위를} 구성하여 여당과 야당을 물론, 정부 주요 인사들도 참여한 국민연금 개혁 방안을 심도 있게 논의해야 한다는 입장을 밝혔다.",48
2023,열대림생태학,(熱帶林生態學),,열대림의 생태를 연구하는 학문.,"¶{열대림 생태학} 분야의 교수들은 더 많은 탄소를 흡수하도록 개량한 나무가 기후 위기의 해결책으로 보이지만, 실제로는 생태계에 악영향을 줄 수 있다며 우려를 표했다.",23
2023,영끌푸어족,(靈끌<영>poor族),,최대한의 대출을 받아서 자신의 경제력에 비해 비싼 집을 사거나 주식 등에 투자하여 경제적으로 어려운 생활을 하는 사람. 또는 그런 무리.,"¶물가를 잡기 위하여 금리 인상은 피할 수 없는 선택이었지만, 기준 금리가 올라가면서 늘어난 이자 부담을 감당하기 힘든 {영끌 푸어족들이} 속출하고 있다.",1
2023,예금테크족,(預金<영>tech族),,예ㆍ적금 상품의 이자를 이용하여 재태크를 하는 사람. 또는 그런 무리. =예테크족.,¶고금리 시대를 맞이하여 조금이라도 높은 이자를 주는 예ㆍ적금 상품에 돈을 넣는 ‘{예금 테크족’이} 늘어나고 있다.,2
2023,예테크족,(預<영>tech族),접미 파생,예ㆍ적금 상품의 이자를 이용하여 재태크를 하는 사람. 또는 그런 무리. =예금테크족.,¶하루가 다르게 치솟는 시중 금리로 인해 {예테크족의} 고민 또한 깊어지고 있다.,310
2023,완냉족,(完冷族),접미 파생,냉면 한 그릇을 완전하게 비우는 사람. 또는 그런 무리.,"¶남북 정상 회담에서 평양냉면이 소개된 이후로, 평양냉면 맛집을 찾아다니며 인증 숏을 찍어 올리는 {완냉족이} 크게 늘었다.",4
2023,왓어바우티즘,(<영>what aboutism),차용,"상대방이 비난한 내용에 대해, 상대방 역시 동일한 기준에서 비난받을 만하다고 말하는 화법을 이르는 말. 미국 트럼프 대통령의 화법을 설명하기 위해 나온 말이다.",¶최근 이루어진 여당과 야당의 주요 인사들의 정치적 공방전은 미국 정치권의 ‘{왓어바우티즘’을} 떠올리게 한다.,8
2023,욕로남불,(辱<영>←romance남不),혼성,남이 욕설을 쓸 때는 비난하다가 자신이 욕설을 쓸 때는 합리화하는 태도를 이르는 말. ‘욕설’과 ‘내로남불’을 결합한 말이다.,¶대통령의 비속어 사용을 비판한 한 국회의원에게 그의 과거 논란을 들추며 ‘{욕로남불’이라는} 반격이 가해졌다.,50
2023,용피셜,(龍<영>←official),혼성,대한민국 대통령실에서 발표하거나 발언한 이야기를 이르는 말. 대한민국 대통령실이 위치한 ‘용산’과 ‘오피셜’을 결합한 말이다.,¶여당의 대표는 당의 비상 상황이 그저 {용피셜일} 뿐이라며 반박했다.,194
2023,우버파킹,(Uber<영>parking),,우크라이나의 한 회사가 개발한 주차 공유 서비스를 ‘우버 택시’에 빗대어 이르는 말.,¶그는 그가 개발한 주차 공유 서비스를 ‘우버 택시’와 같은 ‘{우버 파킹’으로} 성장시킬 것이라는 포부를 밝혔다.,1
2023,우주항공기금,(宇宙航空基金),,우주 항공 분야의 신생 기업을 지원하기 위해 국가가 설치한 기금.,¶우주 항공청은 우주 항공 산업을 안정적으로 지원하기 위해 연내로 {우주 항공 기금을} 설치할 계획이다.,25
2023,운친자,(運친者),혼성,‘운동’을 열광적으로 좋아하는 사람.,¶체육과를 방문한 O 씨는 ‘{운친자’들의} 수업 전 몸풀기에 눈이 휘둥그레졌다.,13
2023,워드맵,(<영>word map),,단어의 동시 출현 정보를 분석한 후 시각적으로 표현하는 표나 그림.,"¶최근 1년간 {워드 맵에서} ‘배달’ 관련 중요 단어는 ‘욕’, ‘비싸다’ 등인 것으로 나타났다.",20
2023,워터퐁,(<영>water←pingpong),혼성,물 위에 떠 있는 컵 안에 탁구공을 넣는 게임.,¶{워터퐁은} 누구나 쉽게 참여할 수 있다는 점 때문에 여름철 지역 축제에서 자주 활용되는 게임이다.,24
2023,원두대란,(原豆大亂),,원두 산지의 이상 기후 등으로 인한 생산 차질로 원두를 구하기 어려운 일. 또는 이로 인해 발생하는 혼란.,¶전 세계적으로 발생한 {원두 대란으로} 인해 커피 프랜차이즈의 가격 인상이 불가피할 것이라는 전망이 나오고 있다.,6
2023,월급채굴,(月給採掘),,"가상의 네트워크 공간에서 컴퓨터로 암호 화폐를 얻는 것처럼, 하루하루 노동을 하며 돈을 모으는 것을 비유적으로 이르는 말. 주로 주식 투자에서의 손실로 인해 잃은 돈을 메워야 하는 상황에서 사용된다.",¶주식 투자 실패로 마이너스가 된 계좌를 회복시키려면 월급 받아 메우는 수밖에 없다는 자조적 의미에서 ‘{월급 채굴’이라는} 말도 등장했다.,2
2023,웜뱅크,(<영>warm bank),,국가가 추위에 떠는 사람들이 쉴 수 있도록 난방을 제공하는 공공장소.,¶겨울철 저소득층은 난방비를 조금이라도 아끼기 위해 ‘{웜 뱅크’에서} 시간을 보낸다.,9
2023,웜셰어,(<영>▼warm share),합성,"치솟는 난방비로 인해 난방비의 부담을 덜어 주고자 쇼핑몰이나 백화점, 경로당 등에 휴식 공간을 마련하여 사람들이 따뜻한 시간을 보낼 수 있도록 에너지를 공유하는 것.","¶최근 국내외 에너지 가격이 급등하면서, 일본에서는 대형 쇼핑몰과 백화점을 중심으로 ‘{웜셰어’} 운동이 확산되고 있다.",60
2023,웨딩플레이션,(<영>wedding←inflation),혼성,결혼식을 준비하는 데 필요한 비용이 급등하는 현상.,¶{웨딩플레이션의} 영향으로 많은 예비 부부들이 결혼식을 올리기를 주저하고 있다.,310
2023,유공유리분말,(有孔琉璃粉末),,"유리 분말로 이루어진 구 모양의 신재료. 가벼우며, 수분에 대한 저항성이 강하고, 화학적으로 안정적인 것이 특징이다.",¶한 건설사가 개발한 고강도 콘크리트는 {유공 유리 분말을} 활용하여 점성이 낮고 외부 온도에 큰 영향을 받지 않는 것이 특징이다.,108
2023,유급휴재,(有給休載),,휴재 기간에도 급료가 지급되는 휴재. 주로 웹툰 작가의 노동 환경을 보장하기 위한 것이다.,¶웹툰 창작자들 사이에서는 창작자들의 노동 환경을 보장하기 위해 {유급 휴재를} 의무화해야 한다는 목소리가 나오고 있다.,40
2023,유급휴재권,(有給休載權),,휴재 기간에도 급료를 지급받을 수 있는 권리. 주로 웹툰 작가의 노동 환경을 보장하기 위한 것이다.,¶웹툰 작가들이 처한 열악한 노동 환경을 개선하기 위해 {유급 휴재권을} 보장해야 한다는 제언이 나왔다.,32
2023,유리세대,(琉璃世代),,스마트폰이나 태블릿 컴퓨터 등 유리로 된 화면을 통해 읽거나 쓰는 것이 익숙한 세대.,"¶2010년 이후에 태어난 아이들은 태어나자마자 스마트 기기의 스크린에 노출되었고, 이를 능숙하게 사용한다는 점에서 ‘{유리 세대’라고} 불리기도 한다.",10
2023,유튜버공화국,(<영>YouTuber共和國),,인터넷 동영상 공유 사이트인 유튜브에 동영상을 업로드하며 자신의 채널을 운영하는 사람들이 무분별하게 많아진 현상을 비판하여 이르는 말.,¶인터넷 동영상 공유 사이트에 올라온 사고 영상을 우연히 보게 된 사람들이 트라우마를 겪게 되면서 {유튜버 공화국의} 민낯을 보여 주는 이러한 현상에 대해 생산자의 윤리의식이 필요하다는 목소리가 나온다.,1
2023,이마롯쿠,(←Emart←Lotte Mart←Coupang),혼성,"대형 전자 상거래 기업 ‘이마트, 롯데마트, 쿠팡’을 아울러 이르는 말. 각 기업의 일부 글자를 따 만들어진 말이다.",¶국내 3대 유통 기업으로 불리는 이른바 '{이마롯쿠'는} 여전히 나란히 글로벌 100대 유통 기업에 포함되었지만 순위에서 큰 변동이 나타났다.,188
2023,이사완박,(移徙完剝),축약,"‘이사할 자유를 완전히 박탈함’을 줄여 이르는 말. 정부의 잘못된 부동산 정책으로 인해 국민들이 주거 불안을 느끼게 되자, 이를 비판하기 위해 나온 말이다.",¶정부가 발표한 부동산 대책에 대해 ‘{이사완박’이라는} 비판이 거세지고 있다.,80
2023,이찍남,(二찍男),축약,대통령 선거 또는 국회 의원 선거에서 ‘기호 이 번을 찍은 이십 대 남성’을 줄여 이르는 말. 차별 및 비하하는 의미가 포함되어 있으므로 사용에 주의가 필요하다.,"¶일부 정치 세력은 기호 2번을 찍은 이십 대 남자들의 생각을 이해하려고 하기보다는, 그들을 ‘{이찍남’이라고} 비하하기만 한다.",7
2023,이태원참사특별법,(梨泰院慘事特別法),,2022년 10월 29일에 발생한 이태원 참사의 진상 규명과 재발 방지를 위해 필요한 사항을 제정한 특별 법안. 정식 명칭은 ‘10ㆍ29 이태원 참사 피해자 권리 보장과 진상 규명 및 재발 방지를 위한 특별 법안’이다.,¶이태원 참사의 유가족들은 {이태원 참사 특별법에} 따른 진상 규명을 철저하게 진행할 것을 정부에 요구했다.,310
2023,인파방스,(印←Pakistan←Bangladesh←Sri Lanka),혼성,"인도반도에 있는 공화국 ‘인도, 파키스탄, 방글라데시, 스리랑카’를 아울러 이르는 말.","¶아랍에미리트는 에미라티라고 불리는 순수 혈통은 11.5%정도이고, 나머지는 {인파방스}를 중심으로 한 외국인 근로자들이다.",2
2023,인포라인,(<영>▼info line),합성,갈림길에서 각 차로의 경로를 미리 안내하기 위해 차로의 중앙에 선명한 색깔로 그어 놓은 선. =노면 컬러 안내선.,¶OO은 신속한 화재 진압과 입주민의 안전 확보를 위하여 임대 주택 단지에 {인포라인을} 설치하기로 하였다.,84
2023,일로니제이션,(<영>Elonization),차용,빅 테크 기업의 경영자들이 일론 머스크의 화법이나 행동을 따라하는 현상.,"¶코로나 팬데믹 이후, 실리콘 밸리의 빅 테크 경영진 사이에서는 {일로니제이션이} 유행처럼 번지고 있다.",1
2023,일론화,(Elon化),접미 파생,"아이티(IT) 기업의 리더들이 기이한 행동을 통해 대중의 이목을 끌고, 독단적으로 기업을 경영을 하는 미국의 기업인인 '일론 머스크'를 닮아가는 현상.",¶워싱턴 포스트는 저커버그가 일론 머스크를 따라하는 일명 '{일론화(Elonization)'가} 되고 있다고 평가했다.,4
2023,일저우일저,(日低又日低),합성,날마다 주식 가격이 떨어지는 현상을 이르는 말.,¶국내 증시가 매일매일 추락함에 따라 투자자들은 {일저우일저라는} 웃지 못할 말로 신저가를 설명하고 있다.,3
2023,입법독주법,(立法獨走法),,다양한 의견을 균형적으로 반영하지 못한 채 발의된 법안을 비판적으로 이르는 말.,¶최근 여당이 발의한 법안은 {입법 독주법이라는} 비판을 받고 있다.,287
2023,자기추앙,(自己推仰),,스스로를 공경하고 높이 받들어 우러러보는 일.,"¶번아웃을 해결하기 위해서는 자책을 멈추고, {자기 추앙을} 통해 스스로의 마음에 진정으로 다가가는 것이 필요하다.",5
2023,자기공감력,(自己共感力),,스스로 자신의 감정이나 의견을 느끼고 생각할 수 있는 힘. 또는 그런 능력.,"¶{자기 공감력이} 뛰어난 사람은 타인과 소통하고, 타인의 아픔이나 어려움에 공감하는 능력 또한 뛰어나다.",6
2023,자기토커,(磁氣<영>torquer),,지구 자기장을 활용하여 만든 구동기. 주로 인공위성의 자세 제어를 위해 사용된다.,"¶중국의 한 업체가 판매하고 있는 상업용 인공위성에는 우주 카메라, 태양열 집열판 등과 더불어 자세 제어를 위한 {자기 토커가} 장착되어 있다.",58
2023,자발적푸어족,(自發的<영>poor族),,남이 시키거나 요청하지 않았지만 자기 스스로 자신의 경제력에 비해 비싼 집이나 차 등을 구매하여 경제적으로 어려운 생활을 하는 사람. 또는 그런 무리.,¶빚을 지더라도 빛나는 인생을 살고 싶다고 말하는 {자발적 푸어족들의} 소비는 과연 행복을 위한 것인가?,1
2023,자서망,(自署網),합성,경찰 조직 내부에서 사용하는 통신망. 주로 관할 지역 내에서 발생한 긴급 상황을 전파하기 위해 사용한다.,"¶경찰서 내 다양한 통신망 중, 112 신고 전화 등의 긴급 상황은 {자서망을} 통해 가장 먼저 전파된다.",82
2023,자석발,(磁石발),합성,"벽을 오를 수 있도록, 자석을 활용하여 만든 로봇 발.",¶사족 보행 로봇을 개발하기 위해서는 접착력이 뛰어난 {자석발을} 활용해야 한다.,39
2023,자원안보법,(資源安保法),,"자원 안보와 관련된 위기에 대비하고 효과적으로 대응하는 데 필요한 사항을 규정한 법률. 자원 안보 추진 체계, 자원 안보 위기 조기 경보 체계, 핵심 자원의 공급과 수요 관리 등을 주요 내용으로 한다. 정식 명칭은 ‘국가 자원 안보 특별법’이다.",¶{자원 안보법은} 4차 산업 시대에 필요한 다양한 에너지 자원을 국가 차원에서 확보하고 공급하는 시스템을 구축한다는 점에서 의의가 있다.,209
2023,잘파세대,(<영>Zalpha世代),,1990년대 중반부터 2009년 사이에 태어난 ‘제트 세대’와 2010년 이후에 태어난 ‘알파 세대’를 아울러 이르는 말.,¶많은 기업들이 향후 주 소비층이 될 {잘파 세대를} 공략하기 위해 다양한 컬래버레이션을 시도하고 있다.,310
2023,재가요양복지사,(在家療養福祉士),,자택에서 의료 서비스를 제공받는 재가 요양 환자의 복지를 위한 일을 전문적으로 하는 사람.,¶최근 장기 요양 급여를 불법적으로 가로챈 {재가 요양 복지사들이} 다수 적발되어 사회에 큰 충격을 주었다.,16
2023,재능사다리,(才能사다리),,재능을 가진 사람을 단계적으로 지원하여 더 우수한 인재로 육성하는 일을 비유적으로 이르는 말.,¶초등학교에서 블록 코딩을 배운 후 중학교에서 텍스트 코딩을 배우기 시작하는 교육 과정은 디지털 인재 육성을 위한 {재능 사다리의} 역할을 한다.,310
2023,재택이몽,(在宅異夢),혼성,직장에 출근하지 않고 집에서 직장 업무를 하는 것에 대해 회사 측과 직원들의 생각이 다름을 동상이몽에 빗대어 이르는 말. 코로나19의 팬데믹 기간 동안 재택근무의 도입에 적극적이었던 아이티(IT) 기업들이 최근에 사무실에 출근하는 것으로 근무 방식을 전환하게 되면서 생겨난 말이다.,¶업무의 효율성과 생산성을 높이기 위해 사무실로 출근하라는 회사와 재택근무가 업무에 효율적이라고 주장하는 직원들은 {재택이몽에} 빠져 있다.,3
2023,재해우려주택,(災害憂慮住宅),,"산사태, 지진, 태풍, 폭우, 해일, 홍수 등으로 피해를 입을 가능성이 큰 주택.","¶정부는 재해 우려 구역에 대하여 개보수 공사 및 안전한 곳으로의 이주를 지원하겠다는 방침을 밝혔으며, {재해 우려 주택에} 거주하는 사람들을 대상으로 민간 및 공공 이주의 지원도 실시할 계획이라고 하였다.",136
2023,재해취약주택,(災害脆弱住宅),,"산사태, 지진, 태풍, 폭우, 해일, 홍수 등으로 피해를 입기 쉬운 주택.",¶정부는 이번 폭우로 인해 침수 피해를 입은 반지하 주택 등 {재해 취약 주택에} 대한 종합 대책을 올해 안으로 내놓기로 하였다.,310
2023,잼테크,(잼<영>tech),혼성,"재미를 추구하는 재테크. ‘재미’와 ‘재테크’가 결합한 말로, 금융 플랫폼에서 캐릭터를 공유하여 임무를 수행하거나 지인과 함께 포인트를 받는 과정을 재미있게 느끼면서 재테크를 하는 것을 말한다.","¶OO 은행은 엠제트 세대에게 다가가기 위해, 혜택과 함께 재미를 추구하는 {잼테크} 마케팅을 실시하고 있다.",226
2023,저니,(<영>▼←Z journey),혼성,"제트 세대가 인기 있는 장소를 방문하는 여정을 이르는 말. 제트 세대는 핫 플레이스를 방문하더라도 그 주변까지 관심을 보이며, 인근 지역까지 인기 있는 공간으로 확산되는 현상을 의미한다.","¶제트 세대를 표현하는 주요 키워드로는 금융 앱에서 미션의 수행에 재미를 느끼면서 재테크를 하는 ‘잼테크’, 인기 있는 곳을 방문하더라도 그 주변 지역까지 관심을 보이는 ‘{저니’} 등이 있다.",310
2023,전세왕,(傳貰王),합성,전세 매물을 다수 소유하고 빌려주는 사람. 주로 전세 보증금을 받고 돌려주지 않는 임대인을 비난조로 이르는 말이다.,¶정부는 이른바 ‘{전세왕’에} 의한 전세 사기 피해를 막기 위해 부동산과 관련된 주요 시행령을 개정하고 있다.,123
2023,전세사기특별법,(傳貰詐欺特別法),,"전세 사기 피해를 당한 임차인의 주거권을 보장하기 위해 제정한 법률. 거주하고 있는 임차 주택의 우선 매수권을 부여하거나 장기 및 낮은 금리의 융자 지원, 피해 주택을 매입한 후 공공 임대 주택을 제공하는 방안 등이 포함된다. 정식 명칭은 ‘전세 사기 피해자 지원 및 주거 안정을 위한 특별법’이다.",¶정부는 {전세 사기 특별법의} 제정을 통하여 공공 기관이 피해 주택을 매입한 후 피해자에게 공공 임대 주택으로 제공하거나 피해 주택에 대한 우선 매수권을 부여하는 방안을 추진하기로 하였다.,310
2023,전자성능추적시스템,(電子性能追跡<영>system),,"위치 추적 장치뿐만 아니라 심박 센서, 가속도 센서, 회전 운동 측정 센서 등의 센서와 각종 장비가 탑재되어 있으며, 입을 수 있는 기기. 운동 선수가 착용하면, 선수의 최고 속도, 활동량 등을 확인할 수 있고, 이러한 정보를 훈련과 전술에 활용하여 선수를 보호하거나 경기력 향상을 위해 사용할 수 있다.","¶이 옷은 {전자 성능 추적 시스템이라고} 불리며, 각종 데이터를 수집하는 기기가 탑재되어 있어서 실시간으로 선수들의 속도나 이동 거리 등을 분석하여 선수의 현재 상태를 보다 정밀하게 확인할 수 있다.",98
2023,전정수도관확장증후군,(前庭水道管擴張症候群),,귀의 가장 안쪽에 단단한 뼈로 둘러싸인 부분에 있는 전정 수도관이 비정상적으로 커져서 생기는 증후군. =에바스 증후군.,"¶O은 청각 장애 판정을 받은 후부터 보청기를 착용해 왔으나, 최근 {전정 수도관 확장 증후군으로} 인해 오른쪽의 청력이 급격히 하락하여 인공 달팽이관 수술이 시급하다.",9
2023,절싫중떠,,축약,‘절이 싫으면 중이 떠나야지.’를 줄여 이르는 말. 어떤 곳이나 어떤 조직이 싫어지면 싫어진 그 사람이 떠나야 함을 이르는 말이다.,"¶최근 한 기업의 대표가 우스갯소리로 ‘{절싫중떠’라고} 말한 바 있는데, 이에 대한 직원들의 반발이 거세지고 있다.",1
2023,접시뇌,(접시腦),,쥐의 뇌 배아에서 추출해낸 초기 피질 세포와 유도 만능 줄기세포를 분화시켜 얻은 뇌세포를 이르는 말. 접시 위에서 뇌를 배양하였다 하여 붙여진 이름이다.,¶연구진이 배양한 ‘{접시뇌’는} 80만~100만 개 가량의 살아 있는 뇌 세포로 구성되어 있다.,8
2023,정부완박,(政府完剝),축약,‘정부의 권한을 완전히 박탈함’을 줄여 이르는 말.,"¶여당과 야당 간에 의견이 팽팽히 맞서고 있는 법안에 대한 발의가 예고되자, O은 해당 법안을 {정부완박이라며} 비난하였다.",310
2023,정언공범,(政言共犯),,정치인과 언론인이 공동으로 범죄를 행하는 것. 또는 그 사람.,¶최근 언론사의 행보를 두고 정치인과 언론인이 결탁한 '{정언공범'이라는} 비난 여론이 일고 있다.,32
2023,제로칼로리캠퍼스,(<영>▼zero calorie campus),,"제트 세대가 캠퍼스 내에서는 시간을 효율적으로 사용하고, 남는 시간에는 다양한 경험을 하는 것을 선호하는 방식을 이르는 말.",¶지난주에 열린 팝업 스토어에서는 {제로 칼로리 캠퍼스의} 트렌드를 반영하여 학교 밖 공간에서 여러 가지 체험을 경험할 수 있는 다양한 이벤트가 진행되었다.,179
2023,젠더플루이드패션,(<영>gender fluid fashion),,성별의 경계를 허물어 그 전환이 가능한 옷. 또는 그러한 옷차림.,¶최근 열린 패션쇼에서 명품 브랜드들이 {젠더 플루이드 패션에} 기반한 남성복을 대거 출시하며 업계의 주목을 끌고 있다.,38
2023,젤로스킨,(<영>jello skin),,젤리처럼 탄력 있고 말랑말랑한 피부.,¶겨울철 추운 날씨에도 탄력 넘치는 {젤로 스킨을} 유지하기 위해서는 피부 내 콜라겐의 함유량을 높여야 한다.,53
2023,조력존엄사,(助力尊嚴死),,회복 가능성이 없는 환자가 의료진의 도움으로 약물 등을 제공받아 인간으로서 지녀야 하는 최소한의 품위를 지키면서 스스로 삶을 마칠 수 있도록 하는 일.,"¶가족들의 동의만으로도 가능한 연명 치료의 중단과는 다르게, {조력 존엄사는} 환자 본인의 의사 표명이 있을 경우에만 가능하다.",310
2023,조력존엄사법,(助力尊嚴死法),,회복 가능성이 없는 환자가 의료진의 도움으로 약물 등을 제공받아 인간으로서 지녀야 하는 최소한의 품위를 지키면서 스스로 삶을 마칠 수 있도록 하고자 제정한 법률. 정식 명칭은 ‘호스피스ㆍ완화 의료 및 임종 과정에 있는 환자의 연명 의료 결정에 관한 법률 일부 개정 법률안’이다.,¶말기 환자의 삶에 대한 자기 결정권을 증진하는 데 초점을 둔 {조력 존엄사법이} 국회 발의를 앞두고 있다.,310
2023,죄책감팁,(罪責感<영>tip),,사회적 압박 때문에 죄책감을 느껴 일정한 수준 이상으로 지급하는 팁. =길티 팁.,"¶신용카드로 결제하는 문화가 확산되며 ‘노 팁’이 부담스러워졌고, 사회적 압박에 따른 ‘{죄책감 팁’이} 강요되고 있다는 불만이 적지 않다.",6
2023,중꺾마,(重꺾마),축약,‘중요한 것은 꺾이지 않는 마음’을 줄여 이르는 말.,¶최근 한국 축구 대표 팀을 응원하기 위해 ‘{중꺾마’가} 사용되고 있는 것을 심심치 않게 확인할 수 있다.,310
2023,중꺾허,(重꺾허),축약,‘중요한 것은 꺾이지 않는 허리’를 줄여 이르는 말. 허리 건강의 중요성을 ‘중꺾마’에 빗대어 재미있게 이르는 말이다.,¶오십이 넘은 사람들에게 가장 필요한 것은 '중꺾마'가 아니라 바로 ‘{중꺾허’이다.},1
2023,중년핫딜족,(中年<영>hot deal族),,온라인 쇼핑몰에서 특정한 시간에 물건을 대폭 할인하여 판매하는 정보를 찾아서 더 저렴한 가격에 상품을 구입하는 중년인 사람. 또는 그런 무리.,¶주로 이십 대 젊은이들이 특정한 시간에 대폭 할인하여 판매하는 ‘핫 딜’ 정보를 찾아서 싼 가격에 상품을 구입하는 트렌드가 사오십 대에까지 확산되며 {중년 핫 딜족이} 증가하고 있다.,2
2023,중처법,(重災法),합성,중대재해 기업처벌법'을 줄여 이르는 말. 사업주 및 경영 책임자가 소유ㆍ운영ㆍ관리하는 사업장 따위에서 유해ㆍ위험 방지 의무을 위반하여 종사자 및 이용자가 사망하였을 때 징역형을 내리는 등 그 책임과 처벌을 강화하는 법안을 이르는 말이다. 2020년 6월에 첫 발의되었다.,¶{중처법을} 두고 처벌을 회피하는 방안에만 집중하는 기업과 이를 악용한 일부 법무 법인의 장삿속 때문에 실질적인 산업 안전 예방은 제대로 실행되지 못하고 있다는 의견이 많다.,310
2023,쥐똥금,(쥐똥金),합성,동그란 모양의 작은 주물금을 이르는 말. 금값 상승으로 수집이나 선물로 용이한 작은 금덩어리를 모으는 사회적 현상을 반영한 말이다.,¶금값이 연일 치솟는 가운데 온라인에서 이른바 '{쥐똥금'으로} 불리는 동그랗고 작은 모양의 금덩어리가 매물로 나타나 화제가 되고 있습니다.,12
2023,즉퇴,(卽退),축약,‘즉시 퇴근’을 줄여 이르는 말.,¶모 기업이 매주 수요일마다 직원들을 대상으로 즉시 퇴근을 의미하는 이른바 '{즉퇴'에} 당첨될 인원을 세명씩 추첨하는 이벤트를 진행하여 화제가 되고 있다.,7
2023,지피팅,(<영>GPTing),차용,원하는 정보를 얻기 위하여 대화형 인공지능 모델인 챗 지피티(chat GPT)를 사용하는 행위를 이르는 말.,¶멀지 않은 미래에는 대부분의 사람들이 ‘구글링’이 아니라 ‘{지피팅’을} 하게 될지도 모른다.,4
2023,직락,(職樂),혼성,"직장과 가까운 곳이 즐겁다는 것을 이르는 말. 주로 분양 시장에서 직장과 가까운 아파트가 선호된다는 것을 의미하는 말로, ‘직장’과 즐거움을 의미하는 한자어인 ‘락(樂)’을 결합하여 만든 말이다.",¶최근 분양 시장에서는 직장과 가까운 곳이 사는 것이 즐겁다는 의미를 담은 ‘{직락’이라는} 말이 유행이다.,22
2023,직방금지법,(直房禁止法),,저렴한 수수료 정책을 내세우며 부동산 서비스를 제공하고 있는 부동산 플랫폼을 금지하는 법. 사무실을 운영하려는 공인 중개사는 한국 공인 중개사 협회에 반드시 가입해야 한다는 내용을 포함하고 있다.,¶국회에서 발의된 {직방 금지법과} 관련하여 협회가 프롭테크 업계와의 상생 방안을 제시하였지만 여전히 양측의 갈등이 심화되고 있다.,197
2023,직장인수능러,(職場人修能<영>←er),,직장인 중에서 대학 수학 능력 시험을 준비하거나 응시하는 사람.,"¶정부의 의과대학 정원 확대에 대한 지침 발표 후, 최근 몇 년간 증가하고 있던 {직장인 수능러들이} 급증하는 양상이 나타났다.",4
2023,집마카세,(집<일>←omaka[御任]se),혼성,다양한 특선 요리를 집에서 즐기는 것을 이르는 말. ‘집’과 ‘오마카세’를 결합하여 만든 말이다.,"¶추석을 앞두고 대형 마트와 백화점 등의 유통업계와 호텔업계는 {집마카세를} 즐기는 사람들을 겨냥한 참치, 한우 선물 세트를 내놓았다.",25
2023,징무원,(징務員),혼성,"인터넷 커뮤니티 따위에서, 업무의 어려움이나 박봉을 호소하는 공무원을 비난조로 이르는 말. ‘징징대다’와 ‘공무원’을 결합한 말이다.",¶최고의 직업으로 선망받던 공무원은 근래 ‘{징무원’과} 같은 조롱을 받으며 그 위상이 급격하게 떨어지고 있다.,4
2023,찍턴족,(찍<영>turn族),접미 파생,값비싼 술을 저렴하게 구입하기 위하여 공항 면세점만 이용한 후 다시 돌아오는 일을 반복하는 사람. 또는 그런 무리.,"¶얼마 전까지만 해도 면세점에서 위스키를 저렴하게 구매하기 위한 ‘{찍턴족’이} 제주공항을 들르는 경우가 많았지만, 최근에는 가까운 일본 등 외국을 다녀오는 사람들이 증가하였다.",10
2023,찐줌마,(眞▽줌마),합성,‘진짜 아주머니’를 속되게 이르는 말. ‘진짜’를 속되게 이르는 ‘찐’과 ‘아줌마’가 결합한 말이다. 차별 및 비하하는 의미가 포함되어 있으므로 사용에 주의가 필요하다.,"¶그동안 아줌마를 주제로 많은 글을 써 왔지만, 알고 보면 일, 육아, 살림 어느 것 하나도 제대로 하는 게 없어서 {찐줌마들을} 만나 강의를 하려니 두려움이 앞섰다.",1
2023,차멍,,합성,차를 마시며 아무 생각 없이 멍하게 시간을 보내는 일.,¶한강 뷰 아파트에 입주한 이들은 최근 {차멍과} 야경 보는 것이 취미가 되었다고 말하였다.,34
2023,참스피,(참<영>←KOSPI),혼성,참치 선물 세트를 되팔 때의 시세를 수치로 나타낸 것. 고물가에 경기 침체의 우려까지 겹치면서 명절 선물을 온라인상에서 되팔아 생활비 등에 보태려고 하는 현상이 나타나며 등장하였다.,"¶평소에는 100그램당 1,500원에서 1,600원대로 거래되는 {참스피가} 명절이 되면 참치 선물 세트의 공급이 늘어나면서 1,300원까지 떨어지기도 한다.",8
2023,참치지수,(참치指數),,명절 선물 세트의 주된 구성품인 참치 캔을 되파는 일이 확산되어 일시적 공급 과다로 시가가 낮아지는 현상을 코스피에 비유하여 이르는 말.,¶명절 선물 세트 중 되팔기 쉬운 가공식품은 중고 시세까지 형성되며 이를 가늠하는 ’{참치 지수'}와 같은 신조어까지 나타냈다.,1
2023,창툭튀,(窓툭튀),축약,‘에어컨이 창문 안으로 툭 튀어 나오다’를 줄여 이르는 말. 창문형 에어컨의 고질적인 문제점으로 꼽히는 현상이다.,¶직원들은 창문형 에어컨의 고질적인 문제로 손꼽히는 {창툭튀와} 소음 현상을 해결하고자 많은 노력을 들였다고 밝혔다.,2
2023,청년도전준비금,(靑年挑戰準備金),,청년들의 취업 독려를 위하여 지원하는 준비금. 구직 프로그램을 이수한 청년 5천 명을 대상으로 최대 300만 원을 지원한다.,¶정부가 구직 단념 청년 5000명을 대상으로 최대 300만 원을 지원하는 {청년 도전 준비금을} 신설하였다.,43
2023,체리슈머,(<영>▼cherry←consumer),혼성,한정된 자원을 최대한 효율적으로 사용하기 위해 여러 서비스나 혜택 등을 실속적으로 누리며 알뜰하게 소비하는 소비자. 체리피커(Cherry Picker)와 소비자(Consumer)를 결합하여 만든 말이다.,"¶최근 과시적인 소비 행태가 줄어들고, 한정된 자원에 전략적인 지출을 추구하는 '{체리슈머'가} 주목받고 있다.",310
2023,체조견,(體操犬),합성,체조를 하듯이 몸을 움직이는 개를 비유적으로 이르는 말.,"¶등산객들 사이에서 유명한 '{체조견'답게} 동작은 물론, 방향까지 정확히 맞춰 체조를 하는 모습을 볼 수 있었다.",3
2023,초부자감세,(超富者減稅),,극도로 재산이 많은 사람에게 부과된 세금의 액수를 줄이거나 세율을 낮추는 일.,¶대기업들의 법인세 감세와 같은 {초부자 감세를} 통해서는 양극화 심화와 경제 악화뿐이라는 의견이 등장했다.,310
2023,최소주거보장법,(最小住居保障法),,열악한 주거 시설 거주자들의 최소 주거 환경을 보장하기 위하여 발의한 법안. 더불어 민주당이 주요 입법 과제로 제시한 법안 중 하나이다.,"¶최근 수도권 집중 호우로 거주 환경이 좋지 않은 계층의 인명 및 재산 피해가 발생한 현실을 반영하여, 취약 계층을 국가가 지원하도록 하는 '{최소 주거 보장법'과} 장애인에 대한 국가의 책임을 강화하는 '장애인 국가 책임제법' 등이 주요 안건으로 선정되었다.",60
2023,춘등투,(春登鬪),합성,등록금의 상승을 저지하기 위해 매년 봄마다 대학생들이 시위를 하는 현상을 이르는 말.,¶반값 등록금 정책의 시행 덕분에 봄이면 연례적으로 나타났던 등록금 투쟁인 ‘{춘등투’가} 사라지고 대학 진학률도 높아질 수 있었다.,3
2023,취뽀왕,(就뽀王),합성,취업을 매우 성공적으로 이뤄낸 사람을 비유적으로 이르는 말. ‘취업 뽀개기’를 줄여 이르는 말인 ‘취뽀’와 ‘왕’을 결합하여 만든 말이다.,¶강연자는 지방대 출신으로 15개의 대기업 공채 시험에 붙어 '{취뽀왕'으로} 불리고 있습니다.,4
2023,층간소음사후인증제,(層間騷音事後認證制),,"아파트의 입주 직전에 소음을 직접 측정하여 층간 소음 기준을 통과하였음을 인증해 주는 제도. 층간 소음 기준을 통과하지 못하면 입주가 지연될 수 있으며, 건설사들은 추가 시공을 통하여 층간 소음 기준을 충족시켜야 한다.","¶정부는 지난해부터 {층간 소음 사후 인증제를} 도입하여 규제를 강화하고 있지만, 층간 소음과 관련된 이웃 간 갈등과 민원은 여전히 증가하고 있다.",24
2023,치팅범,(<영>cheating犯),접미 파생,"바둑에서, 인공 지능을 이용하여 부정행위를 저지른 사람을 일컫는 말.",¶최근 한 프로 바둑 기사가 동료를 {치팅범으로} 지목했다가 도리어 자신이 징계를 받는 일이 발생했다.,3
2023,카타팔케,(<영>catafalque),차용,기독교의 장례식 혹은 추도식에서 죽은 사람의 관이나 시체를 지지하기 위해 사용되는 지지대.,"¶여왕의 관은 ‘{카타팔케’로} 불리는 거대한 단(壇) 위에 두어, 지나가는 참배객들이 관 앞에서 여왕을 추모하는 시간을 가질 수 있도록 하였다.",14
2023,커피카세,(<영>coffee<일>←omaka[御任]se),혼성,바리스타가 여러 가지 커피를 다양하게 경험할 수 있도록 내놓는 커피 코스 메뉴. 또는 그런 것을 내놓는 카페. '커피'와 '오마카세'를 결합하여 만든 말이다.,"¶에스프레소 바가 유행하면서, 여러 종류의 커피를 다양하게 경험할 수 있는 {커피카세가} 늘고 있다.",11
2023,커필레이션,(<영>▼←coffee inflation),혼성,"원두의 가격이 내려가는데도, 커피의 가격이 내려가지 않고 오히려 인상되는 현상.",¶수입 원두 가격의 하락에도 불구하고 커피 가격이 변하지 않자 {커필레이션에} 대한 우려가 나오기 시작했다.,2
2023,컴프테크,(<영>comptech),차용,"정보 기술이 점점 발달됨에 따라 정부의 규제가 점점 복잡해지자, 빅 데이터, 인공 지능, 클라우드 따위의 첨단 정보 기술을 활용하여 은행이나 기업이 이를 효율적으로 준수할 수 있도록 도와주는 금융 서비스.","¶기술이 발달해감에 따라, 블록체인 네트워크의 다양한 기술을 통해 규제를 더욱 효율적으로 준수할 수 있도록 하는 {컴프테크를} 제도적으로 반영하고 활용할 필요성도 커져가고 있다.",6
2023,케꾸,(<영>←cake꾸),축약,‘케이크 꾸미기’를 줄여 이르는 말. 생크림과 과자 그리고 여러 장식품 등을 활용하여 케이크를 장식하는 행위를 이르는 말이다.,¶기업에선 핵심 타깃인 MZ세대의 취향을 반영하기 위해 {케꾸} 이벤트를 기획하기도 하였다.,4
2023,케이칩스법,(<영>▼K-chips法),합성,"국내 반도체 산업의 육성을 위해 기술 보유자에 대한 지원, 특화 단지 지정 및 전문 인력 양성 등에 필요한 사항을 규정한 법안. 2022년 8월에 국회에서 발의되었으나 2022년 12월에 폐기되었다.","¶국제 정세의 변화에 따라 반도체 업계가 불안감에 빠지자, 정부도 이른바 ‘{케이칩스법’으로} 국내 반도체 산업의 육성을 위한 대책을 세우는 등 여러 가지 방안을 모색하기 시작했다.",20
2023,케이크플레이션,(<영>▼←cake inflation),혼성,케이크의 가격이 급등하는 현상. 원재료 가격 상승과 인건비 인상으로 인해 발생한 인플레이션이다.,¶경기 침체와 '{케이크플레이션'이} 맞물리자 소비자들은 마트에서 파는 가격이 저렴한 케이크로 눈길을 돌리고 있다.,45
2023,코사공팽,(<영>←corona virus死公烹),혼성,"코로나19의 확산세가 줄어들자, 코로나 환자 수용을 위해 가용하였던 공공병원의 운영상의 어려움에도 불구하고, 정부가 공공 병원에 대한 지원을 중단한 것을 토사구팽에 비유하여 이르는 말.","¶의료 연대 본부는 ""현재 수많은 공공병원들이 ‘{코사공팽’의} 결과를 정부의 지원없이 감수하고 있다.""라며 공공병원들의 심각한 경영난을 겪고 있음을 호소하였다.",3
2023,코인사진관,(<영>coin寫眞館),,동전이나 지폐를 넣어 그 금액만큼 사진을 찍을 수 있도록 장치를 해 놓은 곳.,"¶무인 매장의 절도 발생률은 인형 뽑기방이 35%로 가장 높았고, 이어 {코인 사진관이} 22%, 코인빨래방이 17% 순이었다.",42
2023,코인지옥,(<영>coin地獄),,비트코인과 같은 가상 화폐의 투자자들이 막대한 손해를 입는 것을 지옥에 빗대어 이르는 말.,¶암호 화폐 시장이 패닉에 빠지며 국내 투자자들의 직간접적인 손해가 눈덩이처럼 불어나자 또다시 대한민국이 ‘{코인 지옥’에} 빠질 것이라는 예측이 등장했다.,9
2023,코티지코어룩,(<영>cottagecore look),,꽃무니와 뜨개질 제품 등을 활용하여 소박하고 복고적인 감성을 추구하는 옷차림.,"¶최근 코티지코어가 인기를 끌자, {코티지코어 룩의} 대표적인 아이템인 코바늘 뜨기로 만든 레이스가 패션 트렌드로 급부상하였다.",50
2023,콰이어트퀴팅,(<영>quiet quitting),,"직장인들이 자신에게 정해진 시간 동안 책임 범위 내에서만 자신의 업무를 수행하는 것을 이르는 말. 실제로 퇴사를 하지는 않지만 소극적으로 자신의 업무를 처리하며 회사에 기여하고자 하지 않는다는 점에서 '조용한 퇴사'라도고 하며, 장기간 유행한 코로나19로 인해 직장인의 피로감과 좌절감이 커진 것이 주요 원인으로 꼽힌다.","¶최근 조사에 따르면, 직장인 2명 중 1명은 최소한의 자기 업무만 처리하며 회사에 기여하려는 의지가 없는 {콰이어트 퀴팅} 상태라고 한다.",27
2023,콰이어트퀴팅족,(<영>quiet quitting族),접미 파생,직장인들이 자신에게 정해진 시간 동안 책임 범위 내에서만 자신의 업무를 수행하려는 사람. 또는 그런 무리.,¶지난 2022년 미국인을 대상으로 한 조사의 결과에 따르면 미국인의 50% 정도가 {콰이어트 퀴팅족에} 해당하였다.,2
2023,퀴어슬람,(<영>▼queer←Islam),혼성,성 소수자와 이슬람 교도를 아울러 이르는 말. 성 소수자를 이르는 ‘퀴어’와 ‘이슬람’을 결합하여 만든 말이다. 차별 및 비하하는 의미가 포함되어 있으므로 사용에 주의가 필요하다.,¶최근 '{퀴어슬람'이라는} 말을 사용하며 성소수자와 무슬림에 대한 혐오를 표현하는 사람이 늘고 있다.,6
2023,퀸루블,(<영>▼queen<러>ruble),,러ㆍ우 전쟁에도 불구하고 러시아의 화폐 단위인 루블화의 가치가 소폭 상승하는 현상을 이르는 말. 달러화 가치의 강세를 의미하는 ‘킹 달러’에 빗대어 이르는 말이다.,¶러시아의 화폐는 현재 ‘{퀸 루블’로} 불릴 정도로 올해 초에 비해 달러와 비교해서 20% 이상의 가치 상승세를 보이고 있다.,3
2023,크룽지,(<프>←croissant룽지),혼성,크루아상을 누룽지처럼 납작하게 구워 만든 음식. 크루아상과 누룽지를 합하여 만든 말이다.,¶최근 크루아상을 누룽지처럼 만들어 먹는 ‘{크룽지’가} 에스엔에스 등에서 화제의 간식으로 인기몰이 중이다.,310
2023,클릭코노미,(<영>▼←click economy),혼성,간편한 온라인 쇼핑과 신속한 배송을 중심으로 이루어지는 여러 가지 경제 활동을 이르는 말. ‘클릭(click)’과 ‘이코노미(economy)’를 결합하여 만든 말이다.,"¶전문가들은 신속한 배송을 기반으로 하는 '{클릭코노미'가} 확산함에 따라, 이를 선점하는 사업자가 시장을 장악할 것으로 진단했다.",9
2023,클수저,(<영>←climbing수저),혼성,암벽 따위를 등반하는 스포츠인 클라이밍에 대한 재능을 가진 사람을 비유적으로 이르는 말.,¶작년 11월에 스페인의 자연 암벽인 ‘라 람블라’를 아시아 여성 최초로 완등한 ○○○은 어릴 때부터 클라이밍 교육을 받은 이른바 ‘{클수저'로} 불린다.,1
2023,키드코어,(<영>kidcore),차용,다채로운 컬러감과 캐릭터 등을 활용하여 유년 시절의 취향과 감성을 멋스럽게 표현하는 패션 스타일.,¶동심을 떠올리게 하는 '{키드코어'는} 남녀를 막론하고 요즘 패션계에서 큰 화두다.,20
2023,키드코어룩,(<영>kidcore look),,다채로운 컬러감과 캐릭터 등을 활용하여 유년 시절의 취향과 감성을 멋스럽게 표현한 옷차림.,¶최근 여러 패션 업체에서는 어릴 적 즐겨 입었을 법한 옷차림인 {키드코어 룩을} 선보이고 있다.,13
2023,킬로숍,(<영>▼kilo shop),,"의류 따위를 킬로그램 단위로 판매하는 가게. 의류를 마치 정육점처럼 저울에 올려 놓은 뒤, 무게에 따라 가격을 책정하여 판매한다.",¶여러 벌을 사도 부담이 없다는 장점 덕분에 {킬로 샵을} 찾는 손님들이 부쩍 늘어나고 있다.,6
2023,킹받드라쉬,(<영>king받드라쉬),합성,어떠한 일에 자극을 받아 화가 나다. 영어 단어 ‘킹(king)’과 ‘받다’를 결합하여 만든 말인 ‘킹받다’를 변형하여 이르는 말이다.,¶최근에는 '열받다'를 강조하기 위해 사용한 '킹받다'의 유사 표현으로 ‘{킹받드라쉬’도} 사용되고 있다.,3
2023,킹산직,(<영>king産職),혼성,대형 자동차 기업인 ‘현대’의 생산 분야 직무의 급여나 처우가 매우 좋음을 강조하여 이르는 말. 영어 단어 ‘킹(king)’과 ‘생산직’을 결합하여 만든 말이다. =킹차킹산직.,¶이른바 '{킹산직'에} 채용되려는 구직자들이 대거 몰리자 채용 홈페이지가 먹통이 되는 현상이 발생했다.,310
2023,킹차킹산직,(<영>king車<영>king産職),합성,대형 자동차 기업인 ‘현대’의 생산 분야 직무의 급여나 처우가 매우 좋음을 강조하여 이르는 말. 영어 단어 ‘킹(king)’과 ‘생산직’을 결합하여 만든 말이다. =킹산직.,¶최근 ‘{킹차킹산직’의} 공개 채용에는 취준생뿐만 아니라 안정적 직업의 직장인들도 대거 지원하여 큰 화제가 되었다.,2
2023,타다진흥법,(타다振興法),,"개정된 ‘여객 자동차 운수 사업법’을 이르는 말. ‘여객 자동차 운수 사업법’의 개정안이 사업자에 대한 강력한 규제를 담은 것을 두고, 모빌리티 서비스인 ‘타다’를 금지하는 ‘타다금지법’과 마찬가지라고 주장하자, 이에 반박하기 위해 정부에서 사용한 말이다.","¶정부는 개정된 여객 자동차 운수 사업법으로 인해 '타다'와 같은 서비스 증가가 예상되므로, '타다금지법'이 아니라 오히려 {타다 진흥법이라}고 주장했다.",3
2023,탈트넘,(脫←Tottenham),혼성,영국의 축구팀인 ‘토트넘(Tottenham)’에서 다른 팀으로 이적하는 것을 이르는 말. 혹은 다른 팀으로 이적한 선수들이 좋은 성적을 달성하는 현상을 재미있게 이르는 말.,¶최근 토트넘의 주장이 이적을 요구하자 현지 언론에선 '{탈트넘'이} 가장 큰 화제가 되었다.,310
2023,탐욕인플레이션,(貪慾<영>inflation),,기업의 이윤 증대를 위한 지나친 욕심이 주된 원인이 되어 나타나는 인플레이션. =탐욕플레이션.,"¶일각에서는 ""대기업들이 러시아와 우크라이나 간의 전쟁을 핑계 삼아 제품 가격을 과도하게 올려 인플레이션을 가중시키고 있다”며 {탐욕 인플레이션이라고} 비판하고 있다.",73
2023,탐욕플레이션,(貪慾<영>←inflation),혼성,기업의 이윤 증대를 위한 지나친 욕심이 주된 원인이 되어 나타나는 인플레이션. =탐욕 인플레이션.,¶주요 기업들이 이윤을 늘리기 위해 전쟁과 팬데믹 등을 핑계로 '{탐욕플레이션'을} 지지하고 있는 실정이다.,3
2023,탑멍,(塔멍),합성,탑을 바라보며 아무 생각없이 멍하니 있는 일.,¶탑이 지니고 있는 완벽한 균형미와 조형미를 마주하자 나도 모르게 ‘{탑멍’에} 빠져들었다.,13
2023,탑꾸,(<영>←top loader꾸),축약,‘탑로더 꾸미기’를 줄여 이르는 말. 카드의 손상을 막기 위하여 사용하는 물건인 탑로더에 스티커나 액세서리 등을 붙여 장식하는 행위를 이르는 말이다.,"¶내가 좋아하는 아이돌의 포토 카드를 탑로더에 담아 손상 없이 보관하고, 탑로더에 스티커, 파츠 등을 꾸미는 '{탑꾸’} 역시 요즘 유행 중 하나이다.",232
2023,택시통금,(<영>taxi通禁),,택시비의 상승으로 인해 버스나 지하철 따위의 대중교통 막차 시간에 맞추어 집으로 귀가하는 일. 정해진 시간에 귀가하는 것이 통금과 비슷하다 하여 생겨난 말이다.,¶사람들은 택시비가 오른 뒤 무조건 지하철 막차를 사수하게 되어 뜻하지 않게 '{택시 통금'이} 생겨 버렸다며 한탄하기도 하였다.,18
2023,통합무기작전,(統合武器作戰),,탱크ㆍ대포ㆍ전투기ㆍ보병 간에 항시적인 소통 시스템을 가동하여 수행하는 작전.,¶우크라이나는 반격을 위해 {통합 무기 작전을} 수행할 수 있는 3만 명 가량의 병사들을 투입하였다.,3
2023,퇴톡,(退←Kakao Talk),축약,‘퇴근 후에 보내는 카카오톡’을 줄여 이르는 말.,¶저녁 9시가 넘어서 보내는 상사의 {퇴톡} 때문에 너무 스트레스 받는데 어떻게 해야 합니까?,4
2023,퇴톡금지법,(退←Kakao Talk禁止法),,"직장인이 퇴근 후에 카카오톡 등을 통한 업무 연락을 받지 않을 수 있도록 연락을 금지하는 법안. SNS가 보편화됨에 따라 퇴근 이후에도 업무 지시를 받는 사례가 증가하자 논의된 법안으로, 2016년 6월 발의되었으나 2020년 5월 폐기되었다.",¶퇴근 후 카톡 등으로 업무 지시를 내리는 사례가 증가하자 ‘{퇴톡 금지법’에} 대한 논의가 다시 등장하기 시작했다.,2
2023,퇴푸,(退<영>←food),축약,"‘퇴근 후 푸드’를 줄여 이르는 말. ‘퇴근’과 음식을 의미하는 ‘푸드(food)’를 결합하여 만든 말로, 퇴근 후에 먹는 음식을 의미한다.",¶엠제트 세대는 정시 퇴근을 준비하며 ‘{퇴푸’를} 정하는 것을 하루의 소소하지만 커다란 행복으로 삼는다.,1
2023,트랜스매스큘린,(<영>transmasculine),차용,생물학적으로 여성이지만 자신의 성적 정체성을 남성이라고 여기는 사람을 이르는 말.,"¶이 책은 {트랜스매스큘린인} 주인공이 아이를 임신하고, 낳고, 그 뒤 아이의 법적 부모로 인정받기 위해 분투하는 과정을 담고 있다.",7
2023,트러소노믹스,(<영>Trussonomics),차용,영국의 78대 총리 트러스가 시행한 경제 정책. 경제의 활성화를 위하여 대규모 감세와 규제 완화를 실시했다.,¶‘{트러스노믹스’가} 결국 영국 정부의 대규모 차입과 인플레이션으로 이어져 영국 경제를 더 어렵게 만들 수도 있다는 우려가 제기되고 있다.,47
2023,트핵관,(←Trump核關),축약,‘트럼프의 핵심 관계자’를 줄여 이르는 말.,¶{트핵관인} 법무부 장관 등이 법무부와 FBI를 정치적 도구로 타락시키려 했지만 결국은 실패했다.,15
2023,티모시증후군,(Timothy症候群),,뇌의 신경 세포 칼슘 채널에 결함이 발생하여 뇌전증ㆍ심장 손상ㆍ자폐증이 나타나는 증후군.,¶인간의 뇌는 연구를 위해 쉽게 접근할 수 있는 기관이 아니기 때문에 {티모시 증후군을} 치료하기 위한 방법을 찾는 데 한계가 있었다.,17
2023,팁소름,(<영>tip소름),,서비스에 대한 감사의 의미로 종업원에게 지불하는 팁의 금액이 높게 치솟는 현상이 소름이 돋을 정도로 충격적인 상황임을 이르는 말.,¶최근 대도시를 중심으로 식당에서 종업원에게 지불하는 팁이 음식 가격의 15%에서 30%까지 높아지면서 이용자들 사이에 {팁 소름이라는} 말이 나오고 있다.,2
2023,팁피로,(<영>tip疲勞),,서비스에 대한 감사의 의미로 종업원에게 지불하는 팁의 금액이 치솟으면서 사용자의 몸이나 정신이 지쳐서 힘듦. 또는 그런 상태.,¶미국에서는 코로나 팬데믹을 거치며 지나칠 정도의 팁을 요구하는 현상으로 인해 고객들이 {팁 피로에} 시달린다는 보도가 있다.,5
2023,팁플레이션,(<영>tipflation),차용,팁으로 제공해야 하는 비용이 상승하는 현상.,¶최근 미국의 소비자들의 대다수는 치솟는 인플레이션과 {팁플레이션에} 지칠 대로 지쳐 있는 상태이다.,156
2023,펀커머스,(<영>▼fun commerce),,제품의 정보나 특징을 전달하기보다는 재미에 초점을 맞추며 재치 있는 상황을 연출하여 제품을 홍보하는 방식을 이르는 말.,¶OO의 공식 온라인 몰에서는 유명 코미디언과 손을 잡고 {펀 커머스를} 활용한 마케팅을 시작하였다.,36
2023,펀세이빙족,(<영>fun saving族),접미 파생,은행의 애플리케이션을 활용하여 예금이나 적금 따위를 게임처럼 즐기는 사람. 또는 그런 무리.,¶은행의 애플리케이션을 통해 예ㆍ적금 등의 은행 상품을 게임처럼 즐기는 ‘{펀세이빙족’이} 등장하기 시작했다.,1
2023,펨케어,(<영>▼←femine care),혼성,여성의 건강이나 몸을 관리하기 위한 상품 또는 서비스.,¶최근에 여성들이 적극적으로 건강을 돌보기 시작하면서 여성의 건강과 관련된 {펨케어가} 많은 관심을 끌고 있다.,60
2023,펫위탁소,(<영>pet委託所),,일시적으로 반려동물을 대신 맡아서 보살피며 보호하는 사회 시설.,¶각 당 대표의 공보물에는 대부분 {펫 위탁소와} 동물병원의 지속적인 확충이 공약으로 포함되어 있다.,310
2023,펫얼리케어족,(<영>▼pet early care族),접미 파생,반려동물의 건강 상태를 새끼 시절부터 꼼꼼히 관리하는 사람. 또는 그런 무리.,¶반려동물이 아주 어릴 때부터 건강을 관리하는 '{펫얼리케어족'이} 국내에 등장하기 시작했다.,14
2023,편장족,(便場族),접미 파생,"대형 마트나 시장이 아니라, 편의점에서 장을 보는 사람. 또는 그런 무리.","¶{편장족이} 늘어남에 따라, 편의점 업계에서는 채소나 과일 등의 신선식품의 판매를 강화하고 있다.",310
2023,편커,(便<영>←coffee),축약,‘편의점에서 판매하는 커피’를 줄여 이르는 말. 편의점에서 자체적으로 판매하는 커피를 이르는 말이다.,"¶편의점들이 자체 커피 브랜드의 맛 개선을 위해 총력을 기울이자, 텀블러에 ‘{편커’를} 담아 마시는 사람들도 대거 등장했다.",10
2023,편텐츠,(便<영>←contents),혼성,유튜브나 SNS 따위에 공유되는 편의점 관련 컨텐츠. ‘편의점’과 ‘콘텐츠(contents)’를 결합하여 만든 말이다.,¶최근 편의점 업계에서 자사 브랜드 에스엔에스 채널을 통하여 선보이는 '{편텐츠'가} 많은 인기를 얻고 있다.,52
2023,편픽,(便<영>pick),축약,"‘편의점 픽업(pick up) 서비스’를 줄여 이르는 말. 상품을 미리 주문한 뒤, 원하는 시간에 편의점에서 직접 물건을 수령해 갈 수 있는 서비스를 말한다.","¶편의점에서 물건을 주문한 뒤 직접 가져갈 수 있는 '{편픽'}이 출시된 후, 어마어마한 속도로 이용자가 상승하는 추세를 보이고 있다.",100
2023,평균실종,(平均失踪),,다수의 평균적인 방식보다 개개인의 취향이나 방식을 중요하게 생각하는 사회적 풍조를 이르는 말.,"¶이전에는 단체 가이드 관광을 선호했다면, 요즘은 개인 체험 중심의 자유 관광이 트렌드라는 점에서 관광업계에서도 '{평균 실종'이} 이뤄지고 있다.",310
2023,평생학습휴직제,(平生學習休息制),,직장인이 학업을 위해 일정 기간 휴직을 할 수 있도록 하는 제도. 교육부의 제5차 평생교육진흥 기본계획에서 발표되었다.,¶정부에서는 전국민의 학습 기회 향상을 위해 30살부터 59살의 연령대를 대상으로 {평생 학습 휴직제를} 도입하는 방안을 검토하기로 결정했다.,20
2023,폐교장려금,(閉校奬勵金),,대학의 구조 개혁을 위하여 한계 상황에 놓인 대학이 폐교할 때 폐교된 학교 재산의 일부를 설립자가 가질 수 있도록 정부가 지원하는 장려금.,¶정부는 학교 법인 내의 일부 대학을 폐교하는 경우에도 폐교된 학교 재산의 일부에 대해 {폐교 장려금으로} 지원하는 방안을 검토 중이다.,4
2023,포토프레스세대,(<영>▼photo press世代),,핸드폰 외에도 필름 카메라나 사진작가가 찍어 준 사진 등과 같이 다양한 방법으로 무엇이든 사진으로 남기는 것을 즐기는 세대.,"¶사진으로 개성을 표현하는 {포토 프레스 세대를} 겨냥하여 총 4개의 층을 콘셉트에 맞게 다양한 공간으로 구성하고, 다채로운 체험 공간을 마련하였다.",77
2023,폴꾸족,(←Polaroid꾸族),접미 파생,폴라로이드 사진을 꾸미는 것을 즐기는 사람. 또는 그런 무리.,¶봄을 맞아 {폴꾸족의} 눈길을 사로잡는 각종 캐릭터 포토 카드 프레임이 출시되었다.,17
2023,폴리시피싱,(▼policy phishing),,정부의 금융 지원을 사칭하여 대출이나 금융 지원을 안내하는 내용으로 수신자를 속이는 문자 메시지를 보내어 금전적 피해를 주는 사기 수법.,"¶{폴리시 피싱의} 수법은 기본적으로 보이스 피싱과 같은데, 스마트폰에 원격으로 조정할 수 있는 앱을 설치한 후 모바일 뱅킹으로 돈을 빼 가거나 전화를 걸면 끊지 못하게 유도하면서 현금을 인출하여 특정 장소에서 만나자고 하는 식이다.",1
2023,풍선갈등,(風船葛藤),,"중국의 정찰 풍선이 미국의 영공을 침범하면서 중국과 미국 사이에서 발생한 갈등. 정찰 풍선은 7일 동안 미국을 남동 방향으로 횡단하였으며 고도의 통신 장비가 있었지만, 중국은 기상 관측을 위한 비행선이라고 해명하였다.",¶미국과 중국의 고위급 인사들이 만남을 추진하면서 양측이 {풍선 갈등을} 진정시키고자 한다는 의견에 힘이 실리고 있다.,200
2023,프리소팅,(<영>presorting),차용,효율적인 운반을 위해 물류 센터에서 제품을 목적지별로 미리 분류하여 운반 차량까지 최단 경로로 분배하는 방법.,"¶{프리소팅은} 한 물류센터에서 택배 업계 최초로 실시한 화물 분류 방식으로, 빠른 상차가 가능하게 해 주었다.",50
2023,학폭세탁,(學暴洗濯),,"학교 폭력을 저지른 사람이 스스로 자퇴 한 후, 검정고시를 치르어 자신의 학생부에 학교 폭력 기록이 남지 않도록 만드는 일.",¶앞으로 검정고시를 통한 {학폭 세탁을} 원천적으로 차단하기 위해 자퇴생도 대학 입시 때 학생부에 학폭 징계 내용을 포함하여 제출하도록 한다.,30
2023,한국멸시론자,(韓國蔑視論者),,"한국의 정치나 경제, 사회 세태 따위를 부정적으로 평가하고 멸시하는 이론을 지지하거나 연구하는 사람.",¶연설 중 {한국 멸시론자의} 말을 인용한 대통령에 대한 정치권과 역사학계의 비판이 거세게 이어졌다.,57
2023,한일믹스어,(韓日<영>mix語),접미 파생,한국어와 일본어를 섞은 말. 주로 일본의 젊은층에서 사용한다.,¶한국 드라마와 케이 팝 등 한국의 콘텐츠가 일본을 휩쓸면서 일본 젊은층을 중심으로 ‘{한일믹스어’가} 확산되고 있다.,4
2023,합법파업보장법,(合法罷業保障法),,"‘노동조합 및 노동 관계 조정법 2ㆍ3조 개정에 관한 법률안’을 달리 이르는 말. 개정안은 사용자의 범위를 확대하고 노동조합에 대한 손해 배상 청구를 제한하는 것을 골자로 하는데, 이것이 합법적인 파업을 보장할 수 있다는 지지 속에서 나온 말이다.",¶여당은 이른바 ‘노란 봉투법’을 ‘{합법 파업 보장법’으로} 수정하여 개정안에 대한 잘못된 인식을 바로잡고자 하였다.,310
2023,합성가뭄지수,(合成가뭄指數),,"연평균 강우량, 연평균 유출량, 정규 식생 지수 등 다양한 변수를 활용하여 가뭄으로 인한 결과를 나타낸 지수.","¶한 연구 센터가 유럽 지역의 {합성 가뭄 지수를} 분석한 결과, 많은 국가가 토양 수분 함량이 적어 ‘경계’ 수준인 것으로 나타났다.",2
2023,해글봇,(<영>hagglebot),차용,거래 조건과 이해관계 등을 고려하여 최적의 합의안을 찾아낼 수 있는 협상법을 학습한 인공지능 장치.,¶인공지능의 발전에 힘입어 이제 국가 간의 외교 상황에서도 최적의 협상법을 학습한 AI인 {해글봇이} 핵심적인 역할을 할 수 있을 것이라는 전망이 나왔다.,1
2023,해양레저호텔,(海洋<영>leisure hotel),,사람들이 바다나 섬 따위에서 여가를 즐길 수 있게 공간을 마련하고 관련 상품을 제공하는 호텔.,¶최근 경상남도에서는 관광 활성화를 위해 {해양 레저 호텔과} 해양 박물관 등의 해양 레저 시설이 밀집한 대규모 관광지 조성 사업 계획을 발표하였다.,3
2023,햄스피,(<영>▼ham←KOSPI),혼성,명절 선물 세트의 주된 구성품인 햄을 되파는 일이 확산되어 일시적 공급 과다로 시가가 낮아지는 현상을 코스피에 비유하여 이르는 말.,¶선물받은 명절 선물을 되파는 일이 확산되며 ‘{햄스피’와} 같은 신종 지수도 등장했다.,11
2023,헬스디깅족,(<영>▼health digging族),,운동 방법이나 식단 등 건강 관리에 관련된 정보를 적극적으로 찾는 사람. 또는 그런 무리.,¶{헬스 디깅족} 사이에서는 카페인이나 당의 함량이 높은 기존 제품을 대신해 먹을 수 있는 대체 식품에 대한 관심이 높다.,310
2023,헬스닥,(<영>▼hell←KOSDAQ),혼성,코스닥 지수가 절망적인 상황인 것을 지옥에 빗대어 이르는 말. 지옥을 의미하는 영어 단어 ‘헬(hell)’과 ‘코스닥’을 결합하여 만든 말이다.,¶한때 '천스닥'으로 불리던 코스닥은 급락을 거듭하며 이제는 기어이 '{헬스닥'으로} 불리는 상황까지 내몰리고 말았다.,13
2023,헬스피,(<영>▼hell←KOSPI),혼성,코스피 지수가 절망적인 상황인 것을 지옥에 빗대어 이르는 말. 지옥을 의미하는 영어 단어 ‘헬(hell)’과 ‘코스피’를 결합하여 만든 말이다.,¶개인 투자자들은 {헬스피가} 따로 없는 상황이라며 목소리를 높였다.,9
2023,혈당다이어트,(血糖<영>diet),,"혈당 수치를 조절하여 체중을 관리하는 일. 식단이나 식습관을 개선해 혈당 수치의 급격한 상승을 막고, 인슐린 분비를 줄여 당이 지방이 되는 과정을 늦추는 원리이다.","¶{혈당 다이어트가} 인기를 끌면서, 체중 감량을 위해 식초를 구입하는 사람들이 많아졌다.",310
2023,호모아딕투스,(<영>Homo addictus),,디지털 기기나 자극적인 디지털 콘텐츠에 중독된 인간을 이르는 말.,"¶동영상 플랫폼의 사용자 맞춤형 콘텐츠는 사람들을 스마트폰에 중독되게 만들었고, 이에 인류는 {호모 아딕투스가} 되었다.",58
2023,혼뛰족,(혼뛰族),접미 파생,혼자서 달리기를 하는 것을 즐기는 사람. 또는 그런 무리.,"¶떼로 몰려다니며 달리기를 함께 즐기는 모임이 급증하고 있지만, {혼뛰족} 역시 적지 않다.",4
2023,홈마카세,(<영>home<일>←omaka[御任]se),혼성,다양한 특선 요리를 집에서 즐기는 것을 이르는 말. 집을 의미하는 ‘홈(home)’과 ‘오마카세’를 결합하여 만든 말이다.,¶OO 마트는 추석 사전 예약 기간에 오마카세 요리를 집에서 편히 즐길 수 있도록 '{홈마카세'} 선물 세트를 10만 원 미만 가격으로 선보인다고 밝혔다.,310
2023,홈마카세족,(<영>home<일>←omaka[御任]se族),접미 파생,다양한 특선 요리를 집에서 즐기는 사람. 또는 그런 무리.,¶오마카세의 인기에 힘입어 명절 선물 세트에서도 {홈마카세족을} 위한 상품들이 대거 등장하였다.,2
2023,홈핏족,(<영>home←fitness族),접미 파생,집에서 운동을 하는 것을 즐기는 사람. 또는 그런 무리.,¶‘{홈핏족’을} 겨냥하여 각종 브랜드에서 운동에 적합한 다양한 기능성 속옷이 출시되고 있다.,3
2023,휴먼트루스,(<영>human truth),,인간의 본성에 대한 탐구를 위하여 사람의 마음을 심층적으로 분석하는 조사 방법론을 이르는 말. 주로 소비자의 소비 심리를 파악하기 위해 사용하는 방법론을 뜻한다.,¶기업들은 소비자의 욕구를 파악하기 위해 ‘{휴먼 트루스’에} 대한 중요성을 강조하기 시작했다.,5
2023,히트플레이션,(<영>▼heat←inflation),혼성,폭염이 작황에 영향을 주어 국제 곡물 가격이 상승하는 현상.,"¶기록적인 폭염으로 인한 {히트플레이션의} 우려도 나오는데, 이는 가뭄으로 농산물의 작황이 악화하면서 이미 전쟁으로 폭등한 식량 가격이 더 뛸 수 있다는 의미로 해석된다.",310
2023,힙스티지,(<영>▼hip←prestige),혼성,무작정 유행을 좇지 않고 브랜드 고유의 가치와 개성을 중요시하는 것. ‘힙(Hip)’과 ‘프레스티지(Prestige)’를 결합하여 만든 말이다.,¶{힙스티지는} 유행에 편승하지 않고 브랜드 고유의 스타일과 가치를 추구한다.,66
2024,가속주의자,(加速主義者),접미 파생,기존 체제에 대한 변화나 가속화를 추구하거나 주장하는 사람.,"¶{가속주의자들은} 자본주의가 축적해 온 과학 지식을 능동적으로 활용하며, 어떤 요소를 수용하고 어떤 것은 배제할지를 스스로 판단해 또 다른 형태의 가속 방향을 모색해야 한다고 본다.",13
2024,간판템,(看板<영>←item),합성,"‘간판’과 ‘아이템(item)’을 결합하여 만든 말로, 어떤 집단이나 영역에서 대표로 내세울 만한 상품을 이르는 말.",¶겨울철 대표 {간판템인} 붕어빵이 고급스러운 이미지로 변신하고 있다.,1
2024,갈고리즘,(갈고리<영>ism),접미 파생,추천 알고리즘이 갈고리처럼 이용자를 끌어당겨 원하는 콘텐츠를 계속 소비하게 만드는 현상을 비유적으로 이르는 말. 물건을 끌어당기는 데 쓰이는 ‘갈고리’와 문제를 해결하는 단계적 방법인 ‘알고리즘(algorism)’을 결합하여 만든 말이다.,¶정책위 의장은 SNS를 통해 알고리즘이 악의적인 도구로 변질되어 극단적 팬덤을 유입시키는 {갈고리즘이} 되고 있다고 비판했다.,39
2024,감속주의자,(減速主義者),접미 파생,기술이 급진적으로 발전하는 것을 경계하고 개발 속도를 조절해야 한다고 주장하는 사람.,¶가속주의자와 반대편에 선 {감속주의자들은} 인공 지능의 부작용을 우려하며 개발의 속도를 조절해야 한다고 주장한다.,4
2024,갓무직,(<영>god務職),혼성,"신을 의미하는 ‘갓(god)’과 ‘사무직(事務職)’을 결합하여 만든 말로, 안정적이고 근무 조건이 좋은 사무직을 비유적으로 이르는 말.","¶OO자동차의 사무직은 취업 준비생들에게 {갓무직이라} 불리는데, 이는 임금, 복지 등이 최고 수준이기 때문이다.",20
2024,강서용송,(江瑞龍松),축약,"집값이 높은 강남, 서초, 용산, 송파를 아울러 이르는 말.","¶같은 서울 안에서도 목동과 {강서용송} 등 일부 지역은 최고가 경신이 이어지는 반면, 여전히 하락세인 곳도 적지 않다.",1
2024,개식용종식특별법,(개食用終熄特別法),,"식용할 목적으로 개를 사육, 유통, 도살하는 것을 금지하기 위해 2024년 2월 6일 제정된 법률. 정식 명칭은 ‘개의 식용 목적의 사육ㆍ도살 및 유통 등 종식에 관한 특별법’이다.","¶{개 식용 종식 특별법이} 시행되면 개를 식용 목적으로 사육하거나 도살, 유통, 판매하는 행위 등은 모두 금지된다.",1230
2024,건생구팽,(建生狗烹),혼성,‘김건희 특검법’ 처리 과정에서 방어 역할을 하던 일부 인물들이 이용 가치가 사라지자 공천에서 배제된 상황을 ‘토사구팽(?死狗烹)’에 빗대어 이르는 말. 차별 및 비하하는 의미가 포함되어 있으므로 사용에 주의가 필요하다.,"¶자신들의 공천 결과에 대해 스스로 극찬하던 여당의 공천이, 지금은 {건생구팽}이라는 말이 나온다.",150
2024,검수저,(檢수저),혼성,검찰 출신이라는 배경을 특권적 자산으로 가진 사람을 비유적으로 이르는 말.,"¶검찰 출신 이른바 {검수저} 인사들은 당선이 유력한 지역에 배치하면서, 장차관 출신 인사들은 험지로 내모는 것이냐는 비판이 나온다.",10
2024,계약형지역필수의사제도,(契約型地域必須醫師制度),,의과 대학 입학생 중 일정 비율을 지역 인재 전형으로 선발하는 대신 졸업 이후 일정 기간 해당 지역에서 근무하도록 하는 제도.,¶보건 복지부는 지역의 필수 의료 부족 문제를 해결하기 위해 {계약형 지역 필수 의사 제도를} 도입해 국립 대학 병원이 지역 필수 의료의 중심 역할을 수행할 수 있도록 하겠다고 발표했다.,46
2024,관계포비아,(關係<영> phobia),,사람과 관계를 맺거나 접촉하는 것 자체를 어려워하거나 두려워하는 증세.,"¶그는 “현재 대학생들은 코로나19로 인간관계 형성에 어려움을 겪었고, {관계 포비아가} 사회 문제로 떠오른 만큼, 국가와 교육 기관이 적극적으로 대응해야 한다.”라고 강조했다.",6
2024,교권미투,(敎權<영>me-too),,교사의 정당한 교육 활동이 방해받은 교권 침해 사례들을 교사들이 집단적으로 폭로하는 일. 교사의 권위나 권력을 뜻하는 ‘교권(敎權)’과 ‘나도 당했다’는 의미의 ‘미투(me too)’를 결합하여 만든 말이다.,¶교사들이 학부모들의 악성 민원과 폭력으로부터 스스로를 보호하기 위해 {교권 미투} 운동에 돌입했다.,9
2024,교권보험,(敎權保險),,"교사가 교권 침해로부터 발생할 수 있는 법적ㆍ재정적 손실을 대비하기 위해 가입하는 보험. 교육 활동 침해가 공식적으로 인정될 경우 보험금을 지급하며, 법률 비용, 벌금, 휴직 수당 등이 보장된다. 최근 교권 침해 사례 증가와 공적 보호 체계의 부족으로 인해 가입이 급증하고 있다.",¶이런 현실 속에서 교사들은 스스로를 지키기 위해 {교권 보험과} 같은 개인 보험에 가입하며 각자도생의 길을 택하고 있다.,11
2024,교자성,(交磁性),합성,"외부 자기장이 가해지면 강한 자화를 띠고, 자기장이 제거되면 자화가 사라지는 성질. 스스로 자기적 성질을 가지는 ‘강자성’과 자성이 없는 ‘반강자성’의 성질을 동시에 보이는 새로운 자성 상태를 나타낸다.","¶{교자성이} 실재한다면, 강자성과 반강자성에 기반한 기존 자성 이론을 재정립해야 하기에, 이는 물리학계에서 큰 관심을 보이고 있다.",15
2024,교자성체,(交磁性體),접미 파생,"교자성의 성질을 가지는 물체. 강자성체와 반강자성체의 중간 성질을 가지며, 강자성체처럼 스핀으로 정보를 저장할 수 있으면서 외부 자기장에는 영향을 덜 받아 초고속 스위칭이 가능한 물질이다.","¶전문가들은 강자성과 반강자성의 장점만을 지닌 {교자성체를} 활용할 경우, 기존 메모리보다 처리 속도가 수십 배 향상될 것으로 전망하고 있다.",2
2024,구독플레이션,(購讀<영>←inflation),혼성,"디지털 기반 구독형 서비스의 요금이 잇달아 인상되며 소비자가 체감하는 물가 부담이 증가하는 현상. ‘구독(購讀)’과 ‘인플레이션(inflation)’을 결합하여 만든 말로, 넷플릭스·디즈니플러스 등의 오티티(OTT), 유튜브 프리미엄과 같은 스트리밍 서비스, 쿠팡·마켓컬리 등 배달 플랫폼 등의 다양한 구독형 디지털 상품의 비용이 누적되면서 발생하는 소비자의 지출 증가 현상을 나타내는 말이다.","¶작년 말부터 주요 플랫폼의 구독료가 잇따라 인상되면서, 이른바 {구독플레이션} 현상이 가속화되고 있다.",120
2024,국고만능론,(國庫萬能論),,"연금이나 복지 재정이 부족할 경우, 구체적인 제도 개혁이나 재원 확충 방안 없이 단순히 국고로 모든 부족분을 충당할 수 있다고 보는 관점이나 주장.",¶재정이 부족할 때 국가가 모든 부족분을 채울 수 있다는 {국고 만능론에} 기대는 것은 바람직하지 않다.,2
2024,국뽕경제,(國<일>←hiropon經濟),,"자국의 경제 성과나 산업 기술, 브랜드 등을 지나치게 긍정하고 우월하게 여기는 현상을 비판적으로 이르는 말.","¶{국뽕 경제에} 매몰돼 잘하고 있다는 자기 과시만 내세우면, 분노한 민심 앞에서 성과 자랑으로 일관하는 소통 실패가 일어날 것이다.",4
2024,국뽕외교,(國<일>←hiropon外交),,"자국의 실질적 이익이나 국제 정세는 고려하지 않고, 문화적 우월성이나 긍정적 이미지를 부각하는 데 치중하는 외교 방식을 비판적으로 이르는 말.",¶야당은 현 정부가 국익은 외면한 채 한미일 공조를 스스로 흔드는 {국뽕 외교를} 하고 있다며 비판했다.,6
2024,굿짐당,(굿짐-黨),합성,"대한민국의 정당 ‘국민의 힘’을 낮잡아 이르는 말. 윤석열 전 대통령이 무속 신앙인 ‘굿’에 의존한다는 의혹과, 국민에게 ‘짐’이 된다는 부정적 평가를 결합하여 풍자적으로 이르는 말이다.",¶이들은 “{굿짐당이} 반드시 대가를 치를 수 있도록 할 것입니다.”라는 댓글을 남겼다.,2
2024,권역의사인력뱅크,(圈域醫師人力<영>bank),,"특정 권력 내에서 의사 인력을 공동으로 확보 및 관리하여 효율적으로 인력을 배치할 수 있도록 마련된 제도. 의료 공백이나 지역 간 의료 격차 해소를 위해 지역 의료 기관, 공공 기관, 정부 등이 연계하여 운영한다.",¶정부는 퇴직 의사 등으로 구성된 {권역 의사 인력 뱅크를} 만들어 필수 진료과 의사 수급을 용이하게 할 계획이다.,25
2024,귀가팟,(歸家<영>←partner),축약,"‘귀가 파트너’를 줄여 이르는 말로, 같은 지역이나 거주지로 귀가하는 사람들이 안전을 위해 모여 함께 이동하는 모임. 또는 그런 사람들.",¶이웃 주민들이 함께 집으로 돌아가는 이른바 {귀가팟이} 점점 늘어나고 있다.,4
2024,규제책임관,(規制責任官),,지역 기업이나 주민이 겪는 규제 개선 과제를 선정하고 해결을 책임지는 중앙 행정 기관과 지방 자치 단체의 국ㆍ과장급 공무원.,¶{규제 책임관은} 지역 기업과 국민이 겪는 규제 문제를 해결하기 위해 핵심 개선 과제를 맡아 추진한다.,53
2024,규제책임관제,(規制責任官制,,"중앙 행정 기관과 지방 자치 단체의 국ㆍ과장급 공무원을 규제 책임관으로 지정하여, 지역 기업과 주민이 겪는 규제의 개선 과제를 책임 있게 추진하도록 한 제도.",¶중앙 및 지방에 책임관을 지정하여 규제에 대한 해소를 높이는 {규제 책임관제가} 도입된다.,15
2024,그랜파코어,(<영>grandpacore),차용,할아버지가 입을 법한 클래식하고 편안한 옷차림을 활용하여 세련된 멋을 표현한 패션 스타일.,¶{그랜파코어는} 멋스러운 할아버지 스타일을 동경하는 엠제트 세대 사이에서 떠오른 새로운 패션 트렌트이다.,70
2024,그랜파코어룩,(<영>grandpacore look),,할아버지가 입을 법한 클래식하고 편안한 옷차림을 활용하여 세련된 멋을 표현한 옷차림.,¶할아버지가 입고 다니는 듯한 옷에서 영감을 받은 {그랜파코어 룩} 스타일 상품의 판매가 늘고 있다.,45
2024,그린래시,(<영>greenlash),차용,"친환경을 상징하는 색 ‘그린(green)’과 반발을 의미하는 ‘백래시(backlash)’가 결합한 말로, 기후 위기 대응이나 친환경 정책에 반대하여 일어나는 사회적 운동. 또는 그런 현상.","¶주요 선진국에서 점점 확대되고 있는 {그린래시는} 탄소 중립 정책이 에너지의 가격을 상승시키고, 일자리 감소와 같은 부작용을 일으킨다고 주장한다.",83
2024,극험지,(極險地),접두 파생,의원으로 선출되기 극히 어려운 선거구를 비유적으로 이르는 말.,¶O 후보는 “정부의 안정적인 국가 운영 및 발전을 위해 {극험지에} 출마하기로 결심했다.”라고 밝혔다.,40
2024,김모족,(김모族),접미 파생,김장을 모르거나 김장 경험이 없는 사람. 또는 그런 무리.,"¶고물가로 인해 김장에 대한 부담감이 증가하면서, 김장 경험이 없는 {김모족이} 늘어나고 있는 추세이다.",7
2024,깔끼하다,,접미 파생,"‘깔끔하다’, ‘세련되다’, ‘멋있다’ 등의 의미로, 경상도 방언처럼 들리도록 재미를 위해 만들어낸 말. 특정한 뜻은 없으나 어감이나 느낌이 강조되는 표현이다.",¶가짜 경상도 사투리인 “깔끼”는 “피자 맛이 {깔끼하다”와} 같이 사용된다.,4
2024,나체추심,(裸體推尋),,"금융 거래나 상거래 과정에서 생긴 빚을 제대로 갚지 못하는 경우, 채무자의 얼굴 사진과 나체 사진을 합성하여 유포하겠다고 성적 수치심을 이용해 협박하는 방식으로 돈을 추심하는 일. 불법 추심 행위의 하나이다.",¶범죄자들은 피해자의 얼굴을 나체 사진과 합성한 뒤 이를 유포하겠다고 협박하는 방식의 {나체 추심도} 서슴치 않았다.,116
2024,나확행,(나確幸),축약,"‘나의 확실한 행복’이라는 뜻으로, 작지만 분명하게 느낄 수 있는 자기만의 행복을 이르는 말.",¶직장인 OOO 씨는 {나확행을} 실현하기 위한 프로그램에 참여해 자기 자신을 탐색하는 시간을 가졌다.,1
2024,낙수과,(落水科),접미 파생,"산부인과, 흉부외과, 응급 의학과 등의 필수 의료과를 낮잡아 이르는 말. 성적이나 능력 부족으로 상위 인기과의 지원 경쟁에 밀려 ‘낙수되었다’는 의미에서 비롯된 표현으로, 조롱과 자조의 의미를 담고 있다.",¶O 회장은 단순히 의과 대학 정원을 늘려 낙수 효과를 기대한다면 필수 의료 종사자에게 {낙수과} 의사라는 자괴감을 줄 것이라는 우려를 표명했다.,110
2024,남타커,(남타<영>←coffee),축약,‘남이 타준 커피’를 줄여 이르는 말.,¶역시 홈카페보단 {남타커가} 맛있어.,17
2024,내세가불,(내世가불),축약,"‘내가 세상에서 가장 불쌍하다’를 줄여 이르는 말로, 자신의 처지를 자조적으로 이르는 표현이다.",¶{내세가불} 심리에 사로잡힌 청년층들의 사회적 고립과 분노가 폭탄처럼 터져 나온다.,1
2024,냥퀴벌레,,혼성,"‘고양이’와 ‘바퀴벌레’가 결합한 말로, 길고양이를 해충처럼 멸시하며 낮잡아 이르는 말.",¶캣맘들이 돌보는 {냥퀴벌레들} 때문에 쓰레기통 주변이 지저분해졌다는 민원이 잇따르고 있다.,1
2024,네카엘스크,(←Naver←Kakao←LG←SK←KT),축약,"대형 아이티 기업 ‘네이버, 카카오, 엘지, 에스케이티, 케이티’를 아울러 이르는 말. 각 기업의 앞 글자를 따 만들어진 말로, 인공 지능 개발 경쟁 구도를 지칭할 때 주로 쓰인다.",¶국내 AI 생태계에서의 지원은 대부분 {네카엘스크} 대기업들이 주도하는 초거대 AI 및 반도체 경쟁에 편중되어 있다는 비판이 나온다.,3
2024,노가완,(勞加完),축약,‘노조 가입 완료’를 줄여 이르는 말. 사내 게시판에서 노동조합 가입 인증을 하거나 노동조합에 가입한 사람들 간 연대감을 드러내기 위해 사용하는 표현이다.,¶회사의 커뮤니티에 직원들이 게시글을 올릴 때 ‘노조 가입 완료’를 의미하는 ‘{노가완’을} 꼭 제목에 붙여 준다.,36
2024,노년돌,(老年<영>←idol),혼성,"‘노년(老年)’과 ‘아이돌(idol)’을 결합한 말로, 고령의 나이에도 불구하고 무대에서 춤과 노래를 선보이며, 젋은 세대 못지 않은 인기를 끄는 연예인을 일컫는 말.",¶그는 매년 신곡를 발표하고 팬들을 위한 콘서트를 개최하는 등 중장년의 나이에도 꾸준한 성과를 보여 주었기에 {노년돌이라} 불린다.,13
2024,노단체존,(▼<영>no團體<영>zone),,"여럿이 함께 방문하는 손님의 출입이나 이용을 금지하거나 제한하는 곳. 일반적으로 단체 손님의 출입이 잦은 음식점, 카페 따위를 말한다.",¶단체 손님을 불편해 하여 예약을 받지 않는 {노 단체 존도} 생기고 있다.,1
2024,노썸바디존,(▼<영>no somebody zone),,특정 사람 혹은 집단의 출입이나 이용을 금지하거나 제한하는 곳을 풍자적으로 이르는 말.,¶{노 썸바디 존은} 개개인의 이익과 권리의 확대임과 동시에 혐오와 배제가 공존하는 한국 사회의 현실을 보여 준다.,1
2024,노아줌마존,(▼<영>no아줌마<영>zone),,중장년 여성의 출입이나 이용을 금지하거나 제한하는 곳.,¶{노 아줌마 존은} 일부 여성 중장년층 회원들로 인해 업장이 큰 피해를 입었다는 주장에서 시작되었다.,30
2024,노타투존,(▼<영>no tattoo zone),,"목욕탕, 수영장, 헬스장 등 신체에 문신이 드러난 사람의 출입이나 이용을 금지하거나 제한하는 곳.",¶호텔이나 온천 등 피부를 드러내는 곳에서 과도한 문신을 한 고객의 이용을 금지하는 {노 타투 존} 정책을 시행하면서 논란이 되고 있다.,39
2024,노탕후루존,(▼<영>no<중>tanghulu[糖葫芦]<영>zone),,주로 위생 및 청결 문제로 탕후루를 반입하거나 섭취하는 행위를 금지하거나 제한하는 곳.,¶최근에는 일부 피시방에서 탕후루 반입을 금지하는 {노 탕후루 존까지} 등장하고 있다.,59
2024,뇌꾸,(腦꾸),축약,‘뇌 꾸미기’를 줄여 이르는 말. 공부나 독서 등을 통해 지식을 쌓는 행위를 비유적으로 이르는 표현이다.,¶최근 MZ세대 사이에서는 공부와 자기 계발을 뜻하는 뇌를 꾸민다는 의미의 ‘{뇌꾸’가} 유행하고 있다.,2
2024,뉴머니룩,(<영>new money look),,"전통적인 상류층의 절제된 패션과는 달리, 최근에 부를 얻은 계층을 연상시키는 화려하고 과시적인 옷차림.",¶패션업계에서는 명품 브랜드 로고와 화려한 패턴 등을 강조한 {뉴 머니 룩이} 신흥 부유층의 이미지를 상징한다고 설명한다,63
2024,다산난사,(多産難死),합성,"기업의 신규 상장은 활발하지만 상장 폐지가 드물어, 시장 성장이 정체된 구조를 비유적으로 이르는 말. 주로 한국 증시의 구조적 문제를 비판하는 의미로 사용한다.",¶한국 주식 시장은 상장은 활발하지만 폐지는 어려운 {다산난사(多産難死)} 구조라는 지적이 나온다.,2
2024,다차원피로도척도,(多次元疲勞度尺度),,"피로를 단일 차원에서 측정하지 않고, 신체적, 정신적, 정서적 측면 등 여러 영역으로 나누어 평가하여 종합적으로 분석하기 위해 고안된 측정 도구.","¶시험 참가자들을 대상으로 한 분석에서 {다차원 피로도 척도를} 활용한 수치가 유의미하게 개선되어, 피로를 줄이는 효과가 입증되었다고 전했다.",54
2024,대디핏,(<영>daddy fit),,아버지의 옷을 입은 것처럼 크게 입는 옷. 또는 그런 옷차림.,"¶해당 코트는 전체적으로 오버사이즈 실루엣을 강조한 {대디 핏으로,} 마치 아버지의 옷을 빌려 입은 듯한 여유로운 느낌을 준다.",5
2024,댈토,(댈←Toto),축약,"‘대리 토토’를 줄여 이르는 말로, 불법 사설 스포츠 도박에서 배팅을 대신해 주는 행위를 가리킨다. 불법성과 사기 위험이 높아 사회적으로 문제가 되는 행위이다.",¶이른바 {댈토라고} 불리는 불법 사설 토토 대리 배팅도 청소년 도박 범죄를 부추기는 요인이라고 한다.,4
2024,댕쪽이,,혼성,"강아지를 뜻하는 ‘댕댕이’와 ‘금쪽이’가 결합한 말로, 문제 행동을 보이는 반려견을 이르는 말.",¶최근 유튜브에서는 {댕쪽이들의} 문제 행동을 교정해 주는 영상이 인기를 얻고 있다.,4
2024,댕플루언서,(댕<영>←influencer),혼성,"강아지를 뜻하는 ‘댕댕이’와 ‘인플루언서(influencer)’가 결합한 말로, 반려견 중심의 활동으로 많은 대중에게 영향력을 미치는 사람.",¶시청에서는 지역 내 등록된 반려견을 대상으로 {댕플루언서를} 뽑아 활동을 지원할 예정이라고 밝혔다.,52
2024,도너견,(<영>donor犬),합성,"생식세포 연구 또는 생식 보조 기술에 활용하기 위해 난자를 채취하는 데 사용되는 개. 주로 유전자 보존, 품종 개선 등의 목적으로 활용되며, 최근에는 죽은 반려견의 복제를 위한 난자 채취에도 이용되어 윤리적 논란을 일으키고 있다.",¶복제 과정에 사용된 {도너견은} 설령 안락사를 피하더라도 입양으로 새 보호자를 만나기는 쉽지 않다.,4
2024,도장필,(塗壯<영>←film),축약,"‘도배, 장판, 필름’을 아울러 이르는 말. 인테리어 공사에서 전체 리모델링을 진행하지 않고 기본적인 시공만 하는 것을 이르는 말이다.",¶이 업체는 최근 인테리어 비용이 치솟으면서 {도장필만} 하겠다는 고객이 많아졌다고 전했다.,2
2024,도파밍,(<영>▼←dopamine farming),혼성,사람들이 흥분과 쾌락을 주는 경험을 적극적으로 찾아다니는 현상. 흥분 전달에 관여하는 신경 전달 물질인 ‘도파민’과 게임에서 아이템을 모으는 일을 뜻하는 ‘파밍’을 결합하여 만든 말이다.,¶스마트폰 과소비 국가인 대한민국에서 특히 아동과 청소년들은 {도파밍의} 위험에 고스란히 노출되어 있습니다.,330
2024,동탄룩,(東灘<영>look),,동탄 신도시에 거주하는 젊고 세련된 기혼 여성이 입을 법한 타이트한 원피스 패션을 가리키는 말. =동탄 미시 룩.,"¶최근 유행어로 자리 잡은 {동탄 룩은} 몸에 밀착되는 원피스 스타일을 가리키며, 초기에는 ‘신도시 미시룩’으로 불렸다.",7
2024,동탄미시룩,(東灘<영>missy look),,동탄 신도시에 거주하는 젊고 세련된 기혼 여성이 입을 법한 타이트한 원피스 패션을 가리키는 말. =동탄 룩.,"¶타이트한 원피스 형태의 {동탄 미시 룩은} 우아하면서도 과감한 매력을 드러내며, 쇼핑몰에서 인기를 끌고 있다.",3
2024,디토사회,(<영>ditto社會),,"고민하는 시간을 절약하기 위해, 유명인이나 유튜브 등을 따라서 의사 결정을 하는 사회.",¶내 생각이나 판단에 따라 결정을 하기보다 인플루언서들을 따라서 행동을 하는 {디토 사회로} 변하고 있다.,1
2024,디토소비,(<영>ditto消費),,"고민하는 시간을 절약하기 위해, 유명인이나 유튜브 등을 따라서 하는 소비. 자신과 라이프 스타일, 취향, 철학 등이 비슷하다고 판단한 경우 그 사람의 선택을 따라가는 경우가 많다.",¶유명인을 따라 상품을 구매하는 {디토 소비} 현상 속에서 스타들의 행동 하나하나가 시장에 큰 영향을 미치고 있다.,590
2024,디토하다,(<영>ditto하다),접미 파생,"유명인의 행동을 따라하거나, 그들이 사용하는 제품을 따라서 구매하다.",¶{디토하고} 싶게 만드는 무언가가 있다면 그것이 우상이 아니더라도 디토의 대상이 된다.,1
2024,딩콰드,(<영>DINKWAD),차용,일부러 자식을 낳지 않고 맞벌이를 하며 반려견과 함께 풍족하게 지내는 부부. 또는 그런 무리.,¶요즘은 자녀 없이 부부가 맞벌이를 하면서 반려견만 키우는 {딩콰드들이} 늘고 있다.,3
2024,러키비키,(<영>▼lucky Vicky),합성,"불리한 상황까지 긍정적으로 해석하는 태도로, 초긍정적 사고방식을 표현하는 말.","¶다 먹으려고 하면 너무 많고 덜 먹기에는 부족한데, 마침 물이 반만 남아있다니, 이게 바로 {러키비키지.}",3
2024,리퀴드폴리탄,(<영>▼liquid←metropolitan),혼성,사람과 문화의 이동 및 교류를 통해 액체처럼 유연하게 연결ㆍ변화하며 다핵적으로 발전하는 현대의 도시 형태. 또는 그러한 현상.,"¶뉴욕은 정착 인구보다 유동 인구가 많고, 사람과 문화의 이동 및 교류가 활발하여, {리퀴드폴리탄이라} 불린다.",330
2024,리파운더,(<영>refounder),차용,"초기 창업자의 업적을 넘어서는 변화를 이끌거나, 침체된 기업 경제를 재창업 수준의 혁신을 통해 다시 일으켜 세운 경영자를 이르는 말.",¶기존 창업자의 행보를 뛰어넘어 기업의 성장을 증폭시킬 {리파운더가} 기업의 중심축이다.,8
2024,말따행따,(말따行따),축약,‘말 따로 행동 따로’를 줄여 이르는 말. 말과 행동이 서로 들어맞지 않는 태도를 비난할 때 쓰는 표현이다.,¶정부는 지역시민과 한 약속을 어기고 {말따행따하며} 그들을 기만했다.,139
2024,맑눈,,축약,"‘맑은 눈’을 줄여 이르는 말로, 티없이 깨끗하고 또렷한 눈을 이르는 말.",¶남주는 특유의 그렁그렁한 {맑눈으로} 팬심을 사로잡았다.,1
2024,맛그레이드,(맛<영>←upgrade),혼성,기존의 인기 제품에 맛을 추가하거나 변형하여 다양한 버전으로 확장하는 일. ‘맛’과 ‘업그레이드(upgrade)’를 결합하여 만든 말이다.,¶너무나도 더운 날씨에 떨어진 입맛을 되찾기 위해 {맛그레이드가} 된 요리를 먹어볼 수 있는 경연대회가 금일 열린다.,43
2024,맥마카세,(麥<일>←omaka[御任]se),혼성,편의점에서 맥주를 묶음으로 다양하게 할인하는 행사를 이르는 말. ‘맥주’와 ‘오마카세’를 결합하여 만든 말이다.,¶이번 달은 맥주 애호가들을 위해 취향에 맞게 맥주를 골라 구매할 수 있는 {맥마카세} 콘셉트로 행사가 진행된다.,24
2024,맵도르핀,(맵<영>←endorphin),혼성,매운 음식을 먹었을 때 분비되는 엔도르핀으로 인해 느껴지는 즐거움을 이르는 말. ‘맵다’와 ‘엔도르핀(endorphin)’을 결합하여 만든 말이다.,"¶엠제트 세대 사이에서 매운 음식을 즐기는 경향이 강해지면서, 매운맛에서 쾌감을 느끼는 {맵도르핀에} 중독되는 사람들이 늘어나고 있다.",52
2024,맵파민,(맵<영>←dopamine),혼성,매운 음식을 먹었을 때 분비되는 도파민으로 인해 느껴지는 즐거움을 이르는 말. ‘맵다’와 ‘도파민(dopamine)’을 결합하여 만든 말이다.,¶{맵파민이} 터지는 매운 음식을 선호하는 사람들이 증가하면서 위염 환자도 늘어나고 있다.,67
2024,명언돌,(名言<영>←idol)),혼성,방송ㆍ인터뷰ㆍ누리 소통망 서비스(SNS) 등에서 감동적이거나 삶에 울림을 주는 발언을 자주 남기는 아이돌을 이르는 말. ‘명언(名言)’과 ‘아이돌(idol)’을 결합하여 만든 말이다.,¶명언 제조기로 불리는 {명언돌이} 이번에도 울림 있는 한마디로 ‘밈(meme)’을 만들어 내며 큰 화제 되었다.,1
2024,문쿵,(門쿵),합성,"현관문을 여닫을 때, 다른 집의 문과 서로 부딪혀 소리가 나는 일.",¶한 아파트에서는 현관문을 열면 맞은편 집 문과 부딪히는 이른바 {문쿵} 현상이 발생해 주민들의 불편을 낳고 있다.,2
2024,미드퀄,(<영>midquel),차용,영화나 드라마 시리즈에서 전작의 중반부 시점을 배경으로 하여 제작된 속편을 일컫는 말. 중간을 뜻하는 ‘미드(mid)’와 후속편을 뜻하는 ‘시퀄(sequel)’을 결합하여 만든 말이다.,¶이번 작품은 전작의 세계관 속 빈틈을 메우며 새로운 사건을 펼쳐내는 {미드퀄} 형식으로 선보인다.,413
2024,미식주의자,(美食主義者),접미 파생,"음식 맛에 관심이 많고, 음식을 즐기고 탐구하는 것을 삶의 중요한 가치로 삼거나 이를 주장하는 사람.",¶당신이 풍미를 좇는 {미식주의자라면} 프랑스 파리 여행은 최고의 여행이 될 것이다.,1
2024,바이브세션,(<영>vibecession),차용,"실제 경기 지표와 상관없이, 사회 전반에 불황 심리가 퍼져 체감 경기가 침체된 상태를 이르는 말. 분위기를 뜻하는 ‘바이브(vibe)’와 불황을 뜻하는 ‘리세션(recession)’이 결합한 말이다.",¶경제 지표와 국민 체감 경기 사이의 괴리가 커지면서 {바이브세션이} 벌어지고 있다는 우려의 목소리가 나오고 있다.,14
2024,바이털뽕,(<영>vital<일>←hiropon),합성,생명을 살려냈을 때 의사로서 느끼는 강렬한 보람과 쾌감을 일컫는 말. 생명 유지에 필수적인 것을 뜻하는 ‘바이털(vital)’과 마약을 속되게 이르는 말인 ‘뽕’을 결합하여 만든 말이다.,¶한때 나는 {바이털뽕에} 취해 사람들을 살리겠다는 일념으로 이 분야에 지망했다.,6
2024,박스깡,(<영>box깡),혼성,물건을 박스 단위로 대량 구매한 뒤 이를 개봉하는 영상 콘텐츠. 또는 그러한 영상 콘텐츠를 업로드하는 행위. 구독자 수와 클릭 수를 쉽게 늘려 곧바로 수익을 얻는 현상을 ‘카드깡’에 빗대어 이르는 말이다.,"¶박스 단위로 대량 구매한 후 상품을 하나씩 까보는 {박스깡이} 유행하면서, 이를 인증하는 후기가 적지 않게 나왔다.",24
2024,반려책,(伴侶冊),합성,가족처럼 가까이 두고 오랫동안 함께 읽으며 정서적 의지나 즐거움을 얻는 책을 일컫는 말.,"¶책방이 소비자들에게 소중한 순간을 선사하거나, 손님이 자신의 {반려책을} 발견하는 작은 계기가 된다면 그것만으로도 큰 기쁨일 것이다.",40
2024,방탄단식,(防彈斷食),,검찰의 소환 조사나 체포 등과 같은 사법적 압박을 피하거나 정치적 공격을 막기 위해 정치인이 단식 투쟁에 들어가는 것을 비유적으로 이르는 말.,¶검찰 수사를 피하기 위해 {방탄 단식에} 돌입했다는 주장에 대해 그는 강하게 부인했다.,1258
2024,배터리환경성계수,(<영>battery環境性係數),,"전기 자동차 배터리의 재활용 가능성, 유해성 저감, 자원 순환성 등을 종합적으로 평가하여 수치로 나타낸 값. 전기차 보조금 지원 기준으로 활용된다.","¶올해부터 {배터리 환경성 계수가} 적용되어, 전기차 폐배터리의 재활용 가치가 보조금 산정에 반영된다.",200
2024,버라이어티가격전략,(<영>variety價格戰略>,,"동일한 상품이나 서비스를 구매 시간, 장소 따위의 조건에 따라 다양한 가격으로 소비자에게 제공하는 판매 전략. 영화 조조할인, 수험생 할인, 온라인몰의 할인 이벤트 등이 여기에 포함된다.",¶O 소장은 가격 전략 역시 최저가 아니라 최적가가 있는 {버라이어티 가격 전략의} 시대가 도래했다고 설명했다.,192
2024,범용일반인공지능,(汎用一般人工知能),,인간처럼 다양한 영역의 과제에 두루 적용할 수 있는 학습ㆍ추론ㆍ적응 능력을 갖춘 인공 지능.,¶인간을 능가하는 수준으로 진화한 {범용 일반 인공 지능의} 출현은 다양한 잠재적 위험을 불러일으키고 있다.,1
2024,법맥경화,(法脈硬化),,법안 처리가 막혀 입법이 원활히 이루어지지 못하는 상황을 ‘동맥 경화’에 빗대어 이르는 말.,¶법사위 권한 남용으로 빚어진 {법맥 경화} 논란이 새 국회에선 되풀이되지 않도록 제도 개선이 필요하다.,73
2024,벚꽃개강,(벚꽃開講),,"의료 파업이나 집단 휴학 등 사회적·정치적 갈등으로 인해 3월 개강이 지연되어, 벚꽃이 피는 4월에 강의가 시작하게 된 상황을 비유적으로 이르는 말.","¶대학들은 {벚꽃 개강} 시점 전까지 사태가 정리되면, 계절 학기를 활용해 수업 일수를 채우겠다는 입장이다.",12
2024,보더리스족,(<영>borderless族),접미 파생,"국경이나 문화적 경계 의식을 크게 느끼지 않고, 해외 콘텐츠ㆍ관광 등을 자유롭게 소비하며 생활하는 사람. 또는 그런 무리.","¶이들은 국경 의식이 옅은 {보더리스족으로}, 온라인으로 접한 한국 콘텐츠를 실제 현지에서 체험하려는 욕구가 크다.",2
2024,봄자살,(봄自殺),,다른 계절에 비해 봄철 자살률이 유의미하게 증가하는 현상.,¶외부 활동이 늘어나는 봄철에 심각해지는 미세 먼지와 황사에 자주 노출되는 것은 {봄 자살의} 주요 요인 가운데 하나이다.,1
2024,북켓팅,(<영>▼←bookclub ticketing),혼성,출판사가 운영하는 유료 멤버십이나 한정 도서 구매 등에 많은 사람이 한꺼번에 몰려 치열한 경쟁을 벌이는 일을 이르는 말. ‘북 클럽(book club)’과 ‘티켓팅(ticketing)’을 결합하여 만든 말이다.,¶{북켓팅에} 번번이 실패한 독자들이 온라인을 중심으로 아쉬움을 토로하고 있다.,1
2024,분유로이드,(粉乳<영>←steroid),혼성,"어린 자녀를 둔 가장이 경제적 책임을 다하기 위해, 성과급이나 계약 체결 등에 평소 이상으로 강한 의욕과 에너지를 드러내는 모습을 약물에 빗대어 이르는 말.",¶10개월 된 딸을 둔 OOO 선수는 최근 스테로이드를 맞은 것처럼 월등한 실력을 보여주면서 {분유로이드라는} 별명을 얻었다.,1
2024,분초사회,(分秒社會),,"시간이 중요한 자원으로 인식되어, 분초 단위까지 효율성과 가성비를 따지는 특성이 두드러진 사회. 현대인의 생활 양식과 가치관을 설명하는 개념 가운데 하나이다.","¶다가오는 2024년은 {분초 사회로}, 시간의 가치가 더욱 강조되며 분과 초 단위까지 계산하는 생활 양식이 확산될 것으로 보인다.¶",732
2024,불꽃주,(불꽃株),합성,"주가가 단기간에 급등락을 반복하며 불꽃이 튀듯 화려하지만 불안정한 흐름을 보이는 주식. 주로 이차 전지, 바이오 등 투기적 수요가 집중되는 종목을 말한다.",¶{불꽃주라} 불리는 이차 전지 주식이 앞으로도 강세를 이어가며 뜨겁게 불타오를지가 투자자들의 최대 관심사로 떠오르고 있다.,3
2024,브래키톨로지,(<영>bracketology),차용,경기 결과와 승패를 분석하고 전망하는 활동을 가리키는 말. 대진표를 뜻하는 ‘브래킷(bracket)’과 학문을 뜻하는 접미사 ‘올로지(ology)’를 결합하여 만든 말이다.,¶미국 대학 스포츠 협회의 대학 농구의 우승팀을 예측하는 게임인 {브래키톨로지는} 미국 대통령들까지도 참여할 정도로 인기이다.,2
2024,브러싱캠,(<영>▼brushing←scam),혼성,온라인 쇼핑몰에서 판매 실적과 상품 후기를 조작하기 위해 실제 주문과 상관없이 무작위로 소비자에게 물건을 발송하는 행위.,¶쇼핑몰의 판매 실적을 늘리기 위해 수취인 불명의 택배를 부치는 {브러싱캠이} 늘어나고 있다.,2
2024,블랙키워드,(<영>black key word),,"검색 엔진에서 검색어 노출이 제한되는 키워드를 이르는 말. 주로 네이버 등과 같은 검색 플랫폼에서 정책적으로 차단하거나 제한하는 키워드를 의미하며, 해당 키워드를 사용할 경우 블로그의 품질 저하를 유발할 수 있다.",¶{블랙 키워드} 광고 중 가장 문제가 되는 것은 제도권 금융 회사나 유명인을 사칭해서 만든 광고이다.,1
2024,블로케트,(<영>bloquette),차용,남성용과 여성용 패션 아이템을 함께 매치하여 새로운 조화를 이루게 한 모양새. 또는 그런 옷차림. 발레와 축구 등 상반된 영역의 아이템을 결합하는 데서 시작하였다.,"¶{블로케트는} 처음 블록코어와 발레코어의 혼합에서 시작되어, 현재 남성적 이미지와 여성적 이미지의 조화를 통해 자연스럽게 어우러지고 있다.",4
2024,비둘기룩,(비둘기<영>look),,비둘기의 깃털을 연상시키는 회색 계열의 옷차림.,¶회색 상의와 회색 하의를 매치하는 일명 {비둘기 룩이} 최근 트렌드로 나타났다.,1
2024,비디오언어모델,(<영>video言語<영>model),,"영상을 자연어로 해석하거나 생성할 수 있도록 설계된 인공 지능 모델. 영상 데이터를 입력받아 텍스트로 기술하거나, 언어적 질문을 통해 영상 정보를 처리 및 이해하는 데 활용된다.",¶{비디오 언어 모델은} 영상을 텍스트로 전환해 사람과 인공 지능 간의 이해를 돕는 핵심 기술로 주목받고 있다.,5
2024,비명횡사,(非明橫死),합성,이재명 계열 인사가 아닌 사람이 공천이나 선거와 같은 과정에서 불리한 처우를 받거나 배제되는 상황을 고사성어 ‘비명횡사(非命橫死)’에 빗대어 이르는 말. 차별 및 비하하는 의미가 포함되어 있으므로 사용에 주의가 필요하다.,¶선거에 출마하는 것이 부적절한 것이 아니냐는 비판을 두고 친명횡재냐 {비명횡사냐} 하는 말이 나오고 있다.,2000
2024,비전언어모델,(<영>vision言語<영>model),,이미지나 영상 등 시각 정보를 언어와 결합하여 해석ㆍ생성할 수 있도록 설계된 인공 지능 모델. 시각 데이터를 이해하고 이를 텍스트와 연계해 처리하는 데 활용된다.,¶{비전 언어 모델은} 시각 정보를 언어로 해석해 이미지와 텍스트를 연결하고 멀티모달을 가능하게 한다.,37
2024,비전파운데이션모델,(<영>vision foundation model),,대규모 시각 데이터를 학습하여 범용적인 시각 이해 능력을 갖춘 인공 지능 모델. 다양한 이미지 분석이나 멀티모달 작업의 기반이 되는 모델을 이른다.,¶{비전 파운데이션 모델은} 범용적인 시각 이해 능력을 토대로 여러 응용 분야에서 맞춤형 모델 개발을 가능하게 한다.,19
2024,비조지민,(比曺地民),축약,"‘비례대표 선거에서는 조국혁신당에, 지역구 선거에서는 더불어민주당에 투표’를 뜻하는 말. 2024년 4월 10일에 실시된 대한민국 제22대 국회 의원 선거에서 나온 표현이다.",¶그는 진영을 넓혔으니 이제는 {비조지민} 전략만이 국민이 나아갈 수 있는 최선의 길이라고 말했다.,150
2024,비지상통신망,(非地上通信網),,"위성, 드론, 고고도 플랫폼(HAPS) 등 지상 기지국이 아닌 수단을 활용하여 통신 서비스를 제공하는 시스템.",¶{비지상 통신망은} 위성과 드론 등을 활용해 지상 인프라가 부족한 지역에서도 안정적인 연결을 제공한다.,24
2024,비추템,(非推<영>←item),합성,품질이나 가격 대비 만족도가 낮아 구입을 권하지 않는 상품을 이르는 말. 비추천을 뜻하는 ‘비추(非推)’와 ‘아이템(item)’을 결합하여 만든 말이다.,¶소비자들 사이에서 품질 대비 가격이 지나치게 높다는 이유로 해당 제품은 {비추템으로} 불리고 있다.,2
2024,비침습연속혈당진단기,(非侵襲連續血糖診斷機),,피부를 관통하거나 채혈하지 않고 물리적 신호를 이용해 실시간으로 혈당 변화를 관찰하여 환자의 질환 상태를 판단하는 데 사용하는 기계. 주로 당뇨 등의 대사성 질환을 상시 진단 및 모니터링하기 위해 활용된다.,¶연구소는 당뇨 및 혈압 예측 정확도를 최대한 높이기 위하여 {비침습 연속 혈당 진단기를} 개발할 계획이다.,5
2024,빅헬퍼,(<영>big helper),,개인의 정보를 활용하여 공익적 지원과 편의를 제공하는 존재. 또는 그러한 사회 체제.,"¶정부는 국민의 데이터를 감시가 아닌 지원에 활용하며, 빅 브라더가 아닌 진정한 {빅 헬퍼로} 자리매김하겠다는 입장을 밝혔다.",1
2024,빈대믹,(빈대<영>←pandemic),혼성,"빈대가 특정 지역이나 국가를 넘어 광범위하게 확산하여 사회적 불안과 피해를 일으키는 현상을, 감염병의 확산을 뜻하는 ‘팬데믹(pandemic)’에 빗대어 이르는 말.",¶전국적으로 빈대 확산에 대한 공포가 커지면서 {빈대믹이라는} 말까지 나오고 있습니다.,75
2024,빗무원,(←Bithumb務員),혼성,"가상 자산 거래소 ‘빗썸’에서 출석 체크나 단순 활동만으로 보상을 받는 사용자를, 별다른 노력 없이 안정적으로 수익을 얻는다는 점에서 공무원에 빗대어 이르는 말. 이러한 표현은 주로 온라인 커뮤니티에서 투자 행위보다는 보상 중심의 구조를 풍자하고 조롱하는 의미로 사용된다.","¶암호 화폐 커뮤니티에서는 매일 출석 체크만으로 혜택을 받는 정책을 두고 {빗무원이라는} 조롱과 함께, 사용자의 무분별한 참여 유도로 이어진다는 비판도 제기되고 있다.",2
2024,빗살모공,(빗살毛孔),,피부 탄력 저하로 확장된 모공이 세로로 처져 여러 모공이 연결되어 빗살 모양의 주름처럼 보이는 상태. 주로 피부 노화의 징후로 나타난다.,"¶{빗살 모공은} 피부 탄력이 떨어지며 모공이 세로 방향으로 늘어난 뒤 서로 이어져 잔주름처럼 보이는 현상으로, 노화의 초기 신호로 간주된다.",14
2024,빨벌튀,,축약,"‘빨리 벌고 이 나라를 튄다’를 줄여 이르는 말로, 한국 사회의 노동 환경과 제도적 한계 속에서 젊은 전문직 종사자들이 단기간에 소득을 올린 뒤 해외로 떠나려는 태도를 풍자적으로 이르는 말.",¶요즘 젊은 의사들 사이에서는 높은 노동 강도와 낮은 보상이 반복되면서 {빨벌튀라는} 표현이 유행하고 있다.,1
2024,빵서기관,(빵書記官),,"빵의 가격을 관리하는 담당자. 물가 체감도가 높은 빵, 우유, 스낵과자, 커피, 라면, 아이스크림, 설탕, 식용유, 밀가루 등 9개 품목을 집중 관리 대상으로 선정하고, 서기관이나 사무관급 담당자를 지정한데서 온 말이다.",¶정부가 {빵 서기관을} 지정하여 빵 가격을 잡겠다고 하였으나 널뛰는 물가를 잡기에는 역부족이라는 지적이 나오고 있다.,90
2024,뼈말라약,(뼈말라藥),합성,뼈가 드러나 보일 정도의 마른 체형이 되기 위해 사용되는 불법 다이어트 보조제.,¶미성년자를 대상으로 하여 {뼈말라약으로} 불리는 다이어트 보조제가 중고 거래 사이트에서 불법적으로 판매되고 있다.,5
2024,사탐런,(社探<영>run),,자연계 학생들이 과학 탐구 영역 대신 사회 탐구 영역을 응시하기 위해 몰리는 현상. 사회 탐구 영역보다는 과학 탐구 영역으로 수능 최저 학력 기준을 충족하는 것이 어렵다는 인식에서 비롯되었다.,¶올해 대부분 대학이 자연 계열 필수 과목을 폐지하면서 이과생의 {사탐 런} 현상도 심해질 전망입니다.,28
2024,사포당,(四抛黨),축약,‘사십 대를 포기한 정당’을 줄여 이르는 말. 40대 유권자층의 지지를 받지 못하는 정당을 이르는 말이다.,"¶이번 총선 참패의 원인을 철저하게 분석하여 {사포당의} 한계를 벗고, 세대 차원에서도 제대로 된 전략을 보여 줘야 한다.",47
2024,사회누리소통망,(社會누리疏通網),,인터넷상에서 타인들과의 인적 관계망을 구축하고 정보를 관리할 수 있도록 도와주는 서비스.,¶이번 박람회에서는 {사회 누리 소통망을} 활용한 홍보 행사를 통해 자체 제작한 소정의 기념품도 증정할 계획이다.,108
2024,삼쏘공,(三쏘공),축약,‘삼성이 쏘아 올린 공’을 줄여 이르는 말. 삼성 그룹의 미래 사업과 관련하여 상승세를 타는 주식 종목을 의미한다.,"¶투자자들이 {삼쏘공의} 수혜 업종을 찾기 시작하면서 인공 지능 및 로봇, 자율 주행 등 관련주들의 주가가 큰 폭으로 상승하였다.",2
2024,삼오더,(三오더),축약,"‘삼성 전자의 주가만 오르는 더러운 세상’을 줄여 이르는 말. 삼성 전자의 주식은 상승하지만, 코스피나 다른 주식의 상황은 좋지 않음을 의미한다.",¶외국인 투자자의 순매수가 많아지면서 삼성 전자의 주식 가격만 상승하자 주식 시장에서는 {삼오더라는} 말이 나오고 있다.,2
2024,상세오,(←Shanghai[上海]←Seoul←Oosaka[大阪]),축약,"한국, 중국, 일본이 중심이 된 동북아시아의 경제권을 가리키는 말. 3개 나라의 주요 도시인 상하이, 서울, 오사카의 영문 앞 글자를 따서 만든 말이다.","¶한ㆍ중ㆍ일 3국의 수도인 베이징, 서울, 도쿄를 잇는 베세토 노선과 같이 3국의 경제 중심지인 상하이-서울-오사카를 잇는 {상세오} 비즈니스 셔틀 노선이 국가 간 교류 활성화의 매개 역할을 담당할 것이다.",34
2024,상세오노선,(←Shanghai[上海]←Seoul←Oosaka[大阪]路線),,"동북아 일일생활권 확충을 위하여 중국 상하이와 한국 서울, 일본 오사카를 잇는 항공 노선을 이르는 말. =상세오 라인.",¶O 사장은 2025년 오사카 엑스포에 맞춰 {상세오 노선} 활성화에 심혈을 기울이고 있다.,0
2024,상세오라인,(←Shanghai[上海]←Seoul←Oosaka[大阪]<영>line),,"동북아 일일생활권 확충을 위하여 중국 상하이와 한국 서울, 일본 오사카를 잇는 항공 노선을 이르는 말. =상세오 노선.","¶한국 공항 공사는 한중일 3국의 수도인 서울-베이징-도쿄를 연결하는 기존의 베세토 라인에서 한발 더 나가, 최근 여객이 크게 늘고 있는 상하이, 서울, 오사카를 잇는 {상세오 라인} 구축에 힘을 쏟고 있다.",0
2024,상업지역총량제,(商業地域總量制),,"지역별 상업 지역의 지정 가능성을 예측하기 위하여, 2030년까지 지역별로 총량을 정하고 해당 범위 내에서 상업 지역을 지정하는 제도.",¶상대적으로 개발 속도가 더뎠던 지역에 경제적인 활력을 불어넣기 위하여 시는 {상업 지역 총량제를} 해제하는 등의 파격적인 규제 완화에 나서고 있다.,187
2024,생재수,(生再修),접두 파생,"대학 입학을 위한 정시 원서를 쓰지 않고, 바로 재수를 준비하는 일.",¶당장 올해 대입부터 대학교 입학을 위한 최종 등록을 포기하고 바로 재수에 돌입하는 수험생이 증가할 것이라는 분석이 있는 반면 수험생들이 {생재수의} 위험을 감수하기보다는 대학교에 등록한 후 반수를 택할 것이라는 분석이 엇갈렸다.,5
2024,서오남,(서五男),축약,‘서울 오피스텔에 거주하는 남자’를 줄여 이르는 말.,¶일인 가구의 급증으로 서울 오피스텔의 월세가 역대 최고 수준을 기록함에 따라 {서오남의} 월세 부담이 증가하고 있다.,188
2024,서오녀01,(서五女),축약,‘서울대 출신의 오십 대 여자’를 줄여 이르는 말.,¶이번 인사이동에서 승진 발령을 통해 보직이 변경된 O 차장과 O 원장의 공통점은 {서오녀라는} 점이다.,2
2024,서오녀02,(서<영>▼←office hotel女),축약,‘서울 오피스텔에 거주하는 여자’를 줄여 이르는 말.,¶서울 오피스텔의 월세가 급등함에 따라 과도한 월세의 부담 때문에 월급이 통장을 스쳐 지나가는 {서오녀의} 수가 증가하고 있다.,2
2024,서이초특별법,(瑞二初特別法),,"교권 보호와 교육 환경 개선을 목표로 2024년에 발의된 입법안. 교사의 본질적 업무 법제화, 정서적 아동학대 요건 구체화, 학교 민원 대응 시스템 법제화, 학생 분리 지도 법제화, 학교 폭력 근절 및 학교 폭력 예방 및 대책에 관한 법률 개정을 포함하고 있다.","¶O 대표는 아이들에게 행복한 교실을 돌려주고, 무너져 가는 공교육을 회복하기 위하여 {서이초 특별법을} 발표한다고 밝혔다.",88
2024,선금특례제,(先金特例制),,"원자력 발전소 기자재 기업의 자금난 해결을 위하여, 울진 신한울 3ㆍ4호기의 보조 기기 제작에 참여하는 업체에게 계약금의 최대 30%를 선금으로 지급하는 제도.",¶특히 담보 한도가 소진되어 시중 은행의 금융 지원 혜택을 받기 힘든 중소 기업들에게 착수금 성격의 {선금 특례제는} 가뭄에 단비와도 같은 역할을 하게 될 것으로 보인다.,7
2024,선납후검,(先納後檢),합성,‘선 납품 후 검사’를 줄여 이르는 말. 긴급 소요나 국가 재난이 발생했을 경우 군수품을 먼저 납품받고 이후에 품질 검사를 받게 하는 제도를 말한다.,¶감사원은 방탄 헬멧의 구매 과정에서 군이 {선납후검의} 요건에 해당되지 않음에도 불구하고 이를 승인하고 품질 검사의 결과까지 허위로 기록한 사실을 적발했다.,5
2024,선원구하라법,(船員具하라法),,"선원이 조업 중에 사망하여 장례를 치르는 경우, 실제로 장례를 치른 유족에게 장례비를 지급하도록 규정한 법률. 정식 명칭은 ‘선원법ㆍ어선원 및 어선 재해 보상 보험법’이다.","¶{선원 구하라법이} 통과되면 선원뿐만 아니라 모든 분야에서 어린 자녀를 버리고 도망갔다가 그 자녀의 사망 후에 갑자기 등장하여 보험금 및 합의금, 재산 등을 모두 가져가는 비인간적인 행위들이 줄어들 것이라고 기대하고 있다.",122
2024,세계뽕,(世界<일>←hiropon),합성,세계를 하나로 묶는 사회 문화적 경험을 했을 때의 감정을 과장하여 속되게 이르는 말.,¶올림픽 개막식에서 각국 선수들이 손을 잡고 입장하자 시청자들 사이에서 {세계뽕이} 차올랐다는 반응이 나왔다.,2
2024,세월호참사지원법,(歲月號慘事支援法),,2014년 4월 16일의 세월호 참사로 피해를 입은 피해자 및 그 유족을 지원할 목적으로 제정한 법률. 정식 명칭은 ‘4ㆍ16 세월호 참사 피해 구제 및 지원 등을 위한 특별법’이다.,¶{세월호 참사 지원법은} 피해자들의 트라우마 등의 치유를 위한 의료 지원이 지난 4월 15일 중단된 것을 개선하기 위한 것이다.,22
2024,세종법원법,(世宗法院法),,세종시에 지방 법원과 행정 법원을 만드는 데 필요한 내용을 담고 있는 법률. 정식 명칭은 ‘법원 설치법 개정안’이다. =세종 지법 설치법.,"¶{세종 법원법의} 경우 그 필요성은 두루 인정받았지만, 아직 통과하지 못하고 계류 중이다.",5
2024,세종지법설치법,(世宗地法設置法),,세종시에 지방 법원과 행정 법원을 만드는 데 필요한 내용을 담고 있는 법률. 정식 명칭은 ‘법원 설치법 개정안’이다. =세종 법원법.,¶{세종 지법 설치법이} 국회 본회의를 통과함으로써 세종 지방 법원의 건립을 위한 국비 확보의 당위성은 충분히 마련되었다는 분석이다.,4
2024,센극기,(<일>←chosenjin[朝鮮人]極旗),혼성,태극기를 비하하여 이르는 말. 조선인을 뜻하는 일본어 ‘조센징’과 ‘태극기’를 결합하여 만든 말이다. 차별 및 비하하는 의미가 포함되어 있으므로 사용에 주의가 필요하다.,¶경찰은 “길가에 걸린 {센극기를} 불태우고 옴.”이라는 게시물을 올린 작성자를 추적 중이다.,17
2024,소득이동통계,(所得移動統計),,"대규모 표본을 대상으로 종단 형태의 데이터베이스를 구축하여, 개인 단위에서 소득의 종적 변화를 파악하는 데 사용되는 통계. 사회 이동성 개선과 취약 계층 지원 정책을 뒷받침하기 위해 개발한 것이다.",¶통계청장은 “{소득 이동 통계를} 통해 사회 이동성 현황과 원인을 분석하고 이를 토대로 범정부 차원의 정책 과제를 발굴할 수 있도록 지원할 예정”이라고 하였다.,58
2024,소세권,(小勢圈),접미 파생,인근에 소아과가 있어 의료 환경이 좋은 주거 지역.,¶동네 소아과가 점점 줄어들면서 소아과 예약이 힘들어지자 아이를 키우는 엄마들 사이에서는 {소세권이} 중요하다는 말이 나오고 있다.,3
2024,숏챗,(<영>short chat),,짧게 편집해 올린 채팅 형식의 콘텐츠. ⇒규범 표기는 ‘쇼트 챗’이다.,"¶이전 세대가 블로그나 인터넷 커뮤니티에 글과 사진 등을 장문으로 올렸다면, 제트 세대는 {숏 챗을} 활용하여 짧고 빠르게 일상의 콘텐츠를 공유하고 있다.",1
2024,수포당,(首抛黨),축약,‘수도권을 포기한 정당’을 줄여 이르는 말. 수도권 지역 유권자층의 지지를 받지 못하는 정당을 이르는 말이다.,¶수도권 한 인사는 {수포당으로} 총선을 어떻게 이기겠다는 건지 모르겠다며 한숨을 쉬었다.,89
2024,순금챌린지,(純金<영>challenge),,매일 돈을 조금씩 아껴 일정 금액이 모일 경우 소량의 금으로 전환하는 방식의 재테크 운동. 최근 금 가격이 상승함에 따라 청년층을 중심으로 인기를 끌고 있다.,¶온라인에선 한 달간 생활비를 아껴 남긴 돈으로 1~3g 내외의 작은 크기의 금으로 바꾸는 {순금 챌린지가} 인기다.,4
2024,순살아파트,(純살<영>←apartment),,건설사가 아파트를 지을 때 공사 과정에서 철근 등 자재를 누락하여 부실 공사로 지어진 아파트.,"¶신축 아파트의 지하 주차장이 철근 누락으로 인해 붕괴되어 {순살 아파트라는} 논란이 이는 가운데, 건설 노동자들의 임금 하한선을 법으로 정해야 한다는 전문가들의 의견이 나왔다.",2000
2024,순환경제사회법,(循環經濟社會法),,"폐기물의 순환 이용을 촉진하여 자원을 효율적으로 이용하고, 순환 경제 체계 구축이 지속 가능하도록 하는 것을 목적으로 제정한 법률. 정식 명칭은 ‘순환 경제 사회 전환 촉진법’이다.","¶지난해 겨울에 제정된 {순환 경제 사회법은} 제품의 생산 및 유통, 소비 과정에서 폐기물의 발생량을 줄이고 순환 이용을 촉진하기 위한 것이다.",33
2024,슈퍼에이징시대,(<영>superaging時代),,"65세 이상의 사람들이 사회 활동에 적극적으로 참여하고 육체적, 정신적 건강을 유지하는 것을 중시하는 시대.",¶OO은 하반기 주식 전망 보고서에서는 {슈퍼에이징 시대를} 맞이하여 이들을 위한 헬스케어 관련 주식 종목을 추천하였다.,15
2024,스리가또,(←Threads<일>←arigatou),혼성,소셜 네트워크 서비스 중 하나인 ‘스레드(Threads)’에서 ‘고맙다’는 의미로 쓰는 말.,"¶이용자들 사이에서는 각종 신조어를 만드는 것이 놀이처럼 번지고 있는데, ‘{스리가또’와} ‘스하’는 인사말로 쓰이고 있다.",2
2024,스위프톨로지,(<영>Swiftology),차용,"미국의 유명한 가수인 테일러 스위프트의 팬덤, 음악 세계 및 기업가 정신 등과 관련된 현상을 분석하고 연구하는 학문.","¶스위프트 효과가 학문적인 연구 대상이 되면서, 명문대에서도 {스위프톨로지와} 관련된 강좌들을 개설하고 있다.",3
2024,스카이코럴,(<영>▼sky coral),합성,해가 질 무렵 하늘의 노을 빛깔과 같은 하얀빛을 띤 엷은 붉은색.,¶OO시는 다음 달부터 도시를 대표하는 색인 {스카이코럴도} 조명 쇼에 활용할 예정이다.,7
2024,스키코어,(<영>▼ski←normcore),혼성,"추운 날씨가 지속되면서, 스키장에서뿐만 아니라 일상생활에서도 입을 수 있는 스키웨어를 착용하는 패션 스타일.",¶정통 스키 스포츠 브랜드인 OO가 올 겨울 트렌드인 {스키코어를} 반영하여 어떤 기상 조건에서도 적응할 수 있는 새로운 컬렉션을 출시했다.,74
2024,스키코어룩,(<영>▼ski←normcore look),,"추운 날씨가 지속되면서, 스키장에서뿐만 아니라 일상생활에서도 입을 수 있는 스키웨어를 착용하는 옷차림.",¶본격적인 스키의 계절이 시작되면서 일상복과 스키복을 결합한 스타일인 {스키코어 룩이} 인기를 끌고 있다.,45
2024,스킵래깅,(<영>skiplagging),차용,"항공료를 절약하기 위해, 직항편 대신 경유편을 구매하여 최종 목적지가 아닌 경유지에서 하차하는 방식.","¶최근 미국의 대표 항공사가 항공권 판매 사이트를 고소하는 일이 발생하였는데, 이는 항공권 구매자들이 자주 이용하는 {스킵래깅을} 막기 위한 것으로, 그 결과에 이목이 집중되고 있다.",4
2024,스킵젠,(<영>▼skip←generation),축약,"바쁜 부모 세대는 건너뛰고, 조부모와 손주가 여행, 공연 관람 등을 함께 하는 세대.","¶가족의 달을 맞아, OO카드는 OO투어와 협력하여, 조부모와 손주가 함께 떠나는 {스킵젠} 투어를 진행한다고 밝혔다.",4
2024,스트림플레이션,(<영>streamflation),차용,온라인 동영상 서비스에 대한 소비자의 의존도가 높아지자 온라인 동영상 서비스의 구독 가격이 상승하는 현상.,¶온라인 동영상 서비스를 제공하는 기업들이 잇달아 구독료를 인상하면서 {스트림플레이션이} 도래했다는 평가가 나오고 있다.,708
2024,스팔로미,(←Threads<영>follow me),혼성,소셜 네트워크 서비스 중 하나인 스레드에서 친구 추가를 요청하는 말. ⇒규범 표기는 ‘스폴로미’이다.,"¶이번 이벤트는 {스팔로미의} 목표 달성률에 따라 게임에서 사용할 수 있는 게임 아이템이 지급되며, 참가자들은 추첨을 통해 다양한 선물을 받을 수 있다.",12
2024,스팔완,(←Threads<영>←follow完),축약,‘스레드 팔로우 완료’를 줄여 이르는 말. 소셜 네트워크 서비스 중 하나인 스레드에서 특정 이용자의 게시물을 지속적으로 볼 수 있도록 구독하는 것을 의미한다. ⇒규범 표기는 ‘스폴완’이다.,¶그는 지난주 집회 영상과 함께 스레드에 업로드된 집회 참여를 인증하는 글에 ‘{스팔완’으로} 답글을 달았다고 하였다.,3
2024,스패무플라주,(<영>spamouflage),차용,가짜 정보를 믿을 만한 정보처럼 만들어 온라인에 유포하는 것을 이르는 말. 광고성 온라인 게시물을 뜻하는 ‘스팸’과 위장 또는 속임수를 뜻하는 ‘카무플라주’를 결합하여 만든 말이다.,"¶사이버 공간에서는 조작된 정보를 퍼트려 선거를 방해하는 일들이 늘고 있는데, 이러한 {스패무플라주는} 온라인상에서 거짓 정보를 유포하여 유권자들의 판단을 흐리게 하고 있다.",60
2024,스페이스덴티티,(<영>▼space←identity),혼성,자신이 머무르는 공간을 통해서 드러나는 개의 정체성. 공간을 뜻하는 ‘스페이스’와 정체성을 뜻하는 ‘아이덴티티’를 결합하여 만든 말이다.,¶자신이 꾸미거나 머무는 공간을 활용하여 취향과 개성을 드러내는 {스페이스덴티티가} 최근 주목을 받게 되면서 주거 공간의 모습이 변화하고 있다.,4
2024,슬로에이징족,(<영>slow aging族),,노화를 늦추기 위하여 노화가 시작되기 전부터 건강과 외모 등을 관리하는 사람. 또는 그런 무리.,"¶국내의 뷰티 시장 규모는 급성장하고 있으며, 피부가 좋을 때부터 미리 관리하여 노화를 늦추려고 하는 {슬로 에이징족까지} 소비자층 또한 다양해지고 있다.",0
2024,슬림다이닝,(<영>▼slim dining),,"편의점, 밀키트, 배달 음식 등을 통해 빠르고 간편하게 준비한 식사.","¶60대를 포함한 전 연령층에서 반찬을 사 먹는 등 효율적인 방식을 택하는 등, 여가와 휴식 시간을 위하여 {슬림 다이닝을} 추구하고 있다.",45
2024,슬직생,(슬職生),축약,‘슬기로운 직장 생활’을 줄여 이르는 말. 직장 내에서 지혜롭고 현명하게 업무와 인간관계를 조화롭게 유지하는 생활 태도를 이른다.,¶이 책에서는 {슬직생을} 위한 업무 글쓰기의 핵심 및 보고서 작성 요령 등을 제시하고 있다.,15
2024,시간가중평균환율,(時間加重平均換率),,환율 산출 시점의 직전 10분부터 매 10초 간격으로 체결된 환율의 가격을 평균하여 산출하는 환율.,"¶다음 달부터는 환율 정보 제공이 달라지게 되는데, 현물환을 중개하는 회사는 오전 9시부터 다음날 오전 2시 사이에는 매시 정각, 오후 3시 반의 시점 환율과 {시간 가중 평균 환율을} 제공할 예정이다.",37
2024,식후탕,(食後<중>←tanghulu[糖葫芦]),혼성,밥을 먹은 직후에 탕후루를 먹는 일. 또는 그렇게 먹는 탕후루.,"¶식후에 바로 과일을 먹으면 혈당을 급격하게 올려 당뇨의 위험이 높아지게 되며, 설탕을 바른 과일의 경우 그 위험이 더욱 높아지므로 {식후탕은} 경계해야 한다.",42
2024,신바벨시대,(新Babel時代),,인공 지능 기반의 기계 번역 기술로 인해 동시 통번역이 가능한 시대.,¶{신바벨 시대가} 본격화되면 모국어만 잘 알아도 다양한 정보와 지식에 접근하는 데 어려움이 없기 때문에 외국어 학습 수요가 감소할 가능성이 크다.,8
2024,신스파이스루트,(新<영>spice route),,"미국이 구축할 예정인 인도와 중동, 유럽을 잇는 철도 및 해운 수송로. 중국의 신실크 로드 전략에 맞서기 위한 것이다.","¶육상 및 해상 실크로드와 {신스파이스 루트의} 격돌 등으로 인해 지구촌의 블록화가 가속화되고 있으며, 이렇게 급변하는 상황 속에서는 각국의 정교한 외교 전략이 요구된다.",4
2024,싱글노믹스,(<영>▼single←economics),혼성,구성원이 한 명인 가구가 증가하면서 생기는 경제적 가치.,"¶가전제품에서부터 간편식이나 세탁 서비스 등에 이르기까지 고객의 요구에 부합하면서 이윤을 창출하려는 기업들의 움직임이 분주한데, 이는 {싱글노믹스가} 의식주 전반에서 영향을 주기 시작한 것으로 해석된다.",9
2024,썩파트,(썩<영>←apartment),혼성,오래되어 낡은 아파트를 썩은 상태에 빗대어 이르는 말.,¶그는 재건축이 이루어지면 시세 차익을 얻을 수 있다는 생각으로 대출까지 받아서 {썩파트를} 구매했다고 하였다.,1
2024,안러경중,(安←Russia經中),축약,"안보는 러시아와, 경제는 중국과 협력하는 것을 이르는 말. 북한이 러시아와의 군사 협력을 강화하고, 중국과의 경제 협력을 중시하는 전략을 의미한다.","¶북한이 {안러경중에} 바탕을 두고 있지만, 자국의 이익을 위해서는 언제든 행보를 달리할 수 있을 것이라는 해석이 나오고 있다.",18
2024,안티알고리즘,(<영>anti-algorithm),합성,유튜브나 구글 등에서 작동하는 알고리즘의 지배와 통제를 거부하거나 저항하는 태도.,¶{안티알고리즘의} 경향이 점점 짙어지면서 온라인상의 행적을 추적하는 알고리즘에 반감을 느껴 웹사이트를 방문할 때 로그인을 하지 않는 사용하는 이들이 증가하고 있다.,20
2024,알리깡,(←AliExpress깡),혼성,해외 직구 전자 상거래 플랫폼인 ‘알리익스프레스(AliExpress)’에서 물건을 대량으로 구매한 뒤 이를 개봉하는 영상 콘텐츠. 또는 그러한 영상 콘텐츠를 업로드하는 행위. 구독자 수와 클릭 수를 쉽게 늘려 곧바로 수익을 얻는 현상을 ‘카드깡’에 빗대어 이르는 말이다.,¶그는 구매자들이 직접 사용해 보고 검증한 상품의 정보를 얻기 위해서 출퇴근길에 종종 {알리깡을} 챙겨 본다.,52
2024,알리지옥,(←AliExpress地獄),,저렴한 상품이 많기 때문에 한 번 쇼핑하기 시작하면 헤어 나오기 힘든 것을 지옥에 빗대어 이르는 말.,¶초저가 경쟁력과 파격적인 배송 시스템으로 인해 최근 소비자들은 {알리 지옥에} 빠졌다.,24
2024,알테무,(←AliExpress←Temu),혼성,중국의 온라인 쇼핑 업체 ‘알리익스프레스’와 ‘테무’를 아울러 이르는 말.,¶최근 업계에서는 이 커머스 업체인 {알테무의} 국내 공습으로 인해 국내 업체들의 수익성에 위기 경보가 감지된다는 반응이 나오고 있다.,22
2024,알테쉬,(←AliExpress←Temu←Shein),축약,"중국의 온라인 쇼핑 업체 ‘알리익스프레스, 테무, 쉬인’을 아울러 이르는 말. 각 기업의 앞 글자를 따 만들어진 말이다.","¶이들 업체들은 {알테쉬로} 불리며 수수료 제로 정책과 막대한 자금력을 투입한 광고로 판매자들을 확보하고 있지만, 국내 업체가 부담해야 하는 관세에서는 자유로워 역차별이라는 논란이 제기되기도 한다.",888
2024,알테쉬톡,(←AliExpress←Temu←Shein←TikTok Shop),축약,"중국의 온라인 쇼핑 업체 ‘알리익스프레스, 테무, 쉬인, 틱톡샵’을 아울러 이르는 말. 각 기업의 앞 글자를 따 만들어진 말이다.",¶중국의 이 커머스 기업들이 국내에서 가파른 성장세를 보이면서 {알테쉬톡의} 공세에 대한 우려가 커지고 있다.,10
2024,암룡적,(暗龍的),접미 파생,외모나 재주 등의 수준이 낮은. 또는 그런 것.,¶저 배우 외모에 비해 연기력은 {암룡적이라} 아쉽네.,1
2024,양자비트플랫폼,(量子<영>bit platform),,"양자 컴퓨터가 사용하는 양자 정보의 기본 단위인 큐비트가 구현되는 환경. 1나노미터 크기의 큐비트를 사용하는데, 이는 물질이 도달할 수 있는 가장 작은 크기이다.","¶양자 컴퓨터는 기존의 컴퓨터보다 성능이 월등할 것으로 기대되지만, 아직까지는 범용으로 사용될 수 있을 만큼의 안정성과 성능을 모두 확보한 {양자 비트 플랫폼은} 나오지 않았다.",5
2024,어라로브스터,(어라<영>robster),합성,놀라거나 당황할 때 내는 소리. 감탄사 ‘어라’와 ‘로브스터’를 결합하여 만든 말이다.,"¶최근 신조어들은 돔황챠, 킹받네, 꾸웨엑, 디토합니다, {어라로브스터} 등 그 의미와 출처를 정확하게 파악하기 어렵다.",0
2024,어싱족,(<영>earthing族),접미 파생,공원이나 숲에서 맨발로 걸으며 운동을 하는 사람. 또는 그런 무리.,¶점심 시간쯤 찾은 공원의 황톳길에는 맨발 걷기를 하는 {어싱족들의} 발길이 끊이지 않는다.,82
2024,언틀막,(言틀막),축약,‘언론을 틀어막다’를 줄여 이르는 말. 정부나 권력을 가진 사람이 언론의 보도를 막는 일을 이르는 말이다.,"¶정권을 비판하면 편파 언론이라는 프레임을 씌우고, 수시로 언론사와 언론인을 고발하는 등 {언틀막이} 일상화되고 있다.",20
2024,얼음과식증,(얼음過食症),,"섭식 장애의 일종으로, 스트레스나 불안, 영양 결핍 등으로 인해 얼음을 지나치게 많이 먹는 증상.","¶의사들은 얼음을 씹어 먹어야 직성이 풀리는 사람들에게 철분 결핍성 빈혈을 의심해 보라고 조언하는데, 빈혈 환자들에게는 {얼음 과식증이} 나타날 수 있기 때문이다.",3
2024,엑사전자볼트,(<영>exa電子<영>volt),합성,에너지의 단위. 1엑사전자볼트는 1전자볼트의 10의 18제곱이다. 기호는 EeV.,¶공동 연구단은 지난해 5월에 포착된 우주선 입자의 에너지가 {244엑사전자볼트로} 이론상 가능한 수치와 비교하여 5배나 큰 것으로 분석되었다고 밝혔다.,16
2024,엔시트화,(<영>←enshittification化),접미 파생,사용자에게 무료로 양질의 콘텐츠를 제공하던 온라인 플랫폼이 수익의 창출을 우선시하게 되면서 사용자의 만족도 및 서비스 품질이 하락하는 현상. =엔시티피케이션.,¶인공 지능이 소셜 미디어와 포털 등 플랫폼의 종류를 가리지 않고 '대격변'을 일으키고 있는 가운데 플랫폼 성격이 서로 비슷해지는 동질화와 콘텐츠 품질이 떨어지는 {엔시트화가} 이뤄진다는 분석이 나왔다.,6
2024,엔시티피케이션,(<영>enshittification),차용,사용자에게 무료로 양질의 콘텐츠를 제공하던 온라인 플랫폼이 수익의 창출을 우선시하게 되면서 사용자의 만족도 및 서비스 품질이 하락하는 현상. =엔시트화.,¶플랫폼 기업들이 광고 등의 수익성만을 앞세우고 콘텐츠의 품질에는 신경을 쓰지 않는 {엔시티피케이션이} 심화되고 있어 플랫폼 운영에 대한 기업들의 책임감 있는 태도가 요구된다.,8
2024,여성전략특구,(女性戰略特區),,"정당의 전략 공천 방식 중 하나로, 여성 의원 비율이 낮은 특정 선거구에서 여성들끼리 경쟁하도록 지정한 특별한 구역.",¶여성 단체들은 {여성 전략 특구를} 지정해 정치권에 여성들이 더 많이 진출할 수 있는 방안을 강구하라고 요구했다.,536
2024,역사보행공간,(歷史步行空間),,"근대 문화유산인 환구단의 정문에 설치되어 있는 철제 울타리를 철거한 후에 조성될 예정인 공간으로, 환구단부터 서울 광장과 덕수궁까지 연결되는 산책길.",¶시는 장기적으로는 환구단부터 덕수궁까지를 연결하는 {역사 보행 공간을} 조성하여 문화재와 상생하는 도시의 공간을 구현하겠다는 계획이다.,5
2024,역슈링크,(逆<영>←shrinkflation),접두 파생,제품의 크기와 용량은 늘리되 가격은 기존과 동일하게 유지하거나 낮추는 일. 슈링크플레이션으로 인해 소비자들의 여론이 악화되자 일부 업체들이 소비자들의 관심을 끌고 매출 증대 효과를 얻기 위하여 시작하였다.,¶편의점 업계가 용량은 늘리고 가격은 내리는 {역슈링크의} 상품들로 소비자 공략에 나섰다.,107
2024,역응원,(逆應援),접두 파생,원래 응원하던 팀의 상대 팀을 응원함. 또는 그런 행위.,¶우리나라 팀의 경기력이 마음에 들지 않을 경우 {역응원에} 발 벗고 나서는 팬들도 있다.,4
2024,연못뷰,(蓮못<영>view),,연못이 내다보이는 경치.,¶이 카페는 유명한 바리스타가 직접 내린 맛있는 원두커피와 {연못 뷰로} 유명하다.,2
2024,연쇄상구균독성쇼크증후군,(連鎖狀球菌毒性<영>shock症候群),,"여러 기관의 기능 상실 및 저혈압을 나타내는 다양한 증상과 징후를 특징으로 하는 독성 증후군. 화농성 연쇄 구균이라는 박테리아로 발병하는 급성 질환이며, 대다수의 사람들은 감염 사실을 인지하지 못하지만, 경우에 따라 심각한 질병이나 합병증은 물론 사망까지도 유발할 수 있다.",¶연구소는 심각한 형태의 {연쇄상 구균 독성 쇼크 증후군의} 확산은 아직까지 알려지지 않은 요인이 많기 때문에 지금은 이를 설명할 수 있는 단계가 아니라고 하였다.,488
2024,연쇄흡연,(連鎖吸煙),,잇따라 계속 담배를 피움.,"¶어제 금연 교육은 ‘한 대가 무한대가 되는 담배, {연쇄 흡연} 끊어내세요.’라는 주제로 실시되었다.",50
2024,연어핑크색,(?魚<영>pink色),,연어의 살색처럼 하얀빛을 띤 엷은 붉은색.,¶이번 패션쇼에서는 가죽을 얇게 가공해 마치 종이 신문처럼 보이는 {연어 핑크색의} 신문을 프린트하여 모델들이 액세서리처럼 가죽 신문을 들고 무대를 누볐다.,1
2024,연체지속률,(延滯持續率),,정해진 기간 안에 대출을 갚지 못하는 연체 상태가 계속되는 비율.,"¶자영업자 대출의 {연체 지속률은} 약 75%로, 이는 자영업자 4명 중 3명은 연체의 사슬을 벗어나지 못하고 있다는 것을 의미한다.",20
2024,영아피난제,(?兒避難制),,미국에서 생후 72시간 혹은 50일 이내의 영아를 정해진 피난소에 유기하는 행동에 대해 법적 책임을 면제하고 산모의 익명성을 보장하는 것을 주된 내용으로 하는 제도. 제도의 취지는 영아의 생명을 보장하고 임산부의 안전과 건강을 보호하는 것이다. =영아 피난 제도.,"¶{영아 피난제는} 아이와 산모 모두가 위험해지는 것을 막을 수 있으며, 국가가 아이를 보호하고 보육하도록 허용하는 제도이다.",18
2024,영아피난제도,(?兒避難制度),,미국에서 생후 72시간 혹은 50일 이내의 영아를 정해진 피난소에 유기하는 행동에 대해 법적 책임을 면제하고 산모의 익명성을 보장하는 것을 주된 내용으로 하는 제도. 제도의 취지는 영아의 생명을 보장하고 임산부의 안전과 건강을 보호하는 것이다. =영아 피난제.,"¶미국은 {영아 피난 제도를} 시행하여, 임신부와 신생아의 안전과 생명을 보호하고 있다.",2
2024,영탐탐,(英探探),축약,"‘영어’와 ‘사회 탐구 영역’, ‘과학 탐구 영역’을 줄여 이르는 말. 대학 수학 능력 시험의 주요 5과목 중 국어와 수학을 제외한 3과목을 의미한다.",¶전반적인 수능 최저 학력 기준도 완화되어 인문 계열은 상대적으로 등급의 확보가 쉬운 {영탐탐의} 조합으로도 최저 기준의 충족이 가능해졌다.,2
2024,영프스이,(英←France←Suisse←Italia),축약,"유럽의 여행지로 인기를 끌고 있는 서유럽 4개국을 이르는 말. 영국, 프랑스, 스위스, 이탈리아의 앞 글자를 따서 만든 말이다.","¶{영프스이} 15일 상품은 서유럽 핵심 도시인 런던, 파리, 인터라켄, 베네치아 등을 인솔자와 함께 여행하는 것으로 고객 만족도가 매우 높다.",1
2024,예산탄핵,(豫算彈劾),,정부의 예산안에 대해 대규모의 수정을 요구한 것을 두고 자격을 빼앗거나 처벌하는 것에 빗대어 이르는 말.,¶얼마 전 주요한 정부의 사업 예산이 삭감된 것을 두고 국정을 방해하는 것을 넘어 {예산 탄핵이라는} 지적이 제기되었다.,9
2024,예술활동준비금,(藝術活動準備金),,예술인이 안정적으로 창작 활동을 할 수 있도록 정부에서 지원하여 주는 자금. ‘창작 준비금’에서 명칭이 변경되었다.,"¶정부는 올해 예술인을 위한 복지 예산을 편성하여 예술인에게 {예술 활동 준비금을} 지원하고 자녀 돌봄, 사회 보험 가입 등을 위한 다양한 복지 사업을 운영할 계획이다.",325
2024,예스족,(<영>YES族),접미 파생,"외국인 이민자 중에서 젊고, 교육을 받았으며, 숙련된 기술을 가진 사람. 또는 그런 무리.",¶한국에서 일한 경험이 없더라도 {예스족이라면} 수용해야 한다는 주장이 제기된 가운데 숙련된 외국인 기능 인력에 대한 비자 제도의 개선이 필요하다는 의견이 제시되었다.,1
2024,예타완박법,(豫妥完剝法),합성,예비 타당성 조사 제도를 무력화하는 법안. 예비 타당성 조사를 면제하는 내용이 담겨 있는 법안이다.,¶의원들은 이날 회의 직후 기자 회견을 열어 이번 개정안은 {예타완박법이자} 지역을 차별하는 법안이라고 주장하였다.,12
2024,오물풍선,(汚物風船),,분변으로 추정되는 오물을 넣은 풍선. 남한 단체들이 대북 전단을 살포한 것에 대응한다는 명분으로 북한이 남쪽을 향해 살포하였다.,"¶북한의 풍선은 민가 지역은 물론 도로에서도 발견되었는데, {오물 풍선으로} 인해 주택이나 차량 등이 파손되기도 하였다.",2000
2024,오송지하차도참사,(五松地下道慘事),,2023년 7월 15일에 충청북도 청주시 오송읍의 궁평 2지하 차도가 집중 호우로 침수되면서 14명이 희생된 참사. =오송 참사.,¶임시 제방 둑이 무너지는 위험 신호가 있었는데도 불구하고 빠른 조치가 이루어지지 않은 것이 {오송 지하도 참사가} 발생하게 된 원인이라는 지적이 나왔다.,2000
2024,오송참사,(五松慘事),,2023년 7월 15일에 충청북도 청주시 오송읍의 궁평 2지하 차도가 집중 호우로 침수되면서 14명이 희생된 참사. =오송 지하도 참사.,¶이번 {오송 참사는} 차량이 침수될 때까지 차량 통제가 실시되지 않은 점 등이 참사의 원인으로 밝혀지면서 인재라는 주장이 제기되고 있다.,2000
2024,오피스코어룩,(<영>▼office core look),,전형적인 직장인의 모습을 연상시키는 단정한 스타일의 옷차림.,"¶{오피스코어 룩은} 슬림 핏 스타일의 셔츠, 무릎 정도 길이의 스커트, 심플한 디자인의 신발과 가방 등으로 연출할 수 있다.",170
2024,온디바이스폰,(<영>on device phone),,기기 내부에서 자체적으로 인공 지능의 기능을 수행할 수 있도록 한 휴대 전화.,¶내년 신제품은 기기의 내부에서 인공 지능의 기능을 수행하는 {온 디바이스 폰이기} 때문에 대용량의 데이터를 실시간으로 처리할 수 있는 램의 중요성이 더욱 강조되고 있다.,8
2024,온세뉴,(온世←NewJeans),축약,‘온 세상이 뉴진스’를 줄여 이르는 말. 아이돌 그룹인 뉴진스가 국내뿐만 아니라 해외에서도 인기를 얻게 되면서 생겨난 말이다.,¶연초부터 국내외 유명한 시상식에서 수상을 이어가며 작년에 이어 올해 상반기에도 {온세뉴가} 계속되고 있다.,13
2024,온센서에이아이,(<영>on sensor AI),,"센서 장치 자체에 인공 지능(AI) 연산 기능을 내장하여, 센서가 수집한 데이터를 외부 장치나 클라우드로 보내기 전에 내부에서 실시간으로 분석 및 처리하는 기술.","¶{온 센서 에이아이는} 센서에 에이아이 알고리즘이 추가되어 무거운 데이터 처리가 자체적으로 가능하며, 서버와 연결되지 않고도 기기에서 에이아이 연산과 학습을 할 수 있게 된다.",0
2024,온천지도사,(溫泉指導士),,온천에 대한 전문 지식을 바탕으로 개인에게 적합한 입욕법을 지도하고 교육하는 사람.,"¶OO시는 객관적인 데이터를 바탕으로 온천 치유 프로그램을 개발하며, 입욕법 안내를 위한 {온천 지도사도} 양성하기로 하였다.",33
2024,올콘족,(<영>all←concert族),접미 파생,좋아하는 가수의 모든 콘서트에 관람하러 가는 사람. 또는 그런 무리.,¶그는 아내가 열광적인 {올콘족이어서} 미국에 콘서트를 보러 가 버리는 바람에 이번 여름휴가를 아들과 둘이서 보냈다고 하였다.,1
2024,옴니유즈,(<영>omni use),,여러 용도나 분야에서 많이 활용되고 널리 쓰일 수 있는 특성을 이르는 말.,¶식품업계가 하나의 제품으로 다양한 메뉴에서 활용할 수 있는 {옴니 유즈를} 앞세워 소비자의 취향을 저격하고 있다.,8
2024,완전전자주주총회,(完全電子株主總會),,주식회사의 주주 총회가 필요한 경우 모든 주주들이 온라인으로 참석하는 주주 총회.,¶{완전 전자 주주 총회는} 온라인으로 이루어지기 때문에 더 많은 주주들이 쉽게 참여할 수 있으나 주주와 경영진 사이에 대면 소통이 사라질 수 있다는 우려도 있다.,83
2024,외국환평형관리기금,(外國換平衡管理基金),,정부가 환율 관리와 외환 시장의 안정을 목적으로 보유하거나 운용하는 기금.,¶정부는 올해 국세 수입이 부족할 것으로 예상되자 {외국환 평형 관리 기금} 및 세계 잉여금과 같은 여유 재원의 활용을 통해 재정을 집행할 예정이라고 하였다.,6
2024,외식테크,(外食<영>tech),,"무인 주문 및 결제 시스템, 서빙 로봇, 조리 로봇 등과 같이 외식업과 관련된 기술을 통틀어 이르는 말.","¶조리 로봇과 서빙 로봇, 무인 주문 및 결제 시스템 등 {외식테크가} 급성장하면서 사람이 설 자리를 로봇이 대신하고 있다.",76
2024,용산로펌,(龍山<영>law firm),,법률 수석실을 신설하는 것을 두고 대통령과 관련된 특검을 준비하는 법률 회사에 빗대어 이는 말.,"¶그는 민정 수석실의 부활에 대한 논평에서 중앙 집권적인 대통령제를 강화하기 위해 활용될 것이며, 대통령 개인을 위한 {용산 로펌이} 될 것이라고 비판하였다.",11
2024,우유관리관,(牛乳管理官),,"우유의 가격을 관리하는 담당자. 물가 체감도가 높은 빵, 우유, 스낵과자, 커피, 라면, 아이스크림, 설탕, 식용유, 밀가루 등 9개 품목을 집중 관리 대상으로 선정하고, 서기관이나 사무관급 담당자를 지정한데서 온 말이다. =우유 서기관.",¶정부는 먹거리 물가가 상승하자 고물가 대책을 최우선에 두고 {우유 관리관을} 임명하여 집중 관리에 나서겠다고 하였다.,5
2024,우유사무관,(牛乳事務官),,우유의 가격을 관리하는 사무관급 담당자. 물가를 관리하는 담당자를 지정하여 물가를 집중 관리하는 제도의 일환으로 생겨난 직책이다.,"¶일각에서는 우유에 사용되는 원유 가격은 생산비 등에 비례하여 매년 오르는 것인데, 근본적인 구조의 개선 없이 {우유 사무관을} 지정하는 것으로 물가 안정화를 기대하기는 힘들다는 지적이 나온다.",30
2024,우유서기관,(牛乳書記官),,"우유의 가격을 관리하는 담당자. 물가 체감도가 높은 빵, 우유, 스낵과자, 커피, 라면, 아이스크림, 설탕, 식용유, 밀가루 등 9개 품목을 집중 관리 대상으로 선정하고, 서기관이나 사무관급 담당자를 지정한데서 온 말이다. =우유 관리관.",¶최근 정부가 품목별 물가 관리에 나서면서 {우유 서기관이} 부활한 가운데 정부가 가격 형성에 지나치게 개입한다는 지적이 잇따르고 있다.,15
2024,워크넥트,(<영>▼work←connect),혼성,업무를 기반으로 소통하고 교류하면서 기관이나 개인 등이 형성하는 네트워크.,"¶다양한 행사들뿐만 아니라, 소규모 신생 기업 관계자들이 하루 동안 한곳에 모여 함께 일하며 네트워킹을 하는 {워크넥트도} 진행되었다.",54
2024,워터밤룩,(▼Waterbomb<영>look),,"여름철 물총 놀이가 포함된 음악 축제인 ‘워터밤’에 참가할 때 입는 옷차림. 주로 물에 젖어도 가볍고 편한 기능성 의류나, 노출을 통해 관능적인 매력을 강조하는 의류를 가리킨다.",¶그녀는 고심 끝에 은은하게 비치는 시스루 니트와 짧은 데님 팬츠를 매치한 {워터밤 룩으로} 무대에 섰다.,18
2024,원격사격무기통제체계,(遠隔射擊武器統制體系),,"사수가 원격으로 조작하고 통제하는 사격 장치. 또는 그러한 체계. 전차, 장갑차, 전술 차량 등의 외부에 기관총이나 유탄 발사기 등을 장착하고, 이를 사수가 전투 위험으로부터 보호된 상태에서 원격으로 운용한다.","¶이 장치는 전파를 이용해 드론의 공격을 교란하고, 사수가 안전한 상태에서 {원격 사격 무기 통제 체계를} 조종해 직접 격추하는 방식으로 방어 효과를 높였다.",78
2024,원영적사고,(員瑛的思考),,어렵거나 힘든 상황을 긍정적으로 해석하고 받아들이는 사고방식. 케이팝 걸 그룹 아이브(IVE)의 멤버 장원영이 여행 중 자신이 사려던 빵이 사기 직전에 품절된 상황을 오히려 ‘갓 구운 빵을 받을 수 있게 되었다’는 행운으로 받아들인 일화에서 비롯된 표현이다.,"¶공연 준비 마지막 날 소품이 망가졌지만, 아이브(IVE) 멤버들은 “차라리 지금 부러져서 다행이다.”라며 {원영적 사고로} 돌발 상황을 웃어넘겼다.",416
2024,원형알엔에이,(圓形<영>RNA),,"일반적인 아르엔에이(RNA)와 달리, 끝이 맞닿아 원형 모양으로 이어진 아르엔에이(RNA). ⇒규범 표기는 ‘원형 아르엔에이’이다.","¶연구 팀은 “안정성이 높은 {원형 알엔에이(RNA)의} 합성 과정을 규명했으며, 이를 활용해 부작용이 적고 효율적인 백신 개발이 가능할 것”이라고 밝혔다.",2
2024,월천 도사,(月千道士),,월 소득이 천만 원이 넘는 사람을 도사에 빗대어 이르는 말.,"¶전공의 과정을 거치지 않아도, 소송 위험이 적고 수요가 많은 미용 시술을 익혀 개원하면 곧장 {월천 도사가} 될 수 있다.",2
2024,웨장센,(←Wes Anderson<프>←mise-en-scene),혼성,영화감독 ‘웨스 앤더슨’만의 특징적인 화면 구조와 색채 등을 이르는 말. ‘웨스 앤더슨’과 ‘미장센’을 결합한 말이다.,"¶영화 ‘그랜드 부다페스트 호텔’은 화면 전체를 가득 채우는 대칭적 구도와 파스텔톤 색감, 그리고 세밀하게 배치된 소품까지 어우러져 대표적인 {웨장센} 사례로 꼽힌다.",2
2024,웹시집,(<영>web詩集),,"인터넷 웹사이트를 통해 제공되는 디지털 형식의 시집. 텍스트를 중심으로 하되, 사진, 동영상 등이 함께 제시되기도 하며, 웹 페이지를 넘기는 방식으로 읽기가 진행된다는 점에서 기존의 종이 시집과 다른 독서 경험을 제공한다.","¶작가는 {웹 시집을} 무료로 공개하고, 독자들의 반응에 맞추어 텍스트와 이미지를 수정하거나 추가할 수 있게 했다.",4
2024,위기임신보호출산법,(危機妊娠保護出産法),,경제적ㆍ심리적ㆍ신체적 사유 등으로 인해 출산 및 양육에 어려움을 겪고 있는 임산부가 자녀를 안전하게 출산하고 돌볼 수 있도록 지원하기 위해 제정된 법률. 정식 명칭은 ‘위기 임신 및 보호 출산 지원과 아동 보호에 관한 특별법’이다.,"¶정부는 출생 신고가 되지 않는 아동의 수를 줄이고, 위기에 처한 임산부와 아동을 보호하기 위해 {위기 임신 보호 출산법을} 제정했다.",52
2024,유금무죄무금유죄,(有金無罪無金有罪),,"국회 의원은 죄를 지어도 벌을 받지 않고, 국회 의원이 아닌 사람은 벌을 받는다는 뜻으로 법이 모든 사람에게 공평하게 적용되지 않는 상황을 이르는 말. 여기서 ‘금(金)’은 국회 의원임을 표시하는 ‘금배지(金badge)’를 가리킨다.","¶한 시민 단체는 국회 의원의 특권에 문제를 제기하며, “{유금무죄 무금유죄의} 관행을 반드시 청산해야 한다.”라고 목소리를 높였다.",0
2024,유럽녹색꽃게,(Europe綠色꽃게),,"유럽 해역이 원산지이며 등딱지가 녹색을 띠는 꽃게의 한 종류. 조개류와 갑각류를 대량으로 포식하는 등 어업과 양식업에 큰 피해를 주며, 이 때문에 국제 자연 보전 연맹의 ‘세계 100대 악성 외래 침입종’ 중 하나로 지정되었다. 학명은 ‘Carcinus maenas’이다.",¶미국의 지역 환경 연구 기관은 {유럽 녹색 꽃게의} 개체 수 급증은 어업 자원 고갈과 해양 생태계 교란이 주된 원인이라고 보고하였다.,10
2024,유스앱,(<영>▼youth app),,청소년을 주요 대상으로 하여 맞춤형 서비스와 콘텐츠를 제공하는 애플리케이션.,"¶최근 중고등학생들은 첫 금융 거래를 오프라인 지점이 아닌 온라인 앱에서 시작하는 경우가 늘고 있으며, 은행들은 이를 겨냥해 청소년 맞춤형 서비스를 제공하는 {유스 앱을} 경쟁적으로 출시하고 있다.",90
2024,유키즈존,(有<영>kids zone),,"영유아나 어린이의 출입을 허용하는 곳. ‘노 키즈 존’의 반대 개념으로, 어린아이를 동반한 고객들의 출입을 허용하는 음식점, 카페 따위를 말한다.",¶OO시는 저출산 문제를 해결하기 위해 지역 내 {유 키즈 존을} 확대해 외출 시 부모와 아이가 함께할 수 있는 공간을 더 많이 제공하기 위해 노력하고 있다.,29
2024,육아몰입기간,(育兒沒入其間),,"근로자가 자녀 양육에 전념할 수 있도록 제도적으로 보장된 기간. 또는 그러한 제도. ‘육아 휴직’ 대신, 자녀 양육의 가치를 강조하는 취지에서 사용되는 표현이다.","¶기업들은 일과 가정의 양립을 위해 {육아 몰입 기간을} 보장하는 한편, 출산 전후 휴가, 출산 장려금 등 다양한 제도를 함께 운영하고 있다.",2
2024,육아이행률,(育兒履行率),,근로자가 법이나 정책상 보장된 육아 지원 제도를 실제로 사용한 비율.,"¶육아·돌봄 근무제의 활성화를 위해 {육아 이행률을} 부서장 평가 항목에 추가하고, 업무 대행 직원에 대해서는 인사 혜택을 주기로 하였다.",1
2024,육아친화주택,(育兒親和住宅),,"어린이집, 놀이터 등 육아에 필요한 시설을 갖춘 주택 단지.","¶신혼 부부를 대상으로 한 설문 결과, 많은 부부가 주거비 지원과 함께 {육아 친화 주택의} 조성을 가장 필요한 정책으로 응답했다.",3
2024,을평성대,(乙平聖大),축약,"‘을지 대학교, 평택 대학교, 성공회 대학교, 대진 대학교’를 아울러 이르는 말. 각 학교명의 첫 글자를 조합해 만든 말이다.",¶최근 공개된 입시 기관의 분석 자료에 따르면 ‘{을평성대’라고} 불리는 대학군의 합격선이 전년도보다 소폭 상승한 것으로 나타났다.,1
2024,의노예,(醫奴隷),혼성,"장시간의 외래 진료와 수술, 야간이나 휴일 당직 근무 등 과중한 업무에 어려움을 겪는 의사를 비유적으로 이르는 말. ‘의사’와 ‘노예’를 결합해 만든 말이다. 차별 및 비하하는 의미가 포함되어 있으므로 사용에 주의가 필요하다.",¶전공의들은 외래 진료와 수술에 더해 야간 당직까지 이어지는 일정 속에서 스스로를 {의노예라고} 표현하기도 한다.,2
2024,의마스,(醫←Hamas),혼성,"‘의사’와 팔레스타인 무장 단체 ‘하마스’를 결합해 만든 말로, 의사를 비하하여 이르는 말. 정부의 의대 정원 확대 정책 등에 반대해 집단 진료 거부나 사직, 응급 의료 중단 등의 강경한 집단 행동을 벌이는 일부 의사들을 하마스에 빗대어 비판적으로 이르는 말이다. 차별 및 비하하는 의미가 포함되어 있으므로 사용에 주의가 필요하다.",¶일부 온라인 커뮤니티에서는 집단 행동에 참여한 의사들을 ‘{의마스’라고} 부르며 비판했다.,43
2024,의전노동,(儀典勞動),,"명사(名士)나 귀빈, 조직 내 상급자 등을 예우하거나 대외적 격식을 갖추는 과정에서 생기는 노동. 주 업무와 직접적인 관련이 없음에도 불구하고 관행이나 체면을 중시하는 조직 문화 속에서 요구되는 부가적 노동을 비판적으로 이르는 말이다.","¶공직 사회나 민간 기업 모두 불필요한 허례허식을 줄여야 한다고 하면서도, 직장인들은 여전히 업무와 무관한 {의전 노동에} 시달리고 있다.",4
2024,의주빈,(醫周彬),혼성,"‘의사’와 성범죄자 ‘조주빈’을 결합하여 만든 말로, 의사를 비하하여 이르는 말. 차별 및 비하하는 의미가 포함되어 있으므로 사용에 주의가 필요하다.","¶의사가 환자를 인질로 삼아 정부와 투쟁을 벌인다고 생각하고 있는 사람들은, 의사들을 ‘{의주빈’이나} ‘의마스’라고 욕하기를 주저하지 않는다.",53
2024,의준생,(醫準生),축약,‘의과 대학 입학 준비생’을 줄여 이르는 말.,¶지방 의과 대학의 정원 확대 소식이 전해지자 {의준생을} 둔 학부모들의 상담 문의가 학원가를 중심으로 크게 늘고 있다.,2
2024,의한민국,(醫韓民國),혼성,의사가 되는 것을 다른 진로보다 압도적으로 중시하는 대한민국의 사회적 풍조를 비판적으로 이르는 말.,"¶과거에는 이공계를 선택하는 수재들이 많았지만, 이제는 모두 의과 대학만 지원해 {의한민국이라는} 말까지 나온다.",4
2024,이머니토큰,(<영>e-money token),,기존 화폐의 가치를 디지털 형태로 전환한 가상 자산의 한 종류.,¶최근 금융 시장에서는 {이 머니 토큰을} 새로운 결제 수단으로 도입하고자 하는 시도가 이어지고 있다.,103
2024,이분도체육,(二分屠體肉),,"돼지를 도축한 뒤 머리ㆍ내장ㆍ꼬리 등을 제거하고, 부위별로 세분화하지 않은 채 몸통을 크게 두 덩어리로 절단한 고기.",¶{이분 도체육의} 반입 문제는 축산업계의 경제적 이해와 방역 우려가 얽힌 민감한 사안으로 떠올랐다.,49
2024,이음연령,(이음年齡),,"영아 교육과 유아 교육 또는 유아 교육과 초등 교육 간의 연계 강화를 위해 정책적으로 지정한 연령. 주로 만 2세 영아들은 놀이 중심 교육 확대를 통해 누리 과정과의 연계성을 강화하고, 만 5세 유아들은 초기 문해력과 기초 학습 역량을 집중적으로 지원하기 위해 설정되었다.","¶교육청 관계자는 “이번 사업을 통해 {이음 연령인} 만 5세 유아들이 책과 친해지고, 문해력과 기초 학습 역량을 기를 수 있을 것으로 기대한다.""고 밝혔다.",35
2024,이채양명주,(梨蔡楊名株),축약,"‘이태원 참사, 채 상병 사망 사건, 양평 서울 간 고속 도로 노선 변경 의혹, 명품 가방 수수 의혹, 주가 조작 의혹’을 아울러 이르는 말. 특정 시기의 정치·사회적 담론에서 반복적으로 언급된 여러 사건을 한데 묶어 지칭하는 표현이다.",¶시사 토론에서는 이른바 {이채양명주를} 둘러싼 의혹 제기와 반박이 치열하게 오갔다.,793
2024,이형두릅,(二形두릅),,두릅의 개량 품종 중 하나. 일 년 중 봄과 여름에 두 번 수확할 수 있는 것이 특징이다.,¶농가들은 {이형 두릅을} 재배해 출하량을 늘리며 더 큰 경제적 이득을 얻고 있다.,14
2024,익티오티탄세베르넨시스,(<영>ichthyotitan severnensis),,"중생대 트라이아스기 말기에 생존하였던 것으로 추정되는 거대 해양 파충류. 몸의 길이는 약 22~26미터로 추정되며, 지금까지 알려진 해양 파충류 가운데 가장 큰 종류로 평가된다.",¶영국 서머싯에서 발견된 턱뼈 화석은 ‘{익티오티탄 세베르넨시스’라는} 새로운 어룡 종으로 학계에 보고되었다.,1
2024,인류뽕,(人類<일>←hiropon),합성,인류애나 세계적 연대 의식 등을 느꼈을 때의 감정을 과장하여 속되게 이르는 말.,¶지구촌 공동 기부 캠페인이 성공적으로 마무리되자 {인류뽕이라는} 단어가 누리 소통망 서비스(SNS)에서 화제가 되었다.,2
2024,인솔밴드,(引率<영어>band),,여러 사람을 이끌고 갈 때 사용하는 밴드. 주로 어린이집이나 유치원에서 아이들을 안전하게 인솔하기 위해 사용한다.,¶교사는 아이들이 {인솔 밴드를} 단단히 잡고 있는지 확인하며 이동했다.,1
2024,인스타그래니,(<영>instagranny),차용,‘인스타그램’을 사용하는 할머니를 이르는 말. 누리 소통망 서비스(SNS)인 ‘인스타그램(Instagram)’과 할머니를 뜻하는 영어 단어 ‘그래니(granny)’를 결합하여 만든 말이다.,¶패션과 뷰티 분야에서 활발히 활동하는 {인스타그래니들은} 젊은 세대 못지 않은 영향력을 발휘하고 있다.,2
2024,인용답글,(引用答글),,특정 대댓글을 지정하여 응답한 글.,¶일부 이용자는 {인용 답글이} 댓글 작성자 간 갈등을 증폭시킬 수도 있다고 지적했다.,80
2024,인증쇼츠,(認證shorts),,어떤 일이나 경험이 사실임을 증명하기 위해서 만든 짧은 영상.,¶그는 콘서트에 다녀온 뒤 현장 분위기를 담은 {인증 쇼츠를} 누리 소통망 서비스(SNS)에 올렸다.,2
2024,인태대화,(印太對話),,"‘인도ㆍ태평양 대화’를 줄여 이르는 말. 인도ㆍ태평양 지역의 정세와 안보, 협력 과제 등을 논의하기 위해 양자 또는 다자 간 이루어지는 대화 협의체이다.",¶한국과 독일은 역내 평화와 안정을 위한 협력 방안을 논의하기 위해 첫 한독 {인태 대화를} 개최했다.,115
2024,임차인등록제,(賃借人登錄制),,"임차인이 임대차 계약의 내용을 공적 시스템에 직접 등록하는 제도. 임대차 시장의 투명성을 확보하고, 전세 사기 등으로부터 임차인을 보호하기 위한 방안으로 제안되었다.",¶야당은 기존의 임대차법을 유지하면서 {임차인 등록제를} 새로 도입해 전세 사기를 방지하겠다는 입장을 밝혔다.,56
2024,자랑질그램,(자랑질←Instagram),혼성,"외모나 재력, 생활 방식 등을 자랑하기 위한 누리 소통망 서비스(SNS). 또는 그러한 게시물.",¶한 연예인은 자신의 계정을 {자랑질그램이} 아니라 평범한 일상 공유의 공간으로 만들고 싶다고 말했다.,1
2024,자퇴각,(自退角),,스스로 학교를 그만두고 싶을 만한 상황이나 일.,"¶새벽까지 과제를 했지만 제출 직전에 파일이 날아가자, 그의 머릿속에는 {자퇴 각이라는} 말밖에 떠오르지 않았다.",1
2024,작먼귀,,축약,‘작고 먼지처럼 귀여움’을 줄여 이르는 말.,¶요즘 영화 시청자들은 슈퍼히어로보다 {작먼귀} 캐릭터를 더 선호한다.,1
2024,잔수박,(殘수박),합성,겉으로 드러내는 태도와 속마음이 다른 사람들이 여전히 남아 있는 상황을 겉은 초록색이지만 속은 빨간색인 수박에 빗대어 비판적으로 이르는 말.,¶현 지도부의 강성 지지층은 탈당하지 않고 남은 인사들을 {잔수박이라} 부르며 이들의 퇴출을 요구했다.,3
2024,장관런,(長官<영>run),,국무 장관이 스스로 책임져야 할 일을 피하는 모습을 비꼬아 이르는 말.,¶야당 의원들은 국회 출석 요구에 응하지 않은 장관을 두고 ‘{장관 런’이라고} 비꼬았다.,29
2024,재렉스,(財<영>←flex),혼성,"주식, 펀드, 암호 화폐 투자 등을 통해 미래를 위한 자산 관리를 하면서 명품 의류 구입이나 해외여행 등 현재의 가치와 만족 또한 중시하는 생활 방식. 투자 활동을 의미하는 ‘재테크(財tech)’와 과시적 소비를 뜻하는 ‘플렉스(flex)’를 결합하여 만든 말이다.",¶그녀는 주식으로 번 돈을 재투자하면서도 자신을 위한 새 명품 가방을 구매하는 {재렉스를} 실천하고 있다.,3
2024,저축템,(貯蓄<영>←item),합성,저축이나 절약에 도움을 주는 물건을 이르는 말. 주로 생활비를 기간별로 나누어 쓰도록 만든 수첩이나 상자 따위를 말한다.,"¶고물가 시대에 저축과 절약의 중요성이 확산되면서, 누리 소통망(SNS)에 자신만의 {저축템을} 소개하는 게시글이 늘어나고 있다.",1
2024,저출생세,(低出生稅),합성,"저출생 문제 해결을 위한 재원을 마련하고자 제안된 세금. 출산율 하락과 인구 감소가 사회 전반에 위기를 불러오자, 육아 지원 등에 필요한 예산을 확충하기 위해 논의되는 목적세 중 하나이다.",¶전문가들은 국회 토론회에서 {저출생세를} 도입했을 때의 실효성과 형평성에 대해 치열하게 논의했다.,1
2024,전관용역,(前官用役),,공공 기관에서 퇴직한 고위 공직자가 소속된 업체가 수주하거나 수행하는 용역. 퇴직한 전관의 영향력이나 인맥을 기반으로 특정 용역 사업을 독점하거나 과점하는 행태를 비판적으로 이르는 표현이다.,¶감사원은 {전관 용역으로} 의심되는 일부 입찰 과정에 대한 조사에 착수했다.,16
2024,전세사기피해자법,(傳貰詐欺被害者法),,"전세 사기 피해를 당한 임차인의 주거권을 보장하기 위해 제정한 법률. 거주하고 있는 임차 주택의 우선 매수권을 부여하거나 장기 및 낮은 금리의 융자 지원, 피해 주택을 매입한 후 공공 임대 주택을 제공하는 방안 등이 포함된다. 정식 명칭은 ‘전세 사기 피해자 지원 및 주거 안정을 위한 특별법’이다.",¶국토 교통부는 {전세 사기 피해자법에} 근거해 피해 주택을 처음으로 매입했다고 밝혔다.,459
2024,전투템,(戰鬪<영>←item),합성,실제 사용 환경에서 튼튼하고 편리한 물건을 비유적으로 이르는 말.,¶셰프들은 요리할 때 튀어 오르는 기름을 막아 주는 특수 조리복을 주방의 필수 {전투템으로} 꼽는다.,1
2024,젊공,(젊公),축약,‘젊은 공무원’을 줄여 이르는 말.,¶수직적인 조직 문화에 적응하지 못해 공직을 떠나는 {젊공들이} 늘고 있다.,8
2024,제닌그라드,(Jeningrad),차용,팔레스타인 무장 세력이 이스라엘군을 대상으로 승리를 거둔 제닌 전투를 스탈린그라드 전투에 빗대어 이르는 말.,¶팔레스타인 언론은 제닌에서 벌어진 치열한 교전을 {제닌그라드로} 지칭하며 저항의 상징으로 소개했다.,2
2024,제주남방밤달팽이,(濟州南方밤달팽이),합성,"제주도 남부 지역에 서식하는 밤달팽이의 하나. 주로 한라산 국립 공원 내에서 발견되는 고유종으로, 껍데기는 노르스름한 갈색에 얇고 반투명하며, 배꼽 모양의 작은 구멍이 있는 것이 특징이다.",¶이번 조사에서는 {제주남방밤달팽이를} 비롯한 한국 고유종 4종이 한라산 국립 공원에서 확인됐다.,12
2024,젠새너티,(Jensanity),차용,미국 기업 ‘엔비디아(NVIDIA)’의 최고 경영자인 젠슨 황(Jensen Huang)의 열광적 인기를 이르는 말.,"¶구름 같은 인파를 몰고 다니는 젠슨 황의 인기를 외신들은 {젠새너티라고} 부르는데, 이 현상은 엔비디아의 실적과 함께 젠슨 황의 인싸력도 작용한 것이다.",14
2024,젤리쌈,(<영>jelly쌈),합성,얇게 펼친 젤리에 아이스크림 따위를 싸 먹는 간식.,¶달콤하고 새콤한 {젤리쌈을} 만들어 먹는 영상이 수백만 조회 수를 기록하며 청소년들 사이에서 큰 인기를 끌고 있다.,6
2024,조비이락,(曺飛李落),합성,"조씨가 날면 이씨가 떨어진다는 뜻으로, 한 사람의 성공이 다른 사람의 실패로 이어짐을 비유적으로 이르는 말.",¶당내 계파 간 경쟁이 치열해지자 {조비이락이라는} 표현이 다시 등장했다.,1
2024,조퇴런,(早退<영>run),,"학교나 직장에서 조퇴한 뒤 병원이나 맛집, 행사장 등 대기 시간이 긴 곳에 서둘러 가는 일. 또는 그곳에 사람이 몰리는 현상.",¶독감 환자가 몰리면서 {조퇴 런을} 해도 진료를 못 받고 발길을 돌리는 사례가 속출했다.,2
2024,존재지속심,(存在持續心),,존재를 계속 이어지게 하는 마음. 불교에서 한순간의 생각이 끝난 뒤 곧바로 다음 생각으로 이어지게 하는 마음의 작용을 이른다.,¶한 스님은 {존재 지속심을} 일상에서도 유지하면 마음이 흔들리지 않고 삶이 한결 평온해진다고 말했다.,1
2024,졸리컷,(<프>joli<영>cut),,벽재나 타일의 모서리 단면을 사선으로 가공해 이어 붙이는 마감 방식의 하나. 주로 깔끔하고 미니멀한 인테리어 연출에 쓰인다.,¶시공업체는 욕실 타일 모서리에 {졸리 컷을} 적용해 매끈하고 깔끔한 마감을 완성했다.,20
2024,종북횡재,(從北橫財),,종북 세력이 뜻밖의 이익이나 혜택을 얻는 일을 비꼬아 이르는 말.,¶정치권에서는 기형적인 선거 제도가 자칫 {종북 횡재로} 이어질 수 있다는 우려가 제기됐다.,50
2024,종합방탄세트,(綜合防彈<영>set),,수사나 재판을 앞둔 사람이 책임을 피하기 위해 여러 수단을 한꺼번에 동원하는 것을 비유적으로 이르는 말.,¶여야 대립이 격화되자 일각에서는 {종합 방탄 세트를} 내놓는 행태가 반복되고 있다는 지적이 나왔다.,19
2024,주가리튬비율,(株價<영>lithium比率),,"리튬 관련주의 급등 현상을 이르는 말. 리튬을 원재료로 하는 이차 전지 종목의 가격이 비정상적으로 오르자, 기존의 주가 수익 비율로는 설명하기 어렵다는 뜻에서 나온 표현이다.","¶이차 전지 중목이 연일 상한가를 기록하면서, 투자자들 사이에서는 {주가 리튬 비율이라는} 말이 농담처럼 쓰이기 시작했다.",6
2024,주가배터리비율,(株價<영>battery比率),,"배터리 관련주의 급등 현상을 이르는 말. 배터리 관련 종목의 가격이 비정상적으로 오르자, 기존의 주가 수익 비율로는 설명하기 어렵다는 뜻에서 나온 표현이다.",¶경제 전문가는 배터리 관련주에서 {주가 배터리 비율과} 같은 풍자적 표현이 나오는 것은 그만큼 시장이 비정상적이라는 신호라고 지적했다.,5
2024,주식가치연동현금,(株式價値連動現金),,기업에서 임직원에게 부여한 자사의 주식을 지급 시점의 주식 가격을 기준으로 계산하여 현금으로 지급하는 일.,¶최근 여러 기업에서는 임직원의 장기적인 성과를 유도하기 위해 주식과 함께 {주식 가치 연동 현금을} 함께 지급하는 방식을 채택하고 있다.,6
2024,주저세대,(躊躇世代),,사회ㆍ경제적 상황으로 인해 결혼과 출산을 주저하는 세대.,"¶{주저 세대의} 결혼과 출산에 대한 걸림돌은 경제적 문제와 관련이 깊기 때문에, 정책과 제도 개선을 통해 해결 가능하다.",5
2024,주죽야스,(晝竹夜<일>←sushi[壽司]),혼성,"정치적으로는 반일을 외치면서 실제로는 일본 여행이나 음식 등을 즐기는 모습을 풍자적으로 이르는 말. 낮에는 죽창가를 부르고, 밤에는 스시를 먹는다는 뜻에서 나온 표현이다.","¶언론은 한 국회 의원이 본회의에서 일본을 규탄한 뒤, 사적으로는 일본 음식을 검색한 모순적 행동을 {주죽야스라고} 비꼬았다.",28
2024,중간선론,(中間線論),접미 파생,두 나라 해안에서 같은 거리에 있는 중간선을 기준으로 해양 경계를 정해야 한다는 이론.,¶두 나라는 배타적 경제 수역의 경계를 정하는 협상에서 {중간선론을} 기준으로 삼았다.,3
2024,중대범죄신상정보법,(重大犯罪身上情報法),,"국가, 사회, 개인에게 중대한 해악을 끼치는 특정 범죄에 대해 수사 및 재판 과정에서 피의자 신상 정보 공개의 대상과 절차를 규정한 법률. 국민의 알 권리를 보장하고 범죄를 예방하기 위해 제정되었다. 정식 명칭은 ‘특정 중대 범죄 피의자 등 신상 정보 공개에 관한 법률’이다.",¶경찰은 해당 사건으로 인한 국민의 불안감을 해소하기 위해 {중대 범죄 신상 정보법에} 따라 피의자의 신상을 공개했다.,14
2024,중심지역관서제,(中心地域官署制),,"치안 수요가 높은 곳을 중심 관서로 지정하여 집중적으로 운영하고, 나머지 관서는 최소한의 인력만으로 운영하는 제도.","¶전문가들은 {중심 지역 관서제가} 치안의 효율성은 높이지만, 그 외 지역의 치안 공백을 초래할 수도 있다고 지적했다.",15
2024,증빙어음,(證憑어음),,금전 거래 등의 사실을 증명하기 위해 발행된 어음.,¶재판부는 {증빙 어음을} 금전적 지원이 이루어진 사실을 입증하는 증거로 삼았다.,4
2024,지갑비,(紙匣費),접미 파생,"불법 대부업자가 돈을 빌려주면서, 자신의 지갑을 대신 사용한다는 구실로 받는 부당한 비용.","¶정부는 수고비, {지갑비라는} 명목으로 불법 수수료를 요구하는 대부업체를 대대적으로 단속하겠다고 밝혔다.",38
2024,지구열대화,(地球熱帶化),,지구의 기온이 높아져 열대 기후 수준의 고온 상태에 이르는 현상.,¶{지구 열대화에} 따른 폭염과 가뭄이 전 세계적으로 확산되고 있다.,614
2024,지국비국,(地國比國),축약,"‘지역구 의원은 국민의 힘 후보에, 비례 대표 의원은 국민의 미래 후보에 투표’를 줄여 이르는 말. 2024년 4월 10일에 실시된 대한민국 제22대 국회 의원 선거에서 나온 표현이다.",¶온라인 게시판에는 {지국비국을} 강조하며 보수 결집을 주장하는 글이 게시되었다.,26
2024,지국비조,(地國比祖),축약,"‘지역구 의원은 국민의 힘 후보에, 비례 대표 의원은 조국 혁신당 후보에 투표’를 줄여 이르는 말. 2024년 4월 10일에 실시된 대한민국 제22대 국회 의원 선거에서 나온 표현이다.",¶보수 성향 지역에서도 {지국비조가} 나타난 것으로 분석되었다.,96
2024,지기비소,(地棄比所),축약,"‘지역구 의원 투표는 기권하고, 비례 대표 의원 투표는 소신대로 함’을 줄여 이르는 말. 2024년 4월 10일에 실시된 대한민국 제22대 국회 의원 선거에서 나온 표현이다.",¶일부 유권자는 선택할 만한 지역구 후보가 없다는 이유로 {지기비소의} 방식으로 투표했다.,2
2024,지민비민,(地民比民),축약,"‘지역구 의원은 더불어민주당 후보에, 비례 대표 의원은 더불어민주연합 후보에 투표’를 줄여 이르는 말. 2024년 4월 10일에 실시된 대한민국 제22대 국회 의원 선거에서 나온 표현이다.",¶선거를 앞두고 야권 진영에서는 {지민비민을} 선택해 교차 투표 대신 결집을 택해야 한다는 목소리가 나왔다.,28
2024,지민비정,(地民比正),축약,"‘지역구 의원은 더불어민주당 후보에, 비례 대표 의원은 정의당 후보에 투표’를 줄여 이르는 말. 2024년 4월 10일에 실시된 대한민국 제22대 국회 의원 선거에서 나온 표현이다.",¶언론 보도는 {지민비정이} 진보 지지층의 표심이 갈라진 양상을 보여준다고 전했다.,9
2024,지민비조,(地民比祖),축약,"‘지역구 의원은 더불어민주당 후보에, 비례 대표 의원은 조국혁신당 후보에 투표’를 줄여 이르는 말. 2024년 4월 10일에 실시된 대한민국 제22대 국회 의원 선거에서 나온 표현이다.",¶선거 현장에서는 {지민비조가} 전략적 선택으로 거론되었다.,1664
2024,지방분권균형발전법,(地方分權均衡發展法),,지역 간 불균형을 해소하고 지역의 특성에 맞는 자립적 발전을 추진하기 위해 제정한 법률. 정식 명칭은 ‘지방 자치 분권 및 지역 균형 발전에 관한 특별법’이다.,¶지방 시대 시행 계획은 {지방 분권 균형 발전법에} 따라 매년 수립되는 법정 계획이다.,510
2024,지역필수의사제,(地域必須醫師制),,의과 대학 입학생 중 일정 비율을 지역 인재 전형으로 선발하는 대신 졸업 이후 일정 기간 해당 지역에서 근무하도록 하는 제도. ‘계약형 지역 필수 의사 제도’를 줄여 이르는 말이다. =지역 필수 의사 제도.,¶보건 복지부는 지역 의료 체계의 붕괴를 막기 위해서 {지역 필수 의사제} 도입을 추진하기로 했다.,960
2024,지역필수의사제도,(地域必須醫師制度),,의과 대학 입학생 중 일정 비율을 지역 인재 전형으로 선발하는 대신 졸업 이후 일정 기간 해당 지역에서 근무하도록 하는 제도. ‘계약형 지역 필수 의사 제도’를 줄여 이르는 말이다. =지역 필수 의사제.,¶OO당은 지역 의대 신설을 추진함과 동시에 {지역 필수 의사 제도를} 도입해 지역의 의료 환경을 개선을 위한 계획을 세웠다.,90
2024,지차비소,地次比所,축약,"‘지역구 의원은 차선 또는 차악에 투표하고, 비례 대표 의원 투표는 소신대로 함’을 줄여 이르는 말. 2024년 4월 10일에 실시된 대한민국 제22대 국회 의원 선거에서 나온 표현이다.",¶정치 평론가는 {지차비소가} 거대 양상 중심의 구조 속에서 유권자의 소신을 반영하는 방법이 될 수 있다고 설명했다.,2
2024,질병휴직심사제,(疾病休職審査制),,"질병 휴직 신청 시 별도의 심사 절차를 통해 그 필요성을 검토하도록 한 제도. 법적으로 규정된 제도가 아닌, 기관마다 임의적으로 시행하는 제도이다.",¶법적 근거가 없는 {질병 휴직 심사제가} 기관마다 다르게 시행되면서 형평성 논란이 제기되었다.,4
2024,집가락,,혼성,집게와 젓가락의 기능을 결합한 기구. 주로 긴 면이나 작은 반찬 등을 집을 때 사용한다.,¶한 먹방 크리에이터가 {집가락으로} 국수 한 그릇을 통째로 들어 올리자 시청자들이 놀랍다는 반응을 보였다.,5
2024,집단항명수괴죄,(集團抗命首魁罪),,"집단적으로 상관의 명령에 불복하는 행위를 주도하여, 그 우두머리 역할을 한 군인 또는 군무원 등의 준군인에게 적용되는 군 형법상의 죄.",¶군검찰은 부대 내 항명 사태를 주도한 인물에게 {집단 항명 수괴죄를} 적용했다.,189
2024,집단항명죄,(集團抗命罪),,군인 또는 군무원 등의 준군인이 무리를 지어 상관의 정당한 명령에 반항하거나 복종하지 않을 때 적용되는 군 형법상의 죄.,"¶군사 재판에서 피고인들은 자신들의 행동이 단순 불만 표시였다고 주장했지만, 법원은 이를 상관 명령에 대한 조직적 거부로 보아 {집단 항명죄를} 인정했다.",84
2024,짭투리,,혼성,실제 사투리 화자가 아닌 사람이 따라하거나 흉내 낸 사투리.,¶그는 부산 출신이라고 우겼지만 {짭투리를} 쓰다 곧 부산 사람이 아님이 들통났다.,2
2024,쫀복이,,접미 파생,쫀득한 복숭아를 줄여 이르는 말. 일반적인 복숭아에 비해 과육이 부드러우면서 씹는 맛이 있는 것이 특징이다.,¶{쫀복이는} 달콤한 맛과 쫀득한 식감으로 입소문을 타며 온라인몰에서는 일찌감치 완판됐다.,15
2024,찐명일색,(眞▽明一色),합성,특정 집단이 친이재명계 인사로만 이루어진 상태.,"¶공천 결과가 발표되자, 후보 명단이 ‘{찐명일색’이라는} 평가가 정치권 안팎으로 퍼져 나갔다.",2
2024,찐명횡재,(眞▽明橫財),합성,"친이재명계 인사들이, 공직 인사 등의 과정에서 뜻밖의 큰 이익을 얻는 상황을 이르는 말.","¶공천 배제 명단에 비명계만 몰리자, 당 안에서는 ‘{찐명횡재’라는} 반응이 나왔다.",43
2024,찐윤무사,(眞▽尹無事),합성,친윤석열계 인사가 무사히 공천을 받은 상황을 이르는 말.,¶일부 지역구에서는 윤석열 측근만 공천을 받으며 ‘{찐윤무사’라는} 말이 나왔다.,4
2024,차일드페널티,(<영>child penalty),,임금이 줄어들거나 승진이 어려워지는 등 출산한 여성이 노동 시장에서 받게 되는 불이익을 이르는 말.,¶KDI는 출산에 따른 여성의 고용상 불이익을 의미하는 {차일드 페널티가} 국내 출산율 하락의 주요 원인이라고 분석했다.,102
2024,채상병법,(蔡上兵法),합성,2023년 예천군 수해 실종자 수색 작전 중 순직한 채 상병과 관련된 수사 방해 의혹 등을 밝히기 위해 특별 검사를 임명하도록 한 법률. 정식 명칭은 ‘순직 해병 수사 방해 및 사건 은폐 등의 진상 규명을 위한 특별 검사의 임명 등에 관한 법률’이다. =채상병 특검법.,¶대통령이 {채상병법에} 대한 거부권을 행사하자 야당은 재의결을 추진했다.,20
2024,채상병특검법,(蔡上兵特檢法),,2023년 예천군 수해 실종자 수색 작전 중 순직한 채 상병과 관련된 수사 방해 의혹 등을 밝히기 위해 특별 검사를 임명하도록 한 법률. 정식 명칭은 ‘순직 해병 수사 방해 및 사건 은폐 등의 진상 규명을 위한 특별 검사의 임명 등에 관한 법률’이다. =채상병법.,¶여야는 국회 마지막 본회의에서 {채상병 특검법의} 처리를 두고 끝까지 충돌했다.,2000
2024,채소런,(菜蔬<영>run),,한정 수량으로 판매되는 채소를 사기 위해 서둘러 가는 일. 또는 그곳에 사람이 몰리는 현상.,¶연일 오르는 채소값 탓에 대형 마트 행사장에는 아침부터 {채소 런이} 이어졌다.,2
2024,책태기,(冊怠期),접미 파생,책 읽기에 흥미를 잃고 싫증을 느끼는 시기.,¶글쓰기에만 매달리다 보니 책을 손에 잡기 싫어져 긴 {책태기를} 겪었다.,4
2024,철도지하화통합개발법,(鐵道地下化統合開發法),,철도를 지하화하고 철도 부지와 주변 지역을 개발하여 공공 복리를 증진하고자 제정된 법률. 정식 명칭은 ‘철도 지하화 및 철도 부지 통합 개발에 관한 특별법’이다.,¶의회는 {철도 지하화 통합 개발법을} 적용해 지역 교통 문제와 주거 문제를 동시에 해결할 수 있을 것으로 기대했다.,148
2024,청정경제협정,(淸淨經濟協定),,"인도 태평양 경제 프레임워크 참여국들이 에너지 전환, 온실가스 감축 등 청정 에너지 분야에서 협력하기 위해 맺은 협정.",¶산업계에서는 {청정 경제 협정이} 친환경 기술의 중요성을 부각시켜 국내 에너지 솔루션 기업들이 해외 시장으로 진출하는 데 힘이 되었다고 평가했다.,175
2024,체이스퍼,(<영>▼chase←percent),축약,"야구에서, 타자가 스트라이크 존 바깥의 공에 스윙한 비율.",¶그는 {체이스퍼를} 낮추면서 볼넷을 늘려 팀이 경기를 풀어가는 데 중요한 역할을 했다.,2
2024,초격차기술특례,(超隔差技術特例上場),,국가 차원에서 육성이 필요한 첨단 기술 보유 기업을 빠르게 상장할 수 있도록 마련한 제도.,¶첨단 재생 의료 기술을 보유한 기업이 {초격차 기술 특례 상장} 1호로 상장해 국내 주식 시장의 관심을 끌었다.,196
2024,초광역특별시,(超廣域特別市),,"인접한 자치 단체 간의 행정 기능 및 지역 자원을 통합하여, 하나의 대규모 광역권 형태로 운영하기 위해 제안된 새로운 형태의 자치 단체 명칭.",¶위원회는 광역 시도를 묶어 {초광역 특별시로} 지정하는 방안을 검토하고 있다.,26
2024,초일가점,(初日加點),,"공모주 수요 예측에서, 첫날 주문을 넣은 기관 투자자에게 가산점을 주는 제도.",¶공모주 시장에서는 첫날 주문에 참여해 {초일 가점을} 확보하는 것이 필수 전략으로 자리를 잡았다.,38
2024,초저온회복처치기,(超低溫回復處置機),,액화 질소 등으로 몸을 영하의 온도에 잠시 노출시켜 피로 회복을 돕는 장치.,"¶훈련 직후, 선수들은 근육의 피로도를 줄이기 위해 {초저온 회복 처치기를} 이용하기도 한다.",50
2024,추구미,(追求美),합성,스스로 추구하는 미적 기준이나 스타일.,¶OO의 옷차림은 평소 상남자다운 매력을 어필하는 OO의 {추구미와는} 완전히 다른 비주얼을 자아냈다.,304
2024,췌도부전증,(膵島不全症),,췌장에서 인슐린을 만드는 세포가 제 기능을 하지 못해 혈당 조절이 어려워지는 병.,¶그는 {췌도 부전증} 판정을 받고 난 뒤 하루도 빠짐없이 혈당을 확인하며 생활하고 있다.,77
2024,치킨노조법,(<영>chicken勞組法),,‘가맹 사업 거래의 공정화에 관한 법률’의 개정안을 비판적으로 이르는 말. 프랜차이즈 가맹점주 단체에 노동조합과 같은 교섭권을 부여한 개정안이 점주에게만 유리하다고 평가된 데서 비롯한 표현이다.,¶일각에서는 {치킨 노조법이} 시행되면 프랜차이즈 본사와 점주 간 자유 계약의 질서가 무너질 것이라고 우려했다.,2
2024,칼틀막,,축약,‘칼로 틀어막다’를 줄여 이르는 말. 위협적인 언행으로 다른 사람의 비판이나 의견 표출을 억압하는 일을 비유적으로 이르는 말이다.,¶일부 기자들은 이번 사건을 ‘입틀막’을 넘어선 ‘{칼틀막’이라며} 언론 자유를 정면으로 위협하는 행태라고 비판했다.,502
2024,캐리오버템,(<영>▼carryover←item),합성,"한 시즌이 지나도 계속 판매되는 기본 상품을 이르는 말. 주로 특정 브랜드의 로고 티셔츠나 셔츠, 청바지 등을 말한다.",¶이번 시즌 매출에서 큰 비중을 차지한 것은 전 시즌부터 꾸준히 팔린 {캐리오버템이었다}.,12
2024,캐시펍,(<영>▼cash pub),,"카드 게임과 음주가 가능한 술집으로 가장하지만, 칩을 현금으로 바꾸어 주는 불법 도박 업소.",¶지난 7월 경찰청은 수백억 원 규모에 달하는 {캐시펍} 도박 사례가 연이어 적발됨에 따라 이들 업소를 집중적으로 단속하겠다고 밝혔다.,5
2024,커피크닉,(<영>▼coffee←picnic),혼성,야외에서 커피를 마시며 여유를 즐기는 일.,¶경포 호수 광장에선 {커피크닉이} 운영되어 여행객들이 잔디밭에서 커피와 함께 아름다운 경포호를 보며 가을밤을 즐겼다.,16
2024,컨셔슈머,(<영>▼←consious consumer),혼성,"환경, 건강, 윤리 등의 자신이 중요하게 생각하는 가치에 따라 물건을 구매하는 소비자.",¶환경과 건강에 높은 관심을 가진 {컨셔슈머가} 소비 트렌드를 주도하면서 비건 제품 시장이 확대되고 있다.,36
2024,케이인니팝,(K印尼pop),합성,케이팝에 인도네시아 대중음악이 결합된 음악 장르. 강렬하고 힙한 사운드와 중독성 있는 멜로디가 특징이다.,¶OO은 국내 최초로 한국어 가사와 인도네시아어 가사가 섞인 {케이인니팝} 신곡을 공개했다.,59
2024,코스피이백위클리커버드콜에이티엠지수,(KOSPI二百weekly covered call ATM指數),,"코스피 200 지수에 기반하여 주간 단위로 계산되는 금융 지수. 코스피 200 지수를 현물로 매수하는 동시에, 코스피 200 옵션 시장에 상장된 가장 가까운 만기의 ATM(At-the-Money) 콜옵션을 매도하는 '커버드 콜 매도 전략'을 주간 단위로 실행하여 산출된다.",¶'{코스피 이백 위클리 커버드 콜 에이티엠 지수가} 산출된 2019년 이후 현재까지 월 평균 옵션 프리미엄은 월 3% 수준이다.,0
2024,쾌룡적,(快龍的),접미 파생,외모나 재주 등이 아주 우세하여 남을 능가할 만한. 또는 그런 것. =폭룡적.,¶저 피아니스트의 연주는 정말 {쾌룡적이다.},0
2024,쿠키컷,(<영>▼cookie cut),,"쿠키 틀에서 쿠키를 찍어내는 것처럼, 특정 디자인 등을 반복해 구조물을 건축하는 공법.",¶OO은 국내 최초로 표준화된 공장을 찍어내는 {쿠키 컷} 방식을 적용해 내년까지 공장을 완공하겠다는 계획이다.,120
2024,클린임대인제도,(<영>clean賃貸人制度),,"서울시가 임차 주택의 권리 관계와 임대인의 신용 정보 등을 확인해, 안심하고 거래할 수 있는 매물임을 인증하는 제도. =클린 임대제.","¶서울시는 위축된 빌라 전세 시장이 {클린 임대인 제도를} 통해서 활력을 찾고, 안심하고 거래가 가능한 임대차 계약 문화가 정착되길 바란다고 말했다.",162
2024,클린임대제,(<영>clean賃貸度),,"서울시가 임차 주택의 권리 관계와 임대인의 신용 정보 등을 확인해, 안심하고 거래할 수 있는 매물임을 인증하는 제도. =클린 임대인 제도.","¶서울시는 {클린 임대제는} 매물 자체에 문제가 없다는 정보를 제공하며, 올해 6월부터 온라인상에서 클린 마크가 붙은 물건을 볼 수 있을 것이라고 전했다.",2
2024,키슐랭,(<영>▼←kids Michelin),혼성,"아동과 가족의 방문을 환영하는 식당 및 카페. 아동 친화적인 외식 문화를 지원하기 위해 서울 성동구에서 만든 ‘아이사랑 맛집’ 인증 제도로, ‘미슐랭(Michelin)’과 ‘키즈(kids)’를 결합하여 만든 말이다.","¶O 씨는 {키슐랭} 식당을 운영하면서, 성동구에 거주하는 6살 이하 아이를 동반하는 가족에게는 할인 혜택을 제공한다.",11
2024,킥스테이지,(<영>kick stage),,로켓 발사체에서 위성이나 탐사체를 최종적으로 정밀 궤도에 배치하기 위해 사용되는 엔진 모듈.,"¶OO은 1단 엔진과 위성 보호 덮개 분, 2단 엔진 분리 등의 과정을 마치고 {킥 스테이지를} 이용해 오전 8시 22분 1호 위성을 최종 궤도에 투입하였다.",20
2024,킹무직,(<영>king務職),혼성,직업 안정성이 높고 급여나 복지 등의 처우가 좋은 공무직 또는 대기업 사무직을 비유적으로 이르는 말. 왕을 의미하는 ‘킹(king)’과 ‘사무직(事務職)’을 결합하여 만든 말이다.,¶커뮤니티에는 공무직의 처우가 좋은 것에 비해 업무 강도가 낮은 것 때문에 {킹무직이나} 갓무직이라고 칭하며 노골적으로 비판하는 글이 자주 올라온다.,2
2024,탄핵만능주의,(彈劾萬能主義),,탄핵을 통해 모든 정치적 문제를 해결할 수 있다고 믿는 태도.,¶O 의원은 정부에 반대하고 정책을 바로잡는 일이 {탄핵 만능주의로} 빠져서는 안 된다고 비판했다.,46
2024,탄핵만능주의자,(彈劾萬能主義者),,탄핵을 통해 모든 정치적 문제를 해결할 수 있다고 믿거나 주장하는 사람.,¶해당 의원들은 {탄핵 만능주의자와} 정치적 수단으로 탄핵을 언급하는 정치인을 당직에서 전면 배제해야 한다고 주장했다.,30
2024,탈쿠팡족,(脫Coupang族),접미 파생,쿠팡의 서비스 이용 요금 인상으로 인해 쿠팡 구독 서비스를 중단한 사람. 또는 그런 무리.,¶유통업체들은 구독료 인상에 따른 {탈쿠팡족을} 잡기 위해서 구독료를 할인하는 마케팅을 펼치고 있다.,32
2024,탈팡족,(脫←Coupang族),접미 파생,‘탈쿠팡족’의 준말.,"¶{탈팡족이} 적은 이유는 요금 인상을 고려해도 무료 반품, 무료 배달 등 멤버십 혜택이 더 크기 때문으로 보인다.",33
2024,탈핑크타이드,(脫<영>pink tide),,"남아메리카에서 1990년대 말부터 20여 년간 온건 사회주의 정당이 연속해서 집권한 정치적 흐름에서 벗어나, 보수 정권이 집권하게 되는 흐름.",¶중남미에서의 {탈핑크 타이드} 흐름이 내년에도 계속해서 거세질 수 있을지에 대해서 관심이 쏠리고 있다.,2
2024,텀꾸,(<영>←tumbler꾸),축약,"‘텀블러 꾸미기’를 줄여 이르는 말. 다양한 색의 스티커, 키링, 스트랩 등을 이용해 텀블러를 꾸미는 행위를 말한다.",¶미국에서 유행하던 {텀꾸가} 유명 유튜버를 통해 국내에 전해지면서 {텀꾸에} 대한 젊은 층의 관심이 높아지고 있다.,49
2024,테무깡,(Temu깡),혼성,중국의 전자 상거래 플랫폼인 ‘테무’에서 물건을 대량으로 구매한 뒤 이를 개봉하는 영상 콘텐츠. 또는 이러한 영상 콘텐츠를 업로드하는 행위. 구독자 수와 클릭 수를 쉽게 늘려 곧바로 수익을 얻는 현상을 ‘카드깡’에 빗대어 이르는 말이다.,¶최근 10대와 20대를 중심으로 테무에서 구입한 상품을 숏 폼으로 올려 조회수와 수익을 동시에 얻는 {테무깡이} 유행하고 있다.,95
2024,테무지옥,(Temu地獄),,상품의 가격이 낮은 중국의 전자 상거래 플랫폼인 ‘테무’에서 물건을 계속해서 구매하는 행위를 영원히 빠져나올 수 없는 지옥에 빗대어 이르는 말.,¶{테무 지옥에} 빠진 사람들이 늘어나면서 우리나라의 유통 시장은 중국 기업에 빠르게 잠식되고 있다.,15
2024,테무차단법,(Temu遮斷法),,"‘테무’와 ‘알리익스프레스’ 등 중국의 전자 상거래 플랫폼의 가품 판매, 성인용품 노출, 마약성 의약품 같은 불법 제품 유입 등의 부작용을 막기 위해 미국, 영국, 프랑스에서 도입을 논의 중인 법안.","¶테무에 의해 세계의 유통이 초토화되자, 미국, 영국, 프랑스에서는 {테무 차단법} 도입을 고려하고 있다.",3
2024,토마토뿔나방,(<영>tomato뿔나방),합성,"뿔나방과의 곤충. 성충의 몸길이는 7mm 정도이며, 회색 비늘에 날개 앞면에 검은 점이 있다. 잎, 줄기, 꽃, 과일 등을 먹고 산다.",¶친환경 농업을 하는 농가의 경우 {토마토뿔나방} 때문에 작년에 비해 토마토의 수확량이 80%나 줄었다고 한다.,133
2024,통공매,(통公賣),합성,법률에 의해서 공공 기관이 강제적으로 아파트 단지나 상가 따위의 전체를 처분하여 돈으로 변환하는 일.,"¶아파트 건축 시행사는 대출금 2,800억 원의 만기를 만기 연장했지만 100억 원대 이자를 갚지 못하며 아파트가 {통공매가} 될 상황이 되었다.",4
2024,통꾸02,(通꾸),축약,‘통장 꾸미기’를 줄여 이르는 말. 돈을 열심히 벌어 통장에 모으는 행위를 말한다.,¶노동으로 생각하면 하기 싫은 일을 {통꾸로} 생각하면 할 수 있다는 사고의 전환은 꾸미기의 본질은 즐겁다는 시대적 합의를 바탕으로 한다.,2
2024,통뼈캐슬,(통뼈<영>castle),,부실 시공된 아파트를 비하하여 이르는 말. 롯데건설에서 지은 한 아파트에서 철근이 콘크리트 밖으로 돌출되면서 붙여진 이름이다.,¶아파트 외벽에 철근이 드러난 사례가 나타나면서 {통뼈 캐슬이라는} 우려 섞인 별칭도 등장하였다.,124
2024,투어플레이션,(<영>tourflation),차용,"유명 가수들의 콘서트 투어로 인해 해당 지역의 호텔, 식당 등의 수요가 급증해 물가가 치솟는 현상.",¶미국 팝스타들의 월드 투어 콘서트가 물가 상승을 부추긴다는 {투어플레이션} 논란이 커지고 있다.,23
2024,트리플벌이,(<영>triple벌이),합성,부부가 합해서 세 개의 직업을 가지고 돈을 벎. 또는 그런 일.,¶이러한 부업 행위는 한 가정에서 맞벌이를 넘어 {트리플벌이를} 하는 것으로 일컬어진다.,4
2024,틱톡강제매각법,(Tiktok?制賣却法),,"중국계 기업에서 소유한 틱톡의 미국 내에서의 서비스 유지 조건으로 270일 이내에 미국 사업권을 매각하도록 강제하고, 이를 이행하지 않을 경우 미국 내에서의 틱톡의 유통 및 업데이트가 전면 금지된다는 내용을 담은 법률. 2024년 4월 24일 조 바이든 미국 대통령의 서명 및 공포로 정식 법률로 확정되었다.",¶미국 하원이 안보 위협을 이유로 {틱톡 강제 매각법을} 통과시킨 가운데 서방 주요국에서도 중국 기업에 대한 규제 강도를 높이고 있다.,258
2024,파묘들다,(破墓들다),혼성,24년 2월에 개봉한 영화인 ‘파묘’의 매력에 빠지다. ‘파묘’와 ‘스며들다’를 결합하여 만든 말이다.,¶이젠 전 세계가 영화 파묘에 {파묘들} 시간이다.,5
2024,파틀막,,축약,"‘파를 가지고 오는 것을 틀어막다’를 줄여 이르는 말. 제22대 국회의원 선거 투표장에 대파를 반입할 수 없게 선관위에서 금지한 일로, 제20대 대통령 윤석열이 대파의 가격을 시장가보다 매우 낮게 발언한 것에 반발한 유권자들이 투표장에 대파를 들고 간 것에서 비롯되었다.","¶이 대변인은 대파 가격으로 국민 눈을 속이려고 해도 좋지만, 선관위까지 {파틀막을} 해서야 되겠냐고 했다.",484
2024,패낳괴,(<영>←passive낳怪),축약,‘패시브가 낳은 괴물’을 줄여 이르는 말. 패시브 펀드의 매수 흐름이 과열되어 실제 종목의 가치와 괴리가 발생하는 종목을 비유적으로 일컫는다.,¶OO이 코스피200 지수에 편입될 가능성이 커지면서 {패낳괴} 대열에 합류했다는 평가가 나온다.,22
2024,펫파킹,(<영>▼pet parking),,반려동물의 목줄을 고리로 걸어 동물을 대기시키는 장소.,¶OO시는 골목마다 {펫 파킹을} 설치해 반려동물을 동반한 고객의 상점 이용률을 높이고자 했다.,16
2024,편법휴진,(便法休診),,개원의가 휴진 신고를 하지 않은 채로 자리를 비워 진료를 하지 않거나 오전에 소수의 환자만을 진료하는 행위. 윤석열 정부의 의대 정원 증원에 반대하며 일어난 시위의 하나이다.,¶대통령 역시 {편법 휴진에} 엄정하게 대응할 것을 주문하는 등 강경한 대응 방침을 밝혔다.,11
2024,평화누리특별자치도,(平和누리特別自治道),합성,공모를 통해 선정된 ‘경기북부특별자치도’의 명칭.,"¶출범 예정인 경기북부특별자치도의 새 이름이 {평화누리특별자치도로} 정해지자, 경기도 북부에 거주하는 사람들 사이에서는 엇갈린 반응이 나오고 있다.",564
2024,포괄소득화,(包括所得化),,실제 벌어들인 소득뿐만 아니라 귀속 임대료 등과 같은 암묵적인 소득을 포함함.,"¶{포괄 소득화를} 했을 때 2017년 기준 우리나라의 노인 빈곤율은 34.8%로 독일, 영국, 미국 등 주요 8개국 중에서 가장 높았다.",22
2024,폭룡적,(爆龍的),접미 파생,외모나 재주 등이 아주 우세하여 남을 능가할 만한. 또는 그런 것. =쾌룡적.,¶연예인 OO은 날렵한 턱선과 오똑한 콧대로 {폭룡적인} 비주얼을 자랑하였다.,88
2024,표준학급수,(標準學級數),,학급 당 교부금을 균등하게 산정하기 위해 실제 학급의 수가 아니라 학생의 수를 기준으로 하여 학급의 수를 계산하는 방식.,"¶OO 교수는 도시권과 비도시권 학급 간의 학생 수 차이가 큰 만큼, 전국적으로 동일한 {표준 학급 수} 개념을 만들어 교부금을 산정해야 한다고 말했다.",1
2024,표틀막,(票틀막),축약,‘표를 틀어막다’를 줄여 이르는 말. 법안을 부결시키기 위해서 당에 소속된 국회의원들의 투표권을 행사하지 못하게 압박을 넣는 행위를 이르는 말이다.,¶OO 원내 대표도 이날 특검법 재의결이 하루 앞으로 다가왔다고 말하며 이번에는 {표틀막이냐고} 지적했다.,76
2024,푸드큐아르,(<영>food QR),,식품에 대한 자세한 정보가 담긴 큐아르 코드. 식품을 고유하게 구분하기 위한 상품 식별 코드와 해당 식품에 관한 다양한 정보로 연결되는 인터넷 주소가 포함되어 있다. =푸드 큐아르 코드.,¶식품 안전 의약처에서 포장지에 표시된 정보 이외의 종합 정보를 간편하게 확인할 수 있는 {푸드 큐아르} 정보 시스템을 구축했다.,0
2024,푸드큐아르코드,(<영>food QR code),,식품에 대한 자세한 정보가 담긴 큐아르 코드. 식품을 고유하게 구분하기 위한 상품 식별 코드와 해당 식품에 관한 다양한 정보로 연결되는 인터넷 주소가 포함되어 있다. =푸드 큐아르.,¶OO은 {푸드 큐아르 코드} 국제 표준화 추진을 위한 업무 협약을 체결했다.,0
2024,푹스디스트로피,(Fuchs<영>dystrophy),,각막 내피세포의 점진적인 손상 및 감소로 각막 부종과 시력 손실을 유발하는 유전성 안과 질환.,¶질병 관리청이 {푹스 디스트로피} 등을 포함한 83개 질환을 국가 관리 대상 희귀 질환으로 지정했다고 밝혔다.,16
2024,푼타데바카스잎귀쥐,(Punta de Vacas잎귀쥐),합성,"쥣과의 하나. 해발 고도 6,000미터 이상의 고도에서 서식하여 현재 발견된 포유류 중 가장 높은 고도에서 서식하는 포유류이다.","¶미국 연구 팀이 남아메리카 안데스산맥 해발 고도 6,000미터 이상 고산 지대에서 살았던 것으로 추정되는 {푸나데바카스잎귀쥐의} 미라를 발굴했다.",2
2024,풀더빙툰,(<영>▼full dubbing←cartoon),,등장인물의 대사 전체에 성우의 목소리를 더하여 녹음한 웹툰.,¶출판사는 민담집을 무빙툰이나 {풀 더빙 툰} 등으로도 제작하는 등 콘텐츠의 다각화도 계획하고 있다.,3
2024,플러그엔비,(<영>pluggnb),차용,힙합의 하위 장르인 플러그와 아르 엔 비가 결합한 음악 장르. 몽환적인 음악 스타일이 특징이다.,¶OO은 {플러그엔비와} 하우스를 결합한 음원으로 빌보드 입성에 성공했다.,82
2024,플레우로시스티티드,(<라>pleurocystitid),차용,"극피동물문에 속하는 해저 동물. 크기는 10㎝ 정도이며, 약 4억 5천만 년 전 바다 밑바닥에서 서식하였다.","¶미국 OO대 연구진은 4억 5,000만 년 전 바다 밑바닥을 기어다녔던 동물인 {플레우로시스티티드를} 로봇으로 만들어 재현하는 데 성공했다고 밝혔다.",2
2024,피드블록,(<영>feed block),,난연성 스티로폼을 첨가하여 블록의 형태로 가공한 갈색거저리의 애벌레인 밀웜의 먹이.,"¶{피드 블록을} 급여한 밀웜은 스티로폼 처리 속도가 45% 정도 빠르고, 밀웜이 거의 죽지 않는다는 장점이 있다.",4
2024,피코플레어,(<영>picoflare),합성,태양에서 발생하는 가장 큰 플레어의 약 1조분의 1만큼의 에너지를 가진 플레어. 피코는 약 10의 12승(1조)을 의미하는 단위이다.,¶{피코플레어는} 에너지는 작지만 그 수가 많아 1분만 활동해도 거대한 태양풍에 플라스마를 제공할 수 있다.,3
2024,피코플레어제트,(<영>picoflare jet),,태양에서 발생하는 가장 큰 플레어에 비해 에너지가 약 1조분의 1에 불과한 소규모 플레어에서 나오는 제트 기류. 피코는 약 10의 12승(1조)을 의미하는 단위이다.,"¶연구 팀은 {피코플레어 제트와} 같은 작은 가스 분출 현상으로 인해 태양 외부로 물질들이 분출되고, 우주로 밀어낸 많은 수의 입자가 강력한 태양풍을 일으킨다고 추정하고 있다.",2
2024,필수의료유지명령,(必須醫療維持命令),,"국민의 생명권과 건강 보호를 위해, 정부가 의료 기관에 필수 진료를 중단하지 않도록 강제하는 행정 명령. 2024년 의과 대학 입학 정원 확대에 반발하여 전공의들이 집단 연가를 신청하자 발령되었다.","¶정부는 전공의 복귀를 유도하기 위해 {필수 의료 유지 명령과} 업무 개시 명령, 사직서 수리 금지 명령을 내렸다.",599
2024,필수의료패키지,(必須醫療<영>package),,"생명과 직결되는 필수 의료에 대한 접근성을 높이기 위해 도입한 네 가지 핵심 과제인 ‘의료 인력 확충, 지역 의료 강화, 의료 사고 안정망 구축, 보상 체계 공정성 확보’를 이르는 말.",¶OO 회장은 자신의 소셜 네트워크 서비스에 정부의 일방적인 의대 증원과 {필수 의료 패키지} 발표에 유감이라는 글을 게시하였다.,2000
2024,하이볼족,(highball族),접미 파생,하이볼을 즐겨 마시는 사람. 또는 그런 무리.,¶최근 {하이볼족을} 겨냥한 저가 위스키 수요가 늘어나고 있다.,2
2024,학교폭력전담조사관,(學校暴力專擔調査官),,"학교 폭력 사건을 전담하여 전문적으로 조사하고 처리하는 조사관. 교사의 업무 부담을 줄이고 학생과 학부모의 신뢰를 높이며, 조사 과정의 공정성과 전문성을 확보하는 역할을 한다.",¶OO 의장은 학교 폭력이 발생하면 발생 장소가 학교 안이든 밖이든 {학교 폭력 전담 조사관이} 조사하겠다고 말했다.,2000
2024,학교폭력전담조사관제,(學校暴力專擔調査官制),,"학교 폭력 사건을 전문적으로 조사하고 처리하기 위하여 전담 조사관을 두는 제도. 교사의 업무 부담을 줄이고 학생과 학부모의 신뢰를 높이며, 조사 과정의 공정성과 전문성을 확보하기 위하여 도입되었다.",¶{학교 폭력 전담 조사관제가} 도입되면 학교 측은 교육의 기능 강화 및 피해 학생과 가해 학생의 관계 개선에 집중할 수 있다.,456
2024,한우법,(韓牛法),합성,"탄소 중립 실현과 기후 변화 대응을 위한 축산 환경의 전환, 한우 산업의 경쟁력 강화를 위해 제정한 법률. 정식 명칭은 ‘탄소 중립에 따른 한우 산업 전환 및 지원에 관한 법률’이다. =한우 사업법.","¶오는 24일, 전국 한우 협회는 국회 의원 회관 대강당에서 지속 가능한 한우 산업을 위한 {한우법} 제정 국회 토론회를 개최한다.",579
2024,한우사업법,(韓牛事業法),,"탄소 중립 실현과 기후 변화 대응을 위한 축산 환경의 전환, 한우 산업의 경쟁력 강화를 위해 제정한 법률. 정식 명칭은 ‘탄소 중립에 따른 한우 산업 전환 및 지원에 관한 법률’이다. =한우법.",¶한우 산업 발전을 위해 농가를 지원하는 {한우 사업법과} 농어업인 대표 조직 설립을 위한 농어업 회의소 법이 여당의 반대 속에 처리되었다.,4
2024,한토컴,(韓<영>←TOEIC computer),축약,"취업에서 요구되는 ‘한국사 능력 검정 시험’, ‘토익’, ‘컴퓨터 활용 능력 시험’ 셋을 아울러 이르는 말.","¶{한토컴으로} 불리는 한국사 능력 검정 시험, 토익, 컴퓨터 활용 능력 등은 인문 계열 취업 준비생에게 필수 코스로 여겨진다.",1
2024,합가보류,(合家保留),,결혼 이후 혼인 신고를 바로 하지 않고 나중으로 미루어 둠.,"¶취득세 강화 정책으로 주택 매수를 감소시키는 데 일부 기여했지만, {합가 보류를} 통해 보유 주택 수를 낮추는 등의 규제 회피 방안으로 인해 그 효과가 반감됐다.",10
2024,핫끈하다,(<영>hot끈하다),혼성,맵고 뜨거운 음식을 먹어 몸이 달아오르는 느낌이 있다. 영어 단어 ‘핫(hot)’과 ‘화끈하다’가 결합한 말이다.,¶맵부심을 부릴 수 있는 {핫끈한} K-소스의 수출액이 역대 최대치를 기록했다.,0
2024,항로표지식별장치,(航路標識識別裝置),,배가 항로에 따라 안전하게 항해하도록 돕기 위해 해상이나 육상에 설치된 표식 장치.,"¶항로 표지 관리원은 {항로 표지 식별 장치를} 점검하고, 이상이 발생하면 직접 수리까지 한다.",1
2024,해밑섬,,합성,"일본을 이르는 순우리말. 일본의 일(日)은 우리말 ‘해’이며, 본(本)은 우리말 ‘밑’이다.",¶이 책은 저자가 {해밑섬으로} 건너가 백제 문물을 전한 도래인들의 자취를 추적한 내용을 담고 있다.,5
2024,해병대원특검법,(海兵隊員特檢法),,해병대 제1사단 소속 일병의 사망 사고와 관련된 수사 과정에서 일어난 수사 방해 또는 은폐 의혹을 해소하기 위해 제정된 특검법. 정식 명칭은 ‘순직 해병 수사 방해 및 사건 은폐 등의 진상 규명을 위한 특별 검사의 임명 등에 관한 법률안’이다.,¶OO당은 국회 임기 마무리 전 {해병대원 특검법의} 본회의 통과를 촉구했다.,2000
2024,해풍법,(海風法),합성,해상 풍력 사업 절차를 정부 주도 방식으로 단순화하고 신속히 추진하기 위해 제정된 법안. 정식 명칭은 ‘해상풍력 보급 촉진 및 산업 육성에 관한 특별법’이다.,¶OO 산업 통상 자원부 차관은 {해풍법을} 바탕으로 해당 지역을 집적화 단지로 추진하려 한다고 설명했다.,42
2024,핸들밥,(<영>handle밥),합성,"핸들로 번 수입으로 먹는 밥이라는 뜻으로, 운전으로 꾸리는 생계를 비유적으로 이르는 말.",¶30년 넘게 {핸들밥을} 먹은 OO씨는 지난 9월 회사에 사표를 냈다.,2
2024,행동후성유전학,(行動後成遺傳學),,"개인의 행동 및 경험이 유전자 발현을 활성시키거나 패턴을 변화시키고, 이것이 다음 세대로 유전되는 현상을 연구하는 학문.",¶{행동 후성 유전학}은 DNA가 우리를 통치하는 것이 아니라 발달 체계의 일원이라는 것을 알려준다.,9
2024,행복분기점,(幸福分岐點),,"개인이나 사회의 행복 수준이 크게 달라지는 지점이나 시기. 소득과 관련하여, 일정 소득 수준 이하에서는 소득이 증가함에 따라 행복이 증가하지만, 일정 소득 수준 이상을 넘으면 행복 증가 효과가 정체되는 지점을 이른다.",¶행복하지 않은 사람들 중에는 {행복 분기점인} 연 소득 1억 원을 이미 넘긴 경우들도 있다.,1
2024,행정카르텔,(行政<독>Kartell),,행정 기관이 자신들만의 이익을 극대화하기 위하여 서로 협력하는 행위. 또는 그런 집단.,¶OO협회는 문화 체육 관광부의 퇴행적 출판 정책을 비판하며 {행정 카르텔을} 해체하라는 목소리를 냈다.,2
2024,향기멍,(香氣멍),합성,"꽃, 향수 따위에서 나는 좋은 냄새를 멍하니 맡으며 시간을 보내는 일.",¶관계자는 축구장의 세 배에 달하는 넓은 공간이 {향기멍을} 할 수 있는 대표 정원이 될 것이라 했다.,1
2024,헥사하이드로칸나비헥솔,(<영>hexahydrocannabihexol),차용,대마초의 주요 향정신성 성분인 테트라하이드로칸나비놀과 구조적으로 유사한 합성 화합물.,¶일본 후생 노동성에 따르면 {헥사히드로칸나비헥솔은} 대마 성분을 포함해서 규제된 유해 성분 ‘THC’와 유사하게 만들어진 합성 화합물이다.,6
2024,헬스테리어족,(<영>health←interior族),접미 파생,세련된 디자인과 작은 크기로 된 헬스케어 제품으로 인테리어를 하는 사람. 또는 그런 무리.,¶건강과 인테리어를 둘 다 포기하지 않는 {헬스테리어족이} 늘어나면서 세련된 스타일의 가구형 안마 의자의 판매가 늘고 있다.,1
2024,현금바인더,(現金<영>binder),,과소비를 막기 위해 현금을 분류하여 보관해 두는 물건.,¶현금 챌린지 유행과 함께 돈을 날짜별 혹은 용도별로 분류하는 {현금 바인더가} 인기이다.,122
2024,현기까,(←Hyundai←Kia까),혼성,현대 자동차와 기아 자동차에 대해 맹목적이고 비합리적으로 비난하는 사람.,¶최근에는 현대차와 기아차를 막연하게 비난하는 이들을 뜻하는 {현기까라는} 비속어가 생길 정도다.,2
2024,현미무스,(玄米<프>mousse),합성,"현미에 생크림과 설탕, 버터 등을 넣고 저어 부드럽게 만든 음식. 주로 빵의 속에 넣거나 올려 먹는다.","¶O 셰프의 제과가 독특한 점은 볶은 메밀, 대추 크림, {현미무스} 등 다양한 한국적 재료를 이용한다는 것이다.",2
2024,현생공감,(現生共感),,현실적인 삶과 관련된 예시에 대해 자기도 그렇다고 느낌. 또는 그렇게 느끼는 기분.,¶짠내 나는 아저씨의 {현생 공감} 블랙 코미디 영화가 10월 23일 개봉한다.,18
2024,혐오밈,(嫌惡<영>meme),,특정 대상을 싫어하고 미워하는 내용을 담은 인터넷 밈.,¶이번 사태에서 분명히 볼 수 있는 것은 {혐오 밈에} 대한 대중의 불관용이다.,4
2024,협수용강,(協水龍江),축약,"‘협성 대학교, 수원 대학교, 용인 대학교, 강남 대학교’를 아울러 이르는 말. 각 학교명의 첫 글자를 조합해 만든 말이다.",¶‘{협수용강’으로} 묶이는 네 개의 대학은 특성화 분야의 차별성을 통해 고등 교육과 산업 현장의 연계를 강화하고 있다는 점에서 주목된다.,1
2024,협틀막,(協틀막),축약,‘협치를 틀어막다’를 줄여 이르는 말. 여야가 정치적으로 협력하지 않는 상황을 이르는 말이다.,¶최근 정치권은 {협틀막이} 새로운 기준이 되고 있다.,1
2024,호랑무늬딱총새우,(虎狼무늬딱銃새우),합성,딱총새웃과의 갑각류. 몸은 5㎝ 정도이며 호랑이 무늬를 연상시키는 얼룩무늬가 있다. 주로 열대 및 아열대 바다에서 서식한다.,¶{호랑무늬딱총새우는} 2018년부터 서귀포 연안에서 발견되었으나 이번에 정확한 종이 확인됐다.,37
2024,호모프롬프트,(<라>homo<영>prompt),,생성형 인공 지능과의 상호 작용을 통해 최적의 프롬프트를 생산하는 인간. 라틴어 ‘호모’와 영어 ‘프롬프트’를 결합하여 만든 말이다.,"¶생성형 인공 지능 시대는 새로운 인류인 {호모 프롬프트의} 출현을 알리면서, 이제는 인공 지능에 질문하고 명령하는 기술이 중요해졌다.",328
2024,호주런,(濠洲<영>run),,정치적 책임이나 수사를 피하기 위해 호주로 도망을 치는 모습을 비꼬아 이르는 말.,¶여당은 OO 전 장관의 {호주 런이} 총선의 악재로 커지는 것을 막기 위해서 안간힘을 쓰고 있다.,77
2024,혼쭐러,(혼쭐<영>←er),접미 파생,잘못된 소비 습관에 대하여 호되게 나무라는 사람.,¶O 대표는 최근 청년층의 잘못된 소비 습관을 바로잡는 {혼쭐러로} 유명하다.,2
2024,홀인투,(<영>hole in two),합성,"골프에서, 티 샷 이후 두 번째에 친 공이 홀에 들어가는 일.",¶OO가 첫 티 샷을 워터 해저드에 빠트려 벌타를 받고 친 티 샷이기 때문에 {홀인투임에도} 버디로 기록됐다.,8
2024,홈태교,(<영>home胎敎),합성,임신부가 집에서 편안하게 할 수 있는 태교. 외부 교육 프로그램이나 여행 등을 하지 않고도 집이나 일상 속에서 태아와 교감하는 일을 이른다.,¶전북도는 산모를 위해서 고위험 임산부 건강 관리 및 {홈태교} 지원 사업을 추진한다.,11
2024,환절통,(換節痛),합성,계절이 바뀔 때 발생하는 몸이나 마음에 발생하는 통증.,¶이렇게 계절이 바뀔 때면 {환절통을} 앓는 사람들이 있다.,1
2024,환형유치율,(換刑留置率),,벌금이나 과료를 내지 못하는 사람을 노역장에 유치하는 등의 환형이 실행되는 비율.,¶대검찰청에 따르면 벌금형 대상 범죄자 중 노역형으로 전환된 비율인 {환형 유치율이} 지난달 기준 6.76%로 나타났다.,3
2024,활성뇌,(活性腦),합성,"외부에서 자극이 들어올 때 사용되는 뇌. 효율, 이성, 의식, 논리 등에 영향을 미친다.","¶의식, 이성, 논리를 담당하는 {활성뇌만큼} 무의식, 직관, 창의, 감정을 담당하는 휴식뇌의 역할도 중요하다.",1
2024,회생저항장치,(回生抵抗裝置),,전동 시스템에서 발생한 회생 전력을 열로 변환시켜 전력 계통의 손상을 방지하고 시스템의 안정을 확보하는 전력 전자 장치.,¶조사 결과 이번에 일어난 화재는 기계실에 설치된 {회생 저항 장치의} 노후화로 인해 발생하였다.,1
2024,휴식뇌,(休息腦),합성,"외부 자극에서 벗어나 휴식할 때 사용되는 뇌. 공감, 정서, 무의식, 직관, 창의력 등에 영향을 미친다.","¶의식, 이성, 논리를 담당하는 활성뇌만큼 무의식, 직관, 창의, 감정을 담당하는 {휴식뇌의} 역할도 중요하다.",1
2024,흔싸귀비,(흔싸貴비),축약,‘흔하면 싸고 귀하면 비싸다’를 줄여 이르는 말.,¶{흔싸귀비로} 일컬어지는 시장 경제 원칙에 따라서 리셀러들이 고가로 되팔이를 하는 것이 당연하다는 의견도 있다.,3
2024,희소비만증,(稀少肥滿症),,유전적·내분비적 이상 등으로 인해 포만감을 느끼지 못해 식욕이 제어되지 않아 발병하는 비만증.,¶국내 기업이 유전자 결함으로 포만감을 느끼지 못해 식욕이 제어되지 않는 질병인 {희소 비만증을} 치료할 수 있는 신약을 개발하여 임상 실험에 돌입하였다.,8
2024,히어로노믹스,(<영>▼hero←economics),혼성,트로트 가수 임영웅으로 인해 파생되는 경제적 효과를 이르는 말. 임영웅의 이름 ‘영웅’을 영어로 표기한 ‘히어로’와 ‘노믹스’가 결합한 말이다.,¶마케팅 전문가는 임영웅 신드롬이 {히어로노믹스라는} 용어를 만들어낼 만큼 우리 사회 각 분야에 큰 영향을 미치고 있다고 말했다.,98
