최초 출현 연도,색인표제어,원어,단어 형성법,일상어/전문어,전문 분야,의미 범주,뜻풀이,용례,빈도
2020,감염병특별관리지역,(感染病特別管理地域),,전문어,『보건 일반』,〔보건ㆍ의학〕,감염병의 확산을 막기 위해 통상적인 수준보다 더 강한 방역 조치와 관리가 이루어지는 지역. 특정 지역을 중심으로 코로나19가 확산되기 시작하던 단계에서 효율적으로 방역 활동을 하기 위해 적용되었다.,¶O 국무총리는 신종 감염병의 방역과 관련하여 “OO 지역을 {감염병 특별 관리 지역으로} 지정해 더 높은 단계의 방역 조치를 취하겠다.”라고 발표했다.,310
2020,거스름돈계좌적립서비스,(거스름돈計座積立<영>service),,전문어,『경제』,〔경제생활〕,현금으로 계산한 후 거슬러 받은 돈을 구매자의 은행 계좌로 곧바로 입금해 주는 서비스. =잔돈 계좌 적립 서비스.,¶한국은행은 {거스름돈 계좌 적립 서비스가} 시행되면 동전 발행과 유통에 드는 비용이 한층 감소될 것이라고 전망했다.,12
2020,격리생활시설,(隔離生活施設),,전문어,『보건 일반』,〔보건ㆍ의학〕,감염병 환자 혹은 감염병 검사 결과를 기다리는 사람이 사회와 분리된 채 일상적인 생활을 할 수 있도록 마련한 시설. 코로나19의 확산을 막기 위해 증상이 나타나거나 의심되는 사람들을 사회로부터 떼어 놓고 생활하도록 만들어 놓은 시설이다.,¶정부는 감염병 확산을 차단하기 위해 해외 입국자들이 증상이 없더라도 감염병 검사 결과를 통보 받을 때까지 우선 {격리 생활 시설에} 거주해야 한다는 방침을 세웠다.,310
2020,공공선별진료소,(公共選別診療所),,전문어,『보건 일반』,〔보건ㆍ의학〕,"정부에서 사람들이 감염 여부를 검사받을 수 있도록 마련한 진료소. 코로나19의 확산으로 인해, 증상 유무나 역학적 연관성에 관계없이 누구나 감염 여부를 검사받을 수 있도록 만들어진 의료 시설이다.",¶OO시는 감염병이 재확산되자 {공공 선별 진료소를} 마흔 개에서 백 개 이상으로 확대하였다.,33
2020,공공재정환수제도,(公共財政還收制度),,전문어,『행정』,〔정치와 행정〕,정당하지 않은 방법으로 구축한 정부의 재정을 도로 거두어들이는 제도.,¶올해부터 시행되는 {공공 재정 환수 제도로} 원래 사용 목적과 다르게 사용되거나 허위ㆍ과다 청구된 ‘눈먼 나랏돈’이 사라질 전망이다.,310
2020,공동주택사육허가제,(共同住宅飼育許可制),,전문어,『행정』,〔정치와 행정〕,"아파트, 연립 주택 따위의 공동 주택 내에서 맹견을 기르고자 할 때, 정부의 허가를 받도록 하는 제도.",¶정부는 맹견에 의한 물림 사고를 예방하기 위해 2022년까지 {공동 주택 사육 허가제를} 도입할 계획이다.,26
2020,공익기능증진직불금,(公益機能增進直拂金),,전문어,『행정』,〔정치와 행정〕,"농업, 어업 활동을 통해 지역을 유지하고 환경을 보전하는 등 사회 구성원 모두가 누릴 수 있는 편익을 높이기 위해 생산자에게 정부가 직접 보조하여 주는 돈.",¶기존에 쌀과 대규모 농가에만 지급이 편중되어 있던 {공익 기능 증진 직불금이} 올해부터는 모든 작물 및 중ㆍ소규모 농가를 대상으로 확대하여 지급된다.,32
2020,공익기능증진직불제,(公益機能增進直拂制),,전문어,『행정』,〔정치와 행정〕,"농업, 어업 활동을 통해 지역을 유지하고 환경을 보전하는 등 사회 구성원 모두가 누릴 수 있는 편익을 높이기 위해 생산자에게 정부가 직접 보조금을 주는 제도.","¶농림 축산 식품부는 {공익 기능 증진 직불제의} 시행으로 보조금이 확대되면서 농가의 양극화 해소, 농가 소득 증진 등의 효과가 기대된다고 밝혔다.",95
2020,공적마스크,(公的<영>mask),,전문어,『행정』,〔정치와 행정〕,"정부가 수급을 관리하는 마스크. 코로나19의 확산으로 마스크 품귀 현상이 발생함에 따라, 마스크 공급 문제를 해결하기 위해 생산량의 대부분을 정부에서 구매하여 공적 판매처를 통해 판매한 마스크이다.","¶정부가 약국ㆍ우체국 등을 통해 1개당 1500원, 1인당 5장 한정으로 {공적 마스크를} 판매한다고 발표했다.",310
2020,공적마스크제도,(公的<영>mask制度),,전문어,『행정』,〔정치와 행정〕,"공적 마스크 보급과 관련하여 만든 제도. 코로나19의 확산으로 마스크 품귀 현상이 발생함에 따라 정부에서 공적 마스크를 유통하기로 하고, 공적 마스크를 구매할 수 있는 날짜 및 장소, 구매량을 정한 제도이다. 2020년 2월 27일부터 시행되었고 이후 마스크 수급이 안정되자 2020년 7월 11일부로 폐지되었다.",¶{공적 마스크 제도는} 요일별 마스크 5부제를 적용해 인당 구매 수량을 정함으로써 수급을 안정하는 결과를 낳았다.,310
2020,공적판매처,(公的販賣處),,전문어,『행정』,〔정치와 행정〕,"공적 마스크를 판매하는 장소. 또는 그 기관. 코로나19의 확산으로 마스크 품귀 현상이 나타나자 정부에서 공적 마스크 제도를 시행하면서 공적 마스크 판매를 지정한 장소이다. 일부 약국 및 의료 기관, 우체국, 공영 홈쇼핑 등이 이에 해당한다. =마스크 공적 판매처.",¶정부가 공급하는 마스크 500만 개는 약국ㆍ우체국 등의 {공적 판매처를} 통해 구매할 수 있다.,310
2020,교육재난지원금,(敎育災難支援金),,전문어,『복지』,〔정치와 행정〕,전국적인 재난 사태로 인해 학교에서 정상적인 수업을 받지 못한 학생들에게 지원하여 주는 돈. 코로나19의 확산으로 학생들이 학교에 가지 못하고 가정에서 온라인 학습 등을 함에 따라 가정에 전가된 경제적 부담을 덜어 주기 위해 일부 지방 자치 단체에서 지급하는 교육 지원금이다.,¶OO시는 가계 부담을 덜기 위한 목적으로 전체 초ㆍ중ㆍ고등학생을 대상으로 1명당 10만 원씩의 ‘{교육 재난 지원금’을} 지급하기로 결정했다.,310
2020,국가돌봄병원,(國家돌봄病院),,전문어,『의학』,〔보건ㆍ의학〕,"재난 및 공공 보건 위기에 대응하기 위해 국가 차원에서 설립 및 운영하는 병원. 국군 병원, 경찰 병원, 보훈 병원 등 기존 공공 의료 시설의 연계 및 협력 체계를 중심으로 한다.","¶공공 의료 문제가 코로나19로 인해 다시 한번 화두로 떠오르며 문제를 해결하기 위한 한 방법으로 군, 소방, 경찰을 연결하는 {국가 돌봄 병원을} 구축하자는 논의가 있었다.",6
2020,국가연구개발혁신법,(國家硏究開發革新法),,전문어,『법률』,〔정치와 행정〕,중앙 행정 기관이 연구 개발을 위해 지원하는 사업에 대한 관리 규정을 체계적으로 바꾼 법. 기존의 복잡한 관리 규정을 간소화ㆍ체계화하는 것을 주요 골자로 하여 연구자가 행정 업무에 대한 부담 없이 연구에 전념할 수 있도록 하는 것이 목적이다. 2020년 6월 9일 제정되었고 2021년 1월 1일부터 시행되었다.,¶{국가 연구 개발 혁신법이} 시행되면서 연구자의 행정적 부담은 줄고 연구에 대한 책임과 자율이 강화되었다. 그만큼 혁신적인 성과를 도출해 내야 하는 연구자의 의무도 커졌다.,310
2020,국민내일배움카드,(國民來日배움<영>card),,전문어,『복지』,〔정치와 행정〕,직업 능력 개발 훈련이 필요한 사람들이 관련된 지원을 받을 수 있도록 정부에서 발급하는 카드.,"¶{국민 내일 배움 카드는} 재직, 자영업, 실업 여부에 관계없이 발급받을 수 있고, 금액도 개인당 300~500만 원 수준을 지원 받는다.",310
2020,국민안심마스크,(國民安心<영>mask),,전문어,『보건 일반』,〔정치와 행정〕,"정부가 주도로 하여 생산하고 보급한 필터 교체형 면 마스크. 코로나19의 확산으로 마스크 품귀 현상이 발생함에 따라 일회용 보건 마스크를 대체하기 위해 제작된 마스크로, 이중으로 된 면 사이에 필터를 끼워 넣어 사용한다.",¶OOO 위원장은 “{국민 안심 마스크의} 생산으로 국민은 불안감을 해소하고 지역 제조업자들은 일감을 창출하는 상생이 이루어지기를 바란다.”라고 말했다.,310
2020,그린스완,(<영>green swan),,전문어,『경제』,〔경제생활〕,"기후 변화가 초래한 경제적 위기를 이르는 말. 전혀 예상하지 못했던 일로 인한 경제적 위기를 뜻하는 ‘블랙 스완’에서 나온 말로, 환경 오염으로 인한 이상 기후 현상이 막대한 경제적 비용을 발생시키며 엄청난 경제 위기를 맞을 수 있다는 의미로 사용된다.",¶최근 전 세계적으로 나타나는 이상 기후 현상으로 인해 금융 당국도 {그린 스완을} 우려하고 나섰다.,310
2020,금융안정특별대출제도,(金融安定特別貸出制度),,전문어,『경제』,〔경제생활〕,한국은행이 민간 기업에서 발행한 회사채를 담보로 하여 은행 및 비은행 금융 기관에 자금을 빌려주는 제도. 회사채 시장의 안정을 꾀하고 금융 기관의 자금 조달을 돕기 위해 신설되었다.,¶한국은행은 {금융 안정 특별 대출 제도에} 따라 우량 회사채를 담보로 하여 증권사ㆍ보험사 등에 특별 대출을 실시한다.,310
2020,금융투자소득세,(金融投資所得稅),,전문어,『경제』,〔경제생활〕,금융 상품 및 투자 상품을 통해 실현된 모든 소득과 손실을 합산한 금액에 대하여 부과하는 세금.,"¶{금융 투자 소득세는} 모든 금융 투자 상품에서 발생하는 소득에 대해 세금을 부과하는 것으로, 손익이 3억 원 이하라면 20퍼센트의 세율이 적용되고, 3억 원을 초과하면 25퍼센트의 세율이 적용된다.",310
2020,기간안정산업기금,(基幹安定産業基金),,전문어,『경제』,〔정치와 행정〕,"기간산업의 경영난 및 그에 따른 근로자의 고용 불안을 해소하기 위해 정부가 지급하는 기금. 코로나19의 확산으로 인해 기간산업계가 어려움을 겪자 정부가 지원하는 돈으로, 한국 산업 은행이 기업에 자금을 빌려주고 정부에서 지급 보증을 해 주는 형식으로 운영된다. 기간산업을 영위하는 기업이나 기간산업 기업을 지원하기 위해 설립된 회사 및 기구를 지원 대상으로 한다. =기간산업 기금, 기간산업 안정 기금.",¶OO 기업 관계자는 “현실적으로 {기간 안정 산업 기금의} 지원 없이 사업을 지속하는 것은 쉽지 않다.”라며 지원에 대한 절실함을 보였다.,11
2020,기간산업기금,(基幹産業基金),,전문어,『경제』,〔정치와 행정〕,"기간산업의 경영난 및 그에 따른 근로자의 고용 불안을 해소하기 위해 정부가 지급하는 기금. 코로나19의 확산으로 인해 기간산업계가 어려움을 겪자 정부가 지원하는 돈으로, 한국 산업 은행이 기업에 자금을 빌려주고 정부에서 지급 보증을 해 주는 형식으로 운영된다. 기간산업을 영위하는 기업이나 기간산업 기업을 지원하기 위해 설립된 회사 및 기구를 지원 대상으로 한다. =기간산업 안정 기금, 기간 안정 산업 기금.",¶{기간산업 기금을} 지원 받은 기업은 6개월 동안 근로자 수를 전체의 90퍼센트 이상으로 유지해야 한다.,310
2020,기간산업안정기금,(基幹産業安定基金),,전문어,『경제』,〔정치와 행정〕,"기간산업의 경영난 및 그에 따른 근로자의 고용 불안을 해소하기 위해 정부가 지급하는 기금. 코로나19의 확산으로 인해 기간산업계가 어려움을 겪자 정부가 지원하는 돈으로, 한국 산업 은행이 기업에 자금을 빌려주고 정부에서 지급 보증을 해 주는 형식으로 운영된다. 기간산업을 영위하는 기업이나 기간산업 기업을 지원하기 위해 설립된 회사 및 기구를 지원 대상으로 한다. =기간산업 기금, 기간 안정 산업 기금.",¶OO 항공은 {기간산업 안정 기금} 심사에 통과하여 약 2조 4000억 원을 지원 받을 예정이다.,310
2020,기간산업안정자금,(基幹産業安定資金),,전문어,『경제』,〔정치와 행정〕,"기간산업의 경영난 및 그에 따른 근로자의 고용 불안을 해소하기 위해 정부가 지급하는 자금. 코로나19의 확산으로 인해 기간산업계가 어려움을 겪자 정부가 지원하는 돈으로, 한국 산업 은행이 기업에 자금을 빌려주고 정부에서 지급 보증을 해 주는 형식으로 운영된다. 기간산업을 영위하는 기업이나 기간산업 기업을 지원하기 위해 설립된 회사 및 기구를 지원 대상으로 한다.",¶OOO 연구원은 “백신이 보급되더라도 본격적인 여객 수요 회복까지는 약 6개월의 시간이 소요될 전망이므로 {기간산업 안정 자금과} 같은 자금 확보 전략이 필요하다.”라고 분석했다.,310
2020,기간산업지원금,(基幹産業支援金),,전문어,『경제』,〔정치와 행정〕,"기간산업의 경영난 및 그에 따른 근로자의 고용 불안을 해소하기 위해 정부가 지급하는 지원금. 코로나19의 확산으로 인해 기간산업계가 어려움을 겪자 정부가 지원하는 돈으로, 한국 산업 은행이 기업에 자금을 빌려주고 정부에서 지급 보증을 해 주는 형식으로 운영된다. 기간산업을 영위하는 기업이나 기간산업 기업을 지원하기 위해 설립된 회사 및 기구를 지원 대상으로 한다.",¶당초 정부는 {기간산업 지원금의} 대상 업종을 항공 및 해운업으로 한정했었으나 자동차 업계 역시 어려움을 겪고 있다는 사실에 공감하여 지원 대상을 확대하였다.,37
2020,기본재난소득,(基本災難所得),,전문어,『복지』,〔정치와 행정〕,"전국적인 재난 사태로 인해 경제적으로 어려운 상황에 처한 사람이 기본 생활을 유지할 수 있도록 정부에서 지급하는 소득. 코로나19의 대유행으로 인한 경제적 위기 상황을 극복하기 위해 정부에서 국민들에게 지원금을 지급하는 방안을 논의하는 과정에서 나온 말이다. =재난 기본 소득, 재난 생계 소득.",¶OO시 시장이 코로나19의 확산으로 경제적 어려움을 겪는 가구를 돕기 위해 한 가구당 60만 원을 지원하는 {기본 재난 소득의} 실시를 주장했다.,304
2020,기본재난지원금,(基本災難支援金),,전문어,『복지』,〔정치와 행정〕,"전국적인 재난 사태로 인해 국민들에게 정부가 지급하는 지원금. 코로나19의 확산으로 인한 경제 위축이 장기화되자 국민들의 생계를 지원하고 위축된 소비 심리를 진작하기 위해 마련된 제도로, 지급 주체가 지방 자치 단체일 경우 각 지방 자치 단체에 따라 지급 내용과 용어가 조금씩 다르다.",¶O 의원은 “코로나19가 진정될 기미가 없는 상태에서 민간 소비가 활성화될 수 있도록 {기본 재난 지원금의} 편성에 하루빨리 착수해야 한다.”라고 강조했다.,33
2020,기부금특별법,(寄附金特別法),,전문어,『법률』,〔정치와 행정〕,지급된 긴급 재난 지원금을 수령하지 않고 국고로 기탁하는 금전에 대한 사항을 제정한 법률. 주요 내용은 코로나19의 경제적 파장으로 인해 국민에게 지급된 긴급 재난 지원금을 수령자가 스스로 국고로 기부 의사를 밝히고 기탁하거나 일정 기간 이내에 수령하지 않을 경우 자동적으로 기부금으로 간주된다는 것 따위이다.,¶지원금이 지급된 후 별도의 신청을 하지 않고 3개월이 지나면 {기부금 특별법에} 의해 자동으로 기부금으로 전환된다.,186
2020,기안기금채권,(基安基金債券),,전문어,『경제』,〔경제생활〕,기간산업 안정 기금을 조성하기 위해 발행된 채권.,¶OO 항공에는 기안산업 안정 기금의 금리가 연 7퍼센트 정도로 적용되었다. {기안 기금 채권의} 조달 금리가 연 1.0퍼센트에서 1.5퍼센트 수준인 점에 비해 금리가 너무 높다는 지적이 나온다.,109
2020,기업구호긴급자금,(企業救護緊急資金),,전문어,『경제』,〔정치와 행정〕,국가의 경제 위기로 인해 도산 위기에 처한 기업들을 지원하기 위한 자금. 코로나19의 장기화로 인한 경제 위축 때문에 어려움을 겪는 기업들을 지원하는 돈이다.,¶정부는 “100조 원 규모의 {기업 구호 긴급 자금을} 투입하여 기업이 코로나19의 영향으로 도산하는 일은 반드시 막겠다.”라며 자금 도입의 필요성을 말했다.,310
2020,긴급고용안정자금,(緊急雇傭安定資金),,전문어,『복지』,〔정치와 행정〕,"전국적인 재난 사태로 인해 소득 혹은 매출이 감소한 특수 형태 근로 종사자 및 프리랜서, 영세 자영업자 등의 취약 계층을 지원하기 위해 정부가 긴급하게 지급하는 자금. 코로나19의 확산과 그에 따른 경제 위기로 인해 마련된 제도이다.",¶정부가 코로나19로 인한 고용 한파를 막기 위해 10조 원 규모의 {긴급 고용 안정 자금을} 조성한다.,310
2020,긴급고용안정지원금,(緊急雇傭安定支援金),,전문어,『복지』,〔정치와 행정〕,"전국적인 재난 사태로 인해 소득 혹은 매출이 감소한 특수 형태 근로 종사자 및 프리랜서, 영세 자영업자 등의 취약 계층을 지원하기 위해 정부가 긴급하게 지급하는 지원금. 코로나19의 확산과 그에 따른 경제 위기로 인해 마련된 제도이다. =긴급 고용 지원금.","¶정부는 코로나19로 직접 타격을 입은 고용 시장에 대한 대비책의 하나로 “고용 지원 제도의 사각지대로 여겨졌던 영세 사업자, 특수 고용직 노동자, 프리랜서 등의 90만 명에게 3개월 동안 50만 원씩의 {긴급 고용 안정 지원금을} 지급하겠다.”라고 계획을 밝혔다.",310
2020,긴급고용유지지원금,(緊急雇傭維持支援金),,전문어,『복지』,〔정치와 행정〕,전국적인 재난 사태로 인한 경기 침체 속에서도 계속해서 근로자들의 고용을 유지하는 기업에 정부가 지원하는 자금. 코로나19의 확산으로 인한 경영 위기 속에서도 휴직 혹은 일시 휴업 따위를 이용하여 근로자들의 일자리를 보장해 주는 기업을 위해 정부가 지원하는 돈이다.,¶코로나19의 여파로 지역 경제가 커다란 타격을 입으면서 기업의 {긴급 고용 유지 지원금} 요청이 폭증하고 있다.,25
2020,긴급고용지원금,(緊急雇傭支援金),,전문어,『복지』,〔정치와 행정〕,"전국적인 재난 사태로 인해 소득 혹은 매출이 감소한 특수 형태 근로 종사자 및 프리랜서, 영세 자영업자 등의 취약 계층을 지원하기 위해 정부가 긴급하게 지급하는 지원금. 코로나19의 확산과 그에 따른 경제 위기로 인해 마련된 제도이다. =긴급 고용 안정 지원금.","¶고용 노동부에 따르면 {긴급 고용 지원금의} 집행률이 80퍼센트를 넘겼으며, 코로나19의 확산이 멈추지 않으면 이 수요는 계속 늘 것이라고 전망된다.",289
2020,긴급돌봄제도,(緊急돌봄制度),,전문어,『복지』,〔정치와 행정〕,"전국적인 재난 사태가 발생한 상황에서 정부가 지정한 기관이 노인이나 아동 등을 맡아 돌보아 주는 제도. 코로나19의 확산으로 인해 대부분의 보육 시설 및 학교, 복지관 등이 문을 닫으면서 발생한 돌봄 공백을 없애기 위해서 마련된 제도이다.",¶직장인이자 두 아이의 엄마인 OOO 씨는 코로나19 확산으로 전국 어린이집 휴원이 결정되면서 {긴급 돌봄 제도를} 이용하기로 했다.,127
2020,긴급돌봄지원단,(緊急돌봄支援團),,전문어,『복지』,〔정치와 행정〕,"전국적인 재난 사태로 인해 발생한 노인이나 장애인, 아동 등의 돌봄 공백을 해소하기 위해 지방 자치 단체와 고용 계약을 맺고 채용된 인력. 코로나19의 확산에 따라 자가 격리 대상자 또는 확진자로 분류된 노인 및 장애인과 지정된 전문 시설에 동반 입소하여 돌봄 서비스를 제공한다.",¶OO시는 코로나19으로 인한 돌봄 활동의 공백을 막기 위해 노인 및 장애인에 대한 {긴급 돌봄 지원단을} 모집하기로 결정했다.,310
2020,긴급돌봄학교,(緊急돌봄學校),,전문어,『복지』,〔정치와 행정〕,전국적인 재난 사태가 발생한 상황에서 돌봄 교실을 운영하도록 정부가 지정한 학교. 코로나19의 확산으로 인해 대부분의 학교가 휴교함에 따라 발생한 돌봄 공백을 없애고 맞벌이 부부의 보육 부담을 줄이기 위해서 마련되었다.,¶코로나19로 인해 전국의 개학이 연기되면서 학생들의 돌봄 문제에도 비상이 걸렸다. 초등학생 아들을 두었다는 한 학부모는 “시어머니가 아들을 밖에 내보내는 것을 반대하여 {긴급 돌봄 학교는} 생각도 못한다.”라고 걱정을 표했다.,136
2020,긴급민생지원금,(緊急民生支援金),,전문어,『복지』,〔정치와 행정〕,"생계에 어려움을 겪는 국민들에게 정부가 긴급하게 지급하는 지원금. 코로나19의 확산으로 인한 경제 위축이 장기화되자 국민들의 생계를 지원하고 위축된 소비 심리를 진작하기 위해 마련된 제도로, 지급 주체가 지방 자치 단체일 경우 각 지방 자치 단체에 따라 지급 내용과 용어가 조금씩 다르다.",¶OO시는 코로나19의 확산으로 지역 경제가 위축되어 {긴급 민생 지원금을} 단계별로 지원한다고 밝혔다.,310
2020,긴급생계수당,(緊急生計手當),,전문어,『복지』,〔정치와 행정〕,전국적인 재난 사태로 인해 경제적으로 어려운 상황에 처한 사람을 돕기 위해 정부에서 긴급하게 지급하는 수당. 코로나19의 대유행으로 인한 경제적 위기 상황을 극복하기 위해 정부에서 국민들에게 지원금을 지급하는 방안을 논의하는 과정에서 나온 말이다. =긴급 재난 수당.,¶O 지사는 “코로나19로 고통 받고 있는 국민들에게 {긴급 생계 수당을} 신속하게 지급하여 지역 경제를 활성화하는 것이 급선무이다.”라며 정부의 지급 결정을 촉구했다.,25
2020,긴급생존자금,(緊急生存資金),,전문어,『복지』,〔정치와 행정〕,"전국적인 재난 사태로 인해 국민들에게 정부가 긴급하게 지급하는 자금. 코로나19의 확산으로 인한 경제 위축이 장기화되자 국민들의 생계를 지원하고 위축된 소비 심리를 진작하기 위해 마련된 제도로, 지급 주체가 지방 자치 단체일 경우 각 지방 자치 단체에 따라 지급 내용과 용어가 조금씩 다르다.",¶OOO 시장이 기자 회견을 통해 정부에 “코로나19의 피해를 가장 직접적으로 입은 OO 지역에 상권 회복을 위한 {긴급 생존 자금을} 우선적으로 지원해 줄 것을 공식적으로 요청한다.”라는 입장을 밝혔다.,310
2020,긴급재난기본소득,(緊急災難基本所得),,전문어,『복지』,〔정치와 행정〕,"전국적인 재난 사태로 인해 경제적으로 어려운 상황에 처한 사람이 기본 생활을 유지할 수 있도록 정부에서 긴급하게 지급하는 소득. 코로나19의 대유행으로 인한 경제적 위기 상황을 극복하기 위해 정부에서 국민들에게 지원금을 지급하는 방안을 논의하는 과정에서 나온 말이다. =긴급 재난 소득, 긴급 재난 지원 소득.",¶OO당은 “{긴급 재난 기본 소득으로} 일 인당 백만 원 정도는 지급해야 한다.”라며 지급 수준과 지급 대상 확대를 주장했다.,310
2020,긴급재난기부금,(緊急災難寄附金),,전문어,『복지』,〔정치와 행정〕,긴급 재난 지원금을 수령한 사람의 자발적 의사에 따라서 환수된 모집 기부금과 긴급 재난 지원금을 기간 내에 수령하지 않아 자동적으로 환수된 의제 기부금을 아울러 이르는 말. 코로나19의 확산과 그에 따른 경제 위기로 인해 지급된 긴급 재난 지원금을 기부금으로 활용하여 주로 노동자들의 고용 불안을 해소하기 위한 고용 보험 기금으로 사용된다.,"¶이번에 모집된 {긴급 재난 기부금은} 약 2800억 원으로, 향후 해당 금액은 일자리 창출과 고용 유지 등을 위해 활용될 것이다.",310
2020,긴급재난생계지원자금,(緊急災難生計支援資金),,전문어,『복지』,〔정치와 행정〕,"전국적인 재난 사태로 인해 생계에 어려움을 겪는 국민들에게 정부가 긴급하게 지급하는 자금. 코로나19의 확산으로 인한 경제 위축이 장기화되자 국민들의 생계를 지원하고 위축된 소비 심리를 진작하기 위해 마련된 제도로, 지급 주체가 지방 자치 단체일 경우 각 지방 자치 단체에 따라 지급 내용과 용어가 조금씩 다르다.",¶한 콜센터에서 코로나19 집단 확진이 발생하자 OO 콜센터 노조는 “정부는 지원 사각지대에 놓여 있는 취약 노동자 보호를 위해 {긴급 재난 생계 지원 자금} 등 대책을 수립하여 생계를 위한 돈을 지급해야 한다.”라고 주장했다.,7
2020,긴급재난생계지원금,(緊急災難生計支援金),,전문어,『복지』,〔정치와 행정〕,"전국적인 재난 사태로 인해 생계에 어려움을 겪는 국민들에게 정부가 긴급하게 지급하는 지원금. 코로나19의 확산으로 인한 경제 위축이 장기화되자 국민들의 생계를 지원하고 위축된 소비 심리를 진작하기 위해 마련된 제도로, 지급 주체가 지방 자치 단체일 경우 각 지방 자치 단체에 따라 지급 내용과 용어가 조금씩 다르다. =긴급 재난 생활 지원금, 재난 긴급 생활 지원금.",¶OO시는 {긴급 재난 생계 지원금을} 지급한 이후 지역 상권이 눈에 띄게 활성화되었다고 전했다.,310
2020,긴급재난생계비,(緊急災難生計費),,전문어,『복지』,〔정치와 행정〕,"전국적인 재난 사태로 인해 생계에 어려움을 겪는 국민들에게 정부가 긴급하게 지급하는 비용. 코로나19의 확산으로 인한 경제 위축이 장기화되자 국민들의 생계를 지원하고 위축된 소비 심리를 진작하기 위해 마련된 제도로, 지급 주체가 지방 자치 단체일 경우 각 지방 자치 단체에 따라 지급 내용과 용어가 조금씩 다르다. =긴급 재난 생활비, 재난 긴급 생활비.",¶{긴급 재난 생계비는} 코로나19 상황에서 생계가 어려워진 중위 소득 100퍼센트 이하의 30만 가구에 지급되도록 1020억 원을 배정했다.,310
2020,긴급재난생활지원금,(緊急災難生活支援金),,전문어,『복지』,〔정치와 행정〕,"전국적인 재난 사태로 인해 생계에 어려움을 겪는 국민들에게 정부가 긴급하게 지급하는 지원금. 코로나19의 확산으로 인한 경제 위축이 장기화되자 국민들의 생계를 지원하고 위축된 소비 심리를 진작하기 위해 마련된 제도로, 지급 주체가 지방 자치 단체일 경우 각 지방 자치 단체에 따라 지급 내용과 용어가 조금씩 다르다. =긴급 재난 생계 지원금, 재난 긴급 생활 지원금.",¶OO 지역은 코로나19의 확산으로 어려움을 겪고 있는 지역민 모두에게 1인당 10만 원씩의 {긴급 재난 생활 지원금을} 지급할 예정이다.,186
2020,긴급재난생활비,(緊急災難生活費),,전문어,『복지』,〔정치와 행정〕,"전국적인 재난 사태로 인해 생계에 어려움을 겪는 국민들에게 정부가 긴급하게 지급하는 비용. 코로나19의 확산으로 인한 경제 위축이 장기화되자 국민들의 생계를 지원하고 위축된 소비 심리를 진작하기 위해 마련된 제도로, 지급 주체가 지방 자치 단체일 경우 각 지방 자치 단체에 따라 지급 내용과 용어가 조금씩 다르다. =재난 긴급 생활비, 긴급 재난 생계비.","¶OO시가 “지역에 살고 있는 외국인에게도 긴급 재난 생활비를 지원하기로 결정했으며, 지급 기준은 내국인과의 형평성을 고려하여 정해질 것이다.”라고 전했다.",310
2020,긴급재난소득,(緊急災難所得),,전문어,『복지』,〔정치와 행정〕,"전국적인 재난 사태로 인해 경제적으로 어려운 상황에 처한 사람이 기본 생활을 유지할 수 있도록 정부에서 긴급하게 지급하는 소득. 코로나19의 대유행으로 인한 경제적 위기 상황을 극복하기 위해 정부에서 국민들에게 지원금을 지급하는 방안을 논의하는 과정에서 나온 말이다. =긴급 재난 기본 소득, 긴급 재난 지원 소득.",¶O 지사는 “가용 가능한 재원을 총동원하여 {긴급 재난 소득을} 포함한 다양한 경제 대책을 추진할 것이지만 정부와 국회의 보편적인 지원이 절실하다.”라고 말했다.,310
2020,긴급재난수당,(緊急災難手當),,전문어,『복지』,〔정치와 행정〕,전국적인 재난 사태로 인해 경제적으로 어려운 상황에 처한 사람을 돕기 위해 정부에서 긴급하게 지급하는 수당. 코로나19의 대유행으로 인한 경제적 위기 상황을 극복하기 위해 정부에서 국민들에게 지원금을 지급하는 방안을 논의하는 과정에서 나온 말이다. =긴급 생계 수당.,¶OOO 의원은 “코로나19에 의한 비상사태에 대응하는 경제적 정책으로 적극적으로 {긴급 재난 수당을} 검토해야 한다.”라고 했습니다.,204
2020,긴급재난지원소득,(緊急災難支援所得),,전문어,『복지』,〔정치와 행정〕,"전국적인 재난 사태로 인해 경제적으로 어려운 상황에 처한 사람이 기본 생활을 유지할 수 있도록 정부에서 긴급하게 지급하는 소득. 코로나19의 대유행으로 인한 경제적 위기 상황을 극복하기 위해 정부에서 국민들에게 지원금을 지급하는 방안을 논의하는 과정에서 나온 말이다. =긴급 재난 기본 소득, 긴급 재난 소득.",¶OO 지역 관계자는 “절박한 심정으로 {긴급 재난 지원 소득을} 마련할 것이다. 모든 재원을 아끼고 총동원하여 150억 원 이상을 지원하겠다.”라고 전했다.,187
2020,긴급재난금,(緊急災難金),,전문어,『복지』,〔정치와 행정〕,"전국적인 재난 사태로 인해 생계에 어려움을 겪는 국민들에게 정부가 긴급하게 지급하는 일정 금액의 현금 혹은 현물. 코로나19의 확산으로 인한 경제 위축이 장기화되자 국민들의 생계를 지원하고 위축된 소비 심리를 진작하기 위해 마련된 제도로, 지급 주체가 지방 자치 단체일 경우 각 지방 자치 단체에 따라 지급 내용과 용어가 조금씩 다르다.",¶OO시가 코로나19 확산 방지를 위해 방역 수칙을 철저하게 준수한 집합 금지 대상 시설들에게 {긴급 재난금을} 우선 지원한다.,310
2020,긴급청년수당,(緊急靑年手當),,전문어,『복지』,〔정치와 행정〕,전국적인 재난 사태로 인해 일자리를 잃거나 구직에 어려움을 겪고 있는 청년들을 위해 정부에서 긴급하게 지급하는 수당. 코로나19로 인한 재난 상황에서 지급되기 시작했다. =청년 긴급 수당.,¶OO시가 코로나19의 확산으로 알바 등의 일자리를 잃은 청년들에게 {긴급 청년 수당을} 지원한다.,15
2020,꾸안꾸룩,(꾸안꾸<영>look),,전문어,『복식』,〔의생활〕,꾸민 듯하면서도 안 꾸민 듯한 자연스러운 느낌을 추구한 옷차림.,¶배우 OOO은 종방연에서 화려한 액세서리에 청바지를 매치해 입으며 과하지 않고 편안한 느낌의 {꾸안꾸 룩을} 뽐냈다.,310
2020,녹녹갈등,(綠綠葛藤),,전문어,『환경』,〔자연〕,"‘녹색과 녹색의 갈등’을 줄여 이르는 말. 온실가스 배출 등의 환경 문제를 해결하기 위해 풍력, 수력 따위의 재생 가능 에너지 개발을 추구하는 과정에서 오히려 또 다른 환경 문제가 발생할 경우에 생기는 의견 대립을 말한다.","¶풍력, 태양열 등 재생 가능 에너지로의 전환은 당면한 시대적 흐름이지만 환경 파괴를 일으키며 {녹녹 갈등이} 있는 것도 사실이다.",14
2020,도슨트북,(<영>docent book),,전문어,『예체능 일반』,〔문화〕,"공연이나 전시회 따위에서 관람객에게 공연이나 전시와 관련한 설명을 제공하기 위한 종이책, 전자책, 오디오 북 등을 통틀어 이르는 말. 미술관 혹은 박물관 등에서 관람객에게 전시와 관련된 설명을 해 주는 사람인 도슨트에서 따온 말이다. ⇒규범 표기는 미확정이다.","¶이번 공연의 마케팅에서 주목할 점은 국내에서 처음 서비스된 공연용 {도슨트 북으로}, 관객들은 이를 통해 공연에 필요한 배경지식을 10분이면 쌓을 수 있다.",310
2020,드라이브스루선별진료소,(<영>drive-through選別診療所),,전문어,『보건 일반』,〔보건ㆍ의학〕,"자동차에 탄 채로 감염병의 감염 여부를 검사 받을 수 있도록 마련한 곳. 코로나19의 급격한 확산으로 인해 진단 검사에 대한 수요가 늘어나자, 짧은 시간 내에 많은 사람들을 검사하고, 대기자 및 의료진의 교차 감염 위험을 줄이기 위해 도입된 의료 시설이다.",¶OO시 관계자는 “차를 타고 와서 바로 검사하는 {드라이브스루 선별 진료소를} 도입하면서 코로나19 검사 시간을 획기적으로 단축했다.”라고 말했다.,310
2020,마스크공적판매처,(<영>mask公的販賣處),,전문어,『보건 일반』,〔정치와 행정〕,"공적 마스크를 판매하는 장소. 또는 그 기관. 코로나19의 확산으로 마스크 품귀 현상이 나타나자 정부에서 공적 마스크 제도를 시행하면서 공적 마스크 판매를 지정한 장소이다. 일부 약국 및 의료 기관, 우체국, 공영 홈쇼핑 등이 이에 해당한다. =공적 판매처.",¶공적 마스크가 출시됨에 따라 앞으로 {마스크 공적 판매처에서} 비교적 저렴한 가격으로 보건 마스크를 구입할 수 있게 되었다.,310
2020,마스크오부제,(<영>mask五部制),,전문어,『보건 일반』,〔정치와 행정〕,"일주일을 출생 연도별로 구분하여 지정 요일에만 마스크를 구입할 수 있게 한 제도. 코로나19의 확산으로 보건 마스크의 구입이 어렵게 되자, 월요일은 1ㆍ6년, 화요일은 2ㆍ7년, 수요일은 3ㆍ8년, 목요일은 4ㆍ9년, 금요일은 5ㆍ0년으로 출생 연도가 끝나는 사람들이 공적 판매처에서 정해진 수량의 마스크를 구매할 수 있었다. 2020년 3월 9일에 시행되어 2020년 7월 11일에 폐지되었다.","¶정부는 마스크 수급의 안정화를 위하여 공적 마스크를 공급하는 한편, {마스크 오부제를} 시행하였다.",3
2020,마스크의무제,(<영>mask義務制),,전문어,『보건 일반』,〔정치와 행정〕,실내와 실외에서 식사를 하는 등의 불가피한 경우를 제외하고 마스크의 착용을 의무화하는 제도. 코로나19의 감염과 확산을 막기 위하여 시행되었다.,¶{마스크 의무제의} 시행으로 대중교통 이용 시 마스크를 착용하지 않으면 과태료가 부가된다.,15
2020,몰수보호시설,(沒收保護施設),,전문어,『법률』,〔정치와 행정〕,보호받지 못하는 동물들을 몰수한 후 국가에서 안전하게 보호하기 위해 만든 시설. 특히 멸종 위기종인 반달가슴곰을 보호하기 위한 시설이다.,"¶정부가 불법 증식된 곰을 몰수하고, 이를 보호할 수 있는 {몰수 보호 시설이} 마련될 전망이다.",17
2020,무인적조관측시스템,(無人赤潮觀測<영>system),,전문어,『환경』,〔삶〕,"사람이 없이 적조 현상을 관찰하고 예측할 수 있는 시스템. 24시간 내내 적조 현상을 예찰할 수 있으며, 고수온ㆍ적조로 인한 피해를 예방하고 최소화하는 데 목적을 둔다.",¶정부는 적조 현상을 미리 관측하고 대비하기 위하여 올해 처음으로 {무인 적조 관측 시스템을} 도입하였다.,8
2020,미세먼지계절관리제,(微細먼지季節管理制),,전문어,『법률』,〔정치와 행정〕,"고농도 미세 먼지의 발생이 빈번한 12월부터 3월까지 평상시보다 강력한 관리와 대책으로 미세 먼지의 발생을 줄이기 위한 제도. 이 기간 동안 배출 가스 5등급 차량의 운행이 제한되며, 대기 오염 물질 배출 사업장이 집중 관리 대상이 된다.",¶푸른 하늘을 지키기 위해 2020년 12월 1일부터 2021년 3월 31일까지 {미세 먼지 계절 관리제를} 시행한다.,310
2020,베어마겟돈,(<영>bearmageddon),차용,전문어,『경제』,〔경제생활〕,통화 완화 정책을 사용해도 주가가 오히려 폭락하는 현상을 이르는 말. 성경에서 종말을 의미하는 ‘아마겟돈(Armageddon)’과 시세가 하락하는 주식 시장을 상징하는 ‘곰(bear)’을 결합하여 만든 말이다.,¶미국에서 기습적으로 금리를 인하했음에도 주가가 폭락하자 주식 시장에 {베어마겟돈이} 현실로 나타났다는 의견이 제기됐다.,3
2020,비화이트국,(非<영>white國),접두 파생,전문어,『경제』,〔경제생활〕,정부가 외국과 교역 시 전략 물자 수출 절차를 간소화할 수 있도록 정한 우대국에 해당하지 않는 국가. =비백색 국가.,¶한국 정부는 OO이 한국을 화이트국에서 {비화이트국으로} 격하한 것에 대해 깊은 유감을 표명하였다.,40
2020,비례신당,(比例新黨),,전문어,『정치』,〔정치와 행정〕,비례 대표제 선거에서 비례 대표 후보를 내기 위해 새로 만든 신당.,¶OOO 의원은 이날 기자 회견에서 {비례 신당의} 창당을 선언하였다.,310
2020,비례연합공천,(比例聯合公薦),,전문어,『정치』,〔정치와 행정〕,여러 정당들이 같은 목적을 가지고 연합하여 단일한 비례 후보를 추천하는 일.,¶각 당의 이해관계가 첨예하게 대립되어 {비례 연합 공천에} 어려움을 겪고 있다.,16
2020,비례연합정당,(比例聯合政黨),,전문어,『정치』,〔정치와 행정〕,비례 대표제 선거에서 정당의 득표수를 높이기 위하여 선거 연합의 방식으로 합쳐진 정당. =비례 연합당.,¶OO당이 이번 총선에서 {비례 연합 정당에} 합류하기로 결론을 내렸다.,310
2020,비례연합당,(比例聯合黨),,전문어,『정치』,〔정치와 행정〕,비례 대표제 선거에서 정당의 득표수를 높이기 위하여 선거 연합의 방식으로 합쳐진 정당. =비례 연합 정당.,¶OO당은 독자적 진보 정당을 추구하기 위해 {비례 연합당에} 참여하지 않겠다고 밝혔다.,310
2020,비례위성정당,(比例衛星政黨),,전문어,『정치』,〔정치와 행정〕,비례 대표제 선거에서 비례 의석을 많이 확보하기 위하여 창당한 위성 정당. =비례 위성당.,¶그는 거대 양당이 {비례 위성 정당을} 만들어 이번 총선을 진영 대결로 몰고 갔다고 비판하였다.,310
2020,비례위성당,(比例衛星黨),,전문어,『정치』,〔정치와 행정〕,비례 대표제 선거에서 비례 의석을 많이 확보하기 위하여 창당한 위성 정당. =비례 위성 정당.,¶OO당이 {비례 위성당의} 창당에 참여했더라면 특정 당의 돌풍이 이렇게 세진 않았을 것으로 보인다.,34
2020,비례자매정당,(比例姊妹政黨),,전문어,『정치』,〔정치와 행정〕,정치적 이념이 같은 사람들끼리 비례 대표제 선거에 대비하여 창당한 친선 관계의 정당.,¶OO당이 연동형 비례 대표제에 대응하기 위해 {비례 자매 정당의} 설립을 서두르는 모양새다.,49
2020,비례전문정당,(比例專門政黨),,전문어,『정치』,〔정치와 행정〕,연동형 비례 대표 선거제를 대비해서 정당들이 비례 대표 의석을 확보하기 위해 만든 정당.,¶{비례 전문 정당들은} 언론의 조명과 인재 영입으로 외형적으로 정당의 틀만 갖췄을 뿐이라는 지적이 나오고 있다.,265
2020,비말마스크,(飛沫<영>mask),,전문어,『보건 일반』,〔보건ㆍ의학〕,"병원체의 감염을 매개할 수 있는 침방울의 유입을 차단하기 위해 쓰는 마스크. 주로 비말을 매개로 전파되는 코로나19를 예방하기 위해 쓰는 마스크의 한 종류이다. 보건 마스크에 비해 두께가 얇아 숨쉬기 편하면서도 덴탈 마스크와 비슷한 수준의 침방울 차단 효과가 있다. =비말 차단 마스크, 비말 차단용 마스크.",¶요즘같이 날씨가 더울 때는 비말을 차단하면서도 숨쉬기 편한 {비말 마스크를} 착용하는 것도 좋은 방법이다.,310
2020,비말차단마스크,(飛沫遮斷<영>mask),,전문어,『보건 일반』,〔보건ㆍ의학〕,"병원체의 감염을 매개할 수 있는 침방울의 유입을 차단하기 위해 쓰는 마스크. 주로 비말을 매개로 전파되는 코로나19를 예방하기 위해 쓰는 마스크의 한 종류이다. 보건 마스크에 비해 두께가 얇아 숨쉬기 편하면서도 덴탈 마스크와 비슷한 수준의 침방울 차단 효과가 있다. =비말 마스크, 비말 차단용 마스크.",¶코로나19의 재확산으로 {비말 차단 마스크를} 쓰던 사람들도 다시 보건용 마스크를 찾기 시작했다.,310
2020,비말차단용마스크,(飛沫遮斷用<영>mask),,전문어,『보건 일반』,〔보건ㆍ의학〕,"병원체의 감염을 매개할 수 있는 침방울의 유입을 차단하기 위해 쓰는 마스크. 주로 비말을 매개로 전파되는 코로나19를 예방하기 위해 쓰는 마스크의 한 종류이다. 보건 마스크에 비해 두께가 얇아 숨쉬기 편하면서도 덴탈 마스크와 비슷한 수준의 침방울 차단 효과가 있다. =비말 마스크, 비말 차단 마스크.",¶더운 날씨에 연일 온라인에서 품절되고 있는 {비말 차단용 마스크를} 곧 대형 마트에서도 살 수 있게 된다.,310
2020,비백색국가,(非白色國家),,전문어,『경제』,〔경제생활〕,정부가 외국과 교역 시 전략 물자 수출 절차를 간소화할 수 있도록 정한 우대국에 해당하지 않는 국가. =비화이트국.,¶OO이 우리나라를 {비백색 국가로} 분류함에 따라 일본의 수입 의존도가 높은 반도체 소재 품목의 수입에 차질이 생길 것으로 보인다.,214
2020,비화이트리스트,(非<영>white list),,전문어,『경제』,〔경제생활〕,일본 정부가 외국과 교역 시 전략 물자 수출 절차를 간소화할 수 있도록 지정한 우대국 리스트에 포함되지 않는 국가들의 목록.,¶정부는 한국이 {비화이트 리스트로} 분류되면 일본 부품을 사용하는 한국 기업에 타격이 있을 것을 우려하고 있다.,50
2020,사스코로나바이러스이,(<영>SARS corona virus二),,전문어,『보건 일반』,〔보건ㆍ의학〕,코로나19를 일으키는 바이러스. 2003년에 유행한 사스(SARS)의 병원체인 사스 코로나바이러스와 구조가 비슷하여 붙인 이름이다.,¶{사스 코로나바이러스 이의} 유전자 지도가 완성되어 코로나19 치료제 개발에 보다 가까워지게 되었다.,0
2020,사전환자분류소,(事前患者分類所),,전문어,『보건 일반』,〔보건ㆍ의학〕,"응급실에 내원하기 전에 환자를 상태에 따라 분류하는 곳. 코로나19 감염 여부와 중증도에 따라 환자를 분류하는 곳으로, 응급실 내의 감염 문제를 해결하고 중증 응급 환자를 신속히 치료하기 위한 목적으로 설치되었다.","¶중증 응급 진료 센터는 {사전 환자 분류소에서} 코로나19 의심 증상 여부와 중증도에 따라 환자를 분류하며, 코로나19 의심 증상이 있는 중증 환자는 별도로 격리된 진료 구역에서 응급 처치를 받는다.",310
2020,사회진입활동비,(社會進入活動費),,전문어,『경제』,〔정치와 행정〕,"청년 정책 중 하나로, 미취업 청년의 구직을 돕기 위해 주는 지원금. 졸업 또는 중퇴 후 2년이 지나도록 취업하지 못한 청년에게 최대 300만 원까지 지원한다.",¶부산시는 미취업 청년 2000명에게 {사회 진입 활동비를} 지원할 예정이다.,295
2020,상거래신용등급,(商去來信用等級),,전문어,『경제』,〔경제생활〕,"상거래 신용 지수를 바탕으로 나눈 신용 등급. 한국형 상거래 신용 지수는 동종 업계 평균 대비 결제 기간, 고용 인원, 거래처 수 등을 토대로 산출하며, 이 지수를 기준으로 1~10 등급의 상거래 신용 등급이 나누어진다.",¶금융 당국 관계자는 신용 등급이 낮아도 {상거래 신용 등급이} 우수한 기업에게 보증을 지원하는 보증 상품을 출시할 예정이라고 밝혔다.,11
2020,상생특별보증,(相生特別保證),,전문어,『경제』,〔정치와 행정〕,"정부ㆍ지자체ㆍ관련 업체가 협력하여 경제적으로 어려운 중소ㆍ중견 기업에 제공하는 보증. 코로나19로 경제적 위기를 겪고 있는 기업을 지원하기 위한 것으로, 정부ㆍ지자체ㆍ관련 업체가 보증 재원을 마련하면 보증 기관에서 해당 업체를 대상으로 보증하는 방식이다.",¶정부는 코로나19 사태로 위기에 처한 자동차 부품업계를 지원하기 위해 {상생 특별 보증을} 신설하기로 밝혔다.,310
2020,생활방역수칙,(生活防疫守則),,전문어,『보건 일반』,〔보건ㆍ의학〕,"일상생활 속에서 전염병이 발생하거나 확산되는 것을 막기 위해 생활 속에서 지켜야 하는 전염병 예방 수칙. 경제 활동과 사회 활동을 하면서도 생활 속에서 코로나19를 예방하기 위해 지켜야 하는 규칙을 의미한다. 아프면 집에 머물기, 30초 이상 흐르는 물에 손 씻기 등이 이에 해당한다.","¶코로나19를 예방하기 위한 {생활 방역 수칙에는} 마스크 착용하기, 흐르는 물에 손 자주 씻기와 같은 개인위생 수칙도 포함된다.",310
2020,생활방역시스템,(生活防疫<영>system),,전문어,『보건 일반』,〔보건ㆍ의학〕,일상생활 속에서 전염병이 발생하거나 확산되는 것을 막기 위한 방역 시스템. 경제 활동과 사회 활동을 하면서도 생활 속에서 코로나19를 예방하기 위한 방역 시스템을 의미한다.,¶O 장관은 코로나19를 극복하기 위해 {생활 방역 시스템을} 정착시켜 일상과 방역의 조화를 이루겠다고 하였다.,310
2020,생활방역체계,(生活防疫體系),,전문어,『보건 일반』,〔정치와 행정〕,일상생활 속에서 전염병이 발생하거나 확산되는 것을 막기 위한 방역 체계. 경제 활동과 사회 활동을 하면서도 생활 속에서 코로나19를 예방하기 위한 방역 체계를 의미한다.,¶O 시장은 다중 이용 시설에 대한 {생활 방역 체계를} 구축하여 집단 감염의 위험을 최소화하겠다고 밝혔다.,310
2020,생활방역체제,(生活防疫體制),,전문어,『보건 일반』,〔정치와 행정〕,일상생활 속에서 전염병이 발생하거나 확산되는 것을 막기 위한 방역 체제. 경제 활동과 사회 활동을 하면서도 생활 속에서 코로나19를 예방하기 위한 방역 체제를 의미한다.,¶정부는 코로나19의 장기화에 따른 막대한 사회ㆍ경제적 손실을 극복하기 위해 사회적 거리 두기를 종료하고 {생활 방역 체제로} 전환하겠다고 밝혔다.,310
2020,생활속거리두기,(生活속距離두기),,전문어,『보건 일반』,〔삶〕,일상생활 속에서 전염병이 발생하거나 확산되는 것을 막기 위해 타인과 일정한 거리를 유지하는 일. 코로나19의 감염과 확산을 막기 위해 생겨난 말이다.,¶13일부터 방역 체계가 {생활 속 거리 두기로} 전환됨에 따라 저학년부터 순차적으로 등교 개학을 할 예정이다.,310
2020,생활치료센터,(生活治療<영>center),,전문어,『보건 일반』,〔보건ㆍ의학〕,"전염병에 걸렸으나 증상이 없거나 경미한 증상을 보이는 환자의 생활과 치료를 위한 시설. 코로나19의 확산으로 중증 환자의 병상 부족 문제를 해결하기 위해 만든 것으로, 일반 병원 외의 지정된 기숙사, 연수원 등의 시설이 이에 해당한다. =생활 치료 시설.",¶코로나19 경증환자는 {생활 치료 센터에} 들어가 의료진의 상시적 모니터링과 보호를 받게 된다.,310
2020,생활치료시설,(生活治療施設),,전문어,『보건 일반』,〔보건ㆍ의학〕,"전염병에 걸렸으나 증상이 없거나 경미한 증상을 보이는 환자의 생활과 치료를 위한 시설. 코로나19의 확산으로 중증 환자의 병상 부족 문제를 해결하기 위해 만든 것으로, 일반 병원 외의 지정된 기숙사, 연수원 등의 시설이 이에 해당한다. =생활 치료 센터.",¶O 시장은 코로나19 경증 환자들이 {생활 치료 시설에서} 건강하게 완치될 수 있도록 지원할 것이라고 밝혔다.,310
2020,선별검사센터,(選別檢査<영>center),,전문어,『보건 일반』,〔보건ㆍ의학〕,전염병 등의 감염 여부를 검사하기 위해 설치한 시설. 코로나19의 감염 여부를 검사하기 위한 시설이다.,"¶이 {선별 검사 센터는} 10개의 음압 기능이 있는 검사소를 갖추었으며, 하루 최대 700명을 검사할 수 있다.",310
2020,선별문진표,(選別問診表),,전문어,『보건 일반』,〔보건ㆍ의학〕,"전염병 등의 감염 여부를 파악하기 위하여, 사전에 준비된 질문에 간단히 답하는 문서. 코로나19의 감염 여부를 사전에 파악하기 위하여 발열 여부와 해외 방문 이력 등을 표시한다.","¶이 병원은 모든 방문자에게 {선별 문진 표를} 작성하게 하고, 비접촉 체온계와 손소독제를 사용하는 등 코로나19 방역에 힘쓰고 있다고 밝혔다.",30
2020,성범죄백서,(性犯罪白書),,전문어,『사회 일반』,〔정치와 행정〕,"법무부에서 발간한, 성범죄자와 재범자의 범행 특성을 분석하여 그 내용을 국민에게 알리기 위해 작성한 보고서. 2000년 성 매수자 신상 공개 제도가 도입되고 20여년 간 누적된 성범죄자 전원을 대상으로 분석한 내용이다.",¶{성범죄 백서에} 따르면 성범죄자의 재범률이 60% 이상인 것으로 드러났다.,310
2020,세계보건안전지수,(世界保健安全指數),,전문어,『보건 일반』,〔보건ㆍ의학〕,"전 세계 국가를 대상으로 전염병 대응 체계, 감지 및 보고, 대응의 신속성, 보건 체계 등을 평가하여 국가의 보건 안정성을 나타낸 지수. 영국의 경제 분석 기관인 이코노미스트 인텔리전스 유닛과 미국의 존스 홉킨스 대학이 공동으로 개발하였다.","¶{세계 보건 안전 지수에} 따르면 우리나라는 195개국 가운데 9위를 차지해, 아시아에서 두 번째로 높은 것으로 나타났다.",35
2020,세대균형지표,(世代均衡指標),,전문어,『경제』,〔사회생활〕,형평성의 개념을 도입하여 사회‧경제적 기회 등에 있어 세대 간의 균형성을 나타내는 지표.,"¶서울시는 {세대 균형 지표를} 개발하기에 앞서, 기성세대와 청년 세대의 가치관을 비교하기 위해 설문 조사를 실시하였다.",25
2020,세미브리더,(<영>semi breeder),접두 파생,전문어,『물리』,〔경제생활〕,오염 물질의 농도를 줄이기 위하여 용광로 꼭대기에 설치한 대기 오염 저감 장치.,¶용광로의 오염 물질을 배출하는 데에 방지 시설과 연결된 {세미브리더를} 활용하면 대기 오염을 크게 줄일 수 있다.,182
2020,소방직무제,(消防職務制),,전문어,『행정』,〔정치와 행정〕,소방 직무를 채용 시점부터 일정 계급까지 구분하여 선택 직무로 근무하도록 하는 제도. 우수 인재를 확보하고 소방 직무의 전문성을 높이기 위한 제도이다.,¶소방청은 2022년까지 {소방 직무제를} 도입하여 국민들에게 전문성 있는 소방 서비스를 제공하겠다고 밝혔다.,13
2020,소부장산업,(素部裝産業),,전문어,『경제』,〔경제생활〕,"소재 산업, 부품 산업, 장비 산업을 아울러 이르는 말.",¶정부는 기술 제휴와 국산화 등을 포함한 다양한 방법으로 {소부장 산업을} 육성하겠다고 밝혔다.,310
2020,소부장특별법,(素部裝特別法),,전문어,『법률』,〔정치와 행정〕,"소재ㆍ부품ㆍ장비와 관련한 산업의 대외 의존도를 낮추고 경쟁력을 강화하기 위해 제정한 법률. 2019년 7월부터 일본 정부가 반도체 생산에 필수적인 품목들을 한국으로 수출하는 데에 규제를 강화하였고, 이에 대응하기 위해 한국 정부에서 시행하였다. 2001년 제정된 ‘소재ㆍ부품 특별법’을 전면 개편하여 2019년 9월 국회에 발의되고 2020년 4월에 시행되었다. 정식 명칭은 ‘소재ㆍ부품ㆍ장비 산업 경쟁력 강화를 위한 특별 조치법’이다. =소재ㆍ부품ㆍ장비 산업 특별법.",¶{소부장 특별법이} 시행되면서 정책 범위가 소재 및 부품에서 소재ㆍ부품ㆍ장비까지 확장되었다.,310
2020,소재부품장비산업특별법,(素材部品裝備産業特別法),,전문어,『법률』,〔정치와 행정〕,"소재ㆍ부품ㆍ장비와 관련한 산업의 대외 의존도를 낮추고 경쟁력을 강화하기 위해 제정한 법률. 2019년 7월부터 일본 정부가 반도체 생산에 필수적인 품목들을 한국으로 수출하는 데에 규제를 강화하였고, 이에 대응하기 위해 한국 정부에서 시행하였다. 2001년 제정된 ‘소재ㆍ부품 특별법’을 전면 개편하여 2019년 9월 국회에 발의되고 2020년 4월에 시행되었다. 정식 명칭은 ‘소재ㆍ부품ㆍ장비 산업 경쟁력 강화를 위한 특별 조치법’이다. =소부장 특별법.",¶대통령은 일본의 수출 규제를 극복하기 위한 {소재ㆍ부품ㆍ장비 산업 특별법이} 오늘부터 시행된다고 발표했다.,155
2020,손실배수,(損失倍數),,전문어,『경제』,〔경제생활〕,"파생 결합 펀드에서, 원금 손실률을 계산하는 데에 쓰이는 배수. 금리 하회 폭에 손실 배수를 곱한 비율만큼 원금 손실이 발생한다.",¶한 은행이 파생 결합 펀드를 판매할 때 고객에게 높은 {손실 배수에} 대한 위험성을 설명하지 않고 안전성만 강조한 것으로 드러났다.,310
2020,수리감염역학,(數理感染疫學),,전문어,『의학』,〔교육〕,미분 방정식이나 차분 방정식 등의 수학적 개념을 적용하여 전염병의 확산 과정을 파악하고 종식 시기 등을 예측하는 학문. 코로나19의 발병으로 수리 감염 역학에 대한 관심이 증가하게 되었다.,¶{수리 감염 역학에서는} 감염병의 확산 과정을 방정식으로 표현한다.,4
2020,수사심사관,(搜査審査官),,전문어,『행정』,〔정치와 행정〕,경찰서에서 사건의 수사 과정과 결과를 독립적으로 심사하는 일을 맡은 사람.,¶{수사 심사관은} 부실 수사와 유착을 가려내는 내부 감시자의 역할을 하게 된다.,310
2020,수사심사관제,(搜査審査官制),,전문어,『행정』,〔정치와 행정〕,부실 수사와 유착 등을 막기 위해 수사 심사관이 사건의 수사 과정과 결과를 독립적으로 심사하는 제도.,¶경찰은 수사의 완결성을 높이기 위해 내년부터 {수사 심사관제를} 전면적으로 도입할 것이라고 밝혔다.,35
2020,수소사회형성법안,(水素社會形成法案),,전문어,『법률』,〔정치와 행정〕,수소 사회 형성을 위해 기반을 조성하고 수소 산업의 발전적인 생태계를 조성하기 위한 법안. 2019년 8월에 국회에서 발의되어 2020년 1월에 통과되었다.,¶O 의원은 수소 산업 육성을 위한 법적 근거를 마련하고자 {수소 사회 형성 법안을} 발의했다고 밝혔다.,47
2020,수출심사우대국,(輸出審査優待國),,전문어,『경제』,〔경제생활〕,정부가 외국과 교역 시 전략 물자 수출 절차를 간소화할 수 있도록 정한 국가. =수출 우대국.,"¶일본이 한국을 {수출 심사 우대국에서} 제외하자, 한국도 일본을 {수출 심사 우대국에서} 제외하였다.",310
2020,수출우대국,(輸出優待國),,전문어,『경제』,〔경제생활〕,정부가 외국과 교역 시 전략 물자 수출 절차를 간소화할 수 있도록 정한 국가. =수출 심사 우대국.,¶일본은 작년 8월에 우리나라를 {수출 우대국에서} 제외했다.,310
2020,승차진료소,(乘車診療所),,전문어,『보건 일반』,〔보건ㆍ의학〕,차에 탄 채로 전염병의 감염 여부를 검사받을 수 있도록 마련한 시설이나 장소. 코로나19의 감염 여부를 검사하기 위한 선별 진료소의 한 유형이다.,¶정부는 코로나19 감염 의심 환자를 신속하게 검사하기 위해 더 많은 {승차 진료소를} 설치겠다고 밝혔다.,199
2020,신속통로제,(迅速通路制),,전문어,『행정』,〔정치와 행정〕,기업인들의 필수 경제 활동을 보장하기 위해 기업인의 입국 절차를 간소화하는 제도. 코로나19 검사에서 음성 판정을 받으면 격리를 면제받는다.,¶앞으로 한국 기업인들은 {신속 통로제를} 통해 중국에 입국할 수 있다.,210
2020,신종코로나감염증,(新種<영>←corona virus感染症),,전문어,『보건 일반』,〔보건ㆍ의학〕,"사스 코로나바이러스 2(SARS-CoV-2)에 감염되어 발생하는 호흡기 증후군. 발열, 권태감, 기침, 호흡 곤란, 폐렴 따위의 다양한 호흡기 증상을 보인다. =신종 코로나바이러스 감염증, 코로나바이러스 감염증 일구.",¶세계 보건 기구가 {신종 코로나 감염증에} 대해 세계적 대유행을 선언하였다.,310
2020,신종코로나바이러스감염증,(新種<영>corona virus感染症),,전문어,『보건 일반』,〔보건ㆍ의학〕,"사스 코로나바이러스 2(SARS-CoV-2)에 감염되어 발생하는 호흡기 증후군. 발열, 권태감, 기침, 호흡 곤란, 폐렴 따위의 다양한 호흡기 증상을 보인다. =신종 코로나 감염증, 코로나바이러스 감염증 일구.",¶정부는 {신종 코로나바이러스 감염증의} 확산을 방지하기 위해 초중고의 개학을 연기한다고 밝혔다.,310
2020,실종아동주간,(失踪兒童週間),,전문어,『사회 일반』,〔사회생활〕,사회적 차원에서 실종 아동에 대한 책임감을 불러일으키고 아동의 실종을 예방하기 위하여 특별히 정한 일정한 주간. 실종 아동의 날인 매년 5월 25일부터 일주일 동안의 기간이다.,¶{실종 아동 주간에는} 실종 아동에 대한 국민의 인식을 확대하고 지속적인 관심을 고취하기 위해 다양한 홍보 활동을 진행한다.,79
2020,실효이자비용,(實效利子費用),,전문어,『경제』,〔경제생활〕,금융 기관에서 대출받은 금액에 대해 실제로 부담하는 이자 비용.,¶최근 국가 채무가 늘어났지만 국채 금리에서 명목 성장률을 뺀 {실효 이자 비용의} 추이를 살펴보면 한국의 재정 여력에는 문제가 없어 보인다.,10
2020,아동돌봄쿠폰,(兒童돌봄<영>coupon),,전문어,『복지』,〔정치와 행정〕,"아동 양육 가구의 부담을 덜기 위해 정부에서 지급하는 지원금. 코로나19로 인한 재난 상황에서 지급되기 시작했다. =아동 양육 쿠폰, 아이 돌봄 쿠폰.","¶2020년 3월 말 기준으로 아동 수당을 받는 만 7세 미만 아동이라면 {아동 돌봄 쿠폰을} 받을 수 있으며, 지자체에 따라서는 종이 상품권, 전자 상품권, 지역 전자 화폐 등으로 지급할 수 있다.",310
2020,아동양육쿠폰,(兒童養育<영>coupon),,전문어,『복지』,〔정치와 행정〕,"아동 양육 가구의 부담을 덜기 위해 정부에서 지급하는 지원금. 코로나19로 인한 재난 상황에서 지급되기 시작했다. =아동 돌봄 쿠폰, 아이 돌봄 쿠폰.",¶코로나19 확산으로 인한 경제적 피해를 줄이기 위해 정부에서는 만 7세 미만의 아이를 둔 부모들에게 {아동 양육 쿠폰을} 지급할 예정이다.,140
2020,아이돌봄쿠폰,(아이돌봄<영>coupon),,전문어,『복지』,〔정치와 행정〕,"아동 양육 가구의 부담을 덜기 위해 정부에서 지급하는 지원금. 코로나19로 인한 재난 상황에서 지급되기 시작했다. =아동 돌봄 쿠폰, 아동 양육 쿠폰.","¶{아이 돌봄 쿠폰은} 소상공인을 지원하고 지역 경제를 활성화하기 위해 백화점이나 대형 마트, 유흥업소 등의 일부 매장에서는 사용할 수 없다.",20
2020,아이돌봄포인트,(아이돌봄<영>point),,전문어,『복지』,〔정치와 행정〕,아이를 돌보는 데 드는 비용을 줄이기 위해 지급하는 포인트. 정부에서 제공하는 양육 지원 서비스를 이용하는 카드로 지급받아 현금처럼 사용할 수 있다. 코로나19로 인한 재난 상황에서 지급되기 시작했다.,¶온라인에서는 {아이 돌봄 포인트로} 결제할 수 없다.,25
2020,안보삼각형,(安保三角形),,전문어,『정치』,〔정치와 행정〕,"한국과 미국, 일본이 연합하여 만든 안보 협력 체제를 이르는 말.","¶한일 갈등의 문제에 접근하기 전에 한국과 일본, 미국은 {안보 삼각형에} 갇혀 있다는 현실을 잊지 말아야 한다.",18
2020,안심외래진료소,(安心外來診療所),,전문어,『보건 일반』,〔보건ㆍ의학〕,코로나19의 확산을 방지하고자 호흡기 질환 증상이 있는 환자들을 따로 진찰하기 위하여 마련한 진료소.,"¶병원을 방문하는 모든 환자들은 병원 입구에서 체온, 여행력 등을 확인한 후 호흡기 증상이 있으면 {안심 외래 진료소로} 간다.",280
2020,약물치유법원,(藥物治癒法院),,전문어,『법률』,〔정치와 행정〕,범죄자의 약물 중독을 치유하여 재범을 방지하기 위하여 법원에서 운영하는 프로그램.,¶미국 뉴욕 주에는 180여 개의 {약물 치유 법원이} 있다.,1
2020,양육쿠폰,(養育<영>coupon),,전문어,『복지』,〔정치와 행정〕,자녀를 양육하는 부모의 부담을 줄이기 위해 정부에서 지급하는 지원금. 코로나19로 인한 재난 상황에서 지급되기 시작했다.,¶이번 {양육 쿠폰도} 만 7세 미만의 아동이 있는 가구에 지급된다.,140
2020,어선원보험법,(漁船員保險法),,전문어,『법률』,〔정치와 행정〕,어업에 종사하는 어선원과 어선에 대한 보험 제도를 실시하여 어선원의 재해를 보상하고 어선의 복구를 촉진하도록 제정된 법률. 정식 명칭은 ‘어선원 및 어선 재해 보상 보험법’이다.,¶어선원의 산업 재해는 매우 심각한 상황이지만 어선원이 산재 보험법이 아니라 {어선원 보험법의} 적용을 받기 때문에 그동안 주목받지 못했다.,6
2020,여객자동차운송플랫폼,(旅客自動車運送<영>platform),,전문어,『정보ㆍ통신』,〔사회생활〕,"‘여객 자동차 운수 사업법’을 따라, 사람들의 수요에 따라 자동차를 이용하여 유료로 사람을 태워 나르는 서비스를 제공하는 플랫폼.","¶이 개정안은 {여객 자동차 운송 플랫폼을} 신설하고, 플랫폼 택시를 제도화하는 내용을 포함한다.",310
2020,연락제한요청권,(連絡制限要請權),,전문어,『법률』,〔정치와 행정〕,채무자의 정상적인 생활을 보장하기 위하여 추심에 관련한 연락을 제한해 달라고 요청할 수 있는 권리.,¶{연락 제한 요청권으로} 채무자는 특정 시간대나 특정 수단을 통한 추심 연락을 받지 않도록 요청할 수 있다.,270
2020,워라밸일자리장려금,(<영>←work-life balance일자리奬勵金),,전문어,『복지』,〔정치와 행정〕,"자녀 돌봄이나 건강, 학업 따위의 사정에 따라 일하는 시간을 줄이고자 하는 근로자의 고용 유지를 장려하기 위해 정부에서 사업주에게 내어 주는 돈. 사업주는 해당 근로자의 단축 근로 시간에 대한 임금 감소액의 일부를 보전하거나, 간접 노무비 지급 또는 대체 인력 채용을 위한 비용으로 장려금을 활용할 수 있다. 코로나19로 인한 재난 상황에서 긴급 자녀 돌봄, 단축 근무를 통한 사회적 거리 두기 동참 등을 위하여 장려금의 신청이 급증하였다.","¶코로나19로 인해 올해 {워라밸 일자리 장려금을} 신청하여 활용한 인원이 20,000명 이상인 것으로 확인됐다.",310
2020,위기극복수당,(危機克服手當),,전문어,『복지』,〔정치와 행정〕,"경제적으로 위험한 시기를 극복할 수 있도록 정부에서 지급하는 수당. 코로나19의 대유행으로 인한 경제적 위기 상황을 극복하기 위해 고양시, 인천시 등에서 사용한 용어이다.",¶가능한 모든 재원을 모아 {위기 극복 수당을} 신속히 지급해야 한다.,79
2020,위기관리참모훈련,(危機管理參謀訓鍊),,전문어,『군사』,〔정치와 행정〕,적의 도발이나 테러 따위의 위기 상황에 적절히 대처하는 방법을 가르치기 위한 훈련. 통상적으로 한국군과 주한 미군이 연합하여 실시하는 지휘소 연습의 예비 단계에서 이루어지는 훈련이다.,¶군 당국은 다음 주 {위기관리 참모 훈련부터} 시작하여 하반기 한미 연합 훈련을 3주 동안 실시할 계획이다.,310
2020,위성비례정당,(衛星比例政黨),,전문어,『정치』,〔정치와 행정〕,"2020년 제21 대 국회 의원 선거에서, 비례 대표 국회 의원을 더 많이 확보하고자 하는 거대 정당을 보조하기 위해 만들어진 정당.",¶특정 당의 {위성 비례 정당이} 생겨나게 되면 다른 당으로 분산될 수도 있는 표를 어느 정도 다시 모으는 효과가 있다.,310
2020,위험유포지수,(危險流布指數),,전문어,『경제』,〔경제생활〕,국가의 전략 물자에 관한 무역 관리 제도를 평가한 결과를 나타내는 지수. =위험 행상 지수.,¶연구소는 지난달 약 200개 국가의 전략 물자 무역 관리 제도를 평가하여 {위험 유포 지수를} 발표했다.,15
2020,위험행상지수,(危險行商指數),,전문어,『경제』,〔경제생활〕,국가의 전략 물자에 관한 무역 관리 제도를 평가한 결과를 나타내는 지수. =위험 유포 지수.,¶연구소에서 발표한 {위험 행상 지수에서} 한국은 전체 국가들 가운데 17위를 차지했다.,40
2020,으뜸효율가전,(으뜸效率家電),,전문어,『전기ㆍ전자』,〔주생활〕,에너지 소비 효율 등급이 높은 가정용 전자 기기.,¶에너지 효율 등급이 높은 {으뜸 효율 가전을} 구매한 사람에게는 정부에서 물건 가격의 10%가량을 환급해 준다.,310
2020,음향집게,(音響집게),,전문어,『물리』,〔경제생활〕,음파를 이용해 물체를 집는 도구.,¶바늘로 채혈을 하지 않아도 고주파를 이용하는 {음향 집게로} 혈당을 체크하는 시스템이 이번 사업의 지원 대상으로 결정됐다.,22
2020,이학습터,(<영>←electronic學習터),,전문어,『교육』,〔교육〕,"초중등학교의 학생들과 교사들이 이용할 수 있는 온라인 교수 학습 사이트. 동영상 강의나 실시간 화상 수업을 통해 자율 보충 학습, 방과 후 수업, 학습 관리 등 학교 정규 수업의 보조적 수단으로 활용한다. 교육부와 전국 17개 시도 교육청에서 운영하며, 코로나19의 확산을 방지하기 위해 2020년 4월 온라인 개학을 하는 데에 이용되면서 학교 정규 수업의 보조적 수단뿐만 아니라 주 수단으로서도 활용되기 시작했다.",¶정부는 온라인 개학을 대비하여 {이 학습터에} 미리 로그인할 것을 학생들에게 권장했다.,42
2020,이동선별진료,(移動選別診療),,전문어,『의학』,〔보건ㆍ의학〕,일정한 기준에 따라 환자를 선별하여 병원 밖에서 진찰과 치료를 하는 일. 코로나19의 의심 증상이 있는 환자를 신속하게 진단하여 질병의 확산을 방지하기 위해 시작되었다.,¶지난번 한 학교에서 진행된 {이동 선별 진료에서} 모든 학생과 교직원이 음성 판정을 받았다.,310
2020,이동선별진료소,(移動選別診療所),,전문어,『보건 일반』,〔보건ㆍ의학〕,일정한 기준에 따라 환자를 선별하여 진찰과 치료를 하기 위해 자동차나 간이 시설을 따위를 활용하여 임시로 마련한 진료소. 코로나19의 의심 증상이 있는 환자를 신속하게 진단하여 질병의 확산을 방지하기 위해 설치되기 시작했다.,¶방역 당국은 다수의 확진자가 발생한 학원 인근의 초등학교에 {이동 선별 진료소를} 설치하여 확진자와 접촉한 사람들이 신속하게 검사를 받을 수 있도록 하였다.,310
2020,이링기아,(<영>←Yilingia spiciformis),차용,전문어,『동식물』,〔동식물〕,"2019년에 중국 후베이성 이릉(夷陵)에서 발견한 선캄브리아 시대 후기에 번성한 것으로 추정되는 노래기처럼 생긴 화석 동물. 좌우 대칭의 형태인 몸통은 길이 약 10cm, 너비 약 0.6~2.5cm로, 연속된 마디로 이루어져 있다.",¶연구 팀은 {이링기아가} 무언가를 피해서 움직이는 정도의 의사 결정을 할 수 있었을 것이라고 추측했다.,3
2020,임금직무정보시스템,(賃金職務情報<영>system),,전문어,『행정』,〔정치와 행정〕,"노동자와 사용자가 합리적인 임금 체계를 만들 수 있도록 임금과 직무에 관련한 정보를 제공하는 시스템. 고용 노동부에서 운영하는 시스템으로, 임금이나 직무에 대한 정보나 임금 체계를 개편한 사례 등을 찾아볼 수 있다.",¶고용 노동부는 {임금 직무 정보 시스템을} 통해서 사업체의 특성에 따른 임금 분포의 현황을 발표했다.,310
2020,자본심화지수,(資本深化指數),,전문어,『경제』,〔경제생활〕,상품을 만드는 데 필요한 요소들 가운데 노동력을 대체한 자원이 증가한 비율을 나타내는 지수. 이 지수가 높을수록 생산에서 노동력의 투입이 줄어들었음을 의미한다.,"¶한국의 {자본 심화 지수는} 미국, 영국 등 7개국과 비교하여 가장 높은 수준인 것으로 드러났다.",4
2020,잔돈계좌적립서비스,(殘돈計座積立<영>service),,전문어,『경제』,〔경제생활〕,현금으로 계산한 후 거슬러 받은 돈을 구매자의 은행 계좌로 곧바로 입금해 주는 서비스. =거스름돈 계좌 적립 서비스.,¶올해 상반기부터 편의점과 마트 등에서 현금으로 계산 후 남은 돈이 연결된 내 계좌로 바로 입금되는 {잔돈 계좌 적립 서비스가} 시행된다.,84
2020,재난구조수당,(災難救助手當),,전문어,『복지』,〔정치와 행정〕,재난을 당하여 어려움에 빠진 사람을 돕기 위해 정부에서 지급하는 수당. 코로나19의 대유행으로 인한 경제적 위기 상황을 극복하기 위해 정부에서 국민들에게 지원금을 지급하는 방안을 논의하는 과정에서 나온 말이다.,¶모 의원은 전 국민에게 기본 소득을 지급하기보다는 코로나19로 인해 생계 위기에 처한 국민에게 신청을 받아 {재난 구조 수당을} 지급하는 방안에 찬성한다고 밝혔다.,20
2020,재난극복수당,(災難克服手當),,전문어,『복지』,〔정치와 행정〕,"전국적인 재난 사태로 인해 경제적으로 어려운 상황에 처한 사람을 돕기 위해 정부에서 지급하는 수당. 코로나19의 대유행으로 인한 경제적 위기 상황을 극복하기 위해 정부에서 국민들에게 지원금을 지급하는 방안을 논의하는 과정에서 나온 말이다. =재난 생계 수당, 재난 수당.",¶모 의원은 중소기업과 소상공인에 대한 ‘{재난 극복 수당’을} 포함한 추가적인 민생 종합 대책 수립이 필요하다고 주장했다.,289
2020,재난기본소득,(災難基本所得),,전문어,『복지』,〔정치와 행정〕,"전국적인 재난 사태로 인해 경제적으로 어려운 상황에 처한 사람이 기본 생활을 유지할 수 있도록 정부에서 지급하는 소득. 코로나19의 대유행으로 인한 경제적 위기 상황을 극복하기 위해 정부에서 국민들에게 지원금을 지급하는 방안을 논의하는 과정에서 나온 말이다. =기본 재난 소득, 재난 생계 소득.",¶{재난 기본 소득을} 신청하기 위한 온라인 페이지를 개시한 직후 접속자가 한꺼번에 몰리면서 서버 장애가 발생하여 많은 시민들이 불편을 겪었습니다.,310
2020,재난기본소득제,(災難基本所得制),,전문어,『복지』,〔정치와 행정〕,전국적인 재난 사태로 인해 경제적으로 어려운 상황에 처한 사람이 기본 생활을 유지할 수 있도록 정부에서 소득을 지급하는 제도. ‘재난 기본 소득’은 코로나19의 대유행으로 인한 경제적 위기 상황을 극복하기 위해 정부에서 국민들에게 지원금을 지급하는 방안을 논의하는 과정에서 나온 말이다.,¶이번 설문 조사에 참여한 사람들 가운데 절반에 가까운 사람들이 {재난 기본 소득제에} 찬성한다고 응답했습니다.,283
2020,재난긴급생활지원금,(災難緊急生活支援金),,전문어,『복지』,〔정치와 행정〕,"전국적인 재난 사태로 인해 생계에 어려움을 겪는 국민들에게 정부가 긴급하게 지급하는 지원금. 코로나19의 확산으로 인한 경제 위축이 장기화되자 국민들의 생계를 지원하고 위축된 소비 심리를 진작하기 위해 마련된 제도로, 지급 주체가 지방 자치 단체일 경우 각 지방 자치 단체에 따라 지급 내용과 용어가 조금씩 다르다. =긴급 재난 생계 지원금, 긴급 재난 생활 지원금.",¶구청에서는 코로나19로 인해 침체된 지역 경제를 활성화하기 위해 구민들에게 {재난 긴급 생활 지원금을} 지급하기로 했다.,310
2020,재난긴급생활비,(災難緊急生活費),,전문어,『복지』,〔정치와 행정〕,"전국적인 재난 사태로 인해 생계에 어려움을 겪는 국민들에게 정부가 긴급하게 지급하는 비용. 코로나19의 확산으로 인한 경제 위축이 장기화되자 국민들의 생계를 지원하고 위축된 소비 심리를 진작하기 위해 마련된 제도로, 지급 주체가 지방 자치 단체일 경우 각 지방 자치 단체에 따라 지급 내용과 용어가 조금씩 다르다. =긴급 재난 생활비, 긴급 재난 생계비.",¶시에서는 외국인 주민에게도 {재난 긴급 생활비를} 지원하기로 결정했으며 지급 기준과 금액은 지난번 내국인에게 지원한 것과 동일하게 적용한다.,310
2020,재난긴급소득지원제도,(災難緊急所得支援制度),,전문어,『복지』,〔정치와 행정〕,재난을 당하여 경제적으로 긴급한 상황에 처한 사람이 기본 생활을 유지할 수 있도록 정부에서 소득을 지원하는 제도. 코로나19의 대유행으로 인한 경제적 위기 상황을 극복하기 위해 정부에서 국민들에게 지원금을 지급하는 방안을 논의하는 과정에서 나온 말이다.,¶일부 시에서는 {재난 긴급 소득 지원 제도의} 도입을 추진한다.,1
2020,재난생계소득,(災難生計所得),,전문어,『복지』,〔정치와 행정〕,"전국적인 재난 사태로 인해 경제적으로 어려운 상황에 처한 사람이 기본 생활을 유지할 수 있도록 정부에서 지급하는 소득. 코로나19의 대유행으로 인한 경제적 위기 상황을 극복하기 위해 정부에서 국민들에게 지원금을 지급하는 방안을 논의하는 과정에서 나온 말이다. =기본 재난 소득, 재난 기본 소득.",¶O 위원장은 모든 국민에게 월 100만 원의 {재난 생계 소득을} 지급하는 방안을 정부에 제안했다.,310
2020,재난생계수당,(災難生計手當),,전문어,『복지』,〔정치와 행정〕,"전국적인 재난 사태로 인해 경제적으로 어려운 상황에 처한 사람을 돕기 위해 정부에서 지급하는 수당. 코로나19의 대유행으로 인한 경제적 위기 상황을 극복하기 위해 정부에서 국민들에게 지원금을 지급하는 방안을 논의하는 과정에서 나온 말이다. =재난 극복 수당, 재난 수당.",¶정부는 전년 같은 기간 대비 매출액이 10% 이상 줄어든 소상공인과 자영업자에게 {재난 생계 수당으로} 약 200만 원씩 지급하겠다고 발표했었다.,310
2020,재난생계지원금,(災難生計支援金),,전문어,『복지』,〔정치와 행정〕,"전국적인 재난 사태로 인해 생계에 어려움을 겪는 국민들에게 정부가 지급하는 지원금. 코로나19의 확산으로 인한 경제 위축이 장기화되자 국민들의 생계를 지원하고 위축된 소비 심리를 진작하기 위해 마련된 제도로, 지급 주체가 지방 자치 단체일 경우 각 지방 자치 단체에 따라 지급 내용과 용어가 조금씩 다르다. =재난 생활 지원금.",¶정부는 중위 소득 이하에 해당하는 가구에 4인 가구를 기준으로 100만 원의 {재난 생계 지원금을} 지급하는 안을 검토하고 있다.,310
2020,재난생계비,(災難生計費),,전문어,『복지』,〔정치와 행정〕,"전국적인 재난 사태로 인해 생계에 어려움을 겪는 국민들에게 정부가 지급하는 비용. 코로나19의 확산으로 인한 경제 위축이 장기화되자 국민들의 생계를 지원하고 위축된 소비 심리를 진작하기 위해 마련된 제도로, 지급 주체가 지방 자치 단체일 경우 각 지방 자치 단체에 따라 지급 내용과 용어가 조금씩 다르다. =재난 생활비.",¶중앙 정부가 소득 기준으로 {재난 생계비를} 지원하는 모델을 채택하면서 각 지자체에서도 이 모델을 도입하고 있다.,310
2020,재난생활안정자금,(災難生活安定資金),,전문어,『복지』,〔정치와 행정〕,"전국적인 재난 사태로 인해 생계에 어려움을 겪는 국민들에게 정부가 지급하는 자금. 코로나19의 확산으로 인한 경제 위축이 장기화되자 국민들의 생계를 지원하고 위축된 소비 심리를 진작하기 위해 마련된 제도로, 지급 주체가 지방 자치 단체일 경우 각 지방 자치 단체에 따라 지급 내용과 용어가 조금씩 다르다.",¶OO군은 정부에서 지원하는 재난 지원금과는 별도로 1인당 10만 원씩 자체적인 {재난 생활 안정 자금을} 지급하였다.,100
2020,재난생활지원금,(災難生活支援金),,전문어,『복지』,〔정치와 행정〕,"전국적인 재난 사태로 인해 생계에 어려움을 겪는 국민들에게 정부가 지급하는 지원금. 코로나19의 확산으로 인한 경제 위축이 장기화되자 국민들의 생계를 지원하고 위축된 소비 심리를 진작하기 위해 마련된 제도로, 지급 주체가 지방 자치 단체일 경우 각 지방 자치 단체에 따라 지급 내용과 용어가 조금씩 다르다. =재난 생계 지원금.",¶정부는 코로나19로 인한 경제난을 극복하기 위해 중 위소득 이하 가구에 {재난 생활 지원금을} 지급하는 방안을 마련하였다.,262
2020,재난생활비,(災難生活費),,전문어,『복지』,〔정치와 행정〕,"전국적인 재난 사태로 인해 생계에 어려움을 겪는 국민들에게 정부가 지급하는 비용. 코로나19의 확산으로 인한 경제 위축이 장기화되자 국민들의 생계를 지원하고 위축된 소비 심리를 진작하기 위해 마련된 제도로, 지급 주체가 지방 자치 단체일 경우 각 지방 자치 단체에 따라 지급 내용과 용어가 조금씩 다르다. =재난 생계비.",¶OO시는 시민 3분의 1에 해당하는 가구를 대상으로 {재난 생활비를} 지원하는 것으로 결정했다.,310
2020,재난소득기금,(災難所得基金),,전문어,『복지』,〔정치와 행정〕,전국적인 재난 사태로 인해 소득이 줄어든 국민들을 지원하기 위해 정부에서 마련한 기금. 코로나19로 인한 재난 상황에서 기금을 마련하기 시작했다.,¶{재난 소득 기금은} 주민 등록 주소지 시ㆍ군에 있는 소상공인과 자영업자 사업장에서 사용할 수 있다.,29
2020,재난수당,(災難手當),,전문어,『복지』,〔정치와 행정〕,"전국적인 재난 사태로 인해 경제적으로 어려운 상황에 처한 사람을 돕기 위해 정부에서 지급하는 수당. 코로나19의 대유행으로 인한 경제적 위기 상황을 극복하기 위해 정부에서 국민들에게 지원금을 지급하는 방안을 논의하는 과정에서 나온 말이다. =재난 극복 수당, 재난 생계 수당.","¶최근 {재난 수당}을 전 국민에게 지급할지, 선별적으로 생계가 많이 어려운 사람에게 지급할지에 대한 논의가 활발하다.",310
2020,재량간주시간근로제,(裁量看做時間勤勞制),,전문어,『행정』,〔정치와 행정〕,근로 시간을 측정하기 어려운 직무를 담당하는 근로자가 스스로 업무 시간을 정하여 근무할 수 있도록 하는 제도.,¶고용부는 {재량 간주 시간 근로제가} 적용되는 직군을 선별해 발표할 예정이다.,6
2020,재양성자,(再陽性者),접미 파생,전문어,『보건 일반』,〔보건ㆍ의학〕,바이러스 따위의 병원체에 감염되어 완치되었다가 다시 같은 종류의 감염원으로 인해 감염된 사람.,¶코로나 확진자 중 {재양성자의} 비율이 점점 늘고 있다.,310
2020,전자보석제도,(電子保釋制度),,전문어,『법률』,〔정치와 행정〕,전자 기기를 사용하여 실시간으로 이동 경로 따위를 관리하는 조건으로 형사 피고인을 풀어 주는 제도.,¶우리 법무부는 {전자 보석 제도를} 도입해 불필요한 구금을 줄이고 피고인의 방어권을 강화하는 데 노력을 기울이고 있다.,200
2020,전자수행추적시스템,(電子隨行追跡<영>system),,전문어,『체육』,〔삶〕,지피에스와 영상분석 기법을 이용해 운동선수들의 이동 경로 및 이동량 따위의 정보를 파악함으로써 선수 관리에 대한 데이터를 생성하는 시스템.,¶해외 축구 리그에서 먼저 사용 중인 {전자 수행 추적 시스템을} 국내 리그에 도입하여 선수들의 체력을 효율적으로 관리해 결과적으로 경기력 향상이 기대된다.,4
2020,종합지급결제사업,(綜合支給決濟事業),,전문어,『경제』,〔경제생활〕,"은행의 예금이나 여신 업무를 제외한, 계좌 이체, 각종 대금이나 공과금 납부 따위의 계좌를 기반으로 한 서비스를 단일한 온라인 플랫폼을 통해 제공하는 사업. =종합 지급 결제업.",¶금융 위원회는 신용 카드사가 {종합 지급 결제 사업을} 신청할 수 있도록 하는 방안에 대해 검토하기로 했다.,310
2020,종합지급결제사업자,(綜合支給決濟事業者),,전문어,『경제』,〔경제생활〕,"은행의 예금이나 여신 업무를 제외한, 계좌 이체, 각종 대금이나 공과금 납부 따위의 계좌를 기반으로 한 서비스를 단일한 온라인 플랫폼을 통해 제공하는 사업자. =종합 지급 결제업자.",¶일반 은행과 신용 카드사들은 {종합 지급 결제 사업자에} 본인들이 제외된 데 대해 강력하게 반발하고 있다.,310
2020,종합지급결제업,(綜合支給決濟業),,전문어,『경제』,〔경제생활〕,"은행의 예금이나 여신 업무를 제외한, 계좌 이체, 각종 대금이나 공과금 납부 따위의 계좌를 기반으로 한 서비스를 단일한 온라인 플랫폼을 통해 제공하는 사업. =종합 지급 결제 사업.",¶금융 당국과 국회가 {종합 지급 결제업을} 도입하기로 하면서 카드업계는 최근 결제 시장 변화에 촉각을 곤두세우고 있다.,310
2020,종합지급결제업자,(綜合支給決濟業者),,전문어,『경제』,〔경제생활〕,"은행의 예금이나 여신 업무를 제외한, 계좌 이체, 각종 대금이나 공과금 납부 따위의 계좌를 기반으로 한 서비스를 단일한 온라인 플랫폼을 통해 제공하는 사업자. =종합 지급 결제 사업자.","¶다른 전자 금융업자는 금융 회사 연계 계좌만 개설할 수 있는 것과 달리, {종합 지급 결제업자는} 이용자의 계좌를 직접 보유할 수 있다.",166
2020,집중감염원,(集中感染源),,전문어,『보건 일반』,〔보건ㆍ의학〕,한정된 공간에 있는 사람들 사이에서 바이러스나 세균을 퍼뜨리는 근원. 또는 그러한 공간이나 장소. 코로나19로 인한 재난 상황에서 만들어진 말이다.,¶각국에서 코로나19에 의한 사망자가 대규모로 나오는 것은 특정 병원이나 요양 시설 등의 시설이 {집중 감염원으로서} 대규모 전파 원인이 되기 때문이다.,4
2020,집중사냥지역,(集中사냥地域),,전문어,『수의』,〔정치와 행정〕,아프리카 돼지 열병 바이러스에 감염된 동물의 폐사체가 발견된 곳을 중심으로 300㎢ 내의 지역을 이르는 말.,¶정부는 감염 위험 지역 전체에 멧돼지 이동을 차단하는 철책을 설치한 후 {집중 사냥 지역에서} 총기를 사용한 포획을 시행하기로 결정했다.,252
2020,차령공제율,(車齡控除率),,전문어,『행정』,〔정치와 행정〕,비영업용 승용차에 부과되는 자동차세를 차의 연식에 따라 일정한 금액을 감면하는 비율.,¶정부는 차령이 12년 이상 된 노후 경유차의 {차령 공제율을} 축소하기로 했다.,6
2020,채식선택제,(菜食選擇制),,전문어,『교육』,〔식생활〕,학교 급식에서 채식을 원하는 학생들이 채식 식단을 선택할 수 있도록 하는 제도.,¶OO 교육청이 {채식 선택제를} 도입할 계획을 밝혀 학생들의 식습관과 관련한 다양성 보장이 확대될 전망이다.,175
2020,책값반환제,(冊값返還制),,전문어,『행정』,〔정치와 행정〕,신간을 구입해 읽고 난 후 구입한 서점이나 거주하는 지자체에 반납하면 지자체의 예산으로 책 구매자에게 책값을 돌려주는 제도.,"¶OO시가 동네 서점도 돕고, 도서 대여 편의를 제공하기 위해 {책값 반환제를} 도입한다.",309
2020,청년긴급수당,(靑年緊急手當),,전문어,『복지』,〔정치와 행정〕,전국적인 재난 사태로 인해 일자리를 잃거나 구직에 어려움을 겪고 있는 청년들을 위해 정부에서 긴급하게 지급하는 수당. 코로나19로 인한 재난 상황에서 지급되기 시작했다. =긴급 청년 수당.,¶OO시는 코로나19 장기화로 인해 실직한 청년층의 대상으로 {청년 긴급 수당을} 지급한다.,145
2020,취합검사기법,(聚合檢査技法),,전문어,『보건 일반』,〔보건ㆍ의학〕,"같은 병원체에 의한 감염자가 동시다발적으로 발생할 때 감염 여부를 확인하는 검사 방법의 하나. 여러 명의 검체를 섞은 검체를 검사하고 여기서 양성이 나오면 다시 개별검사를 하는 방식으로 이루어진다. 코로나19와 같이 전국적인 감염이 발생할 때 사용되는 검사 기법이다. =취합 검사법, 혼합 검사법, 혼합 검체 기법.",¶모든 검사는 다수의 인원을 대상으로 단기간 검사를 통해 감염 여부를 조기에 판별하기 위해 {취합 검사 기법으로} 실시된다.,146
2020,취합검사법,(聚合檢査法),,전문어,『보건 일반』,〔보건ㆍ의학〕,"같은 병원체에 의한 감염자가 동시다발적으로 발생할 때 감염 여부를 확인하는 검사 방법의 하나. 여러 명의 검체를 섞은 검체를 검사하고 여기서 양성이 나오면 다시 개별검사를 하는 방식으로 이루어진다. 코로나19와 같이 전국적인 감염이 발생할 때 사용되는 검사 기법이다. =취합 검사 기법, 혼합 검사법, 혼합 검체 기법.",¶방역 당국은 코로나19 검사에 최대 10명의 검체를 한 번에 검사하는 {취합 검사법을} 도입하기로 결정했다.,310
2020,코로나일구,(<영>←corona virus一九),,전문어,『보건 일반』,〔보건ㆍ의학〕,‘코로나바이러스 감염증 일구’를 줄여 이르는 말.,¶우리도 {코로나 일구를} 종식할 백신을 개발하기 위해 백방으로 노력하고 있다.,175
2020,코로나바이러스감염증일구,(<영>←corona virus感染症一九),,전문어,『보건 일반』,〔보건ㆍ의학〕,"사스 코로나바이러스 이(SARS-CoV-2)에 감염되어 발생하는 호흡기 증후군. 발열, 권태감, 기침, 호흡 곤란, 페렴 따위의 다양한 호흡기 증상을 보인다. =신종 코로나 감염증, 신종 코로나바이러스 감염증.","¶{코로나바이러스 감염증 일구는} 개인위생과 면역력이 약한 사람일수록 감염 가능성이 높다고 알려져 마스크, 손 세정제 등의 매출이 대폭 증가하였다.",0
2020,코비드일구,(<영>COVID一九),,전문어,『보건 일반』,〔보건ㆍ의학〕,‘코로나바이러스 감염증 일구’를 달리 이르는 말. 세계 보건 기구에서 제안한 명칭이다.,¶세계 보건 기구는 신종 코로나 바이러스 감염증의 정식 명칭을 ‘{코비드 일구(COVID-19)’로} 정했다.,4
2020,펫시터중개업,(<영>pet sitter仲介業),,전문어,『서비스업』,〔경제생활〕,반려동물을 돌보는 일을 전문적으로 하는 사람과 수요자를 연결해 주는 일을 하는 영업.,¶정부는 다음 달부터 {펫시터 중개업을} 반려동물 관련 신규 서비스 업종에 새롭게 포함하기로 했다.,27
2020,플랫폼운송면허,(<영>platform運送免許),,전문어,『서비스업』,〔경제생활〕,위치 기반 서비스와 같은 정보 시스템 환경을 구축하고 차량을 확보하여 사람 또는 화물을 운송하기 위해 취득해야 하는 면허.,¶국토부는 관련 기업이 기여 비용을 내면 {플랫폼 운송 면허를} 발급하여 제도권으로 편입하는 법안 개정을 서두르겠다고 밝혔다.,253
2020,플랫폼운송중개사업,(<영>platform運送仲介事業),,전문어,『서비스업』,〔경제생활〕,위치 기반 서비스와 같은 정보 시스템 환경을 구축하여 여객과 운송 차량을 중간에서 소개하는 일을 하는 사업.,¶{플랫폼 운송 중개 사업은} 기존에 이미 보편화된 단순 중개 플랫폼을 말하는 것이어서 지금과 큰 변화는 없다.,56
2020,플랫폼운수사업,(<영>platform運輸事業),,전문어,『서비스업』,〔경제생활〕,위치 기반 서비스와 같은 정보 시스템 환경을 구축하고 차량을 확보하여 사람 또는 화물을 운송하는 사업.,¶택시업계는 타다 금지법 통과는 환영했지만 렌터카로 {플랫폼 운수 사업을} 할 수 있도록 한 부분에 대한 우려를 나타냈다.,84
2020,플랫폼운수사업자,(<영>platform運輸事業者),,전문어,『서비스업』,〔경제생활〕,위치 기반 서비스와 같은 정보 시스템 환경을 구축하고 차량을 확보하여 사람 또는 화물을 운송하는 서비스를 제공하는 사람.,¶{플랫폼 운수 사업자는} 앞으로 정부의 허가를 받아 노란 번호판을 달고 영업해야 하며 일정 액수의 기여금을 내야 한다.,40
2020,핀셋방역,(<영>pincette防疫),,전문어,『보건 일반』,〔보건ㆍ의학〕,"핀셋으로 물건을 집는 것처럼, 전체가 아닌 특정 업종이나 집단을 선별하여 방역 활동을 하는 방법. 특정 집단을 중심으로 코로나19가 확산되기 시작하던 단계에서 효율적으로 방역 활동을 하기 위해 활용되었다.",¶집단 감염을 주도한 기관에 대한 전수 조사가 마무리된 이후 확산세가 줄어든다면 이들을 대상으로 한 ‘{핀셋 방역’이} 효과를 거둔 것으로 판단할 수 있다.,310
2020,학부모안심학년,(學父母安心學年),,전문어,『교육』,〔교육〕,학교에 처음 입학하여 적응하는 데 도움이 필요한 ‘초등학교 1학년’을 가리키는 말. 2020년부터 교육부에서 시행한 ‘학부모 안심 학년제’에서 나온 말이다.,"¶교육부는 올해부터 초등학교 1학년을 {학부모 안심 학년으로} 정하여 한글이나 산수 등 기초 학습과 안전, 돌봄 관련 제도를 강화하기로 했다.",5
2020,학부모안심학년제,(學父母安心學年制),,전문어,『교육』,〔정치와 행정〕,"학교에 처음 입학하여 적응하는 데 도움이 필요한 ‘초등학교 1학년’을 지원하기 위한 제도. 교육부에서 2020년부터 시행한 제도로, 기초 학력이 부족한 학생들이나 방과 후 돌봄이 필요한 학생들을 위한 지원을 확대하며 교실 환경을 개선하고 등하굣길 안전시설을 강화하였다.",¶올해 교육부의 주요 업무로는 학부모들이 안심하고 아이를 초등학교에 보낼 수 있도록 돕는 {학부모 안심 학년제가} 대표적이다.,104
2020,혼합검사법,(混合檢査法),,전문어,『보건 일반』,〔보건ㆍ의학〕,"같은 병원체에 의한 감염자가 동시다발적으로 발생할 때 감염 여부를 확인하는 검사 방법의 하나. 여러 명의 검체를 섞은 검체를 검사하고 여기서 양성이 나오면 다시 개별검사를 하는 방식으로 이루어진다. 코로나19와 같이 전국적인 감염이 발생할 때 사용되는 검사 기법이다. =취합 검사법, 취합 검사 기법, 혼합 검체 기법.",¶검체를 섞어서 진단하는 ‘{혼합 검사법’은} 잘못된 게 아니라 상황에 따라 효율을 높일 수 있는 검사법으로 봐야 한다.,2
2020,혼합검체기법,(混合檢體技法),,전문어,『보건 일반』,〔보건ㆍ의학〕,"같은 병원체에 의한 감염자가 동시다발적으로 발생할 때 감염 여부를 확인하는 검사 방법의 하나. 여러 명의 검체를 섞은 검체를 검사하고 여기서 양성이 나오면 다시 개별검사를 하는 방식으로 이루어진다. 코로나19와 같이 전국적인 감염이 발생할 때 사용되는 검사 기법이다. =취합 검사법, 취합 검사 기법, 혼합 검사법.",¶이날 휴가에서 복귀한 생도들은 {혼합 검체 기법으로} 코로나19 검사를 받는다.,15
2021,가덕도신공항건설을위한특별법,(加德島新空港建設을爲한特別法),,전문어,『법률』,〔정치와 행정〕,부산 가덕도에 새로운 공항을 건설하는 데 있어 신속하게 건설 사업을 진행할 수 있도록 한시적 특례를 부여하는 법률. 2021년 3월 16일에 공포되었고 2021년 9월 17일에 시행되었다.,"¶신공항 건설 사업을 신속하게 추진하기 위해 필요하면 예비 타당성 조사를 면제하고, 사전 타당성 조사도 간단히 할 수 있는 내용이 담긴 {가덕도 신공항 건설을 위한 특별법이} 국회 본회의를 통과했다.",310
2021,가덕도특별법,(加德島特別法),,전문어,『법률』,〔정치와 행정〕,부산 가덕도에 새로운 공항을 건설하는 데 있어 신속하게 건설 사업을 진행할 수 있도록 한시적 특례를 부여하는 법률. 2021년 3월 16일에 공포되었고 2021년 9월 17일에 시행되었다. 정식 명칭은 ‘가덕도 신공항 건설을 위한 특별법’이다.,"¶국회 법제 사법 위원회는 필요하다면 공항 건설을 위한 예비 타당성 조사를 면제하는 내용의 {가덕도 특별법을} 통과시켰고, 해당 법은 국회 본회의에서 처리될 것으로 전망된다.",310
2021,가상자산업법,(假想資産業法),,전문어,『법률』,〔정치와 행정〕,가상으로 부여된 전화번호를 통해 전화로 말을 주고받으며 면접을 진행하는 방식.,¶이번 면접은 코로나19 확산세에 대비하여 스마트폰을 활용한 {가상 전화 면접 방식으로} 진행한다.,310
2021,가족돌봄휴가연장법,(家族돌봄休暇延長法),,전문어,『법률』,〔정치와 행정〕,"가족 돌봄이 필요한 경우 근로자의 휴가 기간을 연장할 수 있도록 규정한 법률. 코로나19의 장기화로 어린이집ㆍ유치원ㆍ학교 등의 휴원ㆍ휴업ㆍ휴교가 실시됨에 따라 가족 돌봄이 필요한 경우 근로자는 기존 10일을 포함하여 최장 20일까지 휴가를 연장할 수 있으며, 한 부모 가족의 경우 최장 25일까지 연장할 수 있다. 2020년 9월 국회에서 해당 법안이 통과되었다.",¶코로나19로 인한 육아 공백이 커짐에 따라 국회 본회의에서 {가족 돌봄 휴가 연장법이} 통과되었다.,200
2021,감마변이,(<그>gamma變異),,전문어,『보건 일반』,〔보건ㆍ의학〕,일본에서 최초로 발견된 코로나19의 변이 바이러스. 브라질에서 일본으로 입국한 사람에게서 처음 발견되었다. 국가에 대한 낙인 효과를 제거하기 위해 바이러스의 이름을 그리스어 숫자로 대체하게 되었다.,¶브라질에서 일본으로 입국한 여행객에게서 처음 발견된 {감마 변이가} 아시아와 아프리카를 중심으로 퍼지고 있다.,310
2021,감염병전담요양병원,(感染病專擔療養病院),,전문어,『의학』,〔보건ㆍ의학〕,요양 병원 내에서 발생한 감염병 환자의 진료 및 치료 등을 전문적으로 맡기 위한 요양 병원. 주로 코로나19에 대한 진료 및 치료를 위해 지정된 병원을 이르는 말이다.,¶정부는 현재 수도권 요양 병원을 {감염병 전담 요양 병원으로} 활용한다는 방침이다.,310
2021,개인대주제도,(個人貸株制度),,전문어,『경제』,〔경제생활〕,"증권 시장에서, 개인 투자자에게 매도 증권을 빌려줌으로써 안정적으로 주식을 차입하여 공매도 거래를 할 수 있도록 지원하는 제도.",¶공매도 금지 조치가 해제되는 다음 달부터 개인 투자자의 공매도 접근성을 확대한 새로운 {개인 대주 제도가} 시행된다.,310
2021,갭코노미,(<영>gapconomy),차용,전문어,『경제』,〔경제생활〕,자산 시장과 실물 경제의 괴리가 커지고 사람들 사이의 자산 격차가 벌어지는 경제 상황을 이르는 말.,¶코로나19의 확산 이후 금융 지식에 대한 사람들 간의 차이가 더욱 커지며 {갭코노미의} 골은 점점 더 깊어지고 있다.,5
2021,거점전담병원의무지정기한,(據點專擔病院義務指定期限),,전문어,『의학』,〔보건ㆍ의학〕,"특정 지역의 병원에 대해, 감염병의 진료 및 치료를 전담하기 위한 거점의 역할을 하도록 의무적으로 정해 놓은 기간. 코로나19의 확산세에 대비하여 거점 전담 병원에 대한 지정 기한을 연장하면서 생겨난 말이다.",¶정부는 지난해 만든 긴급 치료 병상을 더 늘리고 {거점 전담 병원 의무 지정 기한을} 이달 하반기까지로 연장할 계획이다.,26
2021,거점접종센터,(據點接種<영>center),,전문어,『의학』,〔보건ㆍ의학〕,특정 지역에서 감염병의 백신 접종을 위해 거점의 역할을 하도록 지정된 접종 센터. 전국적으로 코로나19 백신 접종을 시작하면서 생겨난 말이다.,¶이번 백신은 영하 75도의 초저온 유통ㆍ보관이 필요해 특수 냉동고가 비치된 지역별 {거점 접종 센터에서} 접종된다.,104
2021,건강생활실천지원금제,(健康生活實踐支援金制),,전문어,『보건 일반』,〔정치와 행정〕,"스스로 자신의 건강을 잘 돌보고 건강한 생활을 위해 실천한 사람에게 지원금을 지급하는 제도. 2021년 7월부터 2024년 6월까지 국민 건강 보험 공단에서 시범 사업으로 운영 중이다. 만성 질환자나 건강 위험 요소가 있는 사람을 대상으로 하며, 개인의 실천 과정과 개선 정도에 따라 지원금을 제공한다.",¶전문가들은 {건강 생활 실천 지원금제는} 국가 정책으로 실시하는 예방 분야 최초의 지원금 제도로 국민 스스로가 건강 관리를 하는 데 동기 부여가 될 것으로 전망하고 있다.,310
2021,검사임용개혁법,(檢事任用改革法),,전문어,『법률』,〔정치와 행정〕,"기존의 검사 임용 제도를 개혁하기 위한 것으로, 변호사 또는 관련 사회 경력을 갖춘 사람을 검사로 임용하도록 규정한 법안. 2020년 12월에 국회에서 발의되었다.","¶O 의원은 다양한 사회 경험과 전문 지식을 갖춘 검사가 우리 사회를 위해 필요하다며, {검사 임용 개혁법을} 발의한 취지를 설명하였다.",34
2021,검체로봇,(檢體<영>robot),,전문어,『보건 일반』,〔보건ㆍ의학〕,"검사, 시험, 분석 따위를 위해 생물이나 물질을 채취하는 로봇. 코로나19 감염 여부를 검사하기 위해 면봉을 사람 콧속까지 넣어 자동적으로 검체를 채취하는 용도로 개발되었다.",¶의료진은 {검체 로봇을} 이용하여 환자와 대면하지 않고 안전하게 검체를 채취할 수 있게 되었다.,8
2021,공정벌금,(公正罰金),,전문어,『법률』,〔정치와 행정〕,범죄인의 재산이나 소득에 비례하여 차등적으로 부과하는 벌금.,¶개인의 소득에 따라 벌금 5만 원에 대한 무게가 같지 않으므로 재산에 비례해 벌금을 내도록 해야 한다는 {공정 벌금이} 논의되고 있다.,150
2021,공정벌금제,(公正罰金制),,전문어,『법률』,〔정치와 행정〕,범죄인의 재산이나 소득에 비례하여 차등적으로 벌금을 부과하는 제도. =재산 비례 벌금제.,¶범죄자의 하루 수입에 따라 벌금을 매기는 ‘일수 벌금제’는 범죄자들의 경제적 차이를 고려하기 때문에 ‘{공정 벌금제’라고도} 부른다.,65
2021,구글갑질방지법,(Google甲질防止法),,전문어,『법률』,〔정치와 행정〕,"구글, 애플 등 앱 마켓 사업자가 불가피한 경우를 제외하고는 앱 마켓 운영사에 특정한 결제 방식을 강제할 수 없도록 한 법률. 2021년 8월 31일에 국회 본회의를 통과해 9월 14일부터 시행되었다.",¶OO은 결제 정책의 변경을 일방적으로 발표하며 수수료를 추가로 부과하고자 했지만 일명 ‘{구글 갑질 방지법’이} 국회에서 통과되며 결제 정책 변경을 유보했다.,310
2021,국가치료격리병상,(國家治療隔離病床),,전문어,『의학』,〔보건ㆍ의학〕,감염병 환자들을 일반 환자들과 따로 수용하여 치료하기 위해 국가에서 설치ㆍ운영하는 병상을 이르는 말. 코로나19의 전 세계적 확산 상황에서 사용되기 시작하였다.,¶감염병의 확산으로 ‘{국가 치료 격리 병상’을} 확충해야 한다는 목소리가 나오고 있다.,6
2021,국방유공자예우법,(國防有功者禮遇法),,전문어,『법률』,〔정치와 행정〕,군 복무자를 유공자로서 대우하여 국가가 합당하게 예우하는 데에 필요한 사항을 규정한 법안. 정식 명칭은 ‘국방 유공자 예우에 관한 법률’이다. 2021년 4월에 국회에서 발의되었다.,¶O 의원이 발의한 {국방 유공자 예우법에} 대해 일부 청년들은 군 가산점 제도와 다를 바가 없다며 민심을 잡으려는 보여 주기식 정책이라고 비판했다.,16
2021,그린패스,(<영>green pass),,전문어,『보건 일반』,〔보건ㆍ의학〕,"이탈리아ㆍ이스라엘 등 유럽에서, 코로나19 백신 접종을 완료하였음을 증명하는 표. 국내에서는 ‘백신 패스’로 불리는 제도와 유사한 것으로, 코로나19 백신 미접종자가 식당, 약국 등의 다중 이용 시설에 출입하는 것을 제한하기 위해 만들어진 조치이다.",¶이스라엘은 공공장소에서의 코로나19 확산을 방지하기 위해 {그린 패스가} 없는 사람들의 대중 행사 참여 또는 공공장소 출입을 제한하고 있다.,310
2021,근원환자,(根源患者),,전문어,『의학』,〔보건ㆍ의학〕,"감염병의 확산세가 커지는 구역에서, 처음 감염이 시작되어 병을 옮긴 환자. 주로 코로나19와 관련하여 생겨난 말이다.","¶군부대 내 코로나19 확산과 관련되어, {근원 환자로} 추정되는 사람으로부터 현재까지 총 22명의 누적 확진자가 발견되었다.",163
2021,근육옷감,(筋肉옷감),,전문어,『기계』,〔보건ㆍ의학〕,운동하여 근육을 차곡차곡 쌓는 일을 적금에 빗대어 이르는 말.,¶노년층에게는 은퇴 후 받는 연금만큼 ‘{근육 적금’이} 중요하다.,145
2021,금융복합기업집단,(金融複合企業集團),,전문어,『경제』,〔경제생활〕,"최근 피소 횟수가 많아진 ‘금융 감독원’을 이르는 말. 금융 감독원이 진행하는 금융사에 대한 종합 검사 과정에서, 제재ㆍ징계 등 검사 결과에 반발하는 금융사가 금융 감독원에 대한 소송을 제기하는 수가 많아지며 생겨난 말이다.",¶금융 감독원이 피소된 소송 건수가 지난해 77건에 이르자 금융 감독원이 아니라 ‘{금융 소송원’이라는} 말까지 나오고 있다.,310
2021,금융복합기업집단법,(金融複合企業集團法),,전문어,『법률』,〔정치와 행정〕,"범죄나 나쁜 일을 저질렀을 때 과태료나 합의금, 배상금 등을 물어 반성하게 만드는 것을 비유적으로 이르는 말.",¶음주 운전으로 내 차를 들이받은 운전자에게 {금융 치료를} 시켜줬다.,310
2021,급식개미,(給食개미),,전문어,『경제』,〔경제생활〕,주식 시장에서 개인적으로 주식 투자를 하는 중ㆍ고등학생을 이르는 말.,¶최근 청소년들 사이 주식 열풍이 불면서 {급식 개미들의} 투자 열기가 높아지고 있다.,1
2021,기근바이러스,(飢饉<영>virus),,전문어,『사회 일반』,〔사회생활〕,기근이 세계적으로 퍼지는 현상을 바이러스에 빗대어 이르는 말. 주로 코로나19의 유행으로 식량 위기가 심각해지자 생겨난 말이다.,¶코로나19만큼의 전파력을 가진 {기근 바이러스가} 가장 먼저 위협하고 있는 곳은 빈곤국이다.,30
2021,기본소득국민운동,(基本所得國民運動),,전문어,『사회 일반』,〔사회생활〕,기본 소득 제도의 추진과 안정화를 위한 범국민적 동원 운동. 특정 지역이나 특정 계층뿐만 아니라 전 국민이 기본 소득을 보장받을 수 있도록 기본 소득 도입에 대다수 국민의 동참을 요구하는 운동이다.,"¶OO 지역에서는 {기본 소득 국민운동을} 확산하기 위해 시민 사회, 청년, 농민, 예술인 등이 참여하는 기본 소득 제도 추진 출범식이 열린다.",310
2021,기본소득토지세,(基本所得土地稅),,전문어,『법률』,〔정치와 행정〕,"토지 소유로 발생하는 불로 소득에 대해 토지의 소유자에게 세를 부과하고, 그 세수를 기본 소득으로 배당하는 제도.",¶O 후보는 {기본 소득 토지세가} 부동산 투기 억제 및 불평등 완화 등 복합적인 효과를 가져올 것이라고 주장했다.,310
2021,기초학술기본법,(基礎學術基本法),,전문어,『법률』,〔정치와 행정〕,"인문학, 사회 과학 등의 기초 학술 분야를 지원하고 육성하는 데에 필요한 사항을 규정한 법안. 2021년 3월 24일에 국회에서 발의되었다.",¶지난해 인문ㆍ사회 분야를 포함한 기초 학술을 진흥하기 위한 근간이 되는 기본법의 필요성이 대두되며 {기초 학술 기본법이} 발의되었지만 후속 논의는 이루어지지 않았다.,28
2021,기후테크,(氣候<영>tech),합성,전문어,『지구』,〔삶〕,첨단 정보 기술을 기후 분야에 적용하여 온실가스의 배출량을 줄어거나 지구 온난화 등의 기후 문제를 해결하도록 돕는 기술.,¶환경 관련 스타트업의 OOO 대표는 “외국의 경우 {기후테크에} 대한 정부의 투자가 많아 다양한 대기업과 스타트업에서 적극적으로 이 분야에 참여하고 있지만 국내는 그렇게 중요한 문제로 다뤄지지 않고 있다.”라고 설명했다.,310
2021,기후민감계층,(氣候敏感階層),,전문어,『사회 일반』,〔사회생활〕,"다른 계층에 비해 홍수, 가뭄, 지진 해일 따위의 기상 변화로 인한 곤경에 처할 가능성이 더 높은 저소득 취약 계층.",¶{기후 민감 계층인} O 씨의 집은 단열재가 설치되지 않아 외풍이 심해 겨울에는 살기가 더욱 힘들다.,253
2021,깃깔따구속,(깃깔따구屬),합성,전문어,『동식물』,〔동식물〕,"일반적으로 흐르는 물에서 서식하는 파리목 깔따굿과에 속하는 속류. 국내 미기록 종이었지만 2020년 제주 서귀포시 수돗물에서 깃깔따구속 유충이 발견되었으며, 사람을 물지는 않는다고 알려져 있다.",¶OO 지역 수돗물에서 {깃깔따구속의} 유충이 발견되어 수돗물 품질 관리에 대한 문제가 제기되고 있다.,63
2021,꼬마개미,,,전문어,『경제』,〔경제생활〕,주식 시장에서 개인적으로 주식 투자를 하는 어린아이를 이르는 말.,¶최근 주식 투자를 처음 시작하는 연령이 낮아지며 {꼬마 개미들이} 주식 시장에서 주목받고 있다.,6
2021,노쇼백신,(<영>no-show vaccine),,전문어,『보건 일반』,〔보건ㆍ의학〕,백신을 예약한 사람이 나타나지 않아 남게 된 백신. 코로나19의 감염과 확산을 막기 위한 예방 접종을 실시하면서 생겨난 말이다.,¶최근 들어 접종 예약자가 늘어나면서 {노쇼 백신조차} 구하기 어려워졌다.,310
2021,다크이코노미,(<영>dark economy),,전문어,『경제』,〔경제생활〕,"오프라인 매장은 창고로 사용하고 구매와 운영은 주로 온라인으로 이루어지는 경제 활동. 불이 꺼져 있는 어두운 매장을 나타내는 표현으로, 코로나19로 오프라인 매장의 매출이 급감하는 것에 대한 대처로 생겨났다.",¶창고의 규모가 중요한 {다크 이코노미의} 성장으로 물류 센터 시장이 더불어 급격하게 성장하였다.,25
2021,단일정액제,(單一定額制),,전문어,『법률』,〔정치와 행정〕,"부동산 거래 시 중개 수수료를, 매매의 경우 0.5% 이하에서, 임대차 계약의 경우 0.4% 이하에서 정하는 제도. 부동산 가격이 급격하게 올라가면서 중개 수수료의 부담을 낮추기 위해 제안된 제도이다.",¶{단일 정액제를} 적용하기 위해서는 관계 부처와 공인 중개사 협회의 협의가 필수적이다.,249
2021,더블링현상,(<영>doubling現象),,전문어,『보건 일반』,〔보건ㆍ의학〕,전염병의 일일 확진자 수가 전일에 비하여 두 배 이상으로 증가하는 현상. 주로 코로나19에 따른 사회적 거리 두기의 격상 기준으로 사용되었다.,¶오미크론이 기존의 우세종을 넘어 지배종이 되자 신규 확진자 {더블링 현상이} 일주일 간격으로 빚어졌다.,310
2021,덧보고,(덧報告),접두 파생,전문어,『정치』,〔정치와 행정〕,공식적인 보고가 끝난 이후 비공식적으로 이어지는 보고. ‘백 브리핑(back briefing)’의 순화어이다.,¶대통령은 적어도 일주일에 한 번은 기자실에 들러 {덧보고와} 함께 질의응답 시간을 마련하겠다고 말했다.,56
2021,데이터담보대출,(<영>data擔保貸出),,전문어,『경제』,〔경제생활〕,데이터를 담보로 하여 돈을 빌려주거나 빌리는 일.,¶산업계에서는 이 같은 {데이터 담보 대출로} 대출 시장이 크게 변화할 것으로 예측하고 있다.,69
2021,델타변이,(<그>delta變異),,전문어,『보건 일반』,〔보건ㆍ의학〕,인도에서 최초로 발견된 코로나19의 변이 바이러스. 국가에 대한 낙인 효과를 제거하기 위해 바이러스의 이름을 그리스어 숫자로 대체하게 되었다.,¶지난해 열린 올림픽을 계기로 코로나19 바이러스의 {델타 변이가} 세계 20개국으로 확산되었다.,310
2021,동물특별사법경찰관,(動物特別司法警察官),,전문어,『행정』,〔정치와 행정〕,"동물 관련 범죄를 전담하는 특별 사법 경찰관. 길고양이 학대, 반려견 살해, 불법 도살 등의 동물을 대상으로 한 범죄에 대응한다.",¶경기도는 국내에서 처음으로 {동물 특별 사법 경찰관 제도를} 도입하였다.,3
2021,디지털시장법,(<영>digital市場法),,전문어,『법률』,〔정치와 행정〕,"미국의 대형 정보 기술 기업을 대상으로 경쟁사 차별 금지, 인수 합병 시 사전 신고, 혐오 표현ㆍ위조 상품 판매 금지 등을 위반할 시 연간 매출액의 최대 10%를 벌금으로 부과하는 법안. 유럽 연합에서 미국 대형 기업의 독점 구조를 개선하기 위해 도입하였다.",¶유럽 의회는 소수의 거대 기업이 독점하는 상황을 막기 위해서는 {디지털 시장법과} 같이 새로운 제도가 필요하다고 주장한다.,310
2021,딴봉띠집회,(<미>←ttanpongtti集會),,전문어,『사회 일반』,〔사회생활〕,"2021년 3월부터 12월까지 광주의 미얀마 노동자, 학생, ‘미얀마 군부 쿠데타 반대와 민주화 지지 광주 연대’를 중심으로 미얀마 군부 독재에 저항하고자 열린 집회. ‘딴봉띠’는 큰소리로 악귀를 쫓는 미얀마의 전통 풍습을 뜻한다.",¶오는 18일에는 광주에서 미얀마 민주주의 수호를 위한 마지막 {딴봉띠 집회가} 열린다.,50
2021,라이크커머스,(<영>like cummerce),,전문어,『경제』,〔경제생활〕,물건을 사고파는 데에 소셜 네트워크의 ‘좋아요’가 기반이 되는 전자 상거래 방식.,"¶{라이크 커머스의} 원동력은 지인이나 친구의 추천, 리뷰 등을 통해 직접 확인하기 어려운 상품 정보를 확인할 수 있다는 점이다.",289
2021,레이블링게임,(<영>labeling game),,전문어,『사회 일반』,〔사회생활〕,"테스트를 통해 자신의 정체성에 이름을 부여하고, 이를 다른 사람과 공유하며 놀이처럼 즐기는 것.",¶{레이블링 게임은} 자기 정체성에 대한 고민을 해결하기 위한 노력의 일환이다.,310
2021,레이어드홈,(<영>layered home),,전문어,『사회 일반』,〔주생활〕,단순히 거주하는 것뿐만 아니라 업무와 여가 생활 등의 다양한 활동을 할 수 있는 집.,"¶{레이어드 홈이} 트렌드로 자리 잡으면서 휴식, 업무, 영화 감상 등의 활동에 알맞은 인테리어가 인기를 끌고 있다.",310
2021,레지던스트랙,(<영>residence track),,전문어,『보건 일반』,〔정치와 행정〕,코로나19 상황에서 장기 체류하는 사람을 위해 입국 후 14일간 자가 대기 조치 및 피시아르(PCR) 검사 음성 결과 제출을 조건으로 입국을 보장하는 제도.,"¶일본은 코로나19 방역 강화를 위해 베트남, 태국과 시행하던 {레지던스 트랙도} 중단하는 것으로 결정하였다.",310
2021,로빈후드운동,(Robin Hood運動),,전문어,『경제』,〔경제생활〕,미국의 개인 투자자들이 기관과 외국인에 맞서 미국 주식을 대거 사들인 상황을 비유적으로 이르는 말.,¶한국의 동학 개미 운동이나 미국의 {로빈 후드 운동에서} 보듯이 젊은 세대가 주식 투자 열풍을 주도하고 있다.,6
2021,로켓정산법,(<영>rocket定算法),,전문어,『법률』,〔정치와 행정〕,판매 대금의 지급 기한을 30일로 규정하는 법안. 2021년 1월에 발의되었다.,¶배송은 로켓 배송을 자랑하면서 대금 정산은 거북이처럼 하는 일부 기업의 갑질을 방지하기 위해 {로켓 정산법의} 도입이 필요하다.,64
2021,록다운세대,(<영>lockdown世代),,전문어,『사회 일반』,〔사회생활〕,"코로나19 이후로 교육과 직업 훈련, 소득, 일자리가 줄어들어 어려움을 겪는 청년 세대. 국제 노동 기구에서 청년 세대의 상황을 ‘봉쇄’에 빗대어 표현한 말이다.",¶대통령은 {록다운 세대가} 될 위기에 처한 청년들을 위한 특단의 대책을 강구해야 한다고 말했다.,20
2021,롤코족,(<영>←roller coaster族),접미 파생,전문어,『사회 일반』,〔인간〕,롤러코스터를 타듯이 삶을 즐기고 짧은 유행을 빠르게 따라가는 사람. 또는 그런 무리.,¶최근 기업들은 {롤코족을} 겨냥하여 단기간 내 브랜드의 인지도를 높이기 위한 마케팅 전략을 취하고 있다.,22
2021,롤코라이프,(<영>←roller coaster life),,전문어,『사회 일반』,〔삶〕,롤러코스터를 타듯이 삶을 즐기고 짧은 유행을 빠르게 따라가는 생활 방식.,¶우리 회사는 젊은 세대의 {롤코 라이프에} 맞춰 소비자의 요구에 발 빠르게 대응하기 위한 전담 팀을 꾸렸다.,127
2021,메타노믹스,(<영>metanomics),차용,전문어,『경제』,〔경제생활〕,메타버스에서 독립적인 경제 체제가 구축되거나 실물 경제와 융합되기도 하는 경제 현상을 이르는 말. ‘메타버스(metaverse)’와 ‘이코노믹스(economics)’를 결합하여 만든 말이다. 코로나19의 확산을 방지하기 위해 온라인을 통해 비대면으로 하는 활동이 일반화되는 상황에서 나온 말이다.,¶{메타노믹스로} 인해서 가상 세계의 경제와 현실 세계의 경제 사이의 경계가 모호해졌다.,310
2021,면역대리지표,(免疫代理指標),,전문어,『의학』,〔보건ㆍ의학〕,"임상 실험을 하지 않고 백신의 효능을 간접적으로 평가할 수 있는 지표. 코로나19의 전 세계적인 확산으로, 코로나19 백신의 신속한 개발이 요구되는 상황에서 나온 말이다.",¶{면역 대리 지표를} 이용하게 되면 임상 3상에 필요한 피험자 수를 기존의 5분의 1 수준으로 줄일 수 있다.,310
2021,무인탐사헬기,(無人探査<영>←helicopter機),,전문어,『천문』,〔사회생활〕,사람이 직접 탑승하지 않아도 자동으로 조종할 수 있는 탐사용 헬기.,¶나사(NASA)는 2016년에 {무인 탐사 헬기를} 개발하기 위한 회의를 개최했다.,2
2021,민지세대,(민지世代),,전문어,『사회 일반』,〔사회생활〕,"‘엠제트(MZ) 세대’를 달리 이르는 말. ‘밀레니엄 세대’의 첫머리 문자인 엠(M)을 활용한 ‘민’, ‘제트 세대’의 제트(Z)를 활용한 ‘지’를 결합하여 ‘민지’라는 이름으로 바꾸어 표현한 말이다.",¶재미를 중시하는 이른바 {민지 세대가} 소비 주체로 부상하면서 상대적으로 이들과 관련이 적은 전통 제조업체도 이색적인 협업을 통해서 엠제트(MZ) 공략에 나서고 있다.,18
2021,밀보드차트,(<영>▼←military Billboard chart),,전문어,『음악』,〔문화〕,군 장병에게 인기 있는 대중가요를 이르는 말. 미국 빌보드 매거진에서 발표하는 대중가요 순위표인 '빌보드 차트'에 빗대어 표현한 말이다.,¶아이돌 그룹 OOO은 자칫 잊혀질 뻔했으나 전국의 군부대를 찾아가는 노력으로 {밀보드 차트에} 올랐고 이후 음원 차트 역주행에 성공하여 폭발적인 인기를 모으게 되었다.,138
2021,바이드노믹스,(<영>Bidenomics),차용,전문어,『경제』,〔경제생활〕,"미국의 46대 대통령 바이든이 시행한 경제 정책. 경제의 활성화를 통하여 더 나은 미국 재건을 목표로, 증세ㆍ대규모 친환경 공공 투자 정책 따위를 실시하였다.",¶{바이드노믹스의} 핵심은 친환경이므로 국내 신재생 에너지 관련 산업 성장에 도움이 될 것으로 보인다.,310
2021,반값임대료법,(半값賃貸料法),,전문어,『경제』,〔정치와 행정〕,전국적인 재난 사태로 인해 매출이 급격히 감소한 사업장에 대해 임대료를 절반으로 낮추도록 한 법. 코로나19의 확산으로 인한 경제 위축이 장기화되고 자영업자의 임대료 부담이 커지자 발의된 법이다.,¶코로나19의 확산이 이어져 자영업자들의 고통이 가중되는 상황에서 국회에서는 한 의원이 발의했던 {반값 임대료법이} 다시 주목을 받고 있다.,79
2021,방역신뢰국,(防疫信賴國),,전문어,『보건 일반』,〔보건ㆍ의학〕,감염병에 대처하는 우수한 방역 체계를 보유한 국가를 일컫는 말. 코로나19의 전 세계적 확산 상황에서 사용되기 시작하였다.,¶코로나19 음성 판정을 받은 국민들은 누구나 {방역 신뢰국} 사이를 자유롭게 왕래할 수 있고 격리 조치 또한 완화된다.,78
2021,배배테크,(倍賠<영>tech),,전문어,『경제』,〔경제생활〕,‘배액 배상 재테크’를 줄여 이르는 말. 매수인이 재테크를 할 수 있을 정도로 배액 배상이 흔해진 부동산 시장을 비꼬아 이르는 말이다.,¶집값이 빠르게 올라 기존 계약을 파기하는 경우가 빈번하게 발생했고 이로 인해 ‘{배배 테크’가} 가능하다는 일종의 풍자도 나오고 있다.,18
2021,백신디바이드,(<영>vaccine divide),,전문어,『보건 일반』,〔경제생활〕,백신 확보가 어려워 국가 간 백신 수출입이 금지된 상황을 장벽에 빗대어 이르는 말. 코로나19가 전 세계적으로 유행한 상황에서 나온 말이다.,¶유럽 연합이 코로나19 백신의 역외 반출 시 건당 승인 절차를 만드는 등 전 세계가 {백신 장벽을} 세우고 있다.,169
2021,백신사절단,(<영>vaccine使節團),,전문어,『보건 일반』,〔정치와 행정〕,백신 확보량 부족으로 인해 백신 공급이 급격하게 줄어드는 현상. 코로나19가 전 세계적으로 유행한 상황에서 나온 말이다.,"¶내년 봄, 백신 보유량이 급격히 줄어드는 {백신 절벽을} 마주할 것이라는 전망이 보건 전문가들 사이에서 나왔다.",306
2021,백신여권,(<영>vaccine旅券),,전문어,『보건 일반』,〔보건ㆍ의학〕,백신을 확보한 나라와 그렇지 않은 나라 간에 발생하는 사회 경제적 격차. 코로나19가 전 세계적으로 유행한 상황에서 나온 말이다.,¶한 대선 후보는 2021년 경제가 {백신 디바이드에} 좌우될 것이라고 전망했다.,310
2021,백신패스,(<영>vaccine pass),,전문어,『보건 일반』,〔보건ㆍ의학〕,백신 접종 이력을 증명할 수 있는 문서. 또는 백신 접종 이력을 증명한 사람이 이용할 수 있는 서비스. 코로나19가 전 세계적으로 유행한 상황에서 나온 말이다.,"¶독일의 경우 코로나19 백신 접종자, 음성 판정자 및 양성 판정 후 완치자 등을 대상으로 {백신 패스를} 적용하고 있다.",310
2021,백신휴가제도,(<영>vaccine休暇制度),,전문어,『보건 일반』,〔정치와 행정〕,"백신 접종을 위해 휴가를 주는 제도. 코로나19 백신이 보급됨에 따라 백신 접종률을 높이기 위해 시행되었다. 백신을 접종한 다음 날 하루를 부여하고, 이상 반응이 있는 경우 추가로 하루를 더 사용할 수 있다. 코로나19가 전 세계적으로 유행한 상황에서 나온 말이다.",¶이달부터는 {백신 휴가 제도가} 시행되어 백신 접종 후 이상 징후가 있다면 의사의 소견서 없이도 최대 이틀 동안은 휴가를 쓸 수 있다.,310
2021,베이스시프트,(<영>base shift),,전문어,『경제』,〔경제생활〕,"일정 기간 동안의 경제 성장률이 당초 예상한 수치보다 높게 나타났을 때, 이에 맞춰 남은 기간의 전망 경로를 조정하는 일.",¶1분기 경제 성장률이 예상치를 훌쩍 넘기며 {베이스 시프트를} 이루어 낸 것으로 평가된다.,12
2021,베타변이,(<그>beta變異),,전문어,『보건 일반』,〔보건ㆍ의학〕,남아프리카 공화국에서 최초로 발견된 코로나19의 변이 바이러스. 국가에 대한 낙인 효과를 제거하기 위해 바이러스의 이름을 그리스어 숫자로 대체하게 되었다.,¶새롭게 개발된 백신은 남아프리카 공화국에서 발견된 {베타 변이에도} 면역 반응을 보였다.,310
2021,브이노믹스,(<영>▼←virus economics),혼성,전문어,『경제』,〔경제생활〕,바이러스로 인한 감염병 확산이 야기한 일련의 경제 현상을 이르는 말. 코로나19가 전 세계적으로 유행한 상황에서 나온 말이다.,"¶코로나19로 인해 많은 것이 변화하고 있는 가운데, 지능형 자동화가 이끄는 초자동화가 {브이노믹스의} 핵심이라고 여겨진다.",310
2021,비격리여행권역,(非隔離旅行圈域),,전문어,『행정』,〔정치와 행정〕,"전 세계적으로 전염병이 크게 유행하는 상황에서 방역이 우수한 국가들 사이에 국민들이 해당 국가들을 자유롭게 여행할 수 있도록 맺은 협약. 코로나19가 전 세계적으로 유행한 상황에서 우리나라는 2021년 11월에 싱가포르와 처음 협약을 체결하였다. =여행 안전 권역, 트래블 버블.",¶여행사는 최근 {비격리 여행 권역의} 확대로 해외여행 수요가 증가할 것으로 기대하고 있다.,310
2021,사전위탁보호제도,(事前委託保護制度),,전문어,『행정』,〔정치와 행정〕,입양을 하기 전에 양친과 양자 간 친밀감을 미리 조성하고 파양을 막기 위해 국가에서 일정 기간 양자를 돌봐 주며 보호하는 제도. =사전 위탁 보호 제도.,¶O 연구원은 {사전 위탁 보호제를} 법제화한다면 입양과 관련된 다양한 문제를 해결하는 데 도움이 될 것이라고 말했다.,210
2021,사전위탁보호제,(事前委託保護制),,전문어,『행정』,〔정치와 행정〕,입양을 하기 전에 양친과 양자 간 친밀감을 미리 조성하고 파양을 막기 위해 국가에서 일정 기간 양자를 돌봐 주며 보호하는 제도. =사전 위탁 보호제.,¶{사전 위탁 보호 제도는} 예비 부모와 입양될 아동 사이에 친밀감을 형성하는 데 큰 도움을 준다.,268
2021,상생소비지원금,(相生消費支援金),,전문어,『복지』,〔정치와 행정〕,전국적인 재난 사태로 인한 경기 침체를 극복하고 위축된 소비 심리를 진작하기 위해 정부가 국민에게 일시적으로 지원하는 현금 또는 현물. 코로나19로 인한 재난 상황에서 카드 사용 금액의 일부를 현금으로 돌려주는 방식으로 지급되기 시작했다.,¶카드업계는 {상생 소비 지원금을} 받은 후에 카드 결제를 취소하여 지원금 수령 요건이 충족되지 않는 회원들에게 환수금을 청구할 예정이다.,310
2021,상폐빔,(上廢<영>beam),,전문어,『경제』,〔경제생활〕,상장 폐지를 앞둔 종목의 주가가 급등하는 현상.,¶전문가들은 개인 투자자들이 {상폐 빔에} 올라타 수익을 내려는 욕심을 버려야 한다고 말한다.,240
2021,서학개미,(西學개미),,전문어,『경제』,〔경제생활〕,서학 개미 운동에 참여한 국내 개인 투자자들을 이르는 말.,¶{서학 개미들의} 등장은 원 달러 환율에도 큰 영향을 미쳤다.,310
2021,서학개미운동,(西學개미運動),,전문어,『경제』,〔경제생활〕,"해외 주식에 대한 국내 개인 투자자들의 대규모 매수세를 이르는 말. 코스피 지수 및 코스닥 지수를 회복시킨 ‘동학 개미 운동’ 이후, 국내 개인 투자자들이 해외 주식 또한 대규모로 매수하며 사용된 말이다.","¶동학 개미 운동 이후, 최근에는 미국을 비롯한 해외 주식까지 사들이는 {서학 개미 운동이} 활발하게 이어지고 있다.",250
2021,세계백신면역개발연합,(世界<영>vaccine免疫開發聯合),,전문어,『보건 일반』,〔정치와 행정〕,"개발 도상국 어린이들의 면역화를 지원하기 위한 목적으로 2000년에 설립된 국제 기구. 백신 공급 및 접종, 의료 환경 개선, 의료 전문 인력 양성 등에 기여하는 여러 사업들을 수행한다.",¶백신의 공정한 분배를 주도해 온 {세계 백신 면역 개발 연합이} 평화상 후보에 올랐다.,14
2021,세금멈춤법,(稅金멈춤法),,전문어,『경제』,〔정치와 행정〕,반값 임대료법에 따라 감액된 임대료의 절반을 임대인에게 되돌려 주도록 규정한 법안. 코로나19의 확산으로 인한 경제 위축이 장기화되고 반값 임대료법 발의에 따라 생기게 된 임대인의 손실을 보전하기 위해 추가적으로 발의된 법이다.,¶여당은 착한 임대인을 지원하기 위한 {세금 멈춤법의} 발의도 예고했다.,53
2021,수정체낭절개술,(水晶體囊切開術),,전문어,『의학』,〔보건ㆍ의학〕,백내장 따위의 안구 관련 질병을 치료하기 위해 수정체낭을 절개하는 수술.,¶새로 도입된 레이저 수술 장비를 활용하면 보다 정확한 {수정체낭 절개술이} 가능해 관련 질병을 안전하게 치료할 수 있다.,11
2021,스가노믹스,(Suga[菅]<영>←economics),혼성,전문어,『경제』,〔정치와 행정〕,"일본의 99대 내각 총리대신 스가 요시히데가 시행한 경제 정책. 경제의 안정화를 목표로, 지방 경제 활성화 및 소비 활성화를 위한 최저 임금 인상 따위를 실시하였다.",¶‘{스가노믹스’는} ‘아베노믹스’를 계승하되 추가적인 성장 전략들을 포함할 것이라는 전망이 나온다.,60
2021,스핏후드,(<영>spit hood),,전문어,『복식』,〔의생활〕,재소자가 교도관에게 침을 뱉는 것을 방지하기 위해 재소자의 얼굴에 씌우는 후드.,¶한 재소자가 계속 침을 뱉으며 공격적인 모습을 보이자 경찰들은 그를 제압한 후 {스핏 후드를} 씌웠다.,9
2021,신속진단검사센터,(迅速診斷檢査<영>center),,전문어,『보건 일반』,〔보건ㆍ의학〕,질병 혹은 바이러스 등의 감염 여부를 빠르게 진단하기 위해 만든 검사 센터. 코로나19가 전 세계적으로 유행하는 상황에서 학생들이 원활하게 수업을 들을 수 있도록 2021년 4월에 한 대학교에서 시범적으로 운영되었다.,¶OO대에서는 대면 수업 전환을 위해 1~2시간 안에 검사 결과를 받아 볼 수 있는 {신속 진단 검사 센터를} 캠퍼스 내에 설치해 운영할 계획이라고 밝혔다.,200
2021,아동돌봄특별지원,(兒童돌봄特別支援),,전문어,『복지』,〔정치와 행정〕,"재난 따위로 인하여 어린 자녀를 돌보는 데 부담이 늘어난 가정을 돕기 위하여 일시적으로 양육비 등을 지원하는 일. 코로나19의 대유행으로 인해 학교, 어린이집, 유치원 등이 휴교 및 휴원하는 기간이 길어짐에 따라 늘어난 가정의 양육 부담을 줄이기 위하여 정부가 2020년 9월에 초등학생 이하의 아동이 있는 가정에 지원금을 지급했다. =아동 특별 돌봄 지원.",¶미취학 아동 및 초등학생에게 20만 원씩 지급되는 {아동 돌봄 특별 지원은} 추석 전에 시작될 가능성이 크다.,76
2021,아동특별돌봄지원,(兒童特別돌봄支援),,전문어,『복지』,〔정치와 행정〕,"재난 따위로 인하여 어린 자녀를 돌보는 데 부담이 늘어난 가정을 돕기 위하여 일시적으로 지원하는 일에 드는 비용. 코로나19의 대유행으로 인해 학교, 어린이집, 유치원 등이 휴교 및 휴원하는 기간이 길어짐에 따라 늘어난 가정의 양육 부담을 줄이기 위하여 정부가 2020년 9월에 초등학생 이하의 아동이 있는 가정에 아동 1명당 20만 원씩 지원금을 지급했다. = 아동 특별 돌봄비, 아동 특별 돌봄 지원비.",¶정부의 4차 추가 경정 예산안에 따르면 {아동 특별 돌봄 지원금은} 9월 중에 수령할 수 있다.,310
2021,아동특별돌봄지원금,(兒童特別돌봄支援金),,전문어,『복지』,〔정치와 행정〕,"재난 따위로 인하여 어린 자녀를 돌보는 데 부담이 늘어난 가정을 돕기 위하여 일시적으로 지원하는 일에 드는 비용. 코로나19의 대유행으로 인해 학교, 어린이집, 유치원 등이 휴교 및 휴원하는 기간이 길어짐에 따라 늘어난 가정의 양육 부담을 줄이기 위하여 정부가 2020년 9월에 초등학생 이하의 아동이 있는 가정에 아동 1명당 20만 원씩 지원금을 지급했다. = 아동 특별 돌봄비, 아동 특별 돌봄 지원금.",¶육아에 대한 부모의 부담을 완화하기 위해 아동 일인당 이십만 원의 {아동 특별 돌봄 지원비가} 지급된다.,310
2021,아동특별돌봄지원비,(兒童特別돌봄支援費),,전문어,『복지』,〔정치와 행정〕,"재난 따위로 인하여 어린 자녀를 돌보는 데 부담이 늘어난 가정을 돕기 위하여 일시적으로 지원하는 일에 드는 비용. 코로나19의 대유행으로 인해 학교, 어린이집, 유치원 등이 휴교 및 휴원하는 기간이 길어짐에 따라 늘어난 가정의 양육 부담을 줄이기 위하여 정부가 2020년 9월에 초등학생 이하의 아동이 있는 가정에 아동 1명당 20만 원씩 지원금을 지급했다. = 아동 특별 돌봄 지원비, 아동 특별 돌봄 지원금.","¶정부는 휴교와 휴원 등으로 가중된 학부모의 돌봄 부담을 덜어 주기 위해 초등학생 이하인 자녀가 있을 경우, 일인당 이십만 원의 {아동 특별 돌봄비를} 지원하기로 했다.",99
2021,아동특별돌봄비,(兒童特別돌봄費),,전문어,『복지』,〔정치와 행정〕,"재난 따위로 인하여 어린 자녀를 돌보는 데 부담이 늘어난 가정을 돕기 위하여 일시적으로 양육비 등을 지원하는 일. 코로나19의 대유행으로 인해 학교, 어린이집, 유치원 등이 휴교 및 휴원하는 기간이 길어짐에 따라 늘어난 가정의 양육 부담을 줄이기 위하여 정부가 2020년 9월에 초등학생 이하의 아동이 있는 가정에 지원금을 지급했다. =아동 돌봄 특별 지원.",¶비대면 활동을 뒷받침하기 위한 통신비 지원과 돌봄 수요에 따른 {아동 특별 돌봄 지원도} 맞춤형 긴급 재난 지원 패키지에 포함된다.,310
2021,알파변이,(<영>alpha變異),,전문어,『보건 일반』,〔보건ㆍ의학〕,영국에서 발견되고 보고된 코로나19의 변이 바이러스. 국가에 대한 낙인 효과를 제거하기 위해 바이러스의 이름을 그리스어 숫자로 대체하게 되었다.,¶델타 변이가 {알파 변이보다} 전염력이 더 강하다는 주장이 나왔다.,310
2021,액화수소열차,(液化水素列車),,전문어,『교통』,〔사회생활〕,"액화 수소를 연료로 하는 고속 열차. 에너지 변환 과정에서 오염 물질을 배출하지 않아 친환경적이며, 수소 기체 열차에 비해 운송 효율이 높아 경제적이다.",¶연구원은 {액화 수소 열차를} 타고 유라시아 대륙을 횡단할 날이 올 것을 기대한다고 밝혔다.,140
2021,양자난수생성기술,(量子亂數生成技術),,전문어,『정보ㆍ통신』,〔경제생활〕,양자 역학의 원리를 이용하여 특정한 규칙을 가지지 않는 임의의 수를 만드는 기술.,"¶{양자 난수 생성 기술은} 패턴이 없고 예측이 불가능한 순수한 난수를 만들어 낼 수 있으며, 이 기술은 생체 인증 보안 키에 활용될 수 있다.",90
2021,에브리싱랠리,(<영>everything rally),,전문어,『경제』,〔경제생활〕,"금이나 달러화와 같은 안전 자산을 제외한 모든 자산의 가격이 오르는 현상. 주식, 부동산, 원자재, 가상 화폐 등 모든 자산의 가격이 상승하는 것을 의미한다. 코로나19의 대유행이 전 세계 경제에 큰 영향을 미치게 된 상황에서 나온 말이다.","¶코로나19로 인한 글로벌 경제 충격으로 세계 각국의 중앙은행은 초저금리 정책을 펼치고 있으며, 이로 인한 유동성이 증권 시장, 가상 화폐 시장 등의 자본 시장에 유입되어 {에브리싱 랠리를} 이끌고 있다.",310
2021,여행안전권역,(旅行安全圈域),,전문어,『행정』,〔정치와 행정〕,"전 세계적으로 전염병이 크게 유행하는 상황에서 방역이 우수한 국가들 사이에 국민들이 해당 국가들을 자유롭게 여행할 수 있도록 맺은 협약. 코로나19가 전 세계적으로 유행한 상황에서 우리나라는 2021년 11월에 싱가포르와 처음 협약을 체결하였다. =비격리 여행 권역, 트래블 버블.","¶정부는 다른 방역 안전 국가와의 협의를 통해 {여행 안전 권역을} 합의한 뒤, 이를 시행할 전망이다.",310
2021,연금개미,(年金개미),,전문어,『경제』,〔경제생활〕,퇴직 연금을 활용하여 주식 시장에서 개인적으로 주식 투자를 하는 사람.,¶{연금 개미들을} 잡기 위한 자산 운용사들의 경쟁이 심화되고 있다.,149
2021,우먼버핏,(<영>woman Buffett),,전문어,『경제』,〔경제생활〕,주식 투자 수익률이 높은 여성을 미국의 유명한 투자가이자 자산가인 워런 버핏(Warren Buffett)에 빗대어 이르는 말. 주식 시장의 단기적인 주가 등락에 반응하기보다는 워런 버핏처럼 우량주에 주목하여 장기적으로 투자하는 경향이 있다.,"¶최근 주식 투자를 하는 여성들이 장기 투자를 선호하고, 수익률도 양호한 것으로 나타나 증권가에서 {우먼 버핏으로} 불리고 있다.",17
2021,워크레져패션,(<영>work leisure fashion),,전문어,『복식』,〔의생활〕,일할 때와 여가 시간을 보낼 때 두루 입는 옷차림. 일할 때는 적당히 격식을 차린 것처럼 보이지만 몸에 편안한 것이 특징이다. 코로나19로 인해 화상 회의 등의 비대면 환경이 자리 잡으면서 생겨난 말이다.,¶화상 회의가 일상생활이 되면서 하의보다는 상의에 더 신경을 쓰는 것도 {워크 레저 패션의} 중요한 경향이다.,2
2021,유도슈트,(誘導<영>chute),,전문어,『기계』,〔경제생활〕,원료를 원료 컨베이어 벨트 끝에서 다음 공정으로 옮기는 장치.,¶{유도 슈트의} 교체를 위한 작업은 네 명이 한 조를 이루어 진행된다.,4
2021,육아기본소득,(育兒基本所得),,전문어,『복지』,〔정치와 행정〕,근로 여부나 재산의 많고 적음에 상관없이 어린 아이를 양육하는 모든 가정에 지급하는 소득. 우리나라에서는 강원도 지방 자치 단체에서 2019년 1월 1일 이후 출생한 아이가 48개월이 될 때까지 아이의 보호자에게 매달 30만 원을 지급한다.,¶이 연구원은 {육아 기본 소득의} 도입과 출산율 간의 상관관계에 대한 논문을 발표를 하였다.,3
2021,육아전문관리사,(育兒專門管理士),,전문어,『사회 일반』,〔사회생활〕,일정 시간 동안 아이를 맡아 돌보는 일을 전문적으로 하는 사람.,¶정부는 {육아 전문 관리사에} 대한 자격증 제도를 도입할 것이라고 밝혔다.,112
2021,음토토,(<와>mtoto),차용,전문어,『역사』,〔인간〕,"2013년에 케냐 동부의 동굴에서 발굴된 현생 인류의 유골 화석. 스와힐리어의 ‘아이’라는 뜻으로, 2.5세 내지 3세 유아의 유골로 추정된다. 매장 시기는 7만 8000년 전으로 추정되며 현재 아프리카에서 발견된 매장 유적들 가운데 가장 오래된 것으로 기록되었다.",¶중동 지역과 유럽에서는 약 12만 년 전의 매장 유적이 발굴되었으나 선사 시대 무덤의 발굴이 드문 아프리카에서는 {음토토의} 무덤이 가장 오래된 것으로 기록되었다.,20
2021,의무공공기여,(義務公共寄與),,전문어,『행정』,〔정치와 행정〕,"토지 개발 사업자가 용도 지역을 변경하거나 용적률을 상향할 때, 공공의 이익을 위하여 의무적으로 지방 자치 단체에 시설을 기부하거나 일정 비율의 돈을 내는 일.","¶시에서는 {의무 공공 기여를} 폐지하고 업무 처리 절차를 간소화하는 등, 소규모 재건축 사업에 각종 인센티브를 제공한다.",310
2021,인플루언서블세대,(<영>influenceable世代),,전문어,『사회 일반』,〔사회생활〕,인플루언서가 되고 싶어 하거나 그들처럼 행동하는 세대. ‘인플루언서블’은 누리 소통망 서비스에서 다른 사람들에게 영향을 미치는 사람을 뜻하는 ‘인플루언서’와 어떤 것을 ‘할 수 있는’을 뜻하는 영어 접미사 ‘-어블(-able)’을 결합하여 만든 말이다.,"¶밀레니얼 세대는 공동의 행복보다는 자신의 욕구 실현과 취향을 추구하며, 개개인이 상당한 영향력을 가지고 있는 ‘{인플루언서블 세대’인} 만큼 주거 트렌드에도 급격한 변화가 나타나고 있다.",0
2021,일가구일주택법,(一家口一住宅法),,전문어,『법률』,〔정치와 행정〕,부동산 투기를 막기 위하여 1가구당 1개의 주택만을 보유하도록 하는 법안. 2020년 12월에 국회에서 발의되었으며 정식 명칭은 ‘주거 기본법 일부 개정안’이다.,¶여당에서 {일 가구 일 주택법이} 발의되자 이에 대해 야당에서는 “사유 재산까지 법으로 제한하려 한다.”라고 비판했다.,1
2021,임대료멈춤법,(賃貸料멈춤法),,전문어,『경제』,〔정치와 행정〕,코로나19의 확산을 방지하기 위해 정부에서 집합을 금지하거나 제한한 업종의 상인들에게 상가의 임대인이 임대료의 전체 또는 일부를 청구할 수 없게 하는 법안. 2020년 12월에 국회에서 발의되었으며 정식 명칭은 ‘상가 건물 임대차 보호법 개정안’이다.,"¶{임대료 멈춤법은} 집합 금지 조치가 내려진 업종에 대해서는 임대인이 임대료 등을 청구할 수 없게 하고, 집합을 제한한 업종의 경우 기존 임대료의 절반 이상을 청구할 수 없도록 하는 내용을 포함하고 있다.",310
2021,자본주의키즈,(資本主義<영>kids),,전문어,『사회 일반』,〔경제생활〕,어릴 때부터 자본주의를 접하면서 자본주의적인 논리를 당연하게 생각하는 아이. 돈이나 소비에 대한 부정적인 편견이 없으며 경제 문제에 밝고 재테크에 큰 관심을 보이는 것이 특징이다.,¶자본주의 요소에 밝은 {자본주의 키즈라고} 해도 복잡하고 생소한 투자가 결코 쉬운 것이 아니다.,310
2021,자율방역로봇,(自律防疫<영>robot),,전문어,『기계』,〔보건ㆍ의학〕,스스로 방역 작업을 할 수 있는 인공 지능 로봇. 코로나19의 확산을 막기 위해 활용되었다.,¶팬데믹 사태로 방역 작업의 중요성이 점점 높아짐에 따라 모든 건물에서 {자율 방역 로봇이} 활동하게 되었다.,107
2021,재난시기상가임대료감면법,(災難時期商家賃貸料減免法),,전문어,『법률』,〔정치와 행정〕,감염병의 확산과 같은 재난이 일어난 상황으로 인해 정부가 영업 제한이나 영업 정지를 명령하는 업종의 경우 상가의 임대료를 감면받을 수 있도록 하는 법안. 2020년 국회에서 발의되었으며 정식 명칭은 ‘재난 및 안전 관리 기본법 일부 개정 법률안’이다. 코로나19의 대유행으로 인한 경제적 위기 상황을 극복하기 위한 방안을 논의하는 과정에서 나온 말이다.,¶OOO 의원은 코로나19와 같은 재난 상황으로 인해 상가 영업에 차질이 있을 경우 임대료를 감면하는 내용을 골자로 하는 {재난 시기 상가 임대료 감면법을} 발의하였다.,38
2021,재산비례벌금제,(財産比例罰金制),,전문어,『법률』,〔정치와 행정〕,범죄인의 재산이나 소득에 비례하여 차등적으로 벌금을 부과하는 제도. =공정 벌금제.,¶법무부 장관 후보자는 동일한 범죄라도 범죄자의 재산 규모에 따라서 벌금 액수에 차이를 두는 ‘{재산 비례 벌금제’를} 도입하여 형평성 문제를 해결하겠다고 밝혔다.,310
2021,전국민재난지원패키지,(全國民災難支援<영>package),,전문어,『복지』,〔정치와 행정〕,"전국적인 재난 사태로 인해 침체된 경기를 부양하기 위해 도입한 ‘재난 지원금ㆍ상생 소비 지원금ㆍ소상공인 손실 지원금’의 세 가지 정책을 이르는 말. 코로나19의 대유행으로 인한 경제적 위기 상황을 극복하기 위한 방안으로, 전 국민이 세 가지 가운데 적어도 한 가지는 지원받을 수 있다는 의미로 나온 말이다.","¶{전 국민 재난 지원 패키지는} 내수 경기를 활성화하기 위한 종합 대책으로, 코로나19로 인해 피해를 입은 중소기업과 소상공인을 위한 손실 보상 피해 지원, 가계의 어려움을 돕기 위한 현금 직접 지원, 그리고 국민들의 소비를 촉진하기 위한 상생 소비 지원을 모두 합친 것이라고 여당 원내 대표가 설명하였다.",60
2021,전략장거리포,(戰略長距離砲),,전문어,『군사』,〔정치와 행정〕,"사정거리가 1,600킬로미터 이상으로 긴 대포.","¶2023년경에 출시될 {전략 장거리포는} 미 육군이 개발 중인 장거리 무기이며, 군용 트럭이 끌어서 움직일 수 있도록 설계되었다.",8
2021,전월세금지법,(傳月貰禁止法),,전문어,『법률』,〔정치와 행정〕,수도권 내의 분양가 상한제가 적용되는 신규 아파트에 실거주 의무 기간을 부과하는 법률. 실수요자 위주의 분양 시장을 만드는 것을 목적으로 2021년 2월에 시행되었다. 정식 명칭은 ‘주택법 시행령 일부 개정안’이다.,¶내일부터 수도권에서 분양가 상한제가 적용되는 지역의 아파트에 최대 5년의 실제 거주 의무 기간이 부여되는 {전월세 금지법이} 시행될 예정이다.,310
2021,전자예방접종증명서,(電子豫防接種證明書),,전문어,『보건 일반』,〔보건ㆍ의학〕,예방 접종을 받았음을 증명하는 전자 문서. 코로나19의 감염과 확산을 막기 위한 예방 접종 및 증명을 실시하면서 생겨난 말이다.,¶이용자가 예방 접종을 받은 사실을 모바일 기기로 증명할 수 있도록 {전자 예방 접종 증명서를} 암호화하는 서비스가 개발될 예정이다.,310
2021,정책형뉴딜펀드,(政策型New Deal<영>fund),,전문어,『경제』,〔경제생활〕,뉴딜 관련 기업이나 사업에 투자하기 위하여 정부가 출자하여 만든 모펀드.,¶정부는 {정책형 뉴딜 펀드를} 신설하고 20조 원을 조성하여 한국판 뉴딜 기업과 사업에 적극적으로 투자할 계획이다.,310
2021,주가꿈비율,(株價꿈比率),,전문어,『경제』,〔경제생활〕,10년 후 해당 산업 전체의 시장 규모 예상값과 10년 후 기업의 시장 점유율 예상값을 곱한 값으로 기업의 현재 시가 총액을 나눈 비율. 기업의 미래 가치를 평가하기 위한 지표이다.,"¶최근에는 메타버스 관련주가 계속 상승세에 있는데, 이는 이미 주식 시장에서 어떤 기업의 미래 가치를 미리 평가하기 위해 {주가 꿈 비율을} 반영하고 있다는 의미다.",122
2021,주폭방지법,(酒暴防止法),,전문어,『법률』,〔정치와 행정〕,"술을 마시고 행패를 부리는 일이 일어나지 못하게 막기 위한 법안. 주취 범죄에 대한 처벌을 강화하기 위한 법안으로, 정식 명칭은 ‘주취자 범죄의 예방 및 처벌 등에 관한 법률안’이다. 2021년 4월에 국회에서 발의되었다.",¶{주폭 방지법은} 상습적인 주폭 사범에게 형의 2분의 1까지 가중할 수 있도록 한 것이다.,30
2021,중수청법,(重搜廳法),합성,전문어,『법률』,〔정치와 행정〕,"‘중대 범죄 수사청 설치 및 운영에 관한 법률안’을 줄여 이르는 말. ‘중수청’은 ‘중대 범죄 수사청’을 줄여 이르는 말로, 중대 범죄에 대하여 기존 검찰이 가진 수사권을 ‘중수청’이 이관받고 검찰은 주로 공소의 업무를 맡아보게 된다는 내용의 법안이다. 2021년 2월에 국회에서 발의되었다.","¶OO당은 {중수청법을} 2월에 국회에서 발의한 뒤, 6월에 통과시키는 것을 목표로 하고 있다.",310
2021,중앙예방접종센터,(中央豫防接踵center),,전문어,『보건 일반』,〔보건ㆍ의학〕,"코로나19 예방 접종을 체계적으로 관리하는 중심 기관. 국립 중앙 의료원에 설치되었으며, 2021년 2월에 코로나19 환자 치료 병원의 종사자를 대상으로 한 첫 번째 예방 접종이 시행되었다. 코로나19 예방 접종 시행 외에도, 적정 온도 유지가 필수적인 엠아르엔에이(mRNA) 백신의 보관 및 유통을 관리하고, 예방 접종 매뉴얼을 마련하여 권역 및 지역 예방 접종 센터로 전달하는 등의 기능을 수행한다.",¶{중앙 예방 접종 센터에서} 수도권 소재 의료 기관의 의료진들을 대상으로 국내 첫 백신 접종이 이루어졌다.,310
2021,지역재생잠재력지수,(地域再生潛在力指數),,전문어,『사회 일반』,〔경제생활〕,"지역의 발전 가능성과 성장 잠재력을 평가하는 지수. 둘째 이상의 출생률을 출산 가능한 인구의 비율로 나눈 것으로, 값이 1 이상이면 인구가 늘고 있음을 보여준다.","¶{지역 재생 잠재력 지수가} 2 이상 나온 곳은 총 19곳으로 집계되었으며, 모두 농촌의 군 단위 지역이었다.",172
2021,집단면역가설,(集團免疫假說),,전문어,『보건 일반』,〔보건ㆍ의학〕,백신 접종 따위를 통해 감염증에 대한 집단 면역이 이루어질 수 있다는 가설. 코로나19에 대한 방역 지침을 논의하는 상황에서 나온 말이다.,¶연구진은 중국은 {집단 면역 가설에} 따른 전략을 받아들일 준비가 되어 있지 않다고 밝혔다.,6
2021,청년특별구직지원금,(靑年特別求職支援金),,전문어,『복지』,〔정치와 행정〕,전국적인 재난 사태로 인해 구직 기간이 길어짐에 따라 경제적인 어려움을 겪는 미취업 상태의 저소득층 청년들을 지원하기 위해 정부가 지급하는 지원금. 코로나19의 확산과 그에 따른 경제 위기로 인해 마련된 제도이다.,¶정부는 청년들의 어려운 취업 여건을 고려하여 기준 중위 소득 이하에 해당하는 청년 구직자들에게 1회에 50만 원씩 {청년 특별 구직 지원금을} 지급하기로 했다.,310
2021,청산가정반환율,(淸算假定返還率),,전문어,『경제』,〔경제생활〕,"상조 회사가 청산되었을 때를 가정할 경우, 소비자가 납부한 금액이 소비자에게 반환되는 비율. 회사의 총자산에서 선수금을 제외한 부채를 뺀 뒤 이를 선수금으로 나눈 비율을 백분율로 나타낸다. 회사가 소비자들에게 받은 선수금을 중장기적으로 환급할 수 있는지를 평가하는 지표로 활용되며, 값이 100에 가까울수록 회사가 선수금 전액을 환급할 수 있음을 의미한다.",¶공정 거래 위원회에서 조사한 상조 업체 81개 가운데 27개는 {청산 가정 반환율이} 100% 이상이었다.,48
2021,칩플레이션,(<영>▼chip←inflation),혼성,전문어,『경제』,〔경제생활〕,반도체의 공급 물량 부족으로 인해 반도체를 포함한 관련 품목들의 가격이 상승하는 현상.,¶{칩플레이션에} 따라 국내 대표 반도체 기업들은 물론이고 소재 부품 등 반도체 관련 품목 시장 생태계 전체의 성장이 예상된다.,269
2021,코로나손실보상법,(<영>←corona virus損失補償法),,전문어,『법률』,〔정치와 행정〕,"코로나19의 감염과 확산을 막기 위한 방역 지침으로 인해 영업 손실을 입은 소상공인에게 국가가 손실의 일정 부분을 보상해 주는 법률. 정식 명칭은 ‘소상공인 보호 및 지원에 관한 법률’이다. 2021년 1월에 발의되어 2021년 7월에 통과되었으며, 2021년 10월에 시행되었다.",¶{코로나 손실 보상법에} 의해 국가의 재정 지출 증가가 장기화되지 않도록 면밀한 모니터링이 필요하다.,310
2021,탄소조정세,(炭素調整稅),,전문어,『경제』,〔정치와 행정〕,생산 과정에서 탄소 배출량이 많은 상품에 대해 부과하는 세금.,¶미국 행정부는 환경 의무를 다하지 않는 국가에 {탄소 조정세를} 부과할 예정이다.,310
2021,태그니티마케팅,(<영>▼tag←community marketing),,전문어,『경영』,〔경제생활〕,"누리 소통망 서비스에서, 해시태그를 통하여 같은 관심사나 취향을 공유하는 집단을 대상으로 하는 마케팅. ‘태그니티’는 ‘해시태그’와 ‘커뮤니티’를 결합하여 만든 말이다.",¶에스엔에스(SNS)에서 민초단이 이슈가 되자 한 아이스크림 회사는 민초단들을 대상으로 공격적인 {태그니티 마케팅을} 펼쳤다.,17
2021,토지임대부기본주택공급촉진특별법,(土地賃貸附基本住宅供給促進特別法),,전문어,『법률』,〔정치와 행정〕,공공 기관이나 국가가 토지의 소유권을 가지면서 최소한의 임대료를 받고 수요자에게 주택을 공급하는 법안. 2021년 3월에 국회에서 발의되었다.,¶한 대선 후보가 여야 국회 의원들에게 입법을 촉구한 ‘{토지 임대부 기본 주택 공급 촉진 특별법’을} 위시한 ‘기본 주택법’은 논란이 분분한 사안이다.,6
2021,통합수질지수,(統合水質指數),,전문어,『환경』,〔개념〕,"시민들이 수질의 상태를 직관적으로 확인할 수 있도록 하천의 오염도를 매우 나쁨에서 매우 좋음까지 5개 등급으로 나눈 지수. 총유기 탄소량, 총인, 총질소, 분원성 대장균군의 4개 주요 수질 항목을 하나의 등급으로 통합하여 평가한다.","¶{통합 수질 지수를} 적용하여 수질 등급을 측정한 결과, 58개 지점 가운데 5개 지점의 수질 등급이 ‘매우 좋음’으로 나타났다.",27
2021,트윈데믹,(<영>twindemic),차용,전문어,『보건 일반』,〔보건ㆍ의학〕,"두 종류의 전염병이 동시에 크게 유행하는 현상. 코로나19가 전 세계적으로 유행하는 때에, 독감이 유행할 가능성이 높은 가을과 겨울철이 되면 두 종류의 전염병이 동시에 유행할 가능성이 높음을 강조하는 상황에서 나온 말이다. 쌍둥이를 의미하는 영어 단어 ‘트윈(twin)’과 전염병이 전 세계적으로 유행하는 현상을 의미하는 ‘팬데믹(pandemic)’을 결합하여 만든 말이다.",¶보건 복지부 차관은 “{트윈데믹을} 최소화하기 위해 현장 진료 수칙과 호흡기 전담 클리닉을 마련하고 있다.”라고 전했다.,310
2021,학대정책계,(虐待政策係),,전문어,『행정』,〔정치와 행정〕,경찰서에서 아동 학대 범죄를 다루는 업무를 맡은 부서. 아동 학대를 예방하고 피해 아동의 보호를 전담하기 위해 2021년 1월에 신설되었다.,¶경찰 내에서는 {학대 정책계를} 신설하여 학대 예방과 피해 아동 보호를 전담할 수 있게 하고 학대 사건에 대한 전수 합동 조사를 강화하겠다는 대책을 내놓았다.,16
2021,한계근로빈곤층,(限界勤勞貧困層),,전문어,『사회 일반』,〔삶〕,일하려는 의지가 있지만 실업 상태가 지속됨에 따라 소득이 부족하여 살기가 어려운 계층.,¶정부는 생계에 어려움을 겪는 {한계 근로 빈곤층을} 대상으로 한시적 생계 지원금 50만 원을 지급하기로 하였다.,310
2021,할미룩,(할미<영>look),,전문어,『복식』,〔의생활〕,"할머니의 옷차림을 현대적으로 재해석한 패션 스타일. 강렬하고 알록달록한 색상의 조합, 화려한 꽃무늬 자수나 펑퍼짐한 실루엣이 특징이다. =그래니 룩, 할머니 룩.","¶지금은 편안한 {할미 룩과} 같은 패션 스타일이 유행하고 있지만, 몇 년 후에는 또 다른 패션 스타일들이 유행할 것이다.",35
2021,홈오피스웨어,(<영>home office wear),,전문어,『복식』,〔의생활〕,재택근무를 할 때 입는 옷차림. 편안하지만 적당히 격식을 차린 것처럼 보이게 입는다. 코로나19로 인해 화상 회의 등의 비대면 환경이 자리 잡으면서 생겨난 말이다.,¶{홈 오피스 웨어는} 홈 웨어와 워크 웨어 사이의 경계를 허물며 사람들의 주목을 받고 있다.,4
2022,가상세계패션,(假象世界<영>fashion),,전문어,『복식』,〔의생활〕,가상 세계에 등장하는 아바타에게 사용하기 위해 디지털 기술을 활용하여 만든 패션 제품.,¶O 대표는 온라인에서 보내는 시간이 많아지면서 ‘{가상 세계 패션’에} 대한 수요가 늘어날 것이라고 하였다.,36
2022,가스테란투스익스팅크투스,(<라>Gasteranthus extinctus),,전문어,『식물』,〔동식물〕,"게스네리아과의 한 종류. 짙은 홍색의 꽃이 피며 열대, 아열대에서 자란다. 1981년에 처음으로 발견되었을 당시에 이미 멸종된 것으로 알려졌으나 2021년 11월 에콰도르 서부의 센티넬라 산에서 다시 발견되었다.","¶남미 에콰도르에 서식하는 ‘{가스테란투스 익스팅크투스’는} ‘멸종’이라는 단어에서 유래한 이름의 의미 그대로 40년 전에 이미 멸종했다고 여겨졌지만, 최근에 다시 발견되었다.",3
2022,가스플레이션,(<영>gasflation),차용,전문어,『경제』,〔경제생활〕,가스 가격의 상승으로 인해 발생하는 인플레이션. 에너지 공급의 부족과 친환경 정책 등 복합적인 원인으로 인해 발생한 물가 상승 현상이다.,¶친환경 정책들로 인해 {가스플레이션이} 시작되었다는 분석도 존재했다.,10
2022,가입자퇴직급여보장법,(加入者退職給與保障法),,전문어,『법률』,〔정치와 행정〕,가입자가 별도로 지시하지 않아도 금융 회사가 사전에 정해진 방법으로 퇴직 연금을 운용하여 퇴직 연금 가입자의 노후 대비 자산 형성에 이바지하고자 제정한 법률.,¶‘{가입자 퇴직 급여 보장법’이} 여야의 합의에 의해 국회 본회의를 통과하면서 퇴직 연금 가입자의 지시가 따로 없어도 금융 회사가 사전에 미리 정한 방법으로 퇴직 연금을 운용하게 된다.,33
2022,간호인력인권법,(看護人力人權法),,전문어,『법률』,〔보건ㆍ의학〕,간호사 한 명당 환자 수를 규정하는 법률. 코로나19가 오랜 기간 이어져 오고 있는 상황에서 간호사의 업무 가중 해소와 인력 부족 문제를 해결하기 위한 방안을 의미한다.,¶간호사 한 명당 환자 수를 법적으로 제한하는 내용을 담고 있는 ‘{간호 인력 인권법’} 제정을 위하여 간호사들이 거리로 나섰다.,310
2022,개발이익국민환수제,(開發利益國民還收制),,전문어,『행정』,〔정치와 행정〕,국가가 토지를 개발하면서 얻게 된 개발 이익에 대해 공공 환수를 의무화하고 개발 이익을 국민에게 돌려주는 제도.,"¶O 지사는 앞으로 개발 이익에 대한 불로 소득의 공공 환수를 의무화하고, 부동산 개발 이익에 대해서는 전부 국민에게 돌려주는 ‘{개발 이익 국민 환수제’를} 도입할 예정이라고 하였다.",290
2022,개인경계선,(個人境界線),,전문어,『정보ㆍ통신』,〔사회생활〕,가상 세계에서 성희롱이나 학대 등을 막기 위해 일정 거리 이상 다른 아바타가 진입할 수 없도록 설정한 경계선. 아바타 간에 진입할 수 없도록 설정된 거리는 1.2m(4피트)이다.,¶가상 세계에서 누군가의 아바타가 자신의 아바타에 접근하더라도 {개인 경계선} 내로는 들어올 수 없게 만들어 가상 세계에서의 성희롱을 차단한다.,22
2022,검당유착,(檢黨癒着),,전문어,『사회 일반』,〔정치와 행정〕,검찰과 야당이 서로 깊은 관계를 가지고 결합해 있음. 또는 검찰과 야당 사이의 부도덕한 밀착 관계.,¶O 대표는 이 사건을 ‘사상 초유의 {검당 유착’이라고} 언급하며 하루 빨리 진상을 조사하여 국민들에게 보고하여야 한다고 주장했다.,210
2022,검수완박법,(檢搜完剝法),축약,전문어,『법률』,〔정치와 행정〕,"‘검찰의 수사권을 완전히 박탈하는 법안’을 줄여 이르는 말. 검찰의 수사권과 기소권을 분리하도록 한 법안으로, 검찰은 법률에서 정한 경우를 제외하고는 기소와 공판 업무만 하게 된다.",¶그는 이것이 ‘{검수완박법’이} 아니라 국회가 검찰을 정상화하기 위한 법이므로 신속하게 처리해야 한다고 주장하였다.,310
2022,검역정보사전입력시스템,(檢疫情報事前入力<영>system),,전문어,『보건 일반』,〔보건ㆍ의학〕,대한민국 입국 시 소요되는 검역 조사 시간을 단축하고 입국자의 편의를 도모하기 위해 질병 관리청이 구축한 시스템.,"¶우리 정부는 ‘{검역 정보 사전 입력 시스템’을} 구축하여 해외 입국자가 여권 번호, 예방 접종 여부, 건강 상태, 체류지 주소 등의 정보를 사전에 입력하도록 하는 입국자 관리는 계속 진행할 것이다.",310
2022,검찰면담제,(檢察面談制),,전문어,『법률』,〔정치와 행정〕,"사전 구속 영장이 신청된 피의자를 검찰이 직접 면담하여 변론의 기회를 주는 제도. 영장의 심사를 강화하고, 피의자의 변론권을 보장하여 부당한 구속을 방지하기 위한 제도를 말한다.","¶{검찰 면담제에} 따르면, 검사는 특별한 이유가 없는 한 피의자를 조사하거나 면담한 당일에 구속 영장의 청구 여부를 결정해야 한다.",47
2022,검찰정상화법,(檢察正常化法),,전문어,『법률』,〔정치와 행정〕,검찰의 개혁을 통해 검찰을 정상적인 상태가 되도록 만드는 법안을 이르는 말. 검찰을 개혁하기 위한 것으로 검찰의 수사권을 없애자고 주장하는 법안을 말한다. =검수완박법.,¶몇몇 의원들은 개혁을 위한 시간이 충분하지 않으므로 {검찰 정상화법의} 입법 진행을 강력하게 촉구한다고 강조하였다.,292
2022,결장협착증,(結腸狹窄症),,전문어,『의학』,〔보건ㆍ의학〕,맹장과 직장 사이에 있는 결장에 작은 덩어리가 생겨 장내가 좁아지는 증상. 고령층에게 자주 나타나는 질환으로 주기적인 복통을 유발한다.,"¶O은 {결장 협착증을} 위한 수술을 받았으며, 직장과 연결된 결장의 일부를 절제했다고 한다.",310
2022,경제부스터샷,(經濟<영>booster shot),,전문어,『경제』,〔경제생활〕,서민 경제를 되살리기 위하여 코로나19로 인해 피해를 입은 국민들에게 제공되는 경제 지원 대책을 이르는 말.,¶그는 코로나19로 인해 자영업자와 소상공인의 손실이 이 년 이상 지속되고 있는 상황에서 ‘{경제 부스터 샷’으로} 경제 회복을 위한 대책을 마련하겠다고 약속했다.,310
2022,고등직업교육거점지구지원사업,(高等職業敎育據點地區支援事業),,전문어,『행정』,〔교육〕,"지자체와 기업, 전문 대학이 연합체를 조직하여 교육 체계를 개편하고 지역 내의 특화 분야를 선정하는 등의 방법으로 대학이 지역의 거점의 역할을 맡을 수 있도록 지원하는 사업.",¶전문 대학을 위한 협의회는 기초 지방 자치 단체와 전문대가 연계하여 평생 직업 교육을 강화하고 지역 특화 분야를 중심으로 학과를 개편하는 ‘{고등 직업 교육 거점 지구 지원 사업’의} 추친을 요구하였다.,5
2022,고소절연작업차,(高所絕緣作業車),,전문어,『산업 일반』,〔사회생활〕,높은 위치에 있는 고압 전기 시설에 대한 작업이 가능하도록 절연 설비를 갖춘 차량.,¶이번 사고는 고압 전기 작업에 사용되는 {고소 절연 작업 차가} 아닌 일반 트럭을 타고 작업하면서 발생한 것이다.,100
2022,고용평등임금공시제,(雇傭平等賃金公示制),,전문어,『사회 일반』,〔정치와 행정〕,"성별, 고용 형태별로 임금과 근로 시간 등에 대한 정보와 임금 격차 현황을 공개적으로 게시하여 일반에게 의무적으로 알리는 제도.",¶O 후보는 노동 시장의 구조적 임금 차별을 개선하기 위해 공공 분야부터 ‘{고용 평등 임금 공시제’를} 도입하겠다고 말했다.,310
2022,고준위특별법,(高準位特別法),,전문어,『법률』,〔정치와 행정〕,고준위 방사성 폐기물을 안전하게 관리하기 위한 절차와 원칙 및 관리 시설의 부지 선정 등에 관한 내용을 담고 있는 법률. =고준위 방사성 폐기물 관리에 관한 특별법.,¶‘{고준위 특별법’의} 발의에 반대하는 단체에서는 이 법안이 고준위 방사성 폐기물의 안전한 처분과 관리를 위한 법안이 아니라고 주장하였다.,310
2022,공간결정론,(空間決定論),,전문어,『건설』,〔주생활〕,공간이 사람의 생각과 행동에 영향을 준다는 관점.,"¶지리학에서 지리 결정론과 환경 결정론은 알려져 있지만, 건축학의 {공간 결정론은} 다소 생소한 개념이다.",7
2022,공공금융플랫폼,(公共金融<영>platform),,전문어,『정보ㆍ통신』,〔경제생활〕,"소상공인과 같은 금융 소외층을 중심으로 금융 서비스를 합리적으로 제공받을 수 있는 시스템. 인천시가 설립을 추진하였으며, 인천 이음카드를 업그레이드한 것을 말한다.",¶O 후보는 지역 공공성의 확보를 위하여 신혼부부 주택 자금이나 학자금 등에 대해 낮은 금리로 대출을 지원하고 소상공인 및 금융 소외 계층에 금융 서비스를 제공하는 {공공 금융 플랫폼의} 운영 방식과 설립 형태에 대해 검토할 것이라고 하였다.,100
2022,공공매입약정,(公共買入約定方式),,전문어,『경제』,〔정치와 행정〕,지방 자치 단체나 정부가 주택을 매입하기로 약속하여 정하는 방식.,"¶테마형 매입 임대 주택은 입주자의 특성에 맞게 민간 운영사가 운영 테마를 미리 정하여 {공공 매입 약정 방식으로} 건설하고, 테마에 맞는 입주자를 선발하여 서비스를 제공하는 형태의 공공 임대 주택이다.",165
2022,공급망안정화기금,(供給網安定化基金),,전문어,『경제』,〔정치와 행정〕,"공급망을 안정시킬 수 있도록 도움을 주는 기업들에게 정부가 재정, 금융, 세제 혜택을 주기 위하여 마련한 기금. 글로벌 공급망 위기에 대응하기 위한 정부의 방안을 말한다.","¶O 의원이 대표 발의한 ‘공급망 기본법’은 대통령 직속 기관으로 공급망 안정화 위원회를 설치하고, 경제 안보 품목 지정, 지원하며, ‘{공급망 안정화 기금’을} 설치하는 등의 내용을 포함하고 있다.",310
2022,공직후보자역량자격시험,(公職候補者力量資格試驗),,전문어,『정치』,〔정치와 행정〕,"국민의힘 소속으로 선거에 출마하려는 기초 의원 또는 광역 의원 예비 출마자를 대상으로 정당법, 지방 자치법, 당헌, 당규 등의 직무 수행 능력과, 시사 현안을 묻는 시험. 2022년에 처음 도입되었으며, 공직 후보자 기초 자격 평가, 공천 시험, 공천 자격 시험, 공직 후보자 자격 시험 등으로 불린다.",¶공천 신청자들은 곧 시행될 {공직 후보자 역량 자격시험에} 참여하여 동등한 기준으로 지방 선거에 출마하는 것을 합의하였다.,4
2022,광자력계,(光磁力計),,전문어,『전기ㆍ전자』,〔개념〕,지구 자기장의 십억분의 일 정도에 불과한 아주 약한 자기장의 변화도 감지할 수 있도록 만든 자력계.,¶이 프로젝트는 암흑 물질 유력 후보인 액시온과 원자핵이 만났을 때 나타나는 미세한 자기장의 변화를 {광 자력계로} 측정하려는 시도이다.,3
2022,교육회복추진단,(敎育回復推進團),,전문어,『교육』,〔교육〕,"코로나19의 장기화로 인해 발생하게 된 학생들의 학습, 사회성 등의 교육 결손을 해결하기 위하여 만들어진 추진단. 국내에서는 인천시 교육청이 최초로 시행하였다.","¶O 교육감은 코로나19로 발생한 학습 결손의 회복을 위하여 {교육 회복 추진단의} 구성 및 학교 방역 강화, 혁신 미래 교육 추진 등을 제안하였다.",163
2022,국가데이터혁신지구,(國家<영>data革新地區),,전문어,『행정』,〔정치와 행정〕,정부 데이터의 활용과 관리의 구심점 역할을 수행하는 기능이 집중된 거점 지역. 세종시가 정치 및 행정 수도로 입지를 굳히기 위한 방안 중 하나이다.,¶OO시는 분산된 공공 데이터의 관리 기관을 행정 중심 복합 도시에 집적하여 ‘{국가 데이터 혁신 지구’를} 조성하기로 하였다.,63
2022,국가민속유산,(國家民俗遺産),,전문어,『법률』,〔문화〕,국가가 심의를 거쳐서 보호 대상으로 지정한 민속 유산. ‘국가 민속 문화재’에 대한 새로운 이름이다.,"¶국가 지정 문화재인 천연기념물, 사적, 보물, 국보의 명칭은 유지되지만, 국가 민속 문화재와 국가 무형 문화재는 각각 {국가 민속 유산과} 국가 무형 유산으로 변경된다.",275
2022,국가우주산업벨트,(國家宇宙産業<영>belt),,전문어,『천문』,〔개념〕,국가 우주 산업의 육성을 위한 중심지로 만들기 위하여 경상남도와 전라남도의 일부 지역을 하나로 묶어서 지정한 구역.,"¶전라남도는 남해안 남부권을 메가시티로 확대하기 위한 방안으로 {국가 우주 산업 벨트,} 국제 행사 성공 개최, 해양 쓰레기 및 어장의 공동 협력 체계 구축 등을 제안하였다.",160
2022,국가우주정책연구센터,(國家宇宙政策硏究<영>center),,전문어,『천문』,〔정치와 행정〕,"국내외 우주 개발과 관련된 이슈와 현황 등에 대해 객관적인 분석과 연구를 목적으로 설립된 연구 기관. 우주 산업을 육성하기 위하여 민간에서 필요로 하는 정책 수립을 지원하며, 정부의 주요한 우주 개발 계획의 수립을 지원한다.","¶국가 우주 정책의 싱크 탱크를 맡게 될 전담 연구 기관인 {국가 우주 정책 연구 센터가} 과학 기술 정책 연구원에 설립되었으며, 우주 개발 진흥 기본 계획 등과 같은 정부의 주요한 우주 개발 계획의 수립을 지원한다.",310
2022,국가유산기본법,(國家遺産基本法),,전문어,『법률』,〔문화〕,국가 유산 체제의 변화를 위하여 문화 유산의 유형별 특성에 맞게 필요한 사항을 정한 법률.,"¶문화재청은 ‘문화재’를 ‘유산’의 개념으로 변경하며, ‘{국가 유산 기본법’을} 중심으로 문화재와 관련된 법 체제를 정비할 계획이다.",310
2022,국가자원안보특별법,(國家資源安保特別法),,전문어,『법률』,〔정치와 행정〕,공급 기관이 핵심 자원을 의무적으로 비축할 수 있도록 필요한 사항을 제정한 법률. ‘공급망 기본법’ 및 ‘소재ㆍ부품ㆍ장비 산업 경쟁력 강화를 위한 특별 조치법 개정안’과 함께 ‘공급망 삼법’으로 불린다.,"¶정부는 공급망 관리의 핵심 사업을 지원하기 위한 안정적인 기금 확보 방안을 마련할 계획이며, 산업 및 자원 분야의 공급망 관리를 좀 더 촘촘하게 하기 위하여 ‘{국가 자원 안보 특별법’을} 추진할 것이다.",310
2022,국가전략기술육성특별법,(國家戰略技術育成特別法),,전문어,『법률』,〔정치와 행정〕,국가 차원에서 민간의 전략 기술 개발을 제도적으로 지원할 수 있도록 필요한 사항을 제정한 법률. 2023년 2월 국회 본회의를 통과하였다.,"¶정부는 경제 및 외교, 안보 관점에서 대체할 수 없는 원천 기술의 확보를 위하여 ‘{국가 전략 기술 육성 특별법’을} 제정하고, 전략 기술을 위한 로드 맵을 마련하겠다고 하였다.",310
2022,국가전략기술제품,(國家戰略技術製品),,전문어,『산업 일반』,〔경제생활〕,"반도체 및 배터리, 백신 분야에서 지정된 65개의 기술로 생산되는 제품.","¶일반 제품과 {국가 전략 기술 제품을} 동시에 생산하는 시설에 대해서도 시설 투자에 대한 세제 지원은 허용되지만, 세제 혜택을 위해서는 생산 비율을 준수해야 한다.",87
2022,국가전임상시험지원센터,(國家前臨牀試驗支援<영>center),,전문어,『약학』,〔보건ㆍ의학〕,"최초의 국산 코로나19 백신 개발을 위하여 전임상 시험을 위한 통합 관리 기반을 구축하고, 연구 개발의 효율성 제고를 위해 특허 연구 데이터베이스와 특허 분석을 제공하는 기관.",¶정부는 {국가 전임상 시험 지원 센터를} 통해 전임상 시험에 대한 지원이 상시적으로 이루어진다면 앞으로 발생할 수 있는 신종 또는 변종 감염병에 더욱 효과적으로 대응할 수 있을 것이라고 기대하고 있다.,310
2022,국가지도차량,(國家指導車輛),,전문어,『교통』,〔사회생활〕,국가가 위기 상황에 처할 경우 국가 위기 관리 센터를 대신하여 그 역할을 수행하는 차량. =국가 지도 통신 차량.,¶안보 위기나 재난과 같은 비상 상황에서 종합적인 대응이 가능한 장소를 놓아둔 채 비상용인 {국가 지도 차량을} 사용하는 것은 위기 대응 능력을 축소시키는 선택이라는 지적이 나왔다.,10
2022,국가지도통신차량,(國家指導通信車輛),,전문어,『교통』,〔사회생활〕,국가가 위기 상황에 처할 경우 국가 위기 관리 센터를 대신하여 그 역할을 수행하는 차량. =국가 지도 차량.,¶인수 위원회는 O 당선자가 이동용 지휘소라 할 수 있는 ‘{국가 지도 통신 차량’을} 활용하여 국가 재난 상황과 안보 위기 상황에 대응하기로 하였다.,140
2022,국가첨단전략기술,(國家尖端戰略技術),,전문어,『산업 일반』,〔경제생활〕,반도체와 이차 전지 등을 포함하는 첨단 기술. 첨단 산업의 경쟁력 강화와 경제 안보 확보를 목적으로 지정하였다.,¶‘국가 첨단 전략 산업 특별법’의 주요 내용은 정부가 경제 안보나 국가 안보에 미치는 영향과 연관 효과가 큰 기술에 대해 {국가 첨단 전략 기술로} 지정하는 것이다.,310
2022,국가첨단전략산업,(國家尖端戰略産業),,전문어,『산업 일반』,〔경제생활〕,"반도체, 이차 전지, 백신 등을 포함한 첨단 산업.",¶이번에 가결된 안건은 반도체 등의 산업 명칭을 ‘국가 핵심 전략 산업’이 아니라 ‘{국가 첨단 전략 산업’으로} 정하였다.,310
2022,국가첨단전략산업경쟁력강화및보호에관한특별조치법안,(國家尖端戰略産業競爭力强化및保護에關한特別措置法),,전문어,『법률』,〔정치와 행정〕,"반도체, 이차 전지, 백신과 같은 전략 산업의 생산, 세제 및 기술 보호 지원에 기여하기 위해 만든 법률. =국가 첨단 전략 산업법.",¶법제 사법 위원회는 정부가 반도체를 포함한 첨단 산업을 지원하고 육성할 수 있는 근거가 되는 법안인 ‘{국가 첨단 전략 산업 경쟁력 강화 및 보호에 관한 특별 조치법’} 또한 의결하였다.,203
2022,국가첨단전략산업특별법,(國家尖端戰略産業特別法),,전문어,『법률』,〔정치와 행정〕,반도체와 같은 국가 전략 기술이 성장할 수 있도록 하기 위한 지원에 필요한 사항을 규정한 법.,"¶산업 통상 자원부는 ‘{국가 첨단 전략 산업 특별법’을} 근거로 하여 첨단 전략 기술 및 이에 기반한 산업의 생산 시설과 투자 인센티브, 개발 업무 등의 전폭적인 지원책을 펼칠 예정이다.",310
2022,국가첨단전략산업법,(國家尖端戰略産業法),,전문어,『법률』,〔정치와 행정〕,"반도체, 이차 전지, 백신과 같은 전략 산업의 생산, 세제 및 기술 보호 지원에 기여하기 위해 만든 법률. 2022년 하반기부터 시행되었으며 정식 명칭은 ‘국가 첨단 전략 산업 경쟁력 강화 및 보호에 관한 특별 조치법’이다. =국가 첨단 전략 산업 경쟁력 강화 및 보호에 관한 특별 조치법.",¶전문가들은 {국가 첨단 전략 산업법을} 제정하여 국내 핵심 산업의 기술 보호 장치가 시급하다고 지적하였다.,310
2022,국립뮤지컬진흥원,(國立<영>musical振興院),,전문어,『예체능 일반』,〔문화〕,한국 뮤지컬 산업의 기반 조성과 체계화된 지원 정책을 설계하고 실행하기 위해 설립될 기관.,¶뮤지컬 전담 기관인 {국립 뮤지컬 진흥원이} 설립될 경우 한국 뮤지컬 산업의 중추적인 역할을 할 수 있게 될 것으로 보인다.,29
2022,국립지질유산센터,(國立地質遺産<영>center),,전문어,『지구』,〔정치와 행정〕,화석 자연 유산의 통합적인 관리와 화석 산지의 활성화 방안을 마련하기 위해 설립될 기관. 서부 경남 지역 화석 산지의 효율적인 연구와 관리 등을 위하여 진주시가 유치를 추진하였다.,"¶진주시는 ‘{국립 지질 유산 센터’의} 건립을 추진하기 위하여 진주와 인근 지역에서 발견되고 있는 자연 유산 자원을 활용한 관광 콘텐츠를 확립하고, 이들을 효과적으로 활용하고 보존할 수 있는 방안을 마련할 계획이다.",215
2022,국민안심지원제도,(國民安心支援制度),,전문어,『복지』,〔정치와 행정〕,갑작스러운 위기 상황에 처한 국민들에게 정부가 적절한 복지 서비스를 지원하여 위기 상황을 해결할 수 있도록 돕는 제도. 취약 계층만 이용할 수 있었던 기존의 긴급 복지 지원 제도를 확대 개편하여 위기에 처한 대부분의 국민이 신청 가능하도록 하였다.,¶O 후보는 그동안 취약 계층만 이용할 수 있었던 기존의 긴급 복지 지원 제도를 확대하여 위기에 처한 대부분의 국민이 신청 할 수 있는 ‘{국민 안심 지원 제도’로} 개편하겠다고 공약하였다.,138
2022,국민우수제안협의체,(國民優秀提案協議體),,전문어,『사회 일반』,〔정치와 행정〕,민관 협동 심사 위원들이 국민들이 제안한 우수한 정책을 선정하는 협의체. 선정된 우수 제안을 온라인 국민 투표에 올려 국민과의 소통의 기능을 강화한다는 정부의 방침을 반영한 것이다.,"¶정부는 10명 내외의 민관 협동 심사 위원을 구성하고 ‘{국민 우수 제안 협의체’를} 만들어 우수 제안을 선정한 후 이를 온라인 국민 투표에 부치고, 국정 운영에 적극적으로 반영할 계획이다.",110
2022,국제메탄서약,(國際<영>methane誓約),,전문어,『환경』,〔정치와 행정〕,2020년과 비교하여 2030년까지 메탄의 배출을 최소 30% 이상 줄인다는 내용의 서약. 메탄이 기후 변화에 영향을 미치는 온실가스이므로 이와 관련하여 국제적 메탄 감축 협력에 대한 논의가 반영된 것이다. =글로벌 메탄 서약.,"¶인도는 130억 달러 규모의 ‘클린 인디아’ 프로젝트는 추진하고 있지만, ‘{국제 메탄 서약’에는} 참여하지 않고 있다.",310
2022,규제심판제,(規制審判制),,전문어,『법률』,〔정치와 행정〕,민간 전문가가 참여하여 현행 규제의 개선 및 중립적인 심사를 권고하기 위해 마련한 제도. 주로 투자 계획이 신속하게 실현되도록 하기 위하여 투자에 걸림돌이 될 수 있는 각종 규제를 개선하는 것을 말한다.,¶정부는 경제 체질을 개선하여 재도약의 계기를 마련하고자 산업 현장에서 실제 규제 내용에 대해 살펴본 후에 판단하는 ‘{규제 심판제’를} 도입한다.,129
2022,그린플레이션,(<영>greenflation),차용,전문어,『경제』,〔경제생활〕,산업 구조의 친환경적인 전환이 원인이 되어 일어나는 인플레이션. 기후 위기를 극복하기 위한 세계 각국의 친환경 정책이 가격 인상을 유발한다는 것을 말한다.,¶환경친화적인 정책이 물가의 상승을 압박하는 원인이 되는 ‘{그린플레이션’이} 나타나면서 투자자들 또한 고민에 빠졌다.,310
2022,글로벌메탄서약,(<영>global methane誓約),,전문어,『환경』,〔정치와 행정〕,2020년과 비교하여 2030년까지 메탄의 배출을 최소 30% 이상 줄인다는 내용의 서약. 메탄이 기후 변화에 영향을 미치는 온실가스이므로 이와 관련하여 국제적 메탄 감축 협력에 대한 논의가 반영된 것이다. =국제 메탄 서약.,"¶‘{글로벌 메탄 서약’에} 따라 메탄가스의 배출량을 줄여야 하는데, 이로 인해 벼를 재배하는 방식에서도 대대적인 변화가 요구되고 있다.",310
2022,기회발전특구특별법,(機會發展特區特別法),,전문어,『법률』,〔정치와 행정〕,개인이나 기업에게 규제 특례나 파격적인 세제 혜택을 제공하여 지방으로의 이전이나 지방에 대한 투자를 유도하고자 제정한 법률. 정식 명칭은 ‘지방 자치 분권 및 지역 균형 발전에 관한 특별법’이다.,"¶정부는 ‘{기회 발전 특구 특별법’의} 제정을 통하여 해외 진출 기업이 국내로 복귀할 경우 지방으로 투자를 유인하고, 지방에서 주도하는 특화 산업 등을 결정한다는 계획을 제시하였다.",87
2022,기후영향사업,(氣候影響事業),,전문어,『환경』,〔삶〕,"온실가스를 줄이는 감축 사업, 연료 소비를 증가시키는 배출 사업 등 기후에 영향을 미치는 사업.","¶서울시는 올해 125개의 사업에서 3,725억 원의 규모를 ‘{기후 영향 사업’으로} 분류하였으며, 이를 통해 99만 톤의 온실가스 감축이 예상된다.",15
2022,기후인지예산제,(氣候認知豫算制),,전문어,『환경』,〔정치와 행정〕,환경 및 기후가 미치는 효과를 사전에 파악하여 예산의 편성 및 집행에 반영하는 제도. 2022년에 경상남도에서 전국 최초로 시행하였다.,"¶경상남도는 기후에 부정적인 영향을 미치는 사업에 대해서는 사업 계획의 수립 시에 온실가스를 감축하는 방안을 함께 마련할 것을 촉구하였으며, ‘{기후 인지 예산제’의} 시행을 통하여 온실가스의 감축 효과를 확대해 나가고 있다.",34
2022,깐부쇼어링,(깐부<영>shoring),,전문어,『경제』,〔경제생활〕,"글로벌 경제 위기에 대비하기 위해 동맹국이나 우방국끼리 공급망을 공동으로 구축하는 일. 친한 친구를 뜻하는 ‘깐부’와 재화나 서비스의 생산지를 뜻하는 ‘쇼어링(shoring)’을 결합하여 만든 말이다. 코로나19 팬데믹의 영향으로 글로벌 공급망이 불안정해진 상황에서 나온 말이다. =동맹 쇼어링, 프렌드 쇼어링.",¶코로나19의 확산으로 글로벌 공급망 위기가 전 세계를 강타하자 미국을 중심으로 한 {깐부 쇼어링이} 본격화될 것이라는 전망이 나오고 있다.,46
2022,내비실거리제,(<영>←navigation實거리制),,전문어,『경제』,〔경제생활〕,식당과 배달 장소의 직선 거리가 아닌 내비게이션상의 실제 거리를 기준으로 배달료를 책정하는 요금 체계.,¶노사가 {내비 실거리제를} 도입하기로 합의하였으나 노조는 사측이 여전히 배달료를 깎기 위해 꼼수를 부린다고 지적했다.,1
2022,네버코비드,(<영>never COVID),,전문어,『보건 일반』,〔보건ㆍ의학〕,코로나19 바이러스에 노출되어도 감염이 잘 되지 않음을 이르는 말.,¶전 세계적으로 코로나 후유증 및 ‘{네버 코비드’에} 대한 연구가 활발히 진행되고 있다.,63
2022,네버코비드족,(<영>never COVID族),,전문어,『보건 일반』,〔보건ㆍ의학〕,코로나19 바이러스에 노출되어도 감염이 잘 되지 않는 사람. 또는 그런 무리.,¶최근 오미크론 변이로 인한 코로나19 확진자가 다시 증가하고 있는 가운데 강한 면역 체계를 가진 ‘{네버 코비드족’에게} 관심이 집중되고 있다.,65
2022,노동전환지원금,(勞動轉換支援金),,전문어,『복지』,〔정치와 행정〕,"기업에서 고용주가 근로자의 직무 이동을 돕는 서비스를 제공할 경우, 정부에서 해당 근로자에게 지급하는 지원금.","¶정부는 고용 조정을 해야 하는 사업주가 근로자 전직 지원 서비스를 제공할 경우, 대상 근로자에게 월 300만 원씩 최장 12개월간 {노동 전환 지원금을} 지원하기로 결정하였다.",228
2022,녹색위장행위,(綠色僞裝行爲),,전문어,『경영』,〔경제생활〕,"실제로는 친환경적인 행동을 하지 않으면서, 마치 친환경적인 행동인 것처럼 거짓으로 꾸미는 행위. 주로 기업에서, 제품 생산 중에 발생하는 환경 오염과 같은 문제는 축소하고, 자원 재활용 따위의 친환경적인 과정만을 강조하는 행위 등을 가리킨다.",¶최근 {녹색 위장 행위와} 관련된 사례가 보고되면서 일부 기업의 친환경 경영의 진정성에 대한 논란이 일고 있다.,310
2022,농접근권,(聾接近權),,전문어,『법률』,〔정치와 행정〕,어떠한 정보에도 접근할 수 있는 청각 장애인의 권리. 주로 음성 언어로 의사소통이 이루어지는 환경에서 청각 장애인의 원활한 정보 접근을 위하여 수어 통역 따위를 제공하는 등 청각 장애인의 권리를 보장할 수 있는 방안의 필요성이 제기되는 상황에서 나온 말이다.,"¶{농 접근권은} 쉬이 보장되지 않으므로, 농인 당사자의 의견을 귀담아 들으면서 그 내용과 형식에 대해 깊은 고민이 필요하다.",4
2022,농어민기본소득지원금,(農漁民基本所得支援金),,전문어,『복지』,〔정치와 행정〕,"농어민의 기본 생활을 돕고, 지속적인 농어업 활동을 장려하기 위해 정부가 지급하는 지원금. 지급 주체가 지방 자치 단체일 경우 각 지방 자치 단체에 따라 지급 내용과 용어가 조금씩 다르다.",¶OO도는 올해 연 60만 원을 {농어민 기본 소득 지원금으로} 지급한다.,4
2022,닉코노미,(<영>▼←nickname economy),혼성,전문어,『경제』,〔경제생활〕,친근하거나 기발한 별명을 가진 제품이 높은 판매량을 보이는 경제 효과를 이르는 말. 별명을 뜻하는 ‘닉네임(nickname)’과 경제를 뜻하는 ‘이코노미(economy)’를 결합하여 만든 말이다.,¶일부 업체들은 {닉코노미를} 위해 제품 출시 단계부터 제품의 별명을 고려하기도 한다.,1
2022,다누리호,(다누리號),접미 파생,전문어,『천문』,〔사회생활〕,"우리나라 최초의 달 궤도 탐사선. 2022년 8월에 미국 케이프커내버럴 항공 우주국 기지에서 발사에 성공하였다. 2022년 12월부터 2023년 12월까지 약 1년간, 달의 남북극 상공 100km를 통과하는 원 궤도를 돌며 달의 표면을 관측하는 역할을 한다.",¶{다누리호는} 카메라와 자기장 측정기를 활용하여 달을 관측하고 달 착륙 후보지를 탐색하는 등의 임무를 수행한다.,310
2022,다중궤도위성,(多重軌道衛星),,전문어,『정보ㆍ통신』,〔사회생활〕,"정지 궤도 위성, 저궤도 위성, 중궤도 위성을 모두 포함하는 확장된 위성 시스템을 이르는 말.",¶글로벌 통신 기업과 경쟁하기 위해서는 규모가 작은 사업자들이 공동으로 {다중 궤도 위성} 통신망을 제공할 필요가 있다.,310
2022,닭피부모,(닭피父母),,전문어,『사회 일반』,〔교육〕,"중국 사회에서 닭의 피를 사람에게 수혈하듯, 자녀의 교육에 수단과 방법을 가리지 않는 열성적인 부모를 이르는 말.",¶최근 중국에서는 엘리트 그룹에 자녀를 밀어 넣기 위해 물불 가리지 않는 {닭 피 부모가} 늘어나고 있다.,3
2022,당평세대,(躺平世代),,전문어,『사회 일반』,〔사회생활〕,"중국에서 사회ㆍ경제적 상황으로 인해 취업, 내 집 마련, 결혼 및 출산 등을 포기하고 최저 생계만 유지한 채 소극적으로 지내는 세대.",¶최근 중국에서는 오직 최저 생계만 유지하며 자신들을 돈벌이 수단으로 착취하는 모든 것들에 대하여 소극적으로나마 반항하는 {당평 세대가} 늘어나고 있다.,1
2022,대기정체지수,(大氣停滯指數),,전문어,『환경』,〔개념〕,"대기가 정체되어 있는 정도를 수치로 나타낸 지수. 지상 및 대기 상하층에 부는 바람의 세기에 따라서, ‘낮음, 보통, 높음, 매우 높음’의 4단계로 나타낸다.","¶기상청에 따르면 오늘 정오까지 대부분의 지역에서 {대기 정체 지수가} ‘높음’ 이상일 것으로 예상되어, 미세 먼지 농도가 떨어지지 않을 것으로 전망된다.",310
2022,대장동게이트,(大庄洞<영>gate),,전문어,『행정』,〔정치와 행정〕,경기도 성남시 분당구 대장동의 개발 사업과 관련된 비리 의혹 사건.,¶대선 후보자의 {대장동 게이트에} 대한 국정 조사를 요구하는 의견이 빗발치고 있다.,310
2022,대장동방지법,(大庄洞防止法),,전문어,『법률』,〔정치와 행정〕,"민간과 공공이 함께하는 도시 개발 사업의 공공성과 투명성을 높이기 위하여 만든 법안을 아울러 이르는 말. 민관 공동 도시 개발 사업에서, 민간 참여자의 이윤율 상한을 10%로 제한하는 ‘도시 개발법 개정안’, 해당 택지에 분양가 상한제를 적용하는 ‘주택법 개정안’, 개발 부담금을 계획 입지는 40%, 개별 입지는 50% 수준으로 상향하는 ‘개발 이익 환수법 개정안’이 주요 3대 법안이다. 경기도 성남시 분당구 대장동의 개발 사업과 관련된 비리 의혹에 의해 촉발되었기 때문에 이러한 이름이 붙었다.",¶최근 정치권에서는 민간 공동 개발 사업에서 과도한 민간의 이익을 제한하는 일명 {대장동 방지법들이} 잇달아 발의되었다.,310
2022,더블링확진,(<영>doubling確診),,전문어,『보건 일반』,〔보건ㆍ의학〕,감염병 따위의 확진자 수가 기준 기간 대비 두 배 이상으로 급격하게 증가하는 것을 이르는 말.,¶계속되는 {더블링 확진으로} 인해 코로나19 재확산에 대한 우려가 나오고 있다.,4
2022,델타크론,(<그>deltacron),차용,전문어,『보건 일반』,〔보건ㆍ의학〕,키프로스 공화국에서 최초로 발견된 코로나19의 변이 바이러스. 델타 변이와 오미크론의 혼합종이다. 국가에 대한 낙인 효과를 제거하기 위해 바이러스의 이름을 그리스어 숫자로 대체하게 되었다.,"¶세계 보건 기구에서는 {델타크론이} 프랑스, 네덜란드 등 유럽에서 확산되고 있음을 확인하였다.",310
2022,도제담낭,(陶製膽囊),,전문어,『의학』,〔보건ㆍ의학〕,담낭 벽의 석회가 침착해서 굳어지는 질병.,"¶담석 환자의 60~70%는 무증상이기 때문에 별도의 수술이 필요하지 않지만, 거대 담석이나 {도제 담낭} 등일 경우에는 악성일 가능성이 있기 때문에 담낭 절제 수술이 필요하다.",15
2022,동맹쇼어링,(同盟<영>shoring),,전문어,『경제』,〔경제생활〕,"글로벌 경제 위기에 대비하기 위해 동맹국이나 우방국끼리 공급망을 공동으로 구축하는 일. 코로나19 팬데믹의 영향으로 글로벌 공급망이 불안정해진 상황에서 나온 말이다. =깐부 쇼어링, 프렌드 쇼어링.","¶코로나19 확산 초기에 중국과 서구 사회의 대립이 심화되자, 미국을 중심으로 {동맹 쇼어링이} 논의되기 시작하였다.",25
2022,디지털자산기본법,(<영>digital資産基本法),,전문어,『법률』,〔경제생활〕,"가상 화폐, 암호 화폐, 엔에프티 따위의 디지털 자산에 관한 기본 사항을 정리하고, 디지털 자산의 이용자를 보호하는 것을 주요 목적으로 하는 법안.",¶{디지털 자산 기본법은} 가상 자산에 투자하는 사람들의 보호에 초점이 맞춰져 있는 법안이다.,310
2022,디지털자산통합거래소,(<영>digital資産統合去來所),,전문어,『경제』,〔경제생활〕,"가상 화폐, 암호 화폐, 엔에프티 따위의 디지털 자산을 한데 모아 거래할 수 있는 상설 시장.",¶부산광역시에서는 450억 원 규모의 예산을 투자하여 {디지털 자산 통합 거래소의} 설립을 추진하고 있다.,10
2022,디지털헬스지표,(<영>digital health指標),,전문어,『보건 일반』,〔개념〕,"병원 운영 전반에 관한 디지털 전환 정도를 수치로 나타낸 지표. 지배 구조 및 인력, 개인별 맞춤 의료 지원 등의 항목에서의 정보 통신 기술 적용 및 활용의 정도를 평가한다.",¶OO병원은 {디지털 헬스 지표} 400점 만점의 평가에서 308점을 얻어 디지털 의료 생태계 구축에 있어서 그 우수함을 인정받았다.,277
2022,런치플레이션,(<영>lunchflation),차용,전문어,『경제』,〔경제생활〕,점심 식사에 소요되는 비용이 오르는 현상.,¶고물가에 따른 {런치플레이션이} 심화되면서 비교적 저렴하게 끼니를 해결할 수 있는 도시락에 대한 수요가 늘고 있다.,310
2022,릴렉스코지룩,(<영>▼relax cozy look),,전문어,『복식』,〔의생활〕,일상적으로 편안하고 아늑한 느낌을 추구하는 옷차림. 규범 표기는 ‘릴랙스 코지 룩’이다.,"¶최근에는 활동성이 부각되는 옷차림 대신, 일상과 이질감 없는 {릴렉스 코지 룩이} 주목받고 있다.",1
2022,메타모빌리티,(<영>meta mobility),,전문어,『교통』,〔사회생활〕,자동차 등의 이동 수단을 매개로 웹상에 구축된 가상 세계 플랫폼의 가상 공간 내에서 이동과 관련된 경험을 하거나 개인적인 시간을 보내는 일. 가상 세계와 현실 세계의 혼합을 뜻하는 ‘메타버스(metaverse)’와 이동을 뜻하는 ‘모빌리티(mobility)’를 결합하여 만든 말이다.,¶OO자동차는 로보틱스 등의 핵심 역량을 집결하여 이동 경험을 혁신적으로 확장할 수 있는 {메타 모빌리티를} 현실화할 계획이라고 발표하였다.,310
2022,메타물리학,(<영>meta物理學),,전문어,『철학』,〔교육〕,"사물과 존재의 물리적 특성을 초월하여, 사물의 본질이나 존재의 근본 원리를 탐구하는 학문. 형이상학을 뜻하는 ‘메타 피직스(meta physics)’의 역어이다.","¶이번 학회에서는 이론 물리학자로서 열역학적 연구를 비롯해 생물 물리학, {메타 물리학} 등 다양한 주제의 논문이 발표되었다.",5
2022,메타바이오아트,(<영>meta bio art),,전문어,『예체능 일반』,〔문화〕,가상 공간 내에 표현된 바이오아트. 주로 컴퓨터나 전자 미디어를 활용하여 예술 작품을 표현한다.,"¶기존의 미디어 아트는 작가들이 입력한 컴퓨터 값에 따라 작품을 만들어 냈다면, {메타 바이오아트는} 작가가 입력한 값을 로봇이 인식하여 새로운 작품을 표현해 낸다는 점에서 차이가 있다.",25
2022,메타소셜네트워크,(<영>meta social network),,전문어,『매체』,〔사회생활〕,"웹상에 구축된 가상 세계 플랫폼에 접속하여, 자신의 생각이나 여러 가지 정보를 교환하며 맺는 사회적 관계.","¶메타버스 전문가들은 올해를 기점으로 ‘메타 커머스’, ‘메타 엔터테인먼트’, ‘{메타 소셜 네트워크}’ 등을 매개로 한 가상 세계로 이주하는 분위기가 거세질 것이라고 분석하였다.",18
2022,무지출챌린지,(無支出<영>challenge),,전문어,『경제』,〔경제생활〕,일정 기간 동안 지출을 아예 하지 않는 극단적 절약 운동.,¶요즘 엠지 세대들 사이에선 하루 지출 0원을 목표로 극단적인 절약을 추구하는 ‘{무지출 챌린지’가} 유행이다.,310
2022,방심패스,(放心<영>pass),,전문어,『보건 일반』,〔보건ㆍ의학〕,"‘방역 패스’의 시행이 초래할 수 있는 부정적 상황을 비판적으로 이르는 말. 백신 접종 이력만으로 다중 이용 시설의 출입 가능 여부를 판단하는 것은 백신 접종이 곧 안전하다는 신호로 여겨질 수 있어, 오히려 방역과 관련해 방심을 유발할 수 있다는 의미이다.","¶일부 전문가들은 방역 패스의 시행이 코로나19와 관련된 경각심을 낮추어, 방역 패스가 오히려 {방심 패스가} 될 수도 있다고 지적하였다.",11
2022,방역패스,(防疫<영>pass),,전문어,『보건 일반』,〔보건ㆍ의학〕,"코로나19 백신 미접종자가 식당, 약국 등의 다중 이용 시설에 출입하는 것을 제한하기 위한 제도. 또는 코로나19 백신 접종 여부나 음성 확인을 했다는 일종의 보건 증명서.",¶프로 야구는 다음 달 포스트 시즌부터 {방역 패스} 좌석만 운영하기로 결정하였다.,310
2022,배꼽착륙,(배꼽着陸),,전문어,『교통』,〔사회생활〕,"‘동체 착륙’을 달리 이르는 말. 비행기 따위의 착륙 장치가 작동이 안 될 때, 비행기 동체의 중앙 부분을 직접 땅에 대어 착륙하는 것을 배꼽이 땅에 닿는 것에 빗대어 표현한 말이다.",¶{배꼽 착륙을} 하기 위해서는 마찰열로 인한 화재 발생에 대비하여 공중에서 최대한 연료를 비워야 한다.,52
2022,백신국가책임제,(<영>vaccine國家責任制),,전문어,『보건 일반』,〔정치와 행정〕,"감염병 따위의 치료를 위한 백신의 개발과 생산, 접종, 부작용 추적 및 관리 등에 있어서, 국가가 법률적 주체가 되어 사회적 부담을 책임지는 제도.",¶코로나19의 확산을 방지하기 위한 대책으로 {백신 국가 책임제가} 논의되고 있다.,310
2022,백신패스제,(<영>vaccine pass制),,전문어,『보건 일반』,〔정치와 행정〕,"코로나19 백신 미접종자가 식당, 약국 등의 다중 이용 시설에 출입하는 것을 제한하는 제도.","¶정부에서 검토 중인 {백신 패스제와} 관련하여, 일각에서는 이 조치가 미접종자들에 대한 기본권 침해 및 차별이라는 목소리가 나오고 있다.",208
2022,법카농단,(法<영>←card壟斷),,전문어,『사회 일반』,〔사회생활〕,법인 카드를 본래의 목적이나 범위에 맞지 않게 함부로 사용함으로써 개인적인 이익을 취한 비리 사건을 이르는 말.,¶{법카 농단으로} 물의를 일으킨 OOO 후보에 대한 비판이 더욱 거세졌다.,40
2022,베케플레이션,(<영>▼←vacation inflation),혼성,전문어,『경제』,〔경제생활〕,"휴가철에 항공비, 숙박비, 식비 등 휴가를 보내기 위한 비용이 지속적으로 상승하는 현상. 휴가를 뜻하는 영어 단어 ‘베이케이션(vacation)’과 물가 상승 상태를 뜻하는 영어 단어 ‘인플레이션(inflation)’을 결합하여 만든 말이다. 코로나19의 확산이 잦아들어 여행 수요가 폭발적으로 늘어났으나, 그동안 축소되어 있던 여행 관련 인프라가 이 수요를 따라가지 못하면서 생겨난 현상이다.","¶{베케플레이션으로} 항공권 가격이 큰 폭으로 오르자, 국내 호텔들은 국내에서 이국적인 경관을 즐기며 다양한 체험을 할 수 있는 호캉스 패키지를 마련하여 여행자들의 마음을 사로잡고 있다.",215
2022,비말환자,(飛沫患者),,전문어,『보건 일반』,〔보건ㆍ의학〕,비말을 통해 감염병에 감염된 환자.,"¶최근 OO대학교 의과 대학 연구진은 연구소에서 새롭게 개발한 특수 구리 합금 위에 {비말 환자의} 기침 수준의 코로나19 바이러스를 200μL 도포한 결과, 4시간 뒤에 99.9%가 사멸했다는 연구 결과를 발표하였다.",2
2022,비호감선거,(非好感選擧),,전문어,『정치』,〔정치와 행정〕,"네거티브 선거 전략이 난무하여, 유권자들이 선거 자체에 호감을 느끼지 못하는 일.","¶유력 후보들의 도덕성 문제가 지속적으로 거론됨에 따라, 이번 선거는 유례없는 {비호감 선거가} 될 것이라는 전문가 분석이 나오고 있다.",310
2022,사불,(<영>←cyberbullying),축약,전문어,『사회 일반』,〔사회생활〕,사이버불링(Cyber bullying)을 줄여 이르는 말.,¶‘{사불’을} 당하고 있는 경우에는 개인적으로 해결하려고 하지 말고 선생님이나 부모님과 상의해야 한다.,310
2022,선학개미,(先學개미),,전문어,『경제』,〔경제생활〕,비상장 주식을 매수하는 투자자를 이르는 말.,¶단기간에 이익을 얻는 데 치중하기 보다는 중장기적 관점에서 유망 기업의 미래 가치에 투자하려는 ‘{선학 개미’들이} 늘어나고 있다.,264
2022,소상공인긴급금융구조안,(小商工人緊急金融救助案),,전문어,『경제』,〔경제생활〕,"코로나19로 인해 대출 이자의 부담이 늘어난 소상공인을 위하여 제시한 방안. 대출 금리의 부담을 낮추고 상환 기간은 늘리며, 과잉 부채를 감면하는 것이 주요 내용이다.","¶소상공인을 위한 금융 지원책으로 ‘{소상공인 긴급 금융 구조안’이} 마련될 예정이며, 여기에는 소상공인을 위한 저금리 대출 및 대출 만기의 연장을 포함하여 세제 지원책도 포함된다.",98
2022,소상공인방역지원금,(小商工人防疫支援金),,전문어,『복지』,〔정치와 행정〕,"코로나19의 확산에 따른 사회적 거리 두기의 시행으로 인하여 매출이 줄어든 소상공인에게 정부가 지급하는 지원금. 1차 지원금은 2021년 12월 27일부터 100만 원이, 2차 지원금은 2022년 2월 23일부터 300만 원이 지원금 대상자에게 지급되었다.","¶정부가 발표한 {소상공인 방역 지원금} 제도로 인하여, 쌀값 하락과 관련해서는 아무런 조치가 없었기 때문에 농민들의 박탈감이 가중될 것이라는 우려도 제기된다.",310
2022,슈퍼면역자,(<영>super免疫者),,전문어,『의학』,〔보건ㆍ의학〕,"면역력이 보통의 사람보다 훨씬 뛰어나, 감염병 따위에 잘 걸리지 않거나 병원 미생물에 대항하는 항체를 잘 만드는 사람.","¶‘코로나19 휴먼 챌린지’의 결과, 코와 목 등으로 바이러스를 침투시키고, 감염자들과 파티를 벌이기도 하였으나 코로나19에 감염되지 않은 {슈퍼 면역자가} 실제로 존재하는 것으로 확인되었다.",134
2022,스텔스오미크론,(<영>stealth<그>omikron),,전문어,『보건 일반』,〔보건ㆍ의학〕,"코로나19의 변이 바이러스인 ‘오미크론’의 하위 변이. 최초 발견 시 피시아르(PCR) 검사에서 다른 변이 바이러스와 잘 구분되지 않았기 때문에, 레이더에 탐지되지 않는 ‘스텔스’에 빗대어 명명하게 되었다.",¶{스텔스 오미크론에} 감염되면 피시아르 검사에서 코로나 감염자로 나오지만 오미크론 변이 여부는 확인이 되지 않는다고 한다.,310
2022,신뢰가치사슬,(信賴價値사슬),,전문어,『경제』,〔정치와 행정〕,"국가 간 신뢰를 바탕으로 한 산업 경쟁력과 공급망 강화와 관련된 모든 활동의 연계. 특히 반도체 산업에서 미국 중심의 우방국, 동맹국 간의 가치 사슬을 의미한다.",¶{신뢰 가치 사슬은} 시장의 효율성보다 안보 논리와 동맹의 논리를 중요시한다.,90
2022,신속방문검사,(迅速訪問檢査),,전문어,『보건 일반』,〔보건ㆍ의학〕,이동형 현장 신속 피시아르(PCR) 검사소를 활용하여 확진자 발생시 학생이 교내에서 빠르게 코로나 감염 여부를 확인할 수 있도록 하는 검사 방식.,¶방역 당국은 확진자가 발생한 학교에는 {신속 방문 검사를} 지원할 계획이다.,4
2022,신호처리박스,(信號處理<영>box),,전문어,『기계』,〔사회생활〕,발사체의 산화제 탱크와 연료 탱크 사이에 위치하여 센서 신호를 처리하는 장비. 누리호 2차 발사 당시 산화제 탱크의 레벨 센서에서 신호 이상이 확인되어 점검 대상이 되었다.,¶{신호 처리 박스를} 점검하기 위해서는 탱크 연결부의 점검창을 개방해야 한다.,106
2022,실재감테크,(實在感<영>tech),,전문어,『정보ㆍ통신』,〔사회생활〕,시공간의 물리적 한계를 극복하여 가상 세계를 실제 세계처럼 느낄 수 있게 하는 기술.,¶엔터테인먼트 업계도 VR 콘서트와 같은 {실재감 테크를} 활용하고 있다.,160
2022,실질신용갭률,(實質信用<영>gap率),,전문어,『경제』,〔경제생활〕,실질 민간 신용과 장기 추세 사이의 격차를 판단할 수 있는 지표.,"¶금융 사이클 진폭를 가늠하는 {실질 신용 갭률은} 코로나19 이후 급속도로 확대되면서, 지난해 3분기 말 5.1%로 나타났다.",56
2022,아세틸글리신,(<영>acetylglycin),차용,전문어,『보건 일반』,〔보건ㆍ의학〕,"장내 미생물의 대사산물로, 체중 감소와 관련된 것으로 밝혀진 생리활성 물질.",¶연구진은 {아세틸글리신을} 보충해 준 쥐의 체중이 줄어들었다고 밝혔다.,1
2022,약제배송로봇,(藥劑配送<영>robot),,전문어,『기계』,〔보건ㆍ의학〕,병원 약제팀에서 병동까지 약품을 배송하는 로봇.,¶대형 병원은 안전한 의료 환경 조성과 서비스 향상을 위해 {약제 배송 로봇을} 도입하고 있다.,120
2022,영문음성확인서,(英文陰性確認書),,전문어,『보건 일반』,〔보건ㆍ의학〕,유전자 증폭 검사 결과 코로나에 감염되지 않았음을 증명하는 영어로 된 문서. 코로나 팬데믹 당시 도착 국가에서 입국자에게 비행기 탑승전 72시간 내의 검사 결과지를 요구하였다.,¶보건소에 미리 연락해 {영문 음성 확인서 발급이} 가능한지 확인해 보아야 한다.,310
2022,예측범죄지도,(豫測犯罪地圖),,전문어,『정보ㆍ통신』,〔사회생활〕,시시 티브이로 과거 범죄 빅데이터를 분석해 시간대별로 범죄 우려가 있는 지역을 표시해 주는 감시 시스템.,¶인공 지능을 활용해 시시 티브이 화면과 {예측 범죄 지도를} 비교해 범죄률을 예측하는 기술을 선보일 예정이다.,33
2022,오미크론부스터샷,(<영>omicron booster shot),,전문어,『보건 일반』,〔보건ㆍ의학〕,코로나19의 변이 바이러스인 오미크론까지 무력화할 수 있는 추가 접종 백신.,¶경제 분석가는 {오미크론 부스터 샷이} 필요할 가능성이 더 크기 때문에 시장 규모가 크게 증가할 것으로 예상했다.,99
2022,온학교교육회복학습지원,(온學校敎育回復學習支援),,전문어,『교육』,〔교육〕,코로나19로 인한 학생들의 교육 결손 회복을 위하여 경상북도 교육청이 도내 모든 학생들에게 지원하는 지원금. 일인당 삼십만 원을 지급하며 유치원부터 고등학교까지의 학생들과 특수 학교 및 방송 통신 학교 등의 학생들을 대상으로 한다.,¶{온 학교 교육 회복 학습 지원은} 코로나19로 지치고 힘든 학생들의 교육 결손과 학부모들의 교육 피해의 회복에 도움을 주고자 마련되었다.,48
2022,왝플레이션,(<영>whackflation),차용,전문어,『경제』,〔경제생활〕,코로나 팬데믹으로 인해 갑작스럽고 예측 불가능하게 발생한 인플레이션. ‘세게 후려치다’라는 의미를 가진 영어 단어 ‘Whack’과 인플레이션이 결합된 말이다.,¶코로나19가 불러온 {왝플레이션이} 수시로 경제에 충격을 주어 경제 시스템이 작동하지 못 하고 있다.,19
2022,이플레이션,(<영>▼E←inflation),혼성,전문어,『경제』,〔경제생활〕,에너지의 수급 불안이 주된 원인이 되어 일어나는 인플레이션.,¶전쟁으로 인한 유럽의 천연 가스값 상승이 ‘{이플레이션’을} 더욱 부채질할 것이라는 우려가 있다.,23
2022,인체인터넷,(人體<영>internet),,전문어,『정보ㆍ통신』,〔사회생활〕,사물 인터넷을 신체에 삽입하거나 이식하여 인공 지능을 통해 정보를 수집하고 제어ㆍ관리할 수 있도록 고안된 시스템.,¶{인체 인터넷은} 사물 인터넷의 다음 단계로 주목되는 신기술 영역이다.,3
2022,일자리도약장려금,(일자리跳躍奬勵金),,전문어,『사회 일반』,〔정치와 행정〕,"청년 고용 활성화를 위하여, 취업에 어려움을 겪고 있는 청년들을 고용하는 기업에게 정부가 지급하는 장려금. 5인 이상의 중소 기업 등에서 취업 애로 청년을 정규직으로 채용하고 6개월 이상 고용 유지 시, 최장 2년간 최대 1,200만 원을 지원한다.","¶정부는 중소기업의 청년 채용을 촉진하기 위하여 {일자리 도약 장려금을} 신설하고, 청년 고용 시 1인당 500만 원에서 1,300만 원까지 공제해 주는 제도 또한 3년 연장하였다.",310
2022,자금이동추적시스템,(資金移動追跡<영>system),,전문어,『경제』,〔경제생활〕,금융권에서 자금 세탁을 방지하기 위해 해외 송금 시에 국제 은행 간 통신 협회가 요구하는 형식에 따라 정보를 기록하고 공유하는 시스템.,¶국제 자금 세탁 방지 기구는 {자금 이동 추적 시스템} 대상에 암호 화폐를 추가하기로 하였지만 아직 구체적인 방안은 마련되지 않았다.,153
2022,자기공명탄성검사,(磁氣共鳴彈性檢査),,전문어,『의학』,〔보건ㆍ의학〕,엠아르아이와 음파를 결합해 장기의 시각적 영상을 생성하여 간이 딱딱하게 굳어진 정도를 예측하는 검사.,¶{자기 공명 탄성 검사는} 인체에는 손상을 주지 않고 간 조직의 탄성도를 측정할 수 있다는 장점이 있다.,3
2022,재택치료키트,(在宅治療<영>kit),,전문어,『보건 일반』,〔보건ㆍ의학〕,"코로나19 확진자가 집에서 치료받기 위해 필요한 물품 세트. 코로나19가 장기화되면서 경증 또는 무증상 환자의 경우 재택 치료를 받을 수 있도록 제공되었으며 체온계, 산소 포화도 측정기 등이 포함된다. =재택 키트.",¶재택 치료 환자들은 자가 격리 기간 동안에 필요한 생활용품과 {재택 치료 키트를} 제공받는다.,310
2022,재택키트,(在宅<영>kit),,전문어,『보건 일반』,〔보건ㆍ의학〕,"코로나19 확진자가 집에서 치료받기 위해 필요한 물품 세트. 코로나19가 장기화되면서 경증 또는 무증상 환자의 경우 재택 치료를 받을 수 있도록 제공되었으며 체온계, 산소 포화도 측정기 등이 포함된다. =재택 치료 키트.",¶재택 치료 대상자가 증가하면서 {재택 키트의} 공급이 부족해졌다.,104
2022,전력시장긴급정산상한가격,(電力市場緊急精算上限價格制度),,전문어,『경제』,〔정치와 행정〕,국제 유가를 비롯한 연료비가 급등하더라도 평균 가격의 최대 25% 이내로 제한하여 전기 요금의 가격을 정하는 제도.,¶정부 관계자는 ‘{전력 시장 긴급 정산 상한 가격 제도’는} 국제 연료의 가격이 급등하여 국내 전력의 시장 가격이 상승할 경우 소비자들이 부담해야 할 전기 요금이 급증하는 상황에 대비하기 위한 것이라고 하였다.,193
2022,제로코로나,(<영>zero←corona virus),,전문어,『보건 일반』,〔보건ㆍ의학〕,중국이 코로나19 바이러스를 완전히 박멸하기 위해 시행한 엄격한 방역 정책. 국경을 봉쇄하여 전 세계에 경제 및 사회적 영향을 미쳤으며 시행된지 3년만인 2022년 12월 폐지되었다.,¶지난 5월에는 중국이 국경을 봉쇄한 {제로 코로나} 방역 이후로 첫 범죄자 송환이 이루어졌다.,310
2022,주간수술유닛,(晝間手術<영>unit),,전문어,『의학』,〔보건ㆍ의학〕,당일에 퇴원이 가능한 시술 또는 수술과 관련된 시설들을 하나로 모은 구역.,"¶새로 개소한 여성 센터는 난임 진료실, 난자 채취실 등 관련 시설들을 한곳에 모은 {주간 수술 유닛이라고} 할 수 있다.",2
2022,지방소멸대응기금,(地方消滅對應基金),,전문어,『행정』,〔정치와 행정〕,인구가 감소하여 사라질 위기에 있는 지자체를 위해 조성된 재정 지원 자금. =지역 소멸 대응 기금.,"¶OO군은 {지방 소멸 대응 기금으로} 산림 체류형 청년 창업 센터를 조성하였으며, 군의 산림 자원을 활용하여 지역민과 외부인의 연결을 통한 지역 정착을 유도하였다.",310
2022,지역산업위기대응법,(地域産業危機對應法),,전문어,『법률』,〔정치와 행정〕,"산업 위기 대응 특별 지역 제도를 확대 및 개편한 제도. 산업 위기 예방 조치, 산업 위기 선제 대응, 지역 경제 연착륙 지원 등의 산업 위기 단계별 대응 수단과 그에 따른 지원 수단을 규정하고 있다.",¶OO시는 {지역 산업 위기 대응법에} 따라 지정된 산업 위기 대응 특별 지역 지정 기간을 1년 더 연장하였다.,188
2022,지역소멸대응기금,(地域消滅對應基金),,전문어,『행정』,〔정치와 행정〕,인구가 감소하여 사라질 위기에 있는 지자체를 위해 조성된 재정 지원 자금. = 지방 소멸 대응 기금.,¶행정 안전부는 지방 소멸 위기를 극복하기 위해 2014년 {지방 소멸 대응 기금의} 개선 방안을 마련하겠다고 밝혔다.,310
2022,짠내사업가,(짠내事業家),,전문어,『경제』,〔경제생활〕,중고 거래를 적극적으로 활용하여 소액의 수익을 얻는 사람.,¶{짠 내 사업가들은} 특히 중고 거래 앱을 적극적으로 활용하여 수액을 낸다.,2
2022,첫만남지원금,(첫만남支援金),,전문어,『복지』,〔정치와 행정〕,"저출산 문제를 해결하기 위해 아이를 낳은 부모에게 제공되는 지원금. 2022년부터 시작된 제도로, 출생 아동당 200만 원이 바우처 형식으로 지급된다.","¶첫째 아이를 낳을 경우, 출산 지원금뿐만 아니라 {첫만남 지원금까지} 모두 받을 수 있다.",185
2022,청년내일저축계좌,(靑年來日貯蓄計座),,전문어,『복지』,〔경제생활〕,"만 18~39세 이하의 최저 임금 이하, 중위 소득이 100% 이하인 청년을 대상으로 정부가 지원하는 금융 상품. 월 10만 원씩 3년 동안 적금을 넣으면 정부 지원금 10만 원이 더해져 저축된다.","¶{청년 내일 저축 계좌에} 3년간 매월 10만 원씩 적금을 들면 만기 시 1,080만 원을 마련할 수 있다.",310
2022,청년도약계좌,(靑年跳躍計座),,전문어,『복지』,〔경제생활〕,"만 18~34세의 연소득 7500만 원 이하, 가구 소득 중위 180% 이하인 청년을 대상으로 정부가 지원하는 금융 상품. 월 1000원부터 70만 원까지 적금을 넣으면 정부 지원금을 더하여 저축이 되며, 정부 지원금은 개인 소득과 본인 납입액에 따라 달라진다.",¶금융 위원회는 {청년 도약 계좌의} 가입자가 약 300만 명에 달할 것이라고 예상했다.,310
2022,청와대해체론,(靑瓦臺解體論),,전문어,『정치』,〔정치와 행정〕,"윤석열 대통령의 후보 시절 공약으로, 청와대의 업무 공간과 주거 공간을 이전하고 청와대를 시민에게 개방해야 한다는 이론.",¶대통령은 {청와대 해체론이} 제왕적 대통령제를 청산하고 대통령의 권한을 축소하기 위한 것이라고 말했다.,11
2022,카카오방지법,(Kakao防止法),,전문어,『법률』,〔정치와 행정〕,카카오 등 플랫폼 대기업의 문어발식 사업 확장을 막기 위하여 마련한 법.,¶국회는 플랫폼의 독과점을 막기 위해 일명 ‘{카카오 방지법’을} 내놓을 예정이다.,11
2022,카플레이션,(<영>carflation),차용,전문어,『경제』,〔경제생활〕,자동차의 가격이 급등하는 현상. 원자재 가격 상승과 공급망 장애 등 복합적 원인에 의해 발생한 인플레이션이다.,"¶원자재값 상승, 반도체 공급난 등 복합적인 이유로 인해 차값이 오르는 ‘{카플레이션’이} 본격화되고 있다.",310
2022,코로나극복국민참여방역운동본부,(<영>←corona virus克服國民參與防疫運動本部),,전문어,『보건 일반』,〔정치와 행정〕,"지속 가능한 코로나19의 방역 체계 전환을 위하여 다수의 시민 단체가 참여하여 만든 기관. 2021년 9월에 발족하였으며, 발족 후 한 달 사이에 약 30여 개의 시민 단체가 추가로 참여하였다.",¶123개의 시민 단체가 참여하는 ‘{코로나 극복 국민 참여 방역 운동 본부’가} 안전하고 신속한 일상 회복을 위하여 코로나19의 역학적 단계에 대한 새로운 기준표를 정부에 제안하였다.,132
2022,코비드플레이션,(<영>covidflation),차용,전문어,『경제』,〔경제생활〕,코로나19와 관련된 물가 상승 현상을 이르는 말. ‘코로나(corona)’와 ‘인플레이션(inflation)’을 결합하여 만든 말이다.,¶지금의 물가 상승 사태는 코로나19로 인해 시작된 것이므로 {코비드플레이션이다}.,1
2022,쿠팡세대,(Coupang世代),,전문어,『사회 일반』,〔사회생활〕,전자 상거래 플랫폼인 ‘쿠팡’ 등을 사용하여 편리한 물품 구매와 라이프 스타일을 경험하며 성장한 세대.,¶이들이 ‘{쿠팡 세대’로} 성장하였을 때가 기존 유통사의 진짜 위기일 것이다.,3
2022,탄소중립시민회의,(炭素中立市民會議),,전문어,『환경』,〔사회생활〕,정부가 2050년 탄소 중립을 위한 계획을 구상하면서 국민의 의견을 반영하기 위해 구성한 시민 단체.,¶{탄소 중립 시민 회의에서는} 정부의 탄소 중립 시나리오에 대해 우려 섞인 목소리가 터져 나왔다.,255
2022,탄소중립직불제,(炭素中立直拂制),,전문어,『경제』,〔정치와 행정〕,정부가 기후 변화 완화에 이바지하는 생산자에게 소득을 직접 보조해 주는 제도.,¶기후 위기 시대에 유럽 연합의 사례를 참고하여 {탄소 중립 직불제를} 신설할 필요가 있다는 주장이 나오고 있다.,156
2022,탕핑족,(<중>tangping[躺平]族),접미 파생,전문어,『사회 일반』,〔사회생활〕,모든 것을 포기하고 아무것도 하지 않는 중국의 젊은 세대를 이르는 말.,"¶최근 중국에서는 유례없는 취업난과 경제적 불평등이 심화되면서 일과 결혼, 소비 등 모든 것을 포기한 ‘{탕핑족’이} 늘고 있다.",297
2022,파이브지위성다중연결망,(<영>five G衛星多重連結網),,전문어,『정보ㆍ통신』,〔사회생활〕,"파이브 지 통신망과 위성 통신망을 함께 활용하는 통신 기술. 파이브지 기지국이 없거나 부족한 지역에서는 위성을 활용함으로써, 통신 서비스의 연속성을 유지하고, 재난 및 재해 상황에서도 통신 서비스를 이용할 수 있다는 장점이 있다.",¶한국전자통신연구원은 {파이브 지 위성 다중 연결망을} 구축하여 한국과 프랑스 사이의 파이브 지 서비스 시연에 성공하였다고 밝혔다.,0
2022,푸틴플레이션,(<영>putinflation),차용,전문어,『경제』,〔경제생활〕,"러시아의 우크라이나 침공이 주된 원인이 되어 일어나는 인플레이션. 러시아 대통령의 이름인 ‘푸틴’과 ‘인플레이션’을 결합하여 만든 말로, 러ㆍ우 전쟁으로 인해 발생한 모든 직ㆍ간접적인 물가 상승을 의미한다.",¶사료 기업들의 주가는 {푸틴플레이션의} 효과를 톡톡히 보았다.,80
2022,프렌드쇼어링,(<영>friend shoring),,전문어,『경제』,〔경제생활〕,"글로벌 경제 위기에 대비하기 위해 동맹국이나 우방국끼리 공급망을 공동으로 구축하는 일. 코로나19 팬데믹의 영향으로 글로벌 공급망이 불안정해진 상황에서 나온 말이다. =깐부 쇼어링, 동맹 쇼어링.",¶미국 정부는 신뢰할 수 있는 무역 파트너와의 경제적 통합을 강화하여 공급망을 서로 연결하는 ‘{프렌드쇼어링’을} 강화할 것이라고 밝혔다.,310
2022,프로틴플레이션,(<영>▼protein←inflation),혼성,전문어,『경제』,〔경제생활〕,육류 및 유제품 등 단백질 주공급원의 가격이 급등하는 현상. 코로나19 사태로 인한 육류 공급망 장애와 급격한 기후 변화 그리고 육류 소비량 증가 등 복합적인 원인으로 인해 발생한 인플레이션이다.,"¶{프로틴플레이션이} 미국, 호주 등을 넘어 국내에도 직접적인 영향을 미쳐 유제품들의 가격이 급격히 인상되었다.",58
2022,플랫폼분쟁조정위,(<영>platform分爭調停委),,전문어,『행정』,〔정치와 행정〕,"플랫폼 사업자, 이용 사업자, 최종 이용자 간 분쟁을 신속하고 효율적으로 해결하기 위해 조직된 위원회. 코로나19의 확산으로 인해 증가한 비대면 온라인 서비스의 분쟁을 해결하고자 조직되었다.",¶정부에서는 온라인 플랫폼 기업과 개인 사업자 간의 분쟁을 신속하게 해결하기 위해 ‘{플랫폼 분쟁 조정위’를} 마련하였다.,1
2022,피해회복국가책임제,(被害回復國家責任制),,전문어,『복지』,〔정치와 행정〕,백신 접종으로 인한 손해를 국가에서 책임지는 제도. 코로나19의 백신 접종 과정에서 나타난 부작용으로 인해 고통받는 당사자들을 해결해 주고자 내세워진 공약이다.,¶정부에서는 코로나19 백신 접종 부작용의 해결을 위하여 ‘{피해 회복 국가 책임제’를} 추진할 예정이라고 하였다.,45
2022,해오름권광역자족거점,(해오름圈廣域自足據點),,전문어,『건설』,〔정치와 행정〕,울산ㆍ포항ㆍ경주 등을 포함하며 초광역 거점 도시를 만들기 위한 산업 혁신 성장의 중요한 지점. 울산의 미래 발전을 위한 개발 계획 중 하나를 의미한다.,"¶울산의 사회ㆍ경제적 영향력 확대를 위해, 북부권은 경주, 포항과 함께 묶어 {해 오름권 광역 자족 거점으로} 조성되고 남부권은 산업과 관광 거점으로 조성될 것이다.",19
2023,감사완박법,(監査完剝法),합성,전문어,『법률』,〔정치와 행정〕,"감사원의 감사권을 완전히 박탈하는 법안. ‘감사원법 개정안’을 달리 이르는 말로, 외부 공개 모집 감찰관의 임용, 감사 위원회의 의결 사항 공개, 직무 감찰 결과 국회 및 대통령에게 보고 등이 핵심 내용이다.",¶OO은 감사원이 특별 감사를 하기 전에 국회의 승인을 받도록 하는 {감사완박법에} 대해 감사원이 가지고 있는 직무 독립성이 침해될 우려가 있다는 입장을 발표하였다.,70
2023,강제매수법,(強制買收法),,전문어,『법률』,〔정치와 행정〕,양곡 관리법 개정안을 달리 이르는 말. 쌀 가격이 전년보다 5~8% 하락하거나 쌀 생산량과 다음 연도 수요량을 추정하여 초과 생산량이 3~5%일 경우 초과 생산된 쌀을 정부가 전량 매입한다는 것이 주요 내용이다.,"¶O 의원은 이 법안이 농촌의 발전에 도움이 되지 않을 뿐만 아니라, 남는 쌀에 대한 {강제 매수법이자} 전형적인 포퓰리즘 법안이라고 비판하였다.",310
2023,개발워싱,(開發<영>washing),,전문어,『정치』,〔정치와 행정〕,개발을 이용하여 국가나 지역의 부정적인 이미지를 세탁하는 행위.,¶국가가 과거의 어두운 역사를 어떻게든 덧칠하고 지우기 위하여 활용하는 방법 중의 하나가 바로 {개발 워싱이다.},2
2023,개인채무자보호법,(個人債務者保護法),,전문어,『법률』,〔경제생활〕,개인 채무자들의 빚 부담을 경감하기 위하여 필요한 사항을 정한 법. 정식 명칭은 '개인 금융 채권의 관리 및 개인 채무자 보호에 관한 법률'이다.,¶OO에서도 취약 계층과 관련하여 향후 채무자와 금융 회사 간의 자율적인 채무 조정을 제도적으로 뒷받침하기 위하여 {개인 채무자 보호법을} 제정하기로 결정했다.,310
2023,건강보정기대수명,(健康補正期待壽命),,전문어,『사회 일반』,〔삶〕,가벼운 만성 질환은 제외하고 건강하게 살아갈 것으로 기대되는 삶의 기간.,"¶사람이 건강하게 살다 죽을 수 있을지 보여주는 수치가 {건강 보정 기대 수명인데}, 한국인은 2010년에는 71.3세, 2019년에는 75.0세로 나타났다.",5
2023,검수원복법,(檢搜原復法),합성,전문어,『법률』,〔정치와 행정〕,"검찰의 수사권을 원상 복구하는 법안. 검찰의 수사권을 확대한 법안으로, 검찰의 수사가 가능한 경제 및 부패 범죄의 범위가 확대된다.","¶일각에서는 {검수원복법으로} 인해 검찰 조직에 대한 견제 장치가 무력화되면, 검찰에 많은 권력이 집중될 수도 있다는 지적이 나왔다.",6
2023,검주국가,(檢主國家),,전문어,『정치』,〔정치와 행정〕,검찰이 지나치게 많은 권력을 가지고 운용되는 나라를 이르는 말.,¶O은 이번 압수 수색에 대해 권위주의 시대로 돌아가기 위한 것이냐는 비판과 함께 민주 국가가 아닌 {검주 국가라는} 말이 나오는 것도 무리는 아니라고 지적했다.,129
2023,계약정원제,(契約定員制),,전문어,『교육』,〔교육〕,"대학에서, 계약학과 없이 기업에서 필요한 인력을 양성할 수 있도록 입학 정원을 한시적으로 조정하는 제도.",¶정부는 반도체와 같은 첨단 분야에서 별도의 학과 설치 없이도 기존의 학과 정원을 한시적으로 증원할 수 있도록 하는 ‘{계약 정원제’를} 신설하는 등의 규제 완화에 나선다.,310
2023,고등평생교육특별회계,(高等平生敎育特別會計),,전문어,『행정』,〔정치와 행정〕,지방 교육 재정 교부금 중 유치원 및 초중등 교육에 지원하던 지원금을 대학 지원에도 사용하기 위하여 특별히 수립한 회계. =고특회계.,¶정부가 교육 교부금 중 교육세에서 전입되는 약 3조 원을 신설 예정인 ‘{고등 평생 교육 지원 특별 회계’에} 투입하겠다고 밝혔다.,144
2023,고특법,(高特法),합성,전문어,『법률』,〔정치와 행정〕,지방 교육 재정 교부금 중 유치원 및 초중등 교육에 지원하던 지원금을 대학 지원에도 사용하기 위하여 특별 회계를 설치함을 목적으로 제정한 법률. 정식 명칭은 ‘고등 평생 교육 지원 특별 회계법’이다.,¶당초 정부는 학령 인구의 감소로 여유가 생긴 초중등학교의 예산을 대학과 평생 교육에 투자하겠다는 취지로 {고특법} 추진을 발표하였다.,4
2023,고특회계,(高特會計),,전문어,『행정』,〔정치와 행정〕,지방 교육 재정 교부금 중 유치원 및 초중등 교육에 지원하던 지원금을 대학 지원에도 사용하기 위하여 특별히 수립한 회계. =고등 평생 교육 특별 회계.,"¶{고특 회계의} 재원은 교육세와 일반 재정으로, 재원 조달 방식 등은 2016년 말에 국회를 통과한 유아 교육 지원 특별 회계와 거의 동일하다.",310
2023,관광워싱,(觀光<영>washing),,전문어,『정치』,〔정치와 행정〕,관광을 이용하여 국가나 지역의 부정적인 이미지를 세탁하는 행위.,"¶의도한 것이 아니었다고 하더라도, 인권 탄압 논란이 심한 나라를 방문한 것은 {관광 워싱의} 조력자가 된 것 같아 씁쓸하다.",3
2023,교육자유특구법,(敎育自由特區法),,전문어,『법률』,〔정치와 행정〕,학교의 설립 및 운영과 관련된 규제를 완화하여 지역에 맞는 공교육의 선도 모델을 만들기 위하여 마련된 법률.,"¶{교육 자유 특구법이} 시행되면, 특구 내의 학교에서는 다양한 교육 활동이 운영될 수 있도록 공교육을 지원하고, 개인의 적성이나 소질의 개발, 체험 등을 위한 교육을 실시할 수 있는 대안 학교가 설립되어 운영될 수 있다.",67
2023,국가인재양성기본법,(國家人材養成基本法),,전문어,『법률』,〔정치와 행정〕,"항공ㆍ우주 미래 모빌리티와 바이오헬스, 첨단 부품ㆍ소재, 디지털 그리고 환경 및 에너지 분야를 포함하는 5대 핵심 첨단 분야의 인재 육성을 목적으로 제정한 법률. 국가의 체계적인 인재 양성을 위하여 직업 교육법, 인재 데이터 관리법과 함께 인재 양성 3법에 포함된다.","¶첨단 핵심 분야의 인재를 양성하기 위한 법적 근거를 마련하기 위하여 {국가 인재 양성 기본법을} 마련하여, 정부 및 지자체가 인재 양성 정책을 수립하거나 성과 점검의 책임을 지게 할 것이다. '",68
2023,국폭01,(國暴),축약,전문어,『정치』,〔정치와 행정〕,‘국회 폭력’을 줄여 이르는 말.,¶O 의원은 국회에서 힘자랑에 여념이 없는 행태를 보며 {국폭이냐며} 고함을 질렀다.,0
2023,군졸교과서,(軍卒敎科書),,전문어,『교육』,〔교육〕,군국기무처의 의결을 거쳐서 군졸들에게 보급된 우리나라 최초의 순 한글 교과서.,¶이번에 공개된 {군졸 교과서는} 군졸을 대상으로 예절과 충절의 도리를 설파한 내용을 담고 있다.,19
2023,군중유체화,(群衆流滯化),,전문어,『사회 일반』,〔사회생활〕,한곳에 모인 사람들의 밀집도가 증가하면서 자의에 의한 이동이 어렵게 되어 이리저리 떠밀리다가 질식 또는 호흡 곤란 등이 유발되는 현상.,"¶좁은 곳에 갑자기 많은 시민들이 모이면서 {군중 유체화가} 시작되었고, 다수의 사람들이 넘어진 후에도 인파가 계속 몰리면서 참사로 이어지게 되었다.",235
2023,군집자살,(群集自殺),,전문어,『사회 일반』,〔삶〕,주변의 다른 사람이 죽음을 택한 것에 영향을 받아 스스로 자기의 목숨을 끊음.,¶실제로 학교에서 또래의 학생들이 숨지면 주변 청소년들에게 영향을 미치는 {군집 자살이} 발생할 수 있기 때문에 사건 후에 적절한 개입이 필요하다.,4
2023,그리드플레이션,(<영>greedflation),차용,전문어,『경제』,〔경제생활〕,대기업들이 상품이나 서비스의 가격을 과도하게 올려 물가가 상승하는 현상.,"¶기업 대표의 수입 증가율이 직원보다 큰 것은 {그리드플레이션의} 징후이며, 기업들이 기업 대표의 보수를 높이고 이윤을 늘리기 위하여 상품의 가격을 올리고 있다.",310
2023,근로자밥값지원법,(勤勞者밥값支援法),,전문어,『법률』,〔경제생활〕,직장인의 밥값 부담을 덜어 주기 위한 목적으로 제정한 법. 비과세 식대의 한도를 월 10만 원에서 20만 원으로 올리는 것을 주요 내용으로 한다.,¶외식 물가의 상승세가 이어지는 상황에서 여야는 직장인들의 점심값 부담을 낮춰 주기 위하여 {근로자 밥값 지원법을} 추진하고 있다.,50
2023,글로벌스톡테이크,(<영>global stocktake),,전문어,『환경』,〔정치와 행정〕,"온실가스 감축 목표를 이행한 정도를 점검하고 평가하는 일. 2015년에 채택된 파리 기후 변화 협약의 필수 구성 요소로, 온실가스 배출량을 줄이고 기후 변화에 적응하기 위해 각 참여국과 이해관계자들이 이룬 진전을 조사하고 그 결과를 보고서로 작성한다.","¶제28차 유엔 기후 변화 협약 당사국 총회에서는 최초로 {글로벌 스톡테이크를} 시행하고, 이를 통해 온실가스 감축을 위한 각국의 노력을 평가할 예정이다.",16
2023,금리폭리방지법,(金利暴利防止法),,전문어,『법률』,〔경제생활〕,은행 이용자에게 이자율의 산정 방식과 그 근거를 투명하게 공개하여 금리 인하 효과를 유도하는 것을 목적으로 하는 법안.,¶OO은 시중 은행에 대출 금리의 산정 방식과 그 근거를 공개하도록 하는 내용의 {금리 폭리 방지법과} 이자 제한법을 비롯한 금융권 규제 법안의 정기 국회 처리를 목표로 하고 있다.,300
2023,금안계정,(金安計定),,전문어,『경제』,〔경제생활〕,‘금융 안정 계정’을 줄여 이르는 말. 금융 회사가 일시적인 자금난을 겪게 되거나 재무 구조의 개선 또는 자본의 확충이 필요한 경우에 금융 당국이 선제적으로 자금을 지원하기 위한 계정을 뜻한다.,"¶{금안 계정은} 자금 조달에 일시적으로 어려움에 처한 금융 회사가 지원 대상이며, 부실 금융사가 아니라 일시적인 유동성 위기에 빠진 금융사를 지원 대상으로 한다는 것이 핵심이다.",115
2023,금융교육진흥법,(金融敎育振興法),,전문어,『법률』,〔정치와 행정〕,학교 정규 교과 과정에 금융 교육을 편성하여 공교육을 통해 초중고 학생들에게 금융 교육이 이루어질 수 있도록 금융 교육의 진흥에 필요한 사항을 규정한 법률.,"¶O은 학생들이 올바른 금융 활동 역량을 갖추고 금융에 대한 지식을 습득하여, 향후 경제 활동 과정에서 합리적인 의사 결정에 도움을 주는 것을 목적으로 하는 법안인 {금융 교육 진흥법을} 대표 발의하였다.",42
2023,금융안정계정,(金融安定計定),,전문어,『경제』,〔경제생활〕,금융 회사가 일시적인 자금난을 겪게 되거나 재무 구조의 개선 또는 자본의 확충이 필요한 경우에 금융 당국이 선제적으로 자금을 지원하기 위한 계정. =금안 계정.,"¶OO는 {금융 안정 계정을} 통하여 유동성의 공급에 문제를 겪고 있는 금융사를 대상으로 대출이나 채무 보증을 지원하고, 자본의 확충에 어려움이 있는 경우에는 우선주를 매입하는 등의 방식으로 도움을 줄 계획이다.",310
2023,기초연금확대법,(基礎年金擴大法),,전문어,『법률』,〔정치와 행정〕,"부부가 함께 기초 연금을 받는 경우 남편 몫과 아내 몫의 연금 수령액을 각각 20%를 감액하는 기초 연금의 부부 감액 제도를 폐지하고, 기초 연금을 월 40만원으로 인상하기 위하여 제정한 법률.",¶{기초 연금 확대법은} 연금 수령의 대상을 100%로 확대하는 안과 만 65세 이상이면서 소득 하위 70%인 경우 기초 연금을 월 30만 원에서 월 40만 원으로 높이는 안으로 각각 발의되어 있다.,310
2023,기회발전특구법,(機會發展特區法),,전문어,『법률』,〔정치와 행정〕,비수도권 지역이나 수도권 중 일부 접경 지역 및 인구 감소 지역의 투자 촉진을 목적으로 제정한 법률. 해당 지역으로 이전하는 기업에게 감세 등의 혜택이 지원된다. 정식 명칭은 '지방 자치 분권 및 지역 균형 발전에 관한 특별법'이다.,¶{기회 발전 특구법은} 국민 모두가 사는 지역에 관계없이 균등한 기회를 누릴 수 있는 지방 시대를 구현하는 것을 목적으로 제정되었다.,54
2023,기후기술허브,(氣候技術<영>hub),,전문어,『환경』,〔정치와 행정〕,기후 분야에서 개발 도상국의 역량 강화를 돕고 전문가 네트워크와 기후 기술의 거점 역할을 담당하기 위한 곳. 정부와 아시아 개발은행이 서울에 설립을 추진하기로 하였다.,"¶정부는 아시아 개발은행과 공동으로 {기후 기술 허브를} 내년에 서울에 설립하고, 기금의 출연을 약정하는 등의 방법으로 협력을 강화하겠다고 하였다.",310
2023,기후배상,(氣候賠償),,전문어,『환경』,〔정치와 행정〕,선진국이 온실가스의 배출량이 상대적으로 적은 개발 도상국에게 기후 위기의 피해를 입힌 것에 대해 배상하는 일.,¶세계 200여 개 국가가 참여한 기후 정상 회의에서 처음으로 {기후 배상} 문제가 공식 의제로 상정됐다.,20
2023,기후보상금,(氣候補償金),,전문어,『환경』,〔정치와 행정〕,탄소를 많이 배출한 선진국이 온실가스로 인해 기후 위기 피해를 받게 된 개발 도상국들에게 기후 문제에 대한 보상으로 주는 돈.,"¶정책 전문가들은 기후 변화 및 불평등을 초래하게 된 경제 분야의 주요한 원인으로 화석 연료와 개발 도상국의 부채 등을 지목하였고, 기후 정의의 실현과 함께 {기후 보상금을} 마련할 방안을 제시하였다.",15
2023,기후행동지수,(氣候行動指數),,전문어,『환경』,〔사회생활〕,온실가스를 많이 배출한 기업을 대상으로 각 기업이 기후 변화 대응을 위해 얼마나 적극적으로 행동하고 있는지를 평가하는 지표.,¶금융 정보 서비스 기업인 MSCI는 {기후 행동 지수를} 도입하는 등 ESG 관련 지수와 파생 상품 개발에 적극적이다.,33
2023,기후플레이션,(氣候<영>←inflation),혼성,전문어,『경제』,〔경제생활〕,기후 변화로 인해 물가가 상승하는 현상.,¶극단적인 폭우와 폭염이 이어지는 {기후플레이션까지} 맞물리면서 전 세계의 식량난은 더욱 심각해질 것으로 보인다.,310
2023,긴급벌채제도,(緊急伐採制度),,전문어,『행정』,〔정치와 행정〕,"병충해 방제, 산불 진화 및 산불 확산 방지, 산사태 등 2차 피해가 우려되는 경우에, 산림 소유자의 동의 없이 긴급히 벌채를 할 수 있도록 한 제도.",¶산림청 관계자는 조만간 과도하게 넓은 지역에 대한 벌채를 허가하는 {긴급 벌채 제도의} 미비점을 정비할 예정임을 알렸다.,6
2023,깡통전세공공매입특별법,(깡筒傳貰公共買入特別法),,전문어,『법률』,〔정치와 행정〕,"전세 보증금과 담보 대출이 매매가를 웃도는 전세 주택의 공공 매입 절차를 규정하고, 피해자를 구제하는 데 필요한 사항을 제정한 법률. 공공 기관이 채권을 매입하여 전세 사기 피해를 먼저 보상하고, 이후에 구상권 청구 등을 통해 비용을 회수하는 것을 목적으로 한다. =임대 보증금 미반환 주택 임차인 보호를 위한 특별법.","¶전세 사기에 대한 대책으로 제시된 {깡통 전세 공공 매입 특별법은} 공공 기관이 보증금 채권을 매입하여 공공 임대 주택으로 활용하고, 피해 임차인들에게 우선적으로 지원하는 것을 주요 내용으로 한다.",52
2023,나토베나토르폴리돈투스,(<라>natovenator polydontus),,전문어,『동식물』,〔동식물〕,"물속 사냥에 적합하도록 몸이 유선형으로 진화한 육식성 두 발 공룡의 화석. 한국 과학자들이 발견하였으며, ‘이빨이 많이 있는 수중 사냥꾼’이라는 뜻이다.","¶한국 연구진이 몽골에서 조류가 아니면서도 몸이 물속 사냥에 적합한 유선형으로 진화한 육식 공룡의 화석을 처음으로 발견하여, {‘나토베나토르 폴리돈투스’로} 명명하였다.",3
2023,내집마련리츠주택,(내집마련<영>REITs住宅),,전문어,『복지』,〔주생활〕,"입주 시에 최초 분양가의 절반을 보증금으로 내고, 최장 10년 동안 임대로 거주한 후 최종 매입 여부를 자유롭게 선택할 수 있는 주택.",¶무주택자들의 내 집 마련을 지원하기 위해서 최소 6년만 임대 거주하면 분양 여부를 자유롭게 선택할 수 있는 ‘{내 집 마련 리츠 주택’이} 도입된다.,157
2023,노조방탄법,(勞組防彈法),,전문어,『법률』,〔정치와 행정〕,‘노동조합 및 노동관계 조정법 개정안’을 이르는 말. 하도급 노동자에 대한 원청의 책임을 강화하고 그 범위를 확대하는 것이 핵심 내용으로 노란봉투법이라고도 불린다.,¶OO는 노조원 개인이 폭력 행위를 저질러도 그에 따른 책임을 물을 수 없다는 이유로 {노조 방탄법이라고} 맞서며 법 개정을 반대하고 있는 상황이다.,198
2023,녹색항로,(綠色航路),,전문어,『교통』,〔사회생활〕,해당 항로를 이용하는 선박들은 온실가스의 배출이 없거나 낮은 연료를 사용해야 하는 특정 항로.,¶이번 토론회에서는 국제 해운 분야에서 2050년 탄소 중립의 목표를 달성하기 위한 기술 개발과 {녹색 항로의} 도입 등 해운 탈탄소화를 위한 협력 방안에 대해 협의할 계획이다.,200
2023,녹색해운항로,(綠色海運航路),,전문어,『교통』,〔사회생활〕,2050년까지 해운업의 탄소 중립 실현을 목표로 친환경 암모니아나 친환경 메탄올 등의 무탄소 연료 추진 선박으로 운항되는 항로. 부산항과 미국 서부의 타코마항 간에 구축 합의의 내용을 2022년 11월에 공식적으로 발표하였다.,¶해운 협력의 일환으로 미국 주요 항만과 부산항 사이의 탈탄소 항로 구축을 위하여 추진 중인 {녹색 해운 항로의} 동참을 위하여 일부 선박은 향후 미주 항로에 투입될 계획이다.,310
2023,농촌소멸기금,(農村消滅基金),,전문어,『행정』,〔정치와 행정〕,인구가 감소하여 사라질 위기에 있는 농촌 지역을 위해 조성된 재정 지원금.,¶서울시 교육청 관계자는 삭감된 농촌 유학 사업의 예산 마련을 위해 {농촌 소멸 기금을} 활용하는 방안을 모색할 예정이라고 했다.,3
2023,도심복합개발지원법,(都心複合開發支援法),,전문어,『법률』,〔정치와 행정〕,"도시 공간을 혁신적이고 복합적으로 활용하여 주거 안정에 이바지하기 위한 것으로, 도심 복합 개발 혁신 지구를 설정하여 해당 지역에 대한 민간 기업의 개발 규제를 완화하고 부담금을 감면하도록 규정한 법안. 2022년 8월에 국회에서 발의되었다.","¶{도심 복합 개발 지원법이} 국회의 문턱을 넘으면서, 민간 사업자의 주도로 문화ㆍ상업 등의 복합 시설과 주택을 신속하게 지을 수 있을 것이라는 기대가 높아지고 있다.",102
2023,도심복합개발특별법,(都心複合開發特別法),,전문어,『법률』,〔정치와 행정〕,"공공에만 부여하던 용적률 등 도시 건축 특례, 절차 간소화, 세제 혜택 등을 민간 기업에도 부여하여 주택 공급을 신속히 할 수 있도록 하는 내용을 담은 특별법.","¶{도심 복합 개발 특별법이} 제정되면, 그동안 한국 토지 주택 공사 등 공공 주도로 추진하던 도심 복합 사업을 앞으로는 건설사나 부동산 투자 신탁 등 민간 사업자도 할 수 있게 된다.",6
2023,드링크플레이션,(<영>drinkflation),차용,전문어,『경제』,〔경제생활〕,인플레이션의 심화로 인해 기업들이 주류 상품의 가격과 용량은 기존과 동일하게 유지한 채 알코올 함량을 줄여 결과적으로는 물건값이 상승하는 효과를 거두는 일.,¶한 언론은 “술의 용량과 병의 크기에는 변화가 없고 알코올 함량만 달라져 소비자들이 이를 알아채기 어렵기 때문에 {드링크플레이션이} 슈링크플레이션보다 더 교활하다.”라고 하였다.,25
2023,디시브레인,(<영>dish brain),,전문어,『생명』,〔인간〕,사람의 줄기세포에서 유래한 뇌 신경 세포와 쥐 배아의 뇌에서 가져온 신경 세포 80만 개에 미세 전극을 연결해 배양 접시에 올린 뇌세포 집합체.,¶호주의 한 바이오 기업과 대학의 공동 연구진은 배양 접시에서 뇌 신경 세포와 미세 전극을 연결하여 외부와 피드백을 주고받게 한 '{디시 브레인(DishBrain)'을} 개발하고 '퐁' 게임을 학습해 플레이하게 했다.,5
2023,디지털플랫폼재난,(<영>digital platform災難),,전문어,『정보ㆍ통신』,〔사회생활〕,포털 서비스나 메신저 서비스가 제대로 작동하지 않아 발생하는 재난.,"¶한 국회의원은 최근 발생한 메신저 서비스 오류와 관련해, 국회가 {디지털 플랫폼 재난에} 대비할 수 있는 법안을 마련해야 한다고 목소리를 높였다.",85
2023,마스크키핑족,(<영>mask keeping族),,전문어,『보건 일반』,〔인간〕,"코로나19의 감염을 방지하기 위한 마스크 착용의 의무가 사라졌지만, 마스크를 계속 곁에 두는 사람. 또는 그런 무리.",¶마스크 착용의 의무 해제와 동시에 마스크를 더 이상 착용하지 않는 탈마스크족과 {마스크 키핑족이} 공존하게 되면서 서로 이질감을 느끼는 상황이 발생하였다.,2
2023,면플레이션,(麵<영>←inflation),혼성,전문어,『경제』,〔경제생활〕,"식자재 가격과 인건비, 전기 요금 상승 등으로 인해 냉면, 국수 등 면 요리의 가격이 상승하는 현상.",¶서울에서 냉면으로 유명한 맛집에서 냉면 가격을 올리면서 이른바 {면플레이션으로} 인한 가계 부담이 더 커지고 있다.,269
2023,명절테크,(名節<영>←tech),,전문어,『경제』,〔경제생활〕,명절에 받은 선물 세트를 개봉하지 않고 중고 거래로 되팔아 남긴 이익을 이용한 재테크.,¶혼자 사는 이삼십 대의 직장인들 사이에서 지인이나 회사로부터 받은 선물 세트를 포장도 뜯지 않고 중고 거래로 파는 {명절 테크가} 유행이다.,137
2023,무진동항온항습차,(無振動恒溫恒濕車),,전문어,『교통』,〔사회생활〕,진동이 적고 온도와 습도가 일정하게 유지되도록 설계한 차. 반도체나 동물 따위를 운반할 때 사용한다.,¶푸바오는 인천 공항까지 {무진동 항온 항습 차를} 타고 이동한 후에 중국에서 제공한 전세기로 이동할 예정이다.,7
2023,문화워싱,(文化<영>washing),,전문어,『정치』,〔정치와 행정〕,박람회 등과 같은 문화 행사를 이용하여 국가나 지역의 부정적인 이미지를 세탁하는 행위.,¶이번 박람회는 과거의 인권 탄압에 대한 비판을 피하기 위해 개최하는 {문화 워싱에} 가까운 행사였기 때문에 서방 국가들은 참석하지 않았다.,17
2023,반강성고정술,(反剛性固定術),,전문어,『의학』,〔보건ㆍ의학〕,"흔들리는 척추를 교정하기 위하여 척추의 앞쪽은 긴 나선의 원통 케이지를, 척추의 뒤쪽은 탄성이 높은 스프링 형태의 로드를 통하여 척추를 고정하는 수술.",¶{반강성 고정술은} 척추에 가해지는 하중을 기존의 척추와 동일하게 분배하여 신체의 부담을 덜어주는 척추 수술법이다.,49
2023,반도체산업강화법,(半導體産業強化法),,전문어,『법률』,〔정치와 행정〕,"반도체 투자 활성화를 위하여 반도체 투자에 대한 세제 혜택을 주고자 제정한 법률. 대기업의 반도체 설비 투자 세액 공제율을 기존의 8%에서 15%로, 중소기업은 16%에서 25%까리 상향하는 것을 내용으로 한다.",¶{반도체 산업 강화법에} 대하여 법안 취지에 대해서는 일부 공감하면서도 대기업을 위한 특혜 법안이 될 수 있다는 이유로 반대하고 있다.,76
2023,발레코어,(<영>balletcore),차용,전문어,『복식』,〔의생활〕,발레복 혹은 발레 소품들을 활용하여 일상복처럼 자연스럽고 아름답게 표현하는 패션 스타일.,¶최근까지 '{발레코어'} 열풍이 지속되면서 올해 여름에는 메리제인 슈즈와 발레 슈즈까지 큰 인기를 끌고 있다.,310
2023,뱅보드차트,(<영>←bank board chart),,전문어,『경제』,〔경제생활〕,일반에게 널리 알리기 위하여 예금 상품의 금리를 비교해 만든 표. 은행을 의미하는 ‘뱅크(bank)’와 미국 대중음악의 순위를 집계한 순위표를 뜻하는 ‘빌보드 차트’를 결합하여 만든 말이다.,"¶고금리의 특판 가입에 성공하기 위해서는 사전 정보가 가장 중요한데, 인터넷 포털 사이트에서 {뱅보드 차트를} 검색하면 일자별 예금 금리의 순위가 정리된 게시물을 확인할 수 있다.",40
2023,뱅크데믹,(<영>bankdemic),차용,전문어,『경제』,〔경제생활〕,은행 파산에 대한 두려움이 전세계적으로 확산되는 현상을 전염병에 빗대어 이르는 말.,¶다수의 사람들이 스마트폰을 통해 쉽게 예금을 인출하고 해지할 수 있기 때문에 위기설이 나도는 은행은 순식간에 {뱅크데믹의} 상황으로 들어가고 만다.,310
2023,버거플레이션,(<영>burgerflation),차용,전문어,『경제』,〔경제생활〕,물가 상승으로 인해 햄버거의 가격이 급등하는 현상.,¶저렴한 가격으로 서민들에게 사랑 받던 햄버거의 가격까지 오르면서 {버거플레이션이} 현실화되고 있다.,160
2023,부모돌봄법,(父母돌봄法),,전문어,『법률』,〔정치와 행정〕,간호사의 근무 환경 및 처우 개선 등에 관한 간호법이 부모 돌봄을 목적으로 마련한 ‘법률’과 마찬가지임을 비유적으로 이르는 말.,"¶간호협회는 국회 앞에서 집회를 열어 ""간호법은 간호와 돌봄에 대한 국민들의 요구를 반영한 {부모 돌봄법""이라고} 강변했다.",310
2023,부분근로자대표제,(部分勤勞者代表制),,전문어,『행정』,〔사회생활〕,특정 직종ㆍ직군ㆍ직무의 근로자가 근로 제도 따위의 의견을 반영할 수 있도록 근로자의 대표를 부분적으로 따로 선발하는 제도.,"¶호봉제를 유지하려는 근로자들이 많았기 때문에, 연구회는 임금 체계 개편을 위한 방편으로 {부분 근로자 대표제에} 주목했다.",213
2023,불법일임투자,(不法一任投資),,전문어,『경제』,〔경제생활〕,"법률에서 금하고 있는 방식이나 내용으로, 자산의 운용에 대한 권한이나 투자 자금을 자산 운용 회사, 투자 자문 회사, 증권 회사 등에 전부 맡기기로 하는 투자.",¶이들이 {불법 일임 투자에} 참여했다는 이유만으로 모두가 주가 조작을 인지하고 있던 공범이라고 간주하기는 어려워 보인다.,2
2023,불법파업보장법,(不法罷業保障法),,전문어,『법률』,〔정치와 행정〕,"‘노동조합 및 노동 관계 조정법 2ㆍ3조 개정에 관한 법률안’을 비난조로 이르는 말. 개정안은 사용자의 범위를 확대하고 노동조합에 대한 손해 배상 청구를 제한하는 것을 골자로 하는데, 이것이 불법 파업을 조장할 수도 있다는 우려 속에서 나온 말이다.",¶여당의 한 국회의원은 기자 회견을 열어 노동조합 및 노동 관계 조정법에 대한 개정안이 ‘{불법 파업 보장법’으로} 활용될 수 있다며 상정 철회를 요구하였다.,65
2023,불법파업조장법,(不法罷業助長法),,전문어,『법률』,〔정치와 행정〕,"‘노동조합 및 노동 관계 조정법 2ㆍ3조 개정에 관한 법률안’을 비난조로 이르는 말. 개정안은 사용자의 범위를 확대하고 노동조합에 대한 손해 배상 청구를 제한하는 것을 골자로 하는데, 이것이 불법 파업을 조장할 수도 있다는 우려 속에서 나온 말이다.","¶노동조합 및 노동 관계 조정법에 대한 개정안이 가결되자, 이를 {불법 파업 조장법이라} 지칭하며 강력하게 반발하였다.",310
2023,블록코어룩,(<영>blokecore look),,전문어,『복식』,〔의생활〕,스포츠 유니폼을 이용하여 일상적이고 스타일리시한 멋을 표현한 옷차림.,¶축구 유니폼 스타일의 ‘{블록코어 룩’이} 2023년 새해 패션 트렌드로 선정되었다.,310
2023,빵플레이션,(빵<영>←inflation),혼성,전문어,『경제』,〔경제생활〕,빵의 주 재료인 밀가루 따위의 가격 상승과 물류 비용 증가 등이 원인이 되어 일어나는 인플레이션.,¶러시아의 우크라이나 침공으로 인해 폭등한 밀가루 가격 때문에 앞으로 ‘{빵플레이션’이} 본격화될 것이라는 우려가 나오고 있다.,310
2023,사회서비스진흥법,(社會<영>service振興法),,전문어,『법률』,〔정치와 행정〕,적정한 사회 서비스의 공급을 유인하고 사회 서비스 분야의 육성 기반과 체계적 지원이 마련되기 위하여 제정한 법률. 정식 명칭은 ‘사회 서비스 지원 및 진흥에 관한 법률안’이다.,"¶{사회 서비스 진흥법은} 돌봄 등 사회 서비스의 육성 및 품질 향상 방안을 담고 있으며, 사회 서비스의 공급을 늘리고 혁신을 이끌어 나가겠다는 취지로 법안의 제정을 추진 중이다.",18
2023,산업평화보장법,(産業平和保障法),,전문어,『법률』,〔정치와 행정〕,‘노동조합 및 노동관계 조정법 개정안’을 이르는 말. 하도급 노동자에 대한 원청의 책임을 강화하고 그 범위를 확대하는 것이 핵심 내용으로 ‘노란봉투법’이라고도 불린다.,¶O 의원은 이 법은 헌법에 명시된 노동 삼권을 보장할 수 있도록 하기 위한 것으로 {산업 평화 보장법이라고} 하였다.,22
2023,상대적불평등지수,(相對的不平等指數),,전문어,『경제』,〔경제생활〕,"수입, 재산, 생활 양식 등에 따른 사회 경제적 불평등을 상대적으로 비교하고 평가하기 위한 지수.","¶청소년 비만과 사회 경제적 불평등의 상관관계를 분석한 결과, 남학생과 여학생의 {상대적 불평등 지수의} 값은 가구 소득, 아버지의 학력, 어머니의 학력 등 모든 기준에서 여학생의 값이 훨씬 더 높게 나타났다.",12
2023,새드팝,(<영>sad pop),,전문어,『음악』,〔문화〕,슬프거나 불행한 감정을 주로 표현한 팝 음악.,¶최근 음악계에서는 제트 세대 아티스트들을 중심으로 발라드와 록 장르를 결합하는 등 {새드 팝에} 대한 다양한 시도가 이루어지고 있다.,3
2023,생성에이아이,(生成<영>AI),,전문어,『정보ㆍ통신』,〔정보ㆍ기술〕,"사용자가 입력한 문장을 분석하여 그 의도에 맞는 텍스트, 이미지, 비디오 따위를 만들어 내는 컴퓨터 시스템. 기존의 인공 지능과 달리 새로운 콘텐츠를 생성하는 데 초점을 두며, 작문, 예술, 소프트웨어 개발 따위의 영역에 응용한다.",¶언론사들이 {생성 에이아이의} 등장으로 인해 인턴 기자의 채용을 줄일 것이라는 관측이 나오고 있다.,206
2023,생성형에이아이,(生成型<영>AI),,전문어,『정보ㆍ통신』,〔정보ㆍ기술〕,"사용자가 입력한 문장을 분석하여 그 의도에 맞는 텍스트, 이미지, 비디오 따위를 만들어 내는 컴퓨터 시스템. 기존의 인공 지능과 달리 새로운 콘텐츠를 생성하는 데 초점을 두며, 작문, 예술, 소프트웨어 개발 따위의 영역에 응용한다.",¶저작권 전문가들은 {생성형 에이아이의} 활용이 늘어나면서 저작권이 있는 자료를 무단으로 복제하는 것에 대한 우려를 표명하였다.,184
2023,생체직교화학,(生體直交化學),,전문어,『화학』,〔교육〕,생체 내 다른 화학 반응에 영향을 받거나 주지 않는 독립적인 화학 반응. 또는 이를 활용한 화학 연구.,¶제약 회사의 연구원들은 새로운 약물의 생물학적 표적을 결정하기 위해서 {생체 직교 화학을} 활용한다.,60
2023,세계구매자지수,(世界購買者指數),,전문어,『경제』,〔경제생활〕,"세계 각국 제조업 분야의 구매 활동을 평가하기 위한 지수. 주로 기업의 구매 관리자를 대상으로 한 설문 조사를 통해 조사되며, 일반적으로 이 지수가 높다는 것은 경기 확장을 의미한다.","¶이번 해 조사된 {세계 구매자 지수에} 따르면, 세계 제조업 시장은 여전히 침체 국면을 벗어나지 못하고 있다.",3
2023,순환경제기본계획,(循環經濟基本計劃),,전문어,『경제』,〔정치와 행정〕,"‘순환 경제 사회 전환 촉진법’에 따라, 순환 경제 사회로의 전환을 위한 중장기 정책 목표 및 방향을 종합적으로 제시하는 기본 계획. 자원 절약과 폐기물 발생 억제, 자원의 순환 이용 등에 대한 방침을 주요 내용으로 한다.",¶정부는 향후 시행될 ‘{순환 경제 기본 계획’에서} 플라스틱 폐기물은 별도로 관리하겠다는 방침을 발표하였다.,30
2023,술플레이션,(술<영>←inflation),혼성,전문어,『경제』,〔경제생활〕,술의 가격이 급등하는 현상. 곡물 등 술의 주재료의 가격 상승과 물류 비용 증가 등 복합적 원인에 의해 발생한 인플레이션이다.,"¶주세 인상, 소주와 맥주 출고가 인상 등으로 인해 {술플레이션이} 더 심해져 소비자들은 외식을 줄이고 있다.",20
2023,슈거플레이션,(<영>sugarflation),차용,전문어,『경제』,〔경제생활〕,설탕의 가격이나 설탕을 주재료로 하는 가공식품의 가격이 급등하는 현상. 기후 변화에 따른 사탕수수 재배량 감소 등의 원인에 의해 발생한 인플레이션이다.,"¶세계적으로 이상 기후 현황이 나타나 사탕수수의 작황이 어려움을 겪고 있고, 이에 따라 {슈거플레이션이} 심화될 수 있다는 전망이 나오고 있다.",310
2023,스키니피케이션,(<영>skinification),차용,전문어,『복식』,〔의생활〕,두피와 모발을 마치 피부를 관리하는 것처럼 깨끗하고 섬세하게 가꾸는 일.,¶뷰티업계는 젊은층 사이 확산되고 있는 ‘{스키니피케이션’에} 대한 관심에 맞춰 두피와 헤어 관리 상품군을 강화하고 있다.,296
2023,신속회생추진법,(迅速回生推進法),,전문어,『법률』,〔정치와 행정〕,"‘채무자 회생 및 파산에 관한 법률 개정안’을 달리 이르는 말. 개인 회생 절차를 간소화하기 위해, 채무자가 개인 회생 채권자 목록에서 누락된 경우 변제 계획 인가 후에도 이를 수정할 수 있도록 하는 것을 주요 내용으로 한다.",¶{신속 회생 추진법은} 코로나19의 확산으로 인해 늘어난 가계 부채를 해결하기 위한 대책 중 하나로 발의되었다.,116
2023,신용상승격려금,(信用上昇激勵金),,전문어,『행정』,〔정치와 행정〕,"채무 조정 이행자 중, 신용 점수가 일정 수준 이상 오른 사람에게 정부가 주는 격려금.",¶신용 회복 위원회는 후속 사업을 통해 일정 기준을 충족한 참여자에게 {신용 상승 격려금을} 지급하겠다고 밝혔다.,33
2023,실감문화공간,(實感文化空間),,전문어,『사회 일반』,〔문화〕,메타버스와 인공 지능을 활용하여 실제로 체험하는 듯한 콘텐츠를 제작하고 이를 전시해 놓은 문화 공간.,"¶{실감 문화 공간은} 메타버스를 기반으로 한 창의적인 연출을 통해 만들어지며, 광장에 설치된 대형 디스플레이를 통해 전시된다.",19
2023,쌀값정상화법,(쌀값正常化法),,전문어,『법률』,〔정치와 행정〕,‘양곡 관리법 개정안’을 달리 이르는 말. 과잉 공급된 쌀을 정부가 의무적으로 매입하는 방안이 쌀값의 폭락 혹은 폭등을 해결할 수 있다는 관점에서 나온 말이다.,¶한국 농촌 경제 연구원에서는 {쌀값 정상화법이} 통과되면 과잉 생산된 쌀의 증가로 국가의 재정에 큰 부담이 될 수도 있다는 연구 결과를 발표하였다.,310
2023,아기기후소송,(아기氣候訴訟),,전문어,『환경』,〔정치와 행정〕,"영유아부터 어린이까지 총 62명의 아이들이 모여 ‘탄소 중립 기본법’이 위헌이라고 헌법 소원을 제기한 사건. 정부가 발표한 온실 가스 감축 목표가 충분하지 않아, 미래 세대의 생명권과 행복 추구권을 침해한다는 것이 주요 내용이다.","¶전 세계적으로 심각해진 기후 위기가 미래 세대의 생존과 직결된다는 맥락에서 ‘청소년 기후 소송’, ‘{아기 기후 소송}’ 등이 제기되어, 헌법 재판소의 판결을 기다리고 있다.",310
2023,안심임대인인증서,(安心賃貸人認證書),,전문어,『행정』,〔정치와 행정〕,지역 주민들이 중고 거래를 안전하게 할 수 있도록 각 지방 자치 단체가 만들어 놓은 공간.,"¶{안심 임대인 인증서의} 유효 기간은 1개월이므로, 이전에 인증을 받은 집 주인이더라도 계약 당시에 인증서를 다시 확인할 필요가 있다.",104
2023,안심전세앱,(安心傳貰<영>app),,전문어,『정보ㆍ통신』,〔사회생활〕,안심하고 계약할 수 있는 전세 매물을 소개하기 위해 정부가 개발하고 배포한 애플리케이션.,"¶{안심 전세 앱을} 통해서 임대인의 정보를 조회할 수 있지만, 임차인이 임대인의 동의를 얻어야 하기 때문에 이를 적극적으로 활용하는 사람들의 비율은 극히 낮은 것으로 나타났다.",310
2023,안심전세포털,(安心傳貰<영>portal),,전문어,『정보ㆍ통신』,〔사회생활〕,전세 사기 피해자를 지원하고 관련 정책을 소개하기 위해 정부가 개설한 인터넷 사이트.,¶전세 피해 확인서의 온라인 접수와 발급은 {안심 전세 포털을} 통해 실시된다.,310
2023,안트로포퀴나스,(<영>anthropoquinas),차용,전문어,『지구』,〔자연〕,일반적으로 플라스틱 쓰레기와 자연 암석이 혼합되어 형성된 퇴적암. =암석 플라스틱.,"¶브라질에서는 2020년에 플라스틱 병뚜껑, 귀걸이 등 녹아 퇴적암과 결합된 암석이 발견돼 ‘{안트로포퀴나스’(anthropoquinas)라고} 명명됐다.",3
2023,안티인스타,(<영>anti←Instagram),,전문어,『사회 일반』,〔인간〕,"‘인스타그램’ 등의 에스엔에스(SNS)에 자신의 외모, 재력, 사회적 지위 따위를 과하게 자랑하거나 꾸며내는 일에 반대하는 사람. 또는 그러한 무리.",¶최근 젊은 세대 사이에서는 ‘{안티 인스타’나} ‘안티 알고리즘’ 등 진정성 없는 기계적인 소통에 반대하는 움직임이 생겨나고 있다.,24
2023,안티스티어링,(<영>antisteering),차용,전문어,『정보ㆍ통신』,〔경제생활〕,특정 온라인 플랫폼이 제공하는 결제 수단 외의 다른 결제 수단을 활용하지 못하게 하는 행위.,¶{안티스티어링이} 규제된다면 애플리케이션 소비자들은 새로운 결제 방식과 프로모션을 통해 보다 더 편리하게 앱 마켓을 이용할 수 있게 된다.,20
2023,알고스피크,(<영>algospeak),차용,전문어,『정보ㆍ통신』,〔사회생활〕,"소셜 미디어를 활용할 때, 단어 필터링 알고리즘을 우회하기 위해 기존 단어를 대체하는 단어. ‘알고리즘(algorism)’과 ‘스피크(speak)’를 결합한 말로, 알고리즘이 탐지하지 못하도록, ‘죽다’ 대신 ‘살아 있지 않다’를 입력하여 차단된 콘텐츠를 검색하는 것이 그 예시이다.","¶욕설이나 인종 차별 발언을 식별해 차단하는 인공 지능 기술이 개발되고 있지만, 여전히 특이한 억양이나 {알고스피크는} 탐지하지 못하고 있다.",5
2023,암석플라스틱,(巖石<영>plastic),,전문어,『지구』,〔자연〕,일반적으로 플라스틱 쓰레기와 자연 암석이 혼합되어 형성된 퇴적암. =안트로포퀴나스.,"¶{암석 플라스틱은} 지질에 새겨진 환경 오염의 예시로, 지난 수 세기 동안 증가한 플라스틱 사용과 폐기의 결과이다.",4
2023,압축소멸,(壓縮掃滅),,전문어,『경제』,〔경제생활〕,"‘압축 성장’에 대비되는 말로, 단기간에 일어나는 사회 경제적 쇠퇴를 이르는 말. 압축 성장을 이룬 한국이 저출산 고령화 사회로 진입하며, 사회적 불평등은 심화되고 경제적 성장은 둔화되는 상황에서 나온 말이다.",¶한 사회학자는 압축 성장을 이룬 우리나라가 이제 {압축 소멸의} 길에 접어들었다고 진단한 바 있다.,44
2023,약자동행지수,(弱者同行指數),,전문어,『행정』,〔정치와 행정〕,"사회적 약자의 기준과 관점에서, 정부의 정책이 얼마나 도움이 되었는지를 측정하고 평가하기 위해 만든 지수.","¶정부는 {약자 동행 지수를} 개발하여 정책 수립과 실행, 예산 집행의 전 단계에 적용하겠다고 밝혔다.",310
2023,양곡공산화법,(糧穀共産化法),,전문어,『법률』,〔정치와 행정〕,‘양곡 관리법 개정안’을 비난조로 이르는 말. 과잉 공급된 쌀을 정부가 의무적으로 매입하는 것이 공산주의 경제를 모방하는 것과 같다는 비판에서 나온 말이다.,¶여당은 양곡 관리법이 ‘{양곡 공산화법’이자} 농업인과 농업에 도움이 되지 않는 입법이라며 거세게 비판하였다.,102
2023,양곡처리법,(糧穀處理法),,전문어,『법률』,〔정치와 행정〕,‘양곡 관리법’을 달리 이르는 말. 양곡의 효율적인 수급과 관리를 위해 제정된 법률을 이르는 말이다.,"¶일부 농민들은 쌀값이 떨어질 것을 염려하여, 정부가 {양곡 처리법을} 통해 쌀을 수매할 필요가 있음을 주장한다.",40
2023,에바스증후군,(<영>EVAS症候群),,전문어,『의학』,〔보건ㆍ의학〕,귀의 가장 안쪽에 단단한 뼈로 둘러싸인 부분에 있는 전정 수도관이 비정상적으로 커져서 생기는 증후군. 전정 수도관 확장 증후군이라고도 한다.,¶O은 네 살 때 {에바스 증후군으로} 청력을 잃었다가 여덟 살 때 청력을 회복시키기 위해 인공 와우 수술을 받았다고 한다.,1
2023,에이지빌리티,(<영>age←ability),혼성,전문어,『사회 일반』,〔인간〕,나이가 들어감에 따라 얻게 되는 능력이나 새로운 가능성을 이르는 말.,¶백 세 시대가 됨에 따라 ‘{에이지빌리티’라는} 개념이 등장하여 각 분야에서 경험이 풍부한 노년층의 가능성이 재조명을 받고 있다.,4
2023,에피슈머,(<영>←efficient←consumer),혼성,전문어,『경제』,〔경제생활〕,에너지 소비 효율이 높은 제품을 선호하는 소비자.,"¶{에피슈머들은} 여름철 실내 적정 온도 유지, 전자 제품 플러기 뽑기 등 생활 속에서 실천할 수 있는 에너지 절약 방법을 강조한다.",15
2023,연개특위,(年改特委),축약,전문어,『정치』,〔정치와 행정〕,"‘연금 개혁 특별 위원회’를 줄여 이르는 말. 연금 재정의 확보, 사대 연금의 개혁 방안 등을 논의하기 위해 구성 및 운영된다.","¶야당은 별도의 {연개특위를} 구성하여 여당과 야당을 물론, 정부 주요 인사들도 참여한 국민연금 개혁 방안을 심도 있게 논의해야 한다는 입장을 밝혔다.",48
2023,열대림생태학,(熱帶林生態學),,전문어,『생명』,〔교육〕,열대림의 생태를 연구하는 학문.,"¶{열대림 생태학} 분야의 교수들은 더 많은 탄소를 흡수하도록 개량한 나무가 기후 위기의 해결책으로 보이지만, 실제로는 생태계에 악영향을 줄 수 있다며 우려를 표했다.",23
2023,우주항공기금,(宇宙航空基金),,전문어,『경제』,〔경제생활〕,우주 항공 분야의 신생 기업을 지원하기 위해 국가가 설치한 기금.,¶우주 항공청은 우주 항공 산업을 안정적으로 지원하기 위해 연내로 {우주 항공 기금을} 설치할 계획이다.,25
2023,워드맵,(<영>word map),,전문어,『언어』,〔사회생활〕,단어의 동시 출현 정보를 분석한 후 시각적으로 표현하는 표나 그림.,"¶최근 1년간 {워드 맵에서} ‘배달’ 관련 중요 단어는 ‘욕’, ‘비싸다’ 등인 것으로 나타났다.",20
2023,웨딩플레이션,(<영>wedding←inflation),혼성,전문어,『경제』,〔경제생활〕,결혼식을 준비하는 데 필요한 비용이 급등하는 현상.,¶{웨딩플레이션의} 영향으로 많은 예비 부부들이 결혼식을 올리기를 주저하고 있다.,310
2023,유공유리분말,(有孔琉璃粉末),,전문어,『재료』,〔자연〕,"유리 분말로 이루어진 구 모양의 신재료. 가벼우며, 수분에 대한 저항성이 강하고, 화학적으로 안정적인 것이 특징이다.",¶한 건설사가 개발한 고강도 콘크리트는 {유공 유리 분말을} 활용하여 점성이 낮고 외부 온도에 큰 영향을 받지 않는 것이 특징이다.,108
2023,유급휴재,(有給休載),,전문어,『사회 일반』,〔사회생활〕,휴재 기간에도 급료가 지급되는 휴재. 주로 웹툰 작가의 노동 환경을 보장하기 위한 것이다.,¶웹툰 창작자들 사이에서는 창작자들의 노동 환경을 보장하기 위해 {유급 휴재를} 의무화해야 한다는 목소리가 나오고 있다.,40
2023,유급휴재권,(有給休載權),,전문어,『사회 일반』,〔사회생활〕,휴재 기간에도 급료를 지급받을 수 있는 권리. 주로 웹툰 작가의 노동 환경을 보장하기 위한 것이다.,¶웹툰 작가들이 처한 열악한 노동 환경을 개선하기 위해 {유급 휴재권을} 보장해야 한다는 제언이 나왔다.,32
2023,유리세대,(琉璃世代),,전문어,『사회 일반』,〔인간〕,스마트폰이나 태블릿 컴퓨터 등 유리로 된 화면을 통해 읽거나 쓰는 것이 익숙한 세대.,"¶2010년 이후에 태어난 아이들은 태어나자마자 스마트 기기의 스크린에 노출되었고, 이를 능숙하게 사용한다는 점에서 ‘{유리 세대’라고} 불리기도 한다.",10
2023,유튜버공화국,(<영>YouTuber共和國),,전문어,『사회 일반』,〔삶〕,인터넷 동영상 공유 사이트인 유튜브에 동영상을 업로드하며 자신의 채널을 운영하는 사람들이 무분별하게 많아진 현상을 비판하여 이르는 말.,¶인터넷 동영상 공유 사이트에 올라온 사고 영상을 우연히 보게 된 사람들이 트라우마를 겪게 되면서 {유튜버 공화국의} 민낯을 보여 주는 이러한 현상에 대해 생산자의 윤리의식이 필요하다는 목소리가 나온다.,1
2023,이태원참사특별법,(梨泰院慘事特別法),,전문어,『법률』,〔정치와 행정〕,2022년 10월 29일에 발생한 이태원 참사의 진상 규명과 재발 방지를 위해 필요한 사항을 제정한 특별 법안. 정식 명칭은 ‘10ㆍ29 이태원 참사 피해자 권리 보장과 진상 규명 및 재발 방지를 위한 특별 법안’이다.,¶이태원 참사의 유가족들은 {이태원 참사 특별법에} 따른 진상 규명을 철저하게 진행할 것을 정부에 요구했다.,310
2023,일저우일저,(日低又日低),합성,전문어,『경제』,〔경제생활〕,날마다 주식 가격이 떨어지는 현상을 이르는 말.,¶국내 증시가 매일매일 추락함에 따라 투자자들은 {일저우일저라는} 웃지 못할 말로 신저가를 설명하고 있다.,3
2023,입법독주법,(立法獨走法),,전문어,『법률』,〔정치와 행정〕,다양한 의견을 균형적으로 반영하지 못한 채 발의된 법안을 비판적으로 이르는 말.,¶최근 여당이 발의한 법안은 {입법 독주법이라는} 비판을 받고 있다.,287
2023,자기공감력,(自己共感力),,전문어,『심리』,〔인간〕,스스로 자신의 감정이나 의견을 느끼고 생각할 수 있는 힘. 또는 그런 능력.,"¶{자기 공감력이} 뛰어난 사람은 타인과 소통하고, 타인의 아픔이나 어려움에 공감하는 능력 또한 뛰어나다.",6
2023,자기토커,(磁氣<영>torquer),,전문어,『전기ㆍ전자』,〔정보ㆍ기술〕,지구 자기장을 활용하여 만든 구동기. 주로 인공위성의 자세 제어를 위해 사용된다.,"¶중국의 한 업체가 판매하고 있는 상업용 인공위성에는 우주 카메라, 태양열 집열판 등과 더불어 자세 제어를 위한 {자기 토커가} 장착되어 있다.",58
2023,자서망,(自署網),합성,전문어,『정보ㆍ통신』,〔사회생활〕,경찰 조직 내부에서 사용하는 통신망. 주로 관할 지역 내에서 발생한 긴급 상황을 전파하기 위해 사용한다.,"¶경찰서 내 다양한 통신망 중, 112 신고 전화 등의 긴급 상황은 {자서망을} 통해 가장 먼저 전파된다.",82
2023,자석발,(磁石발),합성,전문어,『기계』,〔정보ㆍ기술〕,"벽을 오를 수 있도록, 자석을 활용하여 만든 로봇 발.",¶사족 보행 로봇을 개발하기 위해서는 접착력이 뛰어난 {자석발을} 활용해야 한다.,39
2023,자원안보법,(資源安保法),,전문어,『법률』,〔정치와 행정〕,"자원 안보와 관련된 위기에 대비하고 효과적으로 대응하는 데 필요한 사항을 규정한 법률. 자원 안보 추진 체계, 자원 안보 위기 조기 경보 체계, 핵심 자원의 공급과 수요 관리 등을 주요 내용으로 한다. 정식 명칭은 ‘국가 자원 안보 특별법’이다.",¶{자원 안보법은} 4차 산업 시대에 필요한 다양한 에너지 자원을 국가 차원에서 확보하고 공급하는 시스템을 구축한다는 점에서 의의가 있다.,209
2023,잘파세대,(<영>Zalpha世代),,전문어,『사회 일반』,〔인간〕,1990년대 중반부터 2009년 사이에 태어난 ‘제트 세대’와 2010년 이후에 태어난 ‘알파 세대’를 아울러 이르는 말.,¶많은 기업들이 향후 주 소비층이 될 {잘파 세대를} 공략하기 위해 다양한 컬래버레이션을 시도하고 있다.,310
2023,재가요양복지사,(在家療養福祉士),,전문어,『복지』,〔사회생활〕,자택에서 의료 서비스를 제공받는 재가 요양 환자의 복지를 위한 일을 전문적으로 하는 사람.,¶최근 장기 요양 급여를 불법적으로 가로챈 {재가 요양 복지사들이} 다수 적발되어 사회에 큰 충격을 주었다.,16
2023,재능사다리,(才能사다리),,전문어,『사회 일반』,〔교육〕,재능을 가진 사람을 단계적으로 지원하여 더 우수한 인재로 육성하는 일을 비유적으로 이르는 말.,¶초등학교에서 블록 코딩을 배운 후 중학교에서 텍스트 코딩을 배우기 시작하는 교육 과정은 디지털 인재 육성을 위한 {재능 사다리의} 역할을 한다.,310
2023,재해우려주택,(災害憂慮住宅),,전문어,『건설』,〔주생활〕,"산사태, 지진, 태풍, 폭우, 해일, 홍수 등으로 피해를 입을 가능성이 큰 주택.","¶정부는 재해 우려 구역에 대하여 개보수 공사 및 안전한 곳으로의 이주를 지원하겠다는 방침을 밝혔으며, {재해 우려 주택에} 거주하는 사람들을 대상으로 민간 및 공공 이주의 지원도 실시할 계획이라고 하였다.",136
2023,재해취약주택,(災害脆弱住宅),,전문어,『건설』,〔주생활〕,"산사태, 지진, 태풍, 폭우, 해일, 홍수 등으로 피해를 입기 쉬운 주택.",¶정부는 이번 폭우로 인해 침수 피해를 입은 반지하 주택 등 {재해 취약 주택에} 대한 종합 대책을 올해 안으로 내놓기로 하였다.,310
2023,잼테크,(잼<영>tech),혼성,전문어,『경제』,〔경제생활〕,"재미를 추구하는 재테크. ‘재미’와 ‘재테크’가 결합한 말로, 금융 플랫폼에서 캐릭터를 공유하여 임무를 수행하거나 지인과 함께 포인트를 받는 과정을 재미있게 느끼면서 재테크를 하는 것을 말한다.","¶OO 은행은 엠제트 세대에게 다가가기 위해, 혜택과 함께 재미를 추구하는 {잼테크} 마케팅을 실시하고 있다.",226
2023,전세사기특별법,(傳貰詐欺特別法),,전문어,『법률』,〔정치와 행정〕,"전세 사기 피해를 당한 임차인의 주거권을 보장하기 위해 제정한 법률. 거주하고 있는 임차 주택의 우선 매수권을 부여하거나 장기 및 낮은 금리의 융자 지원, 피해 주택을 매입한 후 공공 임대 주택을 제공하는 방안 등이 포함된다. 정식 명칭은 ‘전세 사기 피해자 지원 및 주거 안정을 위한 특별법’이다.",¶정부는 {전세 사기 특별법의} 제정을 통하여 공공 기관이 피해 주택을 매입한 후 피해자에게 공공 임대 주택으로 제공하거나 피해 주택에 대한 우선 매수권을 부여하는 방안을 추진하기로 하였다.,310
2023,전자성능추적시스템,(電子性能追跡<영>system),,전문어,『기계』,〔정보ㆍ기술〕,"위치 추적 장치뿐만 아니라 심박 센서, 가속도 센서, 회전 운동 측정 센서 등의 센서와 각종 장비가 탑재되어 있으며, 입을 수 있는 기기. 운동 선수가 착용하면, 선수의 최고 속도, 활동량 등을 확인할 수 있고, 이러한 정보를 훈련과 전술에 활용하여 선수를 보호하거나 경기력 향상을 위해 사용할 수 있다.","¶이 옷은 {전자 성능 추적 시스템이라고} 불리며, 각종 데이터를 수집하는 기기가 탑재되어 있어서 실시간으로 선수들의 속도나 이동 거리 등을 분석하여 선수의 현재 상태를 보다 정밀하게 확인할 수 있다.",98
2023,전정수도관확장증후군,(前庭水道管擴張症候群),,전문어,『의학』,〔보건ㆍ의학〕,귀의 가장 안쪽에 단단한 뼈로 둘러싸인 부분에 있는 전정 수도관이 비정상적으로 커져서 생기는 증후군. =에바스 증후군.,"¶O은 청각 장애 판정을 받은 후부터 보청기를 착용해 왔으나, 최근 {전정 수도관 확장 증후군으로} 인해 오른쪽의 청력이 급격히 하락하여 인공 달팽이관 수술이 시급하다.",9
2023,접시뇌,(접시腦),,전문어,『생명』,〔인간〕,쥐의 뇌 배아에서 추출해낸 초기 피질 세포와 유도 만능 줄기세포를 분화시켜 얻은 뇌세포를 이르는 말. 접시 위에서 뇌를 배양하였다 하여 붙여진 이름이다.,¶연구진이 배양한 ‘{접시뇌’는} 80만~100만 개 가량의 살아 있는 뇌 세포로 구성되어 있다.,8
2023,정언공범,(政言共犯),,전문어,『사회 일반』,〔정치와 행정〕,정치인과 언론인이 공동으로 범죄를 행하는 것. 또는 그 사람.,¶최근 언론사의 행보를 두고 정치인과 언론인이 결탁한 '{정언공범'이라는} 비난 여론이 일고 있다.,32
2023,젠더플루이드패션,(<영>gender fluid fashion),,전문어,『복식』,〔의생활〕,성별의 경계를 허물어 그 전환이 가능한 옷. 또는 그러한 옷차림.,¶최근 열린 패션쇼에서 명품 브랜드들이 {젠더 플루이드 패션에} 기반한 남성복을 대거 출시하며 업계의 주목을 끌고 있다.,38
2023,조력존엄사,(助力尊嚴死),,전문어,『의학』,〔보건ㆍ의학〕,회복 가능성이 없는 환자가 의료진의 도움으로 약물 등을 제공받아 인간으로서 지녀야 하는 최소한의 품위를 지키면서 스스로 삶을 마칠 수 있도록 하는 일.,"¶가족들의 동의만으로도 가능한 연명 치료의 중단과는 다르게, {조력 존엄사는} 환자 본인의 의사 표명이 있을 경우에만 가능하다.",310
2023,조력존엄사법,(助力尊嚴死法),,전문어,『법률』,〔정치와 행정〕,회복 가능성이 없는 환자가 의료진의 도움으로 약물 등을 제공받아 인간으로서 지녀야 하는 최소한의 품위를 지키면서 스스로 삶을 마칠 수 있도록 하고자 제정한 법률. 정식 명칭은 ‘호스피스ㆍ완화 의료 및 임종 과정에 있는 환자의 연명 의료 결정에 관한 법률 일부 개정 법률안’이다.,¶말기 환자의 삶에 대한 자기 결정권을 증진하는 데 초점을 둔 {조력 존엄사법이} 국회 발의를 앞두고 있다.,310
2023,중처법,(重災法),합성,전문어,『법률』,〔정치와 행정〕,중대재해 기업처벌법'을 줄여 이르는 말. 사업주 및 경영 책임자가 소유ㆍ운영ㆍ관리하는 사업장 따위에서 유해ㆍ위험 방지 의무을 위반하여 종사자 및 이용자가 사망하였을 때 징역형을 내리는 등 그 책임과 처벌을 강화하는 법안을 이르는 말이다. 2020년 6월에 첫 발의되었다.,¶{중처법을} 두고 처벌을 회피하는 방안에만 집중하는 기업과 이를 악용한 일부 법무 법인의 장삿속 때문에 실질적인 산업 안전 예방은 제대로 실행되지 못하고 있다는 의견이 많다.,310
2023,직방금지법,(直房禁止法),,전문어,『법률』,〔정치와 행정〕,저렴한 수수료 정책을 내세우며 부동산 서비스를 제공하고 있는 부동산 플랫폼을 금지하는 법. 사무실을 운영하려는 공인 중개사는 한국 공인 중개사 협회에 반드시 가입해야 한다는 내용을 포함하고 있다.,¶국회에서 발의된 {직방 금지법과} 관련하여 협회가 프롭테크 업계와의 상생 방안을 제시하였지만 여전히 양측의 갈등이 심화되고 있다.,197
2023,청년도전준비금,(靑年挑戰準備金),,전문어,『복지』,〔정치와 행정〕,청년들의 취업 독려를 위하여 지원하는 준비금. 구직 프로그램을 이수한 청년 5천 명을 대상으로 최대 300만 원을 지원한다.,¶정부가 구직 단념 청년 5000명을 대상으로 최대 300만 원을 지원하는 {청년 도전 준비금을} 신설하였다.,43
2023,최소주거보장법,(最小住居保障法),,전문어,『법률』,〔정치와 행정〕,열악한 주거 시설 거주자들의 최소 주거 환경을 보장하기 위하여 발의한 법안. 더불어 민주당이 주요 입법 과제로 제시한 법안 중 하나이다.,"¶최근 수도권 집중 호우로 거주 환경이 좋지 않은 계층의 인명 및 재산 피해가 발생한 현실을 반영하여, 취약 계층을 국가가 지원하도록 하는 '{최소 주거 보장법'과} 장애인에 대한 국가의 책임을 강화하는 '장애인 국가 책임제법' 등이 주요 안건으로 선정되었다.",60
2023,층간소음사후인증제,(層間騷音事後認證制),,전문어,『환경』,〔정치와 행정〕,"아파트의 입주 직전에 소음을 직접 측정하여 층간 소음 기준을 통과하였음을 인증해 주는 제도. 층간 소음 기준을 통과하지 못하면 입주가 지연될 수 있으며, 건설사들은 추가 시공을 통하여 층간 소음 기준을 충족시켜야 한다.","¶정부는 지난해부터 {층간 소음 사후 인증제를} 도입하여 규제를 강화하고 있지만, 층간 소음과 관련된 이웃 간 갈등과 민원은 여전히 증가하고 있다.",24
2023,카타팔케,(<영>catafalque),차용,전문어,『종교 일반』,〔종교〕,기독교의 장례식 혹은 추도식에서 죽은 사람의 관이나 시체를 지지하기 위해 사용되는 지지대.,"¶여왕의 관은 ‘{카타팔케’로} 불리는 거대한 단(壇) 위에 두어, 지나가는 참배객들이 관 앞에서 여왕을 추모하는 시간을 가질 수 있도록 하였다.",14
2023,커필레이션,(<영>▼←coffee inflation),혼성,전문어,『경제』,〔경제생활〕,"원두의 가격이 내려가는데도, 커피의 가격이 내려가지 않고 오히려 인상되는 현상.",¶수입 원두 가격의 하락에도 불구하고 커피 가격이 변하지 않자 {커필레이션에} 대한 우려가 나오기 시작했다.,2
2023,컴프테크,(<영>comptech),차용,전문어,『경제』,〔경제생활〕,"정보 기술이 점점 발달됨에 따라 정부의 규제가 점점 복잡해지자, 빅 데이터, 인공 지능, 클라우드 따위의 첨단 정보 기술을 활용하여 은행이나 기업이 이를 효율적으로 준수할 수 있도록 도와주는 금융 서비스.","¶기술이 발달해감에 따라, 블록체인 네트워크의 다양한 기술을 통해 규제를 더욱 효율적으로 준수할 수 있도록 하는 {컴프테크를} 제도적으로 반영하고 활용할 필요성도 커져가고 있다.",6
2023,케이칩스법,(<영>▼K-chips法),합성,전문어,『법률』,〔정치와 행정〕,"국내 반도체 산업의 육성을 위해 기술 보유자에 대한 지원, 특화 단지 지정 및 전문 인력 양성 등에 필요한 사항을 규정한 법안. 2022년 8월에 국회에서 발의되었으나 2022년 12월에 폐기되었다.","¶국제 정세의 변화에 따라 반도체 업계가 불안감에 빠지자, 정부도 이른바 ‘{케이칩스법’으로} 국내 반도체 산업의 육성을 위한 대책을 세우는 등 여러 가지 방안을 모색하기 시작했다.",20
2023,케이크플레이션,(<영>▼←cake inflation),혼성,전문어,『경제』,〔경제생활〕,케이크의 가격이 급등하는 현상. 원재료 가격 상승과 인건비 인상으로 인해 발생한 인플레이션이다.,¶경기 침체와 '{케이크플레이션'이} 맞물리자 소비자들은 마트에서 파는 가격이 저렴한 케이크로 눈길을 돌리고 있다.,45
2023,코티지코어룩,(<영>cottagecore look),,전문어,『복식』,〔의생활〕,꽃무니와 뜨개질 제품 등을 활용하여 소박하고 복고적인 감성을 추구하는 옷차림.,"¶최근 코티지코어가 인기를 끌자, {코티지코어 룩의} 대표적인 아이템인 코바늘 뜨기로 만든 레이스가 패션 트렌드로 급부상하였다.",50
2023,콰이어트퀴팅,(<영>quiet quitting),,전문어,『사회 일반』,〔사회생활〕,"직장인들이 자신에게 정해진 시간 동안 책임 범위 내에서만 자신의 업무를 수행하는 것을 이르는 말. 실제로 퇴사를 하지는 않지만 소극적으로 자신의 업무를 처리하며 회사에 기여하고자 하지 않는다는 점에서 '조용한 퇴사'라도고 하며, 장기간 유행한 코로나19로 인해 직장인의 피로감과 좌절감이 커진 것이 주요 원인으로 꼽힌다.","¶최근 조사에 따르면, 직장인 2명 중 1명은 최소한의 자기 업무만 처리하며 회사에 기여하려는 의지가 없는 {콰이어트 퀴팅} 상태라고 한다.",27
2023,콰이어트퀴팅족,(<영>quiet quitting族),접미 파생,전문어,『사회 일반』,〔인간〕,직장인들이 자신에게 정해진 시간 동안 책임 범위 내에서만 자신의 업무를 수행하려는 사람. 또는 그런 무리.,¶지난 2022년 미국인을 대상으로 한 조사의 결과에 따르면 미국인의 50% 정도가 {콰이어트 퀴팅족에} 해당하였다.,2
2023,퀴어슬람,(<영>▼queer←Islam),혼성,전문어,『사회 일반』,〔인간〕,성 소수자와 이슬람 교도를 아울러 이르는 말. 성 소수자를 이르는 ‘퀴어’와 ‘이슬람’을 결합하여 만든 말이다. 차별 및 비하하는 의미가 포함되어 있으므로 사용에 주의가 필요하다.,¶최근 '{퀴어슬람'이라는} 말을 사용하며 성소수자와 무슬림에 대한 혐오를 표현하는 사람이 늘고 있다.,6
2023,퀸루블,(<영>▼queen<러>ruble),,전문어,『경제』,〔경제생활〕,러ㆍ우 전쟁에도 불구하고 러시아의 화폐 단위인 루블화의 가치가 소폭 상승하는 현상을 이르는 말. 달러화 가치의 강세를 의미하는 ‘킹 달러’에 빗대어 이르는 말이다.,¶러시아의 화폐는 현재 ‘{퀸 루블’로} 불릴 정도로 올해 초에 비해 달러와 비교해서 20% 이상의 가치 상승세를 보이고 있다.,3
2023,클릭코노미,(<영>▼←click economy),혼성,전문어,『경제』,〔경제생활〕,간편한 온라인 쇼핑과 신속한 배송을 중심으로 이루어지는 여러 가지 경제 활동을 이르는 말. ‘클릭(click)’과 ‘이코노미(economy)’를 결합하여 만든 말이다.,"¶전문가들은 신속한 배송을 기반으로 하는 '{클릭코노미'가} 확산함에 따라, 이를 선점하는 사업자가 시장을 장악할 것으로 진단했다.",9
2023,키드코어,(<영>kidcore),차용,전문어,『복식』,〔의생활〕,다채로운 컬러감과 캐릭터 등을 활용하여 유년 시절의 취향과 감성을 멋스럽게 표현하는 패션 스타일.,¶동심을 떠올리게 하는 '{키드코어'는} 남녀를 막론하고 요즘 패션계에서 큰 화두다.,20
2023,키드코어룩,(<영>kidcore look),,전문어,『복식』,〔의생활〕,다채로운 컬러감과 캐릭터 등을 활용하여 유년 시절의 취향과 감성을 멋스럽게 표현한 옷차림.,¶최근 여러 패션 업체에서는 어릴 적 즐겨 입었을 법한 옷차림인 {키드코어 룩을} 선보이고 있다.,13
2023,타다진흥법,(타다振興法),,전문어,『법률』,〔정치와 행정〕,"개정된 ‘여객 자동차 운수 사업법’을 이르는 말. ‘여객 자동차 운수 사업법’의 개정안이 사업자에 대한 강력한 규제를 담은 것을 두고, 모빌리티 서비스인 ‘타다’를 금지하는 ‘타다금지법’과 마찬가지라고 주장하자, 이에 반박하기 위해 정부에서 사용한 말이다.","¶정부는 개정된 여객 자동차 운수 사업법으로 인해 '타다'와 같은 서비스 증가가 예상되므로, '타다금지법'이 아니라 오히려 {타다 진흥법이라}고 주장했다.",3
2023,탐욕인플레이션,(貪慾<영>inflation),,전문어,『경제』,〔경제생활〕,기업의 이윤 증대를 위한 지나친 욕심이 주된 원인이 되어 나타나는 인플레이션. =탐욕플레이션.,"¶일각에서는 ""대기업들이 러시아와 우크라이나 간의 전쟁을 핑계 삼아 제품 가격을 과도하게 올려 인플레이션을 가중시키고 있다”며 {탐욕 인플레이션이라고} 비판하고 있다.",73
2023,탐욕플레이션,(貪慾<영>←inflation),혼성,전문어,『경제』,〔경제생활〕,기업의 이윤 증대를 위한 지나친 욕심이 주된 원인이 되어 나타나는 인플레이션. =탐욕 인플레이션.,¶주요 기업들이 이윤을 늘리기 위해 전쟁과 팬데믹 등을 핑계로 '{탐욕플레이션'을} 지지하고 있는 실정이다.,3
2023,통합무기작전,(統合武器作戰),,전문어,『군사』,〔정치와 행정〕,탱크ㆍ대포ㆍ전투기ㆍ보병 간에 항시적인 소통 시스템을 가동하여 수행하는 작전.,¶우크라이나는 반격을 위해 {통합 무기 작전을} 수행할 수 있는 3만 명 가량의 병사들을 투입하였다.,3
2023,퇴톡금지법,(退←Kakao Talk禁止法),,전문어,『법률』,〔정치와 행정〕,"직장인이 퇴근 후에 카카오톡 등을 통한 업무 연락을 받지 않을 수 있도록 연락을 금지하는 법안. SNS가 보편화됨에 따라 퇴근 이후에도 업무 지시를 받는 사례가 증가하자 논의된 법안으로, 2016년 6월 발의되었으나 2020년 5월 폐기되었다.",¶퇴근 후 카톡 등으로 업무 지시를 내리는 사례가 증가하자 ‘{퇴톡 금지법’에} 대한 논의가 다시 등장하기 시작했다.,2
2023,트러소노믹스,(<영>Trussonomics),차용,전문어,『경제』,〔경제생활〕,영국의 78대 총리 트러스가 시행한 경제 정책. 경제의 활성화를 위하여 대규모 감세와 규제 완화를 실시했다.,¶‘{트러스노믹스’가} 결국 영국 정부의 대규모 차입과 인플레이션으로 이어져 영국 경제를 더 어렵게 만들 수도 있다는 우려가 제기되고 있다.,47
2023,티모시증후군,(Timothy症候群),,전문어,『의학』,〔보건ㆍ의학〕,뇌의 신경 세포 칼슘 채널에 결함이 발생하여 뇌전증ㆍ심장 손상ㆍ자폐증이 나타나는 증후군.,¶인간의 뇌는 연구를 위해 쉽게 접근할 수 있는 기관이 아니기 때문에 {티모시 증후군을} 치료하기 위한 방법을 찾는 데 한계가 있었다.,17
2023,팁플레이션,(<영>tipflation),차용,전문어,『경제』,〔경제생활〕,팁으로 제공해야 하는 비용이 상승하는 현상.,¶최근 미국의 소비자들의 대다수는 치솟는 인플레이션과 {팁플레이션에} 지칠 대로 지쳐 있는 상태이다.,156
2023,펀커머스,(<영>▼fun commerce),,전문어,『경제』,〔경제생활〕,제품의 정보나 특징을 전달하기보다는 재미에 초점을 맞추며 재치 있는 상황을 연출하여 제품을 홍보하는 방식을 이르는 말.,¶OO의 공식 온라인 몰에서는 유명 코미디언과 손을 잡고 {펀 커머스를} 활용한 마케팅을 시작하였다.,36
2023,평균실종,(平均失踪),,전문어,『사회 일반』,〔사회생활〕,다수의 평균적인 방식보다 개개인의 취향이나 방식을 중요하게 생각하는 사회적 풍조를 이르는 말.,"¶이전에는 단체 가이드 관광을 선호했다면, 요즘은 개인 체험 중심의 자유 관광이 트렌드라는 점에서 관광업계에서도 '{평균 실종'이} 이뤄지고 있다.",310
2023,평생학습휴직제,(平生學習休息制),,전문어,『교육』,〔사회생활〕,직장인이 학업을 위해 일정 기간 휴직을 할 수 있도록 하는 제도. 교육부의 제5차 평생교육진흥 기본계획에서 발표되었다.,¶정부에서는 전국민의 학습 기회 향상을 위해 30살부터 59살의 연령대를 대상으로 {평생 학습 휴직제를} 도입하는 방안을 검토하기로 결정했다.,20
2023,폐교장려금,(閉校奬勵金),,전문어,『교육』,〔정치와 행정〕,대학의 구조 개혁을 위하여 한계 상황에 놓인 대학이 폐교할 때 폐교된 학교 재산의 일부를 설립자가 가질 수 있도록 정부가 지원하는 장려금.,¶정부는 학교 법인 내의 일부 대학을 폐교하는 경우에도 폐교된 학교 재산의 일부에 대해 {폐교 장려금으로} 지원하는 방안을 검토 중이다.,4
2023,포토프레스세대,(<영>▼photo press世代),,전문어,『사회 일반』,〔사회생활〕,핸드폰 외에도 필름 카메라나 사진작가가 찍어 준 사진 등과 같이 다양한 방법으로 무엇이든 사진으로 남기는 것을 즐기는 세대.,"¶사진으로 개성을 표현하는 {포토 프레스 세대를} 겨냥하여 총 4개의 층을 콘셉트에 맞게 다양한 공간으로 구성하고, 다채로운 체험 공간을 마련하였다.",77
2023,풍선갈등,(風船葛藤),,전문어,『정치』,〔정치와 행정〕,"중국의 정찰 풍선이 미국의 영공을 침범하면서 중국과 미국 사이에서 발생한 갈등. 정찰 풍선은 7일 동안 미국을 남동 방향으로 횡단하였으며 고도의 통신 장비가 있었지만, 중국은 기상 관측을 위한 비행선이라고 해명하였다.",¶미국과 중국의 고위급 인사들이 만남을 추진하면서 양측이 {풍선 갈등을} 진정시키고자 한다는 의견에 힘이 실리고 있다.,200
2023,한국멸시론자,(韓國蔑視論者),,전문어,『사회 일반』,〔정치와 행정〕,"한국의 정치나 경제, 사회 세태 따위를 부정적으로 평가하고 멸시하는 이론을 지지하거나 연구하는 사람.",¶연설 중 {한국 멸시론자의} 말을 인용한 대통령에 대한 정치권과 역사학계의 비판이 거세게 이어졌다.,57
2023,합법파업보장법,(合法罷業保障法),,전문어,『법률』,〔정치와 행정〕,"‘노동조합 및 노동 관계 조정법 2ㆍ3조 개정에 관한 법률안’을 달리 이르는 말. 개정안은 사용자의 범위를 확대하고 노동조합에 대한 손해 배상 청구를 제한하는 것을 골자로 하는데, 이것이 합법적인 파업을 보장할 수 있다는 지지 속에서 나온 말이다.",¶여당은 이른바 ‘노란 봉투법’을 ‘{합법 파업 보장법’으로} 수정하여 개정안에 대한 잘못된 인식을 바로잡고자 하였다.,310
2023,합성가뭄지수,(合成가뭄指數),,전문어,『지구』,〔자연〕,"연평균 강우량, 연평균 유출량, 정규 식생 지수 등 다양한 변수를 활용하여 가뭄으로 인한 결과를 나타낸 지수.","¶한 연구 센터가 유럽 지역의 {합성 가뭄 지수를} 분석한 결과, 많은 국가가 토양 수분 함량이 적어 ‘경계’ 수준인 것으로 나타났다.",2
2023,해양레저호텔,(海洋<영>leisure hotel),,전문어,『서비스업』,〔경제생활〕,사람들이 바다나 섬 따위에서 여가를 즐길 수 있게 공간을 마련하고 관련 상품을 제공하는 호텔.,¶최근 경상남도에서는 관광 활성화를 위해 {해양 레저 호텔과} 해양 박물관 등의 해양 레저 시설이 밀집한 대규모 관광지 조성 사업 계획을 발표하였다.,3
2023,히트플레이션,(<영>▼heat←inflation),혼성,전문어,『경제』,〔경제생활〕,폭염이 작황에 영향을 주어 국제 곡물 가격이 상승하는 현상.,"¶기록적인 폭염으로 인한 {히트플레이션의} 우려도 나오는데, 이는 가뭄으로 농산물의 작황이 악화하면서 이미 전쟁으로 폭등한 식량 가격이 더 뛸 수 있다는 의미로 해석된다.",310
2024,가속주의자,(加速主義者),접미 파생,전문어,『사회 일반』,〔인간〕,기존 체제에 대한 변화나 가속화를 추구하거나 주장하는 사람.,"¶{가속주의자들은} 자본주의가 축적해 온 과학 지식을 능동적으로 활용하며, 어떤 요소를 수용하고 어떤 것은 배제할지를 스스로 판단해 또 다른 형태의 가속 방향을 모색해야 한다고 본다.",13
2024,갈고리즘,(갈고리<영>ism),접미 파생,전문어,『정보ㆍ통신』,〔정보·기술〕,추천 알고리즘이 갈고리처럼 이용자를 끌어당겨 원하는 콘텐츠를 계속 소비하게 만드는 현상을 비유적으로 이르는 말. 물건을 끌어당기는 데 쓰이는 ‘갈고리’와 문제를 해결하는 단계적 방법인 ‘알고리즘(algorism)’을 결합하여 만든 말이다.,¶정책위 의장은 SNS를 통해 알고리즘이 악의적인 도구로 변질되어 극단적 팬덤을 유입시키는 {갈고리즘이} 되고 있다고 비판했다.,39
2024,감속주의자,(減速主義者),접미 파생,전문어,『사회 일반』,〔인간〕,기술이 급진적으로 발전하는 것을 경계하고 개발 속도를 조절해야 한다고 주장하는 사람.,¶가속주의자와 반대편에 선 {감속주의자들은} 인공 지능의 부작용을 우려하며 개발의 속도를 조절해야 한다고 주장한다.,4
2024,갓무직,(<영>god務職),혼성,전문어,『사회 일반』,〔사회생활〕,"신을 의미하는 ‘갓(god)’과 ‘사무직(事務職)’을 결합하여 만든 말로, 안정적이고 근무 조건이 좋은 사무직을 비유적으로 이르는 말.","¶OO자동차의 사무직은 취업 준비생들에게 {갓무직이라} 불리는데, 이는 임금, 복지 등이 최고 수준이기 때문이다.",20
2024,개식용종식특별법,(개食用終熄特別法),,전문어,『법률』,〔정치와 행정〕,"식용할 목적으로 개를 사육, 유통, 도살하는 것을 금지하기 위해 2024년 2월 6일 제정된 법률. 정식 명칭은 ‘개의 식용 목적의 사육ㆍ도살 및 유통 등 종식에 관한 특별법’이다.","¶{개 식용 종식 특별법이} 시행되면 개를 식용 목적으로 사육하거나 도살, 유통, 판매하는 행위 등은 모두 금지된다.",1230
2024,검수저,(檢수저),혼성,전문어,『사회 일반』,〔정치와 행정〕,검찰 출신이라는 배경을 특권적 자산으로 가진 사람을 비유적으로 이르는 말.,"¶검찰 출신 이른바 {검수저} 인사들은 당선이 유력한 지역에 배치하면서, 장차관 출신 인사들은 험지로 내모는 것이냐는 비판이 나온다.",10
2024,계약형지역필수의사제도,(契約型地域必須醫師制度),,전문어,『보건 일반』,〔정치와 행정〕,의과 대학 입학생 중 일정 비율을 지역 인재 전형으로 선발하는 대신 졸업 이후 일정 기간 해당 지역에서 근무하도록 하는 제도.,¶보건 복지부는 지역의 필수 의료 부족 문제를 해결하기 위해 {계약형 지역 필수 의사 제도를} 도입해 국립 대학 병원이 지역 필수 의료의 중심 역할을 수행할 수 있도록 하겠다고 발표했다.,46
2024,교권미투,(敎權<영>me-too),,전문어,『사회 일반』,〔사회생활〕,교사의 정당한 교육 활동이 방해받은 교권 침해 사례들을 교사들이 집단적으로 폭로하는 일. 교사의 권위나 권력을 뜻하는 ‘교권(敎權)’과 ‘나도 당했다’는 의미의 ‘미투(me too)’를 결합하여 만든 말이다.,¶교사들이 학부모들의 악성 민원과 폭력으로부터 스스로를 보호하기 위해 {교권 미투} 운동에 돌입했다.,9
2024,교권보험,(敎權保險),,전문어,『경제』,〔경제생활〕,"교사가 교권 침해로부터 발생할 수 있는 법적ㆍ재정적 손실을 대비하기 위해 가입하는 보험. 교육 활동 침해가 공식적으로 인정될 경우 보험금을 지급하며, 법률 비용, 벌금, 휴직 수당 등이 보장된다. 최근 교권 침해 사례 증가와 공적 보호 체계의 부족으로 인해 가입이 급증하고 있다.",¶이런 현실 속에서 교사들은 스스로를 지키기 위해 {교권 보험과} 같은 개인 보험에 가입하며 각자도생의 길을 택하고 있다.,11
2024,교자성,(交磁性),합성,전문어,『물리』,〔개념〕,"외부 자기장이 가해지면 강한 자화를 띠고, 자기장이 제거되면 자화가 사라지는 성질. 스스로 자기적 성질을 가지는 ‘강자성’과 자성이 없는 ‘반강자성’의 성질을 동시에 보이는 새로운 자성 상태를 나타낸다.","¶{교자성이} 실재한다면, 강자성과 반강자성에 기반한 기존 자성 이론을 재정립해야 하기에, 이는 물리학계에서 큰 관심을 보이고 있다.",15
2024,교자성체,(交磁性體),접미 파생,전문어,『물리』,〔자연〕,"교자성의 성질을 가지는 물체. 강자성체와 반강자성체의 중간 성질을 가지며, 강자성체처럼 스핀으로 정보를 저장할 수 있으면서 외부 자기장에는 영향을 덜 받아 초고속 스위칭이 가능한 물질이다.","¶전문가들은 강자성과 반강자성의 장점만을 지닌 {교자성체를} 활용할 경우, 기존 메모리보다 처리 속도가 수십 배 향상될 것으로 전망하고 있다.",2
2024,구독플레이션,(購讀<영>←inflation),혼성,전문어,『경제』,〔경제생활〕,"디지털 기반 구독형 서비스의 요금이 잇달아 인상되며 소비자가 체감하는 물가 부담이 증가하는 현상. ‘구독(購讀)’과 ‘인플레이션(inflation)’을 결합하여 만든 말로, 넷플릭스·디즈니플러스 등의 오티티(OTT), 유튜브 프리미엄과 같은 스트리밍 서비스, 쿠팡·마켓컬리 등 배달 플랫폼 등의 다양한 구독형 디지털 상품의 비용이 누적되면서 발생하는 소비자의 지출 증가 현상을 나타내는 말이다.","¶작년 말부터 주요 플랫폼의 구독료가 잇따라 인상되면서, 이른바 {구독플레이션} 현상이 가속화되고 있다.",120
2024,국고만능론,(國庫萬能論),,전문어,『경제』,〔경제생활〕,"연금이나 복지 재정이 부족할 경우, 구체적인 제도 개혁이나 재원 확충 방안 없이 단순히 국고로 모든 부족분을 충당할 수 있다고 보는 관점이나 주장.",¶재정이 부족할 때 국가가 모든 부족분을 채울 수 있다는 {국고 만능론에} 기대는 것은 바람직하지 않다.,2
2024,권역의사인력뱅크,(圈域醫師人力<영>bank),,전문어,『행정』,〔정치와 행정〕,"특정 권력 내에서 의사 인력을 공동으로 확보 및 관리하여 효율적으로 인력을 배치할 수 있도록 마련된 제도. 의료 공백이나 지역 간 의료 격차 해소를 위해 지역 의료 기관, 공공 기관, 정부 등이 연계하여 운영한다.",¶정부는 퇴직 의사 등으로 구성된 {권역 의사 인력 뱅크를} 만들어 필수 진료과 의사 수급을 용이하게 할 계획이다.,25
2024,규제책임관,(規制責任官),,전문어,『행정』,〔정치와 행정〕,지역 기업이나 주민이 겪는 규제 개선 과제를 선정하고 해결을 책임지는 중앙 행정 기관과 지방 자치 단체의 국ㆍ과장급 공무원.,¶{규제 책임관은} 지역 기업과 국민이 겪는 규제 문제를 해결하기 위해 핵심 개선 과제를 맡아 추진한다.,53
2024,규제책임관제,(規制責任官制,,전문어,『행정』,〔정치와 행정〕,"중앙 행정 기관과 지방 자치 단체의 국ㆍ과장급 공무원을 규제 책임관으로 지정하여, 지역 기업과 주민이 겪는 규제의 개선 과제를 책임 있게 추진하도록 한 제도.",¶중앙 및 지방에 책임관을 지정하여 규제에 대한 해소를 높이는 {규제 책임관제가} 도입된다.,15
2024,그랜파코어,(<영>grandpacore),차용,전문어,『복식』,〔의생활〕,할아버지가 입을 법한 클래식하고 편안한 옷차림을 활용하여 세련된 멋을 표현한 패션 스타일.,¶{그랜파코어는} 멋스러운 할아버지 스타일을 동경하는 엠제트 세대 사이에서 떠오른 새로운 패션 트렌트이다.,70
2024,그랜파코어룩,(<영>grandpacore look),,전문어,『복식』,〔의생활〕,할아버지가 입을 법한 클래식하고 편안한 옷차림을 활용하여 세련된 멋을 표현한 옷차림.,¶할아버지가 입고 다니는 듯한 옷에서 영감을 받은 {그랜파코어 룩} 스타일 상품의 판매가 늘고 있다.,45
2024,그린래시,(<영>greenlash),차용,전문어,『환경』,〔사회생활〕,"친환경을 상징하는 색 ‘그린(green)’과 반발을 의미하는 ‘백래시(backlash)’가 결합한 말로, 기후 위기 대응이나 친환경 정책에 반대하여 일어나는 사회적 운동. 또는 그런 현상.","¶주요 선진국에서 점점 확대되고 있는 {그린래시는} 탄소 중립 정책이 에너지의 가격을 상승시키고, 일자리 감소와 같은 부작용을 일으킨다고 주장한다.",83
2024,극험지,(極險地),접두 파생,전문어,『정치』,〔정치와 행정〕,의원으로 선출되기 극히 어려운 선거구를 비유적으로 이르는 말.,¶O 후보는 “정부의 안정적인 국가 운영 및 발전을 위해 {극험지에} 출마하기로 결심했다.”라고 밝혔다.,40
2024,나체추심,(裸體推尋),,전문어,『경제』,〔경제생활〕,"금융 거래나 상거래 과정에서 생긴 빚을 제대로 갚지 못하는 경우, 채무자의 얼굴 사진과 나체 사진을 합성하여 유포하겠다고 성적 수치심을 이용해 협박하는 방식으로 돈을 추심하는 일. 불법 추심 행위의 하나이다.",¶범죄자들은 피해자의 얼굴을 나체 사진과 합성한 뒤 이를 유포하겠다고 협박하는 방식의 {나체 추심도} 서슴치 않았다.,116
2024,낙수과,(落水科),접미 파생,전문어,『의학』,〔보건·의학〕,"산부인과, 흉부외과, 응급 의학과 등의 필수 의료과를 낮잡아 이르는 말. 성적이나 능력 부족으로 상위 인기과의 지원 경쟁에 밀려 ‘낙수되었다’는 의미에서 비롯된 표현으로, 조롱과 자조의 의미를 담고 있다.",¶O 회장은 단순히 의과 대학 정원을 늘려 낙수 효과를 기대한다면 필수 의료 종사자에게 {낙수과} 의사라는 자괴감을 줄 것이라는 우려를 표명했다.,110
2024,뉴머니룩,(<영>new money look),,전문어,『복식』,〔의생활〕,"전통적인 상류층의 절제된 패션과는 달리, 최근에 부를 얻은 계층을 연상시키는 화려하고 과시적인 옷차림.",¶패션업계에서는 명품 브랜드 로고와 화려한 패턴 등을 강조한 {뉴 머니 룩이} 신흥 부유층의 이미지를 상징한다고 설명한다,63
2024,다산난사,(多産難死),합성,전문어,『경제』,〔경제생활〕,"기업의 신규 상장은 활발하지만 상장 폐지가 드물어, 시장 성장이 정체된 구조를 비유적으로 이르는 말. 주로 한국 증시의 구조적 문제를 비판하는 의미로 사용한다.",¶한국 주식 시장은 상장은 활발하지만 폐지는 어려운 {다산난사(多産難死)} 구조라는 지적이 나온다.,2
2024,다차원피로도척도,(多次元疲勞度尺度),,전문어,『의학』,〔보건·의학〕,"피로를 단일 차원에서 측정하지 않고, 신체적, 정신적, 정서적 측면 등 여러 영역으로 나누어 평가하여 종합적으로 분석하기 위해 고안된 측정 도구.","¶시험 참가자들을 대상으로 한 분석에서 {다차원 피로도 척도를} 활용한 수치가 유의미하게 개선되어, 피로를 줄이는 효과가 입증되었다고 전했다.",54
2024,대디핏,(<영>daddy fit),,전문어,『복식』,〔의생활〕,아버지의 옷을 입은 것처럼 크게 입는 옷. 또는 그런 옷차림.,"¶해당 코트는 전체적으로 오버사이즈 실루엣을 강조한 {대디 핏으로,} 마치 아버지의 옷을 빌려 입은 듯한 여유로운 느낌을 준다.",5
2024,동탄룩,(東灘<영>look),,전문어,『복식』,〔의생활〕,동탄 신도시에 거주하는 젊고 세련된 기혼 여성이 입을 법한 타이트한 원피스 패션을 가리키는 말. =동탄 미시 룩.,"¶최근 유행어로 자리 잡은 {동탄 룩은} 몸에 밀착되는 원피스 스타일을 가리키며, 초기에는 ‘신도시 미시룩’으로 불렸다.",7
2024,동탄미시룩,(東灘<영>missy look),,전문어,『복식』,〔의생활〕,동탄 신도시에 거주하는 젊고 세련된 기혼 여성이 입을 법한 타이트한 원피스 패션을 가리키는 말. =동탄 룩.,"¶타이트한 원피스 형태의 {동탄 미시 룩은} 우아하면서도 과감한 매력을 드러내며, 쇼핑몰에서 인기를 끌고 있다.",3
2024,디토사회,(<영>ditto社會),,전문어,『사회 일반』,〔사회생활〕,"고민하는 시간을 절약하기 위해, 유명인이나 유튜브 등을 따라서 의사 결정을 하는 사회.",¶내 생각이나 판단에 따라 결정을 하기보다 인플루언서들을 따라서 행동을 하는 {디토 사회로} 변하고 있다.,1
2024,디토소비,(<영>ditto消費),,전문어,『경제』,〔경제생활〕,"고민하는 시간을 절약하기 위해, 유명인이나 유튜브 등을 따라서 하는 소비. 자신과 라이프 스타일, 취향, 철학 등이 비슷하다고 판단한 경우 그 사람의 선택을 따라가는 경우가 많다.",¶유명인을 따라 상품을 구매하는 {디토 소비} 현상 속에서 스타들의 행동 하나하나가 시장에 큰 영향을 미치고 있다.,590
2024,딩콰드,(<영>DINKWAD),차용,전문어,『사회 일반』,〔인간〕,일부러 자식을 낳지 않고 맞벌이를 하며 반려견과 함께 풍족하게 지내는 부부. 또는 그런 무리.,¶요즘은 자녀 없이 부부가 맞벌이를 하면서 반려견만 키우는 {딩콰드들이} 늘고 있다.,3
2024,리파운더,(<영>refounder),차용,전문어,『경영』,〔경제생활〕,"초기 창업자의 업적을 넘어서는 변화를 이끌거나, 침체된 기업 경제를 재창업 수준의 혁신을 통해 다시 일으켜 세운 경영자를 이르는 말.",¶기존 창업자의 행보를 뛰어넘어 기업의 성장을 증폭시킬 {리파운더가} 기업의 중심축이다.,8
2024,바이브세션,(<영>vibecession),차용,전문어,『경제』,〔경제생활〕,"실제 경기 지표와 상관없이, 사회 전반에 불황 심리가 퍼져 체감 경기가 침체된 상태를 이르는 말. 분위기를 뜻하는 ‘바이브(vibe)’와 불황을 뜻하는 ‘리세션(recession)’이 결합한 말이다.",¶경제 지표와 국민 체감 경기 사이의 괴리가 커지면서 {바이브세션이} 벌어지고 있다는 우려의 목소리가 나오고 있다.,14
2024,배터리환경성계수,(<영>battery環境性係數),,전문어,『환경』,〔개념〕,"전기 자동차 배터리의 재활용 가능성, 유해성 저감, 자원 순환성 등을 종합적으로 평가하여 수치로 나타낸 값. 전기차 보조금 지원 기준으로 활용된다.","¶올해부터 {배터리 환경성 계수가} 적용되어, 전기차 폐배터리의 재활용 가치가 보조금 산정에 반영된다.",200
2024,버라이어티가격전략,(<영>variety價格戰略>,,전문어,『경제』,〔경제생활〕,"동일한 상품이나 서비스를 구매 시간, 장소 따위의 조건에 따라 다양한 가격으로 소비자에게 제공하는 판매 전략. 영화 조조할인, 수험생 할인, 온라인몰의 할인 이벤트 등이 여기에 포함된다.",¶O 소장은 가격 전략 역시 최저가 아니라 최적가가 있는 {버라이어티 가격 전략의} 시대가 도래했다고 설명했다.,192
2024,범용일반인공지능,(汎用一般人工知能),,전문어,『정보ㆍ통신』,〔정보·기술〕,인간처럼 다양한 영역의 과제에 두루 적용할 수 있는 학습ㆍ추론ㆍ적응 능력을 갖춘 인공 지능.,¶인간을 능가하는 수준으로 진화한 {범용 일반 인공 지능의} 출현은 다양한 잠재적 위험을 불러일으키고 있다.,1
2024,보더리스족,(<영>borderless族),접미 파생,전문어,『사회 일반』,〔인간〕,"국경이나 문화적 경계 의식을 크게 느끼지 않고, 해외 콘텐츠ㆍ관광 등을 자유롭게 소비하며 생활하는 사람. 또는 그런 무리.","¶이들은 국경 의식이 옅은 {보더리스족으로}, 온라인으로 접한 한국 콘텐츠를 실제 현지에서 체험하려는 욕구가 크다.",2
2024,분초사회,(分秒社會),,전문어,『사회 일반』,〔사회생활〕,"시간이 중요한 자원으로 인식되어, 분초 단위까지 효율성과 가성비를 따지는 특성이 두드러진 사회. 현대인의 생활 양식과 가치관을 설명하는 개념 가운데 하나이다.","¶다가오는 2024년은 {분초 사회로}, 시간의 가치가 더욱 강조되며 분과 초 단위까지 계산하는 생활 양식이 확산될 것으로 보인다.¶",732
2024,블랙키워드,(<영>black key word),,전문어,『정보ㆍ통신』,〔정보·기술〕,"검색 엔진에서 검색어 노출이 제한되는 키워드를 이르는 말. 주로 네이버 등과 같은 검색 플랫폼에서 정책적으로 차단하거나 제한하는 키워드를 의미하며, 해당 키워드를 사용할 경우 블로그의 품질 저하를 유발할 수 있다.",¶{블랙 키워드} 광고 중 가장 문제가 되는 것은 제도권 금융 회사나 유명인을 사칭해서 만든 광고이다.,1
2024,블로케트,(<영>bloquette),차용,전문어,『복식』,〔의생활〕,남성용과 여성용 패션 아이템을 함께 매치하여 새로운 조화를 이루게 한 모양새. 또는 그런 옷차림. 발레와 축구 등 상반된 영역의 아이템을 결합하는 데서 시작하였다.,"¶{블로케트는} 처음 블록코어와 발레코어의 혼합에서 시작되어, 현재 남성적 이미지와 여성적 이미지의 조화를 통해 자연스럽게 어우러지고 있다.",4
2024,비둘기룩,(비둘기<영>look),,전문어,『복식』,〔의생활〕,비둘기의 깃털을 연상시키는 회색 계열의 옷차림.,¶회색 상의와 회색 하의를 매치하는 일명 {비둘기 룩이} 최근 트렌드로 나타났다.,1
2024,비디오언어모델,(<영>video言語<영>model),,전문어,『정보ㆍ통신』,〔정보·기술〕,"영상을 자연어로 해석하거나 생성할 수 있도록 설계된 인공 지능 모델. 영상 데이터를 입력받아 텍스트로 기술하거나, 언어적 질문을 통해 영상 정보를 처리 및 이해하는 데 활용된다.",¶{비디오 언어 모델은} 영상을 텍스트로 전환해 사람과 인공 지능 간의 이해를 돕는 핵심 기술로 주목받고 있다.,5
2024,비전언어모델,(<영>vision言語<영>model),,전문어,『정보ㆍ통신』,〔정보·기술〕,이미지나 영상 등 시각 정보를 언어와 결합하여 해석ㆍ생성할 수 있도록 설계된 인공 지능 모델. 시각 데이터를 이해하고 이를 텍스트와 연계해 처리하는 데 활용된다.,¶{비전 언어 모델은} 시각 정보를 언어로 해석해 이미지와 텍스트를 연결하고 멀티모달을 가능하게 한다.,37
2024,비전파운데이션모델,(<영>vision foundation model),,전문어,『정보ㆍ통신』,〔정보·기술〕,대규모 시각 데이터를 학습하여 범용적인 시각 이해 능력을 갖춘 인공 지능 모델. 다양한 이미지 분석이나 멀티모달 작업의 기반이 되는 모델을 이른다.,¶{비전 파운데이션 모델은} 범용적인 시각 이해 능력을 토대로 여러 응용 분야에서 맞춤형 모델 개발을 가능하게 한다.,19
2024,비지상통신망,(非地上通信網),,전문어,『정보ㆍ통신』,〔정보·기술〕,"위성, 드론, 고고도 플랫폼(HAPS) 등 지상 기지국이 아닌 수단을 활용하여 통신 서비스를 제공하는 시스템.",¶{비지상 통신망은} 위성과 드론 등을 활용해 지상 인프라가 부족한 지역에서도 안정적인 연결을 제공한다.,24
2024,비침습연속혈당진단기,(非侵襲連續血糖診斷機),,전문어,『의학』,〔보건·의학〕,피부를 관통하거나 채혈하지 않고 물리적 신호를 이용해 실시간으로 혈당 변화를 관찰하여 환자의 질환 상태를 판단하는 데 사용하는 기계. 주로 당뇨 등의 대사성 질환을 상시 진단 및 모니터링하기 위해 활용된다.,¶연구소는 당뇨 및 혈압 예측 정확도를 최대한 높이기 위하여 {비침습 연속 혈당 진단기를} 개발할 계획이다.,5
2024,빅헬퍼,(<영>big helper),,전문어,『사회 일반』,〔사회생활〕,개인의 정보를 활용하여 공익적 지원과 편의를 제공하는 존재. 또는 그러한 사회 체제.,"¶정부는 국민의 데이터를 감시가 아닌 지원에 활용하며, 빅 브라더가 아닌 진정한 {빅 헬퍼로} 자리매김하겠다는 입장을 밝혔다.",1
2024,빗살모공,(빗살毛孔),,전문어,『의학』,〔보건·의학〕,피부 탄력 저하로 확장된 모공이 세로로 처져 여러 모공이 연결되어 빗살 모양의 주름처럼 보이는 상태. 주로 피부 노화의 징후로 나타난다.,"¶{빗살 모공은} 피부 탄력이 떨어지며 모공이 세로 방향으로 늘어난 뒤 서로 이어져 잔주름처럼 보이는 현상으로, 노화의 초기 신호로 간주된다.",14
2024,빵서기관,(빵書記官),,전문어,『행정』,〔정치와 행정〕,"빵의 가격을 관리하는 담당자. 물가 체감도가 높은 빵, 우유, 스낵과자, 커피, 라면, 아이스크림, 설탕, 식용유, 밀가루 등 9개 품목을 집중 관리 대상으로 선정하고, 서기관이나 사무관급 담당자를 지정한데서 온 말이다.",¶정부가 {빵 서기관을} 지정하여 빵 가격을 잡겠다고 하였으나 널뛰는 물가를 잡기에는 역부족이라는 지적이 나오고 있다.,90
2024,사회누리소통망,(社會누리疏通網),,전문어,『매체』,〔사회생활〕,인터넷상에서 타인들과의 인적 관계망을 구축하고 정보를 관리할 수 있도록 도와주는 서비스.,¶이번 박람회에서는 {사회 누리 소통망을} 활용한 홍보 행사를 통해 자체 제작한 소정의 기념품도 증정할 계획이다.,108
2024,상업지역총량제,(商業地域總量制),,전문어,『법률』,〔경제생활〕,"지역별 상업 지역의 지정 가능성을 예측하기 위하여, 2030년까지 지역별로 총량을 정하고 해당 범위 내에서 상업 지역을 지정하는 제도.",¶상대적으로 개발 속도가 더뎠던 지역에 경제적인 활력을 불어넣기 위하여 시는 {상업 지역 총량제를} 해제하는 등의 파격적인 규제 완화에 나서고 있다.,187
2024,서이초특별법,(瑞二初特別法),,전문어,『법률』,〔정치와 행정〕,"교권 보호와 교육 환경 개선을 목표로 2024년에 발의된 입법안. 교사의 본질적 업무 법제화, 정서적 아동학대 요건 구체화, 학교 민원 대응 시스템 법제화, 학생 분리 지도 법제화, 학교 폭력 근절 및 학교 폭력 예방 및 대책에 관한 법률 개정을 포함하고 있다.","¶O 대표는 아이들에게 행복한 교실을 돌려주고, 무너져 가는 공교육을 회복하기 위하여 {서이초 특별법을} 발표한다고 밝혔다.",88
2024,선금특례제,(先金特例制),,전문어,『행정』,〔정치와 행정〕,"원자력 발전소 기자재 기업의 자금난 해결을 위하여, 울진 신한울 3ㆍ4호기의 보조 기기 제작에 참여하는 업체에게 계약금의 최대 30%를 선금으로 지급하는 제도.",¶특히 담보 한도가 소진되어 시중 은행의 금융 지원 혜택을 받기 힘든 중소 기업들에게 착수금 성격의 {선금 특례제는} 가뭄에 단비와도 같은 역할을 하게 될 것으로 보인다.,7
2024,선원구하라법,(船員具하라法),,전문어,『법률』,〔정치와 행정〕,"선원이 조업 중에 사망하여 장례를 치르는 경우, 실제로 장례를 치른 유족에게 장례비를 지급하도록 규정한 법률. 정식 명칭은 ‘선원법ㆍ어선원 및 어선 재해 보상 보험법’이다.","¶{선원 구하라법이} 통과되면 선원뿐만 아니라 모든 분야에서 어린 자녀를 버리고 도망갔다가 그 자녀의 사망 후에 갑자기 등장하여 보험금 및 합의금, 재산 등을 모두 가져가는 비인간적인 행위들이 줄어들 것이라고 기대하고 있다.",122
2024,세월호참사지원법,(歲月號慘事支援法),,전문어,『법률』,〔정치와 행정〕,2014년 4월 16일의 세월호 참사로 피해를 입은 피해자 및 그 유족을 지원할 목적으로 제정한 법률. 정식 명칭은 ‘4ㆍ16 세월호 참사 피해 구제 및 지원 등을 위한 특별법’이다.,¶{세월호 참사 지원법은} 피해자들의 트라우마 등의 치유를 위한 의료 지원이 지난 4월 15일 중단된 것을 개선하기 위한 것이다.,22
2024,세종법원법,(世宗法院法),,전문어,『법률』,〔정치와 행정〕,세종시에 지방 법원과 행정 법원을 만드는 데 필요한 내용을 담고 있는 법률. 정식 명칭은 ‘법원 설치법 개정안’이다. =세종 지법 설치법.,"¶{세종 법원법의} 경우 그 필요성은 두루 인정받았지만, 아직 통과하지 못하고 계류 중이다.",5
2024,세종지법설치법,(世宗地法設置法),,전문어,『법률』,〔정치와 행정〕,세종시에 지방 법원과 행정 법원을 만드는 데 필요한 내용을 담고 있는 법률. 정식 명칭은 ‘법원 설치법 개정안’이다. =세종 법원법.,¶{세종 지법 설치법이} 국회 본회의를 통과함으로써 세종 지방 법원의 건립을 위한 국비 확보의 당위성은 충분히 마련되었다는 분석이다.,4
2024,소득이동통계,(所得移動統計),,전문어,『사회 일반』,〔경제생활〕,"대규모 표본을 대상으로 종단 형태의 데이터베이스를 구축하여, 개인 단위에서 소득의 종적 변화를 파악하는 데 사용되는 통계. 사회 이동성 개선과 취약 계층 지원 정책을 뒷받침하기 위해 개발한 것이다.",¶통계청장은 “{소득 이동 통계를} 통해 사회 이동성 현황과 원인을 분석하고 이를 토대로 범정부 차원의 정책 과제를 발굴할 수 있도록 지원할 예정”이라고 하였다.,58
2024,숏챗,(<영>short chat),,전문어,『매체』,〔사회생활〕,짧게 편집해 올린 채팅 형식의 콘텐츠. ⇒규범 표기는 ‘쇼트 챗’이다.,"¶이전 세대가 블로그나 인터넷 커뮤니티에 글과 사진 등을 장문으로 올렸다면, 제트 세대는 {숏 챗을} 활용하여 짧고 빠르게 일상의 콘텐츠를 공유하고 있다.",1
2024,순금챌린지,(純金<영>challenge),,전문어,『경제』,〔경제생활〕,매일 돈을 조금씩 아껴 일정 금액이 모일 경우 소량의 금으로 전환하는 방식의 재테크 운동. 최근 금 가격이 상승함에 따라 청년층을 중심으로 인기를 끌고 있다.,¶온라인에선 한 달간 생활비를 아껴 남긴 돈으로 1~3g 내외의 작은 크기의 금으로 바꾸는 {순금 챌린지가} 인기다.,4
2024,순환경제사회법,(循環經濟社會法),,전문어,『법률』,〔정치와 행정〕,"폐기물의 순환 이용을 촉진하여 자원을 효율적으로 이용하고, 순환 경제 체계 구축이 지속 가능하도록 하는 것을 목적으로 제정한 법률. 정식 명칭은 ‘순환 경제 사회 전환 촉진법’이다.","¶지난해 겨울에 제정된 {순환 경제 사회법은} 제품의 생산 및 유통, 소비 과정에서 폐기물의 발생량을 줄이고 순환 이용을 촉진하기 위한 것이다.",33
2024,슈퍼에이징시대,(<영>superaging時代),,전문어,『사회 일반』,〔사회생활〕,"65세 이상의 사람들이 사회 활동에 적극적으로 참여하고 육체적, 정신적 건강을 유지하는 것을 중시하는 시대.",¶OO은 하반기 주식 전망 보고서에서는 {슈퍼에이징 시대를} 맞이하여 이들을 위한 헬스케어 관련 주식 종목을 추천하였다.,15
2024,스키코어,(<영>▼ski←normcore),혼성,전문어,『복식』,〔의생활〕,"추운 날씨가 지속되면서, 스키장에서뿐만 아니라 일상생활에서도 입을 수 있는 스키웨어를 착용하는 패션 스타일.",¶정통 스키 스포츠 브랜드인 OO가 올 겨울 트렌드인 {스키코어를} 반영하여 어떤 기상 조건에서도 적응할 수 있는 새로운 컬렉션을 출시했다.,74
2024,스키코어룩,(<영>▼ski←normcore look),,전문어,『복식』,〔의생활〕,"추운 날씨가 지속되면서, 스키장에서뿐만 아니라 일상생활에서도 입을 수 있는 스키웨어를 착용하는 옷차림.",¶본격적인 스키의 계절이 시작되면서 일상복과 스키복을 결합한 스타일인 {스키코어 룩이} 인기를 끌고 있다.,45
2024,스트림플레이션,(<영>streamflation),차용,전문어,『경제』,〔경제생활〕,온라인 동영상 서비스에 대한 소비자의 의존도가 높아지자 온라인 동영상 서비스의 구독 가격이 상승하는 현상.,¶온라인 동영상 서비스를 제공하는 기업들이 잇달아 구독료를 인상하면서 {스트림플레이션이} 도래했다는 평가가 나오고 있다.,708
2024,시간가중평균환율,(時間加重平均換率),,전문어,『경제』,〔경제생활〕,환율 산출 시점의 직전 10분부터 매 10초 간격으로 체결된 환율의 가격을 평균하여 산출하는 환율.,"¶다음 달부터는 환율 정보 제공이 달라지게 되는데, 현물환을 중개하는 회사는 오전 9시부터 다음날 오전 2시 사이에는 매시 정각, 오후 3시 반의 시점 환율과 {시간 가중 평균 환율을} 제공할 예정이다.",37
2024,신바벨시대,(新Babel時代),,전문어,『사회 일반』,〔사회생활〕,인공 지능 기반의 기계 번역 기술로 인해 동시 통번역이 가능한 시대.,¶{신바벨 시대가} 본격화되면 모국어만 잘 알아도 다양한 정보와 지식에 접근하는 데 어려움이 없기 때문에 외국어 학습 수요가 감소할 가능성이 크다.,8
2024,싱글노믹스,(<영>▼single←economics),혼성,전문어,『경제』,〔경제생활〕,구성원이 한 명인 가구가 증가하면서 생기는 경제적 가치.,"¶가전제품에서부터 간편식이나 세탁 서비스 등에 이르기까지 고객의 요구에 부합하면서 이윤을 창출하려는 기업들의 움직임이 분주한데, 이는 {싱글노믹스가} 의식주 전반에서 영향을 주기 시작한 것으로 해석된다.",9
2024,안티알고리즘,(<영>anti-algorithm),합성,전문어,『정보ㆍ통신』,〔인간〕,유튜브나 구글 등에서 작동하는 알고리즘의 지배와 통제를 거부하거나 저항하는 태도.,¶{안티알고리즘의} 경향이 점점 짙어지면서 온라인상의 행적을 추적하는 알고리즘에 반감을 느껴 웹사이트를 방문할 때 로그인을 하지 않는 사용하는 이들이 증가하고 있다.,20
2024,양자비트플랫폼,(量子<영>bit platform),,전문어,『정보ㆍ통신』,〔정보·기술〕,"양자 컴퓨터가 사용하는 양자 정보의 기본 단위인 큐비트가 구현되는 환경. 1나노미터 크기의 큐비트를 사용하는데, 이는 물질이 도달할 수 있는 가장 작은 크기이다.","¶양자 컴퓨터는 기존의 컴퓨터보다 성능이 월등할 것으로 기대되지만, 아직까지는 범용으로 사용될 수 있을 만큼의 안정성과 성능을 모두 확보한 {양자 비트 플랫폼은} 나오지 않았다.",5
2024,얼음과식증,(얼음過食症),,전문어,『심리』,〔보건·의학〕,"섭식 장애의 일종으로, 스트레스나 불안, 영양 결핍 등으로 인해 얼음을 지나치게 많이 먹는 증상.","¶의사들은 얼음을 씹어 먹어야 직성이 풀리는 사람들에게 철분 결핍성 빈혈을 의심해 보라고 조언하는데, 빈혈 환자들에게는 {얼음 과식증이} 나타날 수 있기 때문이다.",3
2024,엑사전자볼트,(<영>exa電子<영>volt),합성,전문어,『전기ㆍ전자』,〔개념〕,에너지의 단위. 1엑사전자볼트는 1전자볼트의 10의 18제곱이다. 기호는 EeV.,¶공동 연구단은 지난해 5월에 포착된 우주선 입자의 에너지가 {244엑사전자볼트로} 이론상 가능한 수치와 비교하여 5배나 큰 것으로 분석되었다고 밝혔다.,16
2024,여성전략특구,(女性戰略特區),,전문어,『정치』,〔정치와 행정〕,"정당의 전략 공천 방식 중 하나로, 여성 의원 비율이 낮은 특정 선거구에서 여성들끼리 경쟁하도록 지정한 특별한 구역.",¶여성 단체들은 {여성 전략 특구를} 지정해 정치권에 여성들이 더 많이 진출할 수 있는 방안을 강구하라고 요구했다.,536
2024,역슈링크,(逆<영>←shrinkflation),접두 파생,전문어,『경제』,〔경제생활〕,제품의 크기와 용량은 늘리되 가격은 기존과 동일하게 유지하거나 낮추는 일. 슈링크플레이션으로 인해 소비자들의 여론이 악화되자 일부 업체들이 소비자들의 관심을 끌고 매출 증대 효과를 얻기 위하여 시작하였다.,¶편의점 업계가 용량은 늘리고 가격은 내리는 {역슈링크의} 상품들로 소비자 공략에 나섰다.,107
2024,연쇄상구균독성쇼크증후군,(連鎖狀球菌毒性<영>shock症候群),,전문어,『의학』,〔보건·의학〕,"여러 기관의 기능 상실 및 저혈압을 나타내는 다양한 증상과 징후를 특징으로 하는 독성 증후군. 화농성 연쇄 구균이라는 박테리아로 발병하는 급성 질환이며, 대다수의 사람들은 감염 사실을 인지하지 못하지만, 경우에 따라 심각한 질병이나 합병증은 물론 사망까지도 유발할 수 있다.",¶연구소는 심각한 형태의 {연쇄상 구균 독성 쇼크 증후군의} 확산은 아직까지 알려지지 않은 요인이 많기 때문에 지금은 이를 설명할 수 있는 단계가 아니라고 하였다.,488
2024,연체지속률,(延滯持續率),,전문어,『경제』,〔개념〕,정해진 기간 안에 대출을 갚지 못하는 연체 상태가 계속되는 비율.,"¶자영업자 대출의 {연체 지속률은} 약 75%로, 이는 자영업자 4명 중 3명은 연체의 사슬을 벗어나지 못하고 있다는 것을 의미한다.",20
2024,영아피난제,(?兒避難制),,전문어,『복지』,〔정치와 행정〕,미국에서 생후 72시간 혹은 50일 이내의 영아를 정해진 피난소에 유기하는 행동에 대해 법적 책임을 면제하고 산모의 익명성을 보장하는 것을 주된 내용으로 하는 제도. 제도의 취지는 영아의 생명을 보장하고 임산부의 안전과 건강을 보호하는 것이다. =영아 피난 제도.,"¶{영아 피난제는} 아이와 산모 모두가 위험해지는 것을 막을 수 있으며, 국가가 아이를 보호하고 보육하도록 허용하는 제도이다.",18
2024,영아피난제도,(?兒避難制度),,전문어,『복지』,〔정치와 행정〕,미국에서 생후 72시간 혹은 50일 이내의 영아를 정해진 피난소에 유기하는 행동에 대해 법적 책임을 면제하고 산모의 익명성을 보장하는 것을 주된 내용으로 하는 제도. 제도의 취지는 영아의 생명을 보장하고 임산부의 안전과 건강을 보호하는 것이다. =영아 피난제.,"¶미국은 {영아 피난 제도를} 시행하여, 임신부와 신생아의 안전과 생명을 보호하고 있다.",2
2024,예술활동준비금,(藝術活動準備金),,전문어,『복지』,〔정치와 행정〕,예술인이 안정적으로 창작 활동을 할 수 있도록 정부에서 지원하여 주는 자금. ‘창작 준비금’에서 명칭이 변경되었다.,"¶정부는 올해 예술인을 위한 복지 예산을 편성하여 예술인에게 {예술 활동 준비금을} 지원하고 자녀 돌봄, 사회 보험 가입 등을 위한 다양한 복지 사업을 운영할 계획이다.",325
2024,예타완박법,(豫妥完剝法),합성,전문어,『법률』,〔정치와 행정〕,예비 타당성 조사 제도를 무력화하는 법안. 예비 타당성 조사를 면제하는 내용이 담겨 있는 법안이다.,¶의원들은 이날 회의 직후 기자 회견을 열어 이번 개정안은 {예타완박법이자} 지역을 차별하는 법안이라고 주장하였다.,12
2024,오송지하차도참사,(五松地下道慘事),,전문어,『사회 일반』,〔사회생활〕,2023년 7월 15일에 충청북도 청주시 오송읍의 궁평 2지하 차도가 집중 호우로 침수되면서 14명이 희생된 참사. =오송 참사.,¶임시 제방 둑이 무너지는 위험 신호가 있었는데도 불구하고 빠른 조치가 이루어지지 않은 것이 {오송 지하도 참사가} 발생하게 된 원인이라는 지적이 나왔다.,2000
2024,오송참사,(五松慘事),,전문어,『사회 일반』,〔사회생활〕,2023년 7월 15일에 충청북도 청주시 오송읍의 궁평 2지하 차도가 집중 호우로 침수되면서 14명이 희생된 참사. =오송 지하도 참사.,¶이번 {오송 참사는} 차량이 침수될 때까지 차량 통제가 실시되지 않은 점 등이 참사의 원인으로 밝혀지면서 인재라는 주장이 제기되고 있다.,2000
2024,오피스코어룩,(<영>▼office core look),,전문어,『복식』,〔의생활〕,전형적인 직장인의 모습을 연상시키는 단정한 스타일의 옷차림.,"¶{오피스코어 룩은} 슬림 핏 스타일의 셔츠, 무릎 정도 길이의 스커트, 심플한 디자인의 신발과 가방 등으로 연출할 수 있다.",170
2024,온디바이스폰,(<영>on device phone),,전문어,『정보ㆍ통신』,〔정보·기술〕,기기 내부에서 자체적으로 인공 지능의 기능을 수행할 수 있도록 한 휴대 전화.,¶내년 신제품은 기기의 내부에서 인공 지능의 기능을 수행하는 {온 디바이스 폰이기} 때문에 대용량의 데이터를 실시간으로 처리할 수 있는 램의 중요성이 더욱 강조되고 있다.,8
2024,온센서에이아이,(<영>on sensor AI),,전문어,『정보ㆍ통신』,〔정보·기술〕,"센서 장치 자체에 인공 지능(AI) 연산 기능을 내장하여, 센서가 수집한 데이터를 외부 장치나 클라우드로 보내기 전에 내부에서 실시간으로 분석 및 처리하는 기술.","¶{온 센서 에이아이는} 센서에 에이아이 알고리즘이 추가되어 무거운 데이터 처리가 자체적으로 가능하며, 서버와 연결되지 않고도 기기에서 에이아이 연산과 학습을 할 수 있게 된다.",0
2024,완전전자주주총회,(完全電子株主總會),,전문어,『경영』,〔경제생활〕,주식회사의 주주 총회가 필요한 경우 모든 주주들이 온라인으로 참석하는 주주 총회.,¶{완전 전자 주주 총회는} 온라인으로 이루어지기 때문에 더 많은 주주들이 쉽게 참여할 수 있으나 주주와 경영진 사이에 대면 소통이 사라질 수 있다는 우려도 있다.,83
2024,외국환평형관리기금,(外國換平衡管理基金),,전문어,『경제』,〔정치와 행정〕,정부가 환율 관리와 외환 시장의 안정을 목적으로 보유하거나 운용하는 기금.,¶정부는 올해 국세 수입이 부족할 것으로 예상되자 {외국환 평형 관리 기금} 및 세계 잉여금과 같은 여유 재원의 활용을 통해 재정을 집행할 예정이라고 하였다.,6
2024,외식테크,(外食<영>tech),,전문어,『정보ㆍ통신』,〔정보·기술〕,"무인 주문 및 결제 시스템, 서빙 로봇, 조리 로봇 등과 같이 외식업과 관련된 기술을 통틀어 이르는 말.","¶조리 로봇과 서빙 로봇, 무인 주문 및 결제 시스템 등 {외식테크가} 급성장하면서 사람이 설 자리를 로봇이 대신하고 있다.",76
2024,우유관리관,(牛乳管理官),,전문어,『행정』,〔정치와 행정〕,"우유의 가격을 관리하는 담당자. 물가 체감도가 높은 빵, 우유, 스낵과자, 커피, 라면, 아이스크림, 설탕, 식용유, 밀가루 등 9개 품목을 집중 관리 대상으로 선정하고, 서기관이나 사무관급 담당자를 지정한데서 온 말이다. =우유 서기관.",¶정부는 먹거리 물가가 상승하자 고물가 대책을 최우선에 두고 {우유 관리관을} 임명하여 집중 관리에 나서겠다고 하였다.,5
2024,우유사무관,(牛乳事務官),,전문어,『행정』,〔정치와 행정〕,우유의 가격을 관리하는 사무관급 담당자. 물가를 관리하는 담당자를 지정하여 물가를 집중 관리하는 제도의 일환으로 생겨난 직책이다.,"¶일각에서는 우유에 사용되는 원유 가격은 생산비 등에 비례하여 매년 오르는 것인데, 근본적인 구조의 개선 없이 {우유 사무관을} 지정하는 것으로 물가 안정화를 기대하기는 힘들다는 지적이 나온다.",30
2024,우유서기관,(牛乳書記官),,전문어,『행정』,〔정치와 행정〕,"우유의 가격을 관리하는 담당자. 물가 체감도가 높은 빵, 우유, 스낵과자, 커피, 라면, 아이스크림, 설탕, 식용유, 밀가루 등 9개 품목을 집중 관리 대상으로 선정하고, 서기관이나 사무관급 담당자를 지정한데서 온 말이다. =우유 관리관.",¶최근 정부가 품목별 물가 관리에 나서면서 {우유 서기관이} 부활한 가운데 정부가 가격 형성에 지나치게 개입한다는 지적이 잇따르고 있다.,15
2024,워터밤룩,(▼Waterbomb<영>look),,전문어,『복식』,〔의생활〕,"여름철 물총 놀이가 포함된 음악 축제인 ‘워터밤’에 참가할 때 입는 옷차림. 주로 물에 젖어도 가볍고 편한 기능성 의류나, 노출을 통해 관능적인 매력을 강조하는 의류를 가리킨다.",¶그녀는 고심 끝에 은은하게 비치는 시스루 니트와 짧은 데님 팬츠를 매치한 {워터밤 룩으로} 무대에 섰다.,18
2024,원격사격무기통제체계,(遠隔射擊武器統制體系),,전문어,『군사』,〔정보·기술〕,"사수가 원격으로 조작하고 통제하는 사격 장치. 또는 그러한 체계. 전차, 장갑차, 전술 차량 등의 외부에 기관총이나 유탄 발사기 등을 장착하고, 이를 사수가 전투 위험으로부터 보호된 상태에서 원격으로 운용한다.","¶이 장치는 전파를 이용해 드론의 공격을 교란하고, 사수가 안전한 상태에서 {원격 사격 무기 통제 체계를} 조종해 직접 격추하는 방식으로 방어 효과를 높였다.",78
2024,원형알엔에이,(圓形<영>RNA),,전문어,『생명』,〔동식물〕,"일반적인 아르엔에이(RNA)와 달리, 끝이 맞닿아 원형 모양으로 이어진 아르엔에이(RNA). ⇒규범 표기는 ‘원형 아르엔에이’이다.","¶연구 팀은 “안정성이 높은 {원형 알엔에이(RNA)의} 합성 과정을 규명했으며, 이를 활용해 부작용이 적고 효율적인 백신 개발이 가능할 것”이라고 밝혔다.",2
2024,위기임신보호출산법,(危機妊娠保護出産法),,전문어,『법률』,〔정치와 행정〕,경제적ㆍ심리적ㆍ신체적 사유 등으로 인해 출산 및 양육에 어려움을 겪고 있는 임산부가 자녀를 안전하게 출산하고 돌볼 수 있도록 지원하기 위해 제정된 법률. 정식 명칭은 ‘위기 임신 및 보호 출산 지원과 아동 보호에 관한 특별법’이다.,"¶정부는 출생 신고가 되지 않는 아동의 수를 줄이고, 위기에 처한 임산부와 아동을 보호하기 위해 {위기 임신 보호 출산법을} 제정했다.",52
2024,유럽녹색꽃게,(Europe綠色꽃게),,전문어,『동물』,〔동식물〕,"유럽 해역이 원산지이며 등딱지가 녹색을 띠는 꽃게의 한 종류. 조개류와 갑각류를 대량으로 포식하는 등 어업과 양식업에 큰 피해를 주며, 이 때문에 국제 자연 보전 연맹의 ‘세계 100대 악성 외래 침입종’ 중 하나로 지정되었다. 학명은 ‘Carcinus maenas’이다.",¶미국의 지역 환경 연구 기관은 {유럽 녹색 꽃게의} 개체 수 급증은 어업 자원 고갈과 해양 생태계 교란이 주된 원인이라고 보고하였다.,10
2024,유스앱,(<영>▼youth app),,전문어,『정보ㆍ통신』,〔정보·기술〕,청소년을 주요 대상으로 하여 맞춤형 서비스와 콘텐츠를 제공하는 애플리케이션.,"¶최근 중고등학생들은 첫 금융 거래를 오프라인 지점이 아닌 온라인 앱에서 시작하는 경우가 늘고 있으며, 은행들은 이를 겨냥해 청소년 맞춤형 서비스를 제공하는 {유스 앱을} 경쟁적으로 출시하고 있다.",90
2024,육아몰입기간,(育兒沒入其間),,전문어,『사회 일반』,〔정치와 행정〕,"근로자가 자녀 양육에 전념할 수 있도록 제도적으로 보장된 기간. 또는 그러한 제도. ‘육아 휴직’ 대신, 자녀 양육의 가치를 강조하는 취지에서 사용되는 표현이다.","¶기업들은 일과 가정의 양립을 위해 {육아 몰입 기간을} 보장하는 한편, 출산 전후 휴가, 출산 장려금 등 다양한 제도를 함께 운영하고 있다.",2
2024,육아이행률,(育兒履行率),,전문어,『사회 일반』,〔정치와 행정〕,근로자가 법이나 정책상 보장된 육아 지원 제도를 실제로 사용한 비율.,"¶육아·돌봄 근무제의 활성화를 위해 {육아 이행률을} 부서장 평가 항목에 추가하고, 업무 대행 직원에 대해서는 인사 혜택을 주기로 하였다.",1
2024,육아친화주택,(育兒親和住宅),,전문어,『사회 일반』,〔주생활〕,"어린이집, 놀이터 등 육아에 필요한 시설을 갖춘 주택 단지.","¶신혼 부부를 대상으로 한 설문 결과, 많은 부부가 주거비 지원과 함께 {육아 친화 주택의} 조성을 가장 필요한 정책으로 응답했다.",3
2024,이머니토큰,(<영>e-money token),,전문어,『경제』,〔경제생활〕,기존 화폐의 가치를 디지털 형태로 전환한 가상 자산의 한 종류.,¶최근 금융 시장에서는 {이 머니 토큰을} 새로운 결제 수단으로 도입하고자 하는 시도가 이어지고 있다.,103
2024,이분도체육,(二分屠體肉),,전문어,『농업』,〔식생활〕,"돼지를 도축한 뒤 머리ㆍ내장ㆍ꼬리 등을 제거하고, 부위별로 세분화하지 않은 채 몸통을 크게 두 덩어리로 절단한 고기.",¶{이분 도체육의} 반입 문제는 축산업계의 경제적 이해와 방역 우려가 얽힌 민감한 사안으로 떠올랐다.,49
2024,이음연령,(이음年齡),,전문어,『교육』,〔교육〕,"영아 교육과 유아 교육 또는 유아 교육과 초등 교육 간의 연계 강화를 위해 정책적으로 지정한 연령. 주로 만 2세 영아들은 놀이 중심 교육 확대를 통해 누리 과정과의 연계성을 강화하고, 만 5세 유아들은 초기 문해력과 기초 학습 역량을 집중적으로 지원하기 위해 설정되었다.","¶교육청 관계자는 “이번 사업을 통해 {이음 연령인} 만 5세 유아들이 책과 친해지고, 문해력과 기초 학습 역량을 기를 수 있을 것으로 기대한다.""고 밝혔다.",35
2024,이형두릅,(二形두릅),,전문어,『식물』,〔동식물〕,두릅의 개량 품종 중 하나. 일 년 중 봄과 여름에 두 번 수확할 수 있는 것이 특징이다.,¶농가들은 {이형 두릅을} 재배해 출하량을 늘리며 더 큰 경제적 이득을 얻고 있다.,14
2024,익티오티탄세베르넨시스,(<영>ichthyotitan severnensis),,전문어,『동물』,〔동식물〕,"중생대 트라이아스기 말기에 생존하였던 것으로 추정되는 거대 해양 파충류. 몸의 길이는 약 22~26미터로 추정되며, 지금까지 알려진 해양 파충류 가운데 가장 큰 종류로 평가된다.",¶영국 서머싯에서 발견된 턱뼈 화석은 ‘{익티오티탄 세베르넨시스’라는} 새로운 어룡 종으로 학계에 보고되었다.,1
2024,인태대화,(印太對話),,전문어,『정치』,〔정치와 행정〕,"‘인도ㆍ태평양 대화’를 줄여 이르는 말. 인도ㆍ태평양 지역의 정세와 안보, 협력 과제 등을 논의하기 위해 양자 또는 다자 간 이루어지는 대화 협의체이다.",¶한국과 독일은 역내 평화와 안정을 위한 협력 방안을 논의하기 위해 첫 한독 {인태 대화를} 개최했다.,115
2024,임차인등록제,(賃借人登錄制),,전문어,『경제』,〔정치와 행정〕,"임차인이 임대차 계약의 내용을 공적 시스템에 직접 등록하는 제도. 임대차 시장의 투명성을 확보하고, 전세 사기 등으로부터 임차인을 보호하기 위한 방안으로 제안되었다.",¶야당은 기존의 임대차법을 유지하면서 {임차인 등록제를} 새로 도입해 전세 사기를 방지하겠다는 입장을 밝혔다.,56
2024,저출생세,(低出生稅),합성,전문어,『행정』,〔정치와 행정〕,"저출생 문제 해결을 위한 재원을 마련하고자 제안된 세금. 출산율 하락과 인구 감소가 사회 전반에 위기를 불러오자, 육아 지원 등에 필요한 예산을 확충하기 위해 논의되는 목적세 중 하나이다.",¶전문가들은 국회 토론회에서 {저출생세를} 도입했을 때의 실효성과 형평성에 대해 치열하게 논의했다.,1
2024,전관용역,(前官用役),,전문어,『사회 일반』,〔사회생활〕,공공 기관에서 퇴직한 고위 공직자가 소속된 업체가 수주하거나 수행하는 용역. 퇴직한 전관의 영향력이나 인맥을 기반으로 특정 용역 사업을 독점하거나 과점하는 행태를 비판적으로 이르는 표현이다.,¶감사원은 {전관 용역으로} 의심되는 일부 입찰 과정에 대한 조사에 착수했다.,16
2024,전세사기피해자법,(傳貰詐欺被害者法),,전문어,『법률』,〔정치와 행정〕,"전세 사기 피해를 당한 임차인의 주거권을 보장하기 위해 제정한 법률. 거주하고 있는 임차 주택의 우선 매수권을 부여하거나 장기 및 낮은 금리의 융자 지원, 피해 주택을 매입한 후 공공 임대 주택을 제공하는 방안 등이 포함된다. 정식 명칭은 ‘전세 사기 피해자 지원 및 주거 안정을 위한 특별법’이다.",¶국토 교통부는 {전세 사기 피해자법에} 근거해 피해 주택을 처음으로 매입했다고 밝혔다.,459
2024,제주남방밤달팽이,(濟州南方밤달팽이),합성,전문어,『동물』,〔동식물〕,"제주도 남부 지역에 서식하는 밤달팽이의 하나. 주로 한라산 국립 공원 내에서 발견되는 고유종으로, 껍데기는 노르스름한 갈색에 얇고 반투명하며, 배꼽 모양의 작은 구멍이 있는 것이 특징이다.",¶이번 조사에서는 {제주남방밤달팽이를} 비롯한 한국 고유종 4종이 한라산 국립 공원에서 확인됐다.,12
2024,조비이락,(曺飛李落),합성,전문어,『정치』,〔삶〕,"조씨가 날면 이씨가 떨어진다는 뜻으로, 한 사람의 성공이 다른 사람의 실패로 이어짐을 비유적으로 이르는 말.",¶당내 계파 간 경쟁이 치열해지자 {조비이락이라는} 표현이 다시 등장했다.,1
2024,존재지속심,(存在持續心),,전문어,『불교』,〔종교〕,존재를 계속 이어지게 하는 마음. 불교에서 한순간의 생각이 끝난 뒤 곧바로 다음 생각으로 이어지게 하는 마음의 작용을 이른다.,¶한 스님은 {존재 지속심을} 일상에서도 유지하면 마음이 흔들리지 않고 삶이 한결 평온해진다고 말했다.,1
2024,졸리컷,(<프>joli<영>cut),,전문어,『건설』,〔주생활〕,벽재나 타일의 모서리 단면을 사선으로 가공해 이어 붙이는 마감 방식의 하나. 주로 깔끔하고 미니멀한 인테리어 연출에 쓰인다.,¶시공업체는 욕실 타일 모서리에 {졸리 컷을} 적용해 매끈하고 깔끔한 마감을 완성했다.,20
2024,주식가치연동현금,(株式價値連動現金),,전문어,『경제』,〔경제생활〕,기업에서 임직원에게 부여한 자사의 주식을 지급 시점의 주식 가격을 기준으로 계산하여 현금으로 지급하는 일.,¶최근 여러 기업에서는 임직원의 장기적인 성과를 유도하기 위해 주식과 함께 {주식 가치 연동 현금을} 함께 지급하는 방식을 채택하고 있다.,6
2024,주저세대,(躊躇世代),,전문어,『사회 일반』,〔인간〕,사회ㆍ경제적 상황으로 인해 결혼과 출산을 주저하는 세대.,"¶{주저 세대의} 결혼과 출산에 대한 걸림돌은 경제적 문제와 관련이 깊기 때문에, 정책과 제도 개선을 통해 해결 가능하다.",5
2024,중대범죄신상정보법,(重大犯罪身上情報法),,전문어,『법률』,〔정치와 행정〕,"국가, 사회, 개인에게 중대한 해악을 끼치는 특정 범죄에 대해 수사 및 재판 과정에서 피의자 신상 정보 공개의 대상과 절차를 규정한 법률. 국민의 알 권리를 보장하고 범죄를 예방하기 위해 제정되었다. 정식 명칭은 ‘특정 중대 범죄 피의자 등 신상 정보 공개에 관한 법률’이다.",¶경찰은 해당 사건으로 인한 국민의 불안감을 해소하기 위해 {중대 범죄 신상 정보법에} 따라 피의자의 신상을 공개했다.,14
2024,중심지역관서제,(中心地域官署制),,전문어,『행정』,〔정치와 행정〕,"치안 수요가 높은 곳을 중심 관서로 지정하여 집중적으로 운영하고, 나머지 관서는 최소한의 인력만으로 운영하는 제도.","¶전문가들은 {중심 지역 관서제가} 치안의 효율성은 높이지만, 그 외 지역의 치안 공백을 초래할 수도 있다고 지적했다.",15
2024,증빙어음,(證憑어음),,전문어,『경제』,〔경제생활〕,금전 거래 등의 사실을 증명하기 위해 발행된 어음.,¶재판부는 {증빙 어음을} 금전적 지원이 이루어진 사실을 입증하는 증거로 삼았다.,4
2024,지구열대화,(地球熱帶化),,전문어,『환경』,〔자연〕,지구의 기온이 높아져 열대 기후 수준의 고온 상태에 이르는 현상.,¶{지구 열대화에} 따른 폭염과 가뭄이 전 세계적으로 확산되고 있다.,614
2024,지방분권균형발전법,(地方分權均衡發展法),,전문어,『법률』,〔정치와 행정〕,지역 간 불균형을 해소하고 지역의 특성에 맞는 자립적 발전을 추진하기 위해 제정한 법률. 정식 명칭은 ‘지방 자치 분권 및 지역 균형 발전에 관한 특별법’이다.,¶지방 시대 시행 계획은 {지방 분권 균형 발전법에} 따라 매년 수립되는 법정 계획이다.,510
2024,지역필수의사제,(地域必須醫師制),,전문어,『보건 일반』,〔정치와 행정〕,의과 대학 입학생 중 일정 비율을 지역 인재 전형으로 선발하는 대신 졸업 이후 일정 기간 해당 지역에서 근무하도록 하는 제도. ‘계약형 지역 필수 의사 제도’를 줄여 이르는 말이다. =지역 필수 의사 제도.,¶보건 복지부는 지역 의료 체계의 붕괴를 막기 위해서 {지역 필수 의사제} 도입을 추진하기로 했다.,960
2024,지역필수의사제도,(地域必須醫師制度),,전문어,『보건 일반』,〔정치와 행정〕,의과 대학 입학생 중 일정 비율을 지역 인재 전형으로 선발하는 대신 졸업 이후 일정 기간 해당 지역에서 근무하도록 하는 제도. ‘계약형 지역 필수 의사 제도’를 줄여 이르는 말이다. =지역 필수 의사제.,¶OO당은 지역 의대 신설을 추진함과 동시에 {지역 필수 의사 제도를} 도입해 지역의 의료 환경을 개선을 위한 계획을 세웠다.,90
2024,집단항명수괴죄,(集團抗命首魁罪),,전문어,『법률』,〔정치와 행정〕,"집단적으로 상관의 명령에 불복하는 행위를 주도하여, 그 우두머리 역할을 한 군인 또는 군무원 등의 준군인에게 적용되는 군 형법상의 죄.",¶군검찰은 부대 내 항명 사태를 주도한 인물에게 {집단 항명 수괴죄를} 적용했다.,189
2024,집단항명죄,(集團抗命罪),,전문어,『법률』,〔정치와 행정〕,군인 또는 군무원 등의 준군인이 무리를 지어 상관의 정당한 명령에 반항하거나 복종하지 않을 때 적용되는 군 형법상의 죄.,"¶군사 재판에서 피고인들은 자신들의 행동이 단순 불만 표시였다고 주장했지만, 법원은 이를 상관 명령에 대한 조직적 거부로 보아 {집단 항명죄를} 인정했다.",84
2024,채상병법,(蔡上兵法),합성,전문어,『법률』,〔정치와 행정〕,2023년 예천군 수해 실종자 수색 작전 중 순직한 채 상병과 관련된 수사 방해 의혹 등을 밝히기 위해 특별 검사를 임명하도록 한 법률. 정식 명칭은 ‘순직 해병 수사 방해 및 사건 은폐 등의 진상 규명을 위한 특별 검사의 임명 등에 관한 법률’이다. =채상병 특검법.,¶대통령이 {채상병법에} 대한 거부권을 행사하자 야당은 재의결을 추진했다.,20
2024,채상병특검법,(蔡上兵特檢法),,전문어,『법률』,〔정치와 행정〕,2023년 예천군 수해 실종자 수색 작전 중 순직한 채 상병과 관련된 수사 방해 의혹 등을 밝히기 위해 특별 검사를 임명하도록 한 법률. 정식 명칭은 ‘순직 해병 수사 방해 및 사건 은폐 등의 진상 규명을 위한 특별 검사의 임명 등에 관한 법률’이다. =채상병법.,¶여야는 국회 마지막 본회의에서 {채상병 특검법의} 처리를 두고 끝까지 충돌했다.,2000
2024,철도지하화통합개발법,(鐵道地下化統合開發法),,전문어,『법률』,〔정치와 행정〕,철도를 지하화하고 철도 부지와 주변 지역을 개발하여 공공 복리를 증진하고자 제정된 법률. 정식 명칭은 ‘철도 지하화 및 철도 부지 통합 개발에 관한 특별법’이다.,¶의회는 {철도 지하화 통합 개발법을} 적용해 지역 교통 문제와 주거 문제를 동시에 해결할 수 있을 것으로 기대했다.,148
2024,청정경제협정,(淸淨經濟協定),,전문어,『경제』,〔정치와 행정〕,"인도 태평양 경제 프레임워크 참여국들이 에너지 전환, 온실가스 감축 등 청정 에너지 분야에서 협력하기 위해 맺은 협정.",¶산업계에서는 {청정 경제 협정이} 친환경 기술의 중요성을 부각시켜 국내 에너지 솔루션 기업들이 해외 시장으로 진출하는 데 힘이 되었다고 평가했다.,175
2024,초격차기술특례,(超隔差技術特例上場),,전문어,『경제』,〔정치와 행정〕,국가 차원에서 육성이 필요한 첨단 기술 보유 기업을 빠르게 상장할 수 있도록 마련한 제도.,¶첨단 재생 의료 기술을 보유한 기업이 {초격차 기술 특례 상장} 1호로 상장해 국내 주식 시장의 관심을 끌었다.,196
2024,초광역특별시,(超廣域特別市),,전문어,『행정』,〔정치와 행정〕,"인접한 자치 단체 간의 행정 기능 및 지역 자원을 통합하여, 하나의 대규모 광역권 형태로 운영하기 위해 제안된 새로운 형태의 자치 단체 명칭.",¶위원회는 광역 시도를 묶어 {초광역 특별시로} 지정하는 방안을 검토하고 있다.,26
2024,초일가점,(初日加點),,전문어,『경제』,〔정치와 행정〕,"공모주 수요 예측에서, 첫날 주문을 넣은 기관 투자자에게 가산점을 주는 제도.",¶공모주 시장에서는 첫날 주문에 참여해 {초일 가점을} 확보하는 것이 필수 전략으로 자리를 잡았다.,38
2024,초저온회복처치기,(超低溫回復處置機),,전문어,『보건 일반』,〔보건·의학〕,액화 질소 등으로 몸을 영하의 온도에 잠시 노출시켜 피로 회복을 돕는 장치.,"¶훈련 직후, 선수들은 근육의 피로도를 줄이기 위해 {초저온 회복 처치기를} 이용하기도 한다.",50
2024,췌도부전증,(膵島不全症),,전문어,『의학』,〔보건·의학〕,췌장에서 인슐린을 만드는 세포가 제 기능을 하지 못해 혈당 조절이 어려워지는 병.,¶그는 {췌도 부전증} 판정을 받고 난 뒤 하루도 빠짐없이 혈당을 확인하며 생활하고 있다.,77
2024,치킨노조법,(<영>chicken勞組法),,전문어,『법률』,〔정치와 행정〕,‘가맹 사업 거래의 공정화에 관한 법률’의 개정안을 비판적으로 이르는 말. 프랜차이즈 가맹점주 단체에 노동조합과 같은 교섭권을 부여한 개정안이 점주에게만 유리하다고 평가된 데서 비롯한 표현이다.,¶일각에서는 {치킨 노조법이} 시행되면 프랜차이즈 본사와 점주 간 자유 계약의 질서가 무너질 것이라고 우려했다.,2
2024,케이인니팝,(K印尼pop),합성,전문어,『음악』,〔문화〕,케이팝에 인도네시아 대중음악이 결합된 음악 장르. 강렬하고 힙한 사운드와 중독성 있는 멜로디가 특징이다.,¶OO은 국내 최초로 한국어 가사와 인도네시아어 가사가 섞인 {케이인니팝} 신곡을 공개했다.,59
2024,코스피이백위클리커버드콜에이티엠지수,(KOSPI二百weekly covered call ATM指數),,전문어,『경제』,〔개념〕,"코스피 200 지수에 기반하여 주간 단위로 계산되는 금융 지수. 코스피 200 지수를 현물로 매수하는 동시에, 코스피 200 옵션 시장에 상장된 가장 가까운 만기의 ATM(At-the-Money) 콜옵션을 매도하는 '커버드 콜 매도 전략'을 주간 단위로 실행하여 산출된다.",¶'{코스피 이백 위클리 커버드 콜 에이티엠 지수가} 산출된 2019년 이후 현재까지 월 평균 옵션 프리미엄은 월 3% 수준이다.,0
2024,쿠키컷,(<영>▼cookie cut),,전문어,『건설』,〔주생활〕,"쿠키 틀에서 쿠키를 찍어내는 것처럼, 특정 디자인 등을 반복해 구조물을 건축하는 공법.",¶OO은 국내 최초로 표준화된 공장을 찍어내는 {쿠키 컷} 방식을 적용해 내년까지 공장을 완공하겠다는 계획이다.,120
2024,클린임대인제도,(<영>clean賃貸人制度),,전문어,『행정』,〔정치와 행정〕,"서울시가 임차 주택의 권리 관계와 임대인의 신용 정보 등을 확인해, 안심하고 거래할 수 있는 매물임을 인증하는 제도. =클린 임대제.","¶서울시는 위축된 빌라 전세 시장이 {클린 임대인 제도를} 통해서 활력을 찾고, 안심하고 거래가 가능한 임대차 계약 문화가 정착되길 바란다고 말했다.",162
2024,클린임대제,(<영>clean賃貸度),,전문어,『행정』,〔정치와 행정〕,"서울시가 임차 주택의 권리 관계와 임대인의 신용 정보 등을 확인해, 안심하고 거래할 수 있는 매물임을 인증하는 제도. =클린 임대인 제도.","¶서울시는 {클린 임대제는} 매물 자체에 문제가 없다는 정보를 제공하며, 올해 6월부터 온라인상에서 클린 마크가 붙은 물건을 볼 수 있을 것이라고 전했다.",2
2024,키슐랭,(<영>▼←kids Michelin),혼성,전문어,『사회 일반』,〔식생활〕,"아동과 가족의 방문을 환영하는 식당 및 카페. 아동 친화적인 외식 문화를 지원하기 위해 서울 성동구에서 만든 ‘아이사랑 맛집’ 인증 제도로, ‘미슐랭(Michelin)’과 ‘키즈(kids)’를 결합하여 만든 말이다.","¶O 씨는 {키슐랭} 식당을 운영하면서, 성동구에 거주하는 6살 이하 아이를 동반하는 가족에게는 할인 혜택을 제공한다.",11
2024,킥스테이지,(<영>kick stage),,전문어,『천문』,〔정보·기술〕,로켓 발사체에서 위성이나 탐사체를 최종적으로 정밀 궤도에 배치하기 위해 사용되는 엔진 모듈.,"¶OO은 1단 엔진과 위성 보호 덮개 분, 2단 엔진 분리 등의 과정을 마치고 {킥 스테이지를} 이용해 오전 8시 22분 1호 위성을 최종 궤도에 투입하였다.",20
2024,킹무직,(<영>king務職),혼성,전문어,『사회 일반』,〔사회생활〕,직업 안정성이 높고 급여나 복지 등의 처우가 좋은 공무직 또는 대기업 사무직을 비유적으로 이르는 말. 왕을 의미하는 ‘킹(king)’과 ‘사무직(事務職)’을 결합하여 만든 말이다.,¶커뮤니티에는 공무직의 처우가 좋은 것에 비해 업무 강도가 낮은 것 때문에 {킹무직이나} 갓무직이라고 칭하며 노골적으로 비판하는 글이 자주 올라온다.,2
2024,탄핵만능주의,(彈劾萬能主義),,전문어,『정치』,〔인간〕,탄핵을 통해 모든 정치적 문제를 해결할 수 있다고 믿는 태도.,¶O 의원은 정부에 반대하고 정책을 바로잡는 일이 {탄핵 만능주의로} 빠져서는 안 된다고 비판했다.,46
2024,탄핵만능주의자,(彈劾萬能主義者),,전문어,『정치』,〔인간〕,탄핵을 통해 모든 정치적 문제를 해결할 수 있다고 믿거나 주장하는 사람.,¶해당 의원들은 {탄핵 만능주의자와} 정치적 수단으로 탄핵을 언급하는 정치인을 당직에서 전면 배제해야 한다고 주장했다.,30
2024,탈쿠팡족,(脫Coupang族),접미 파생,전문어,『사회 일반』,〔인간〕,쿠팡의 서비스 이용 요금 인상으로 인해 쿠팡 구독 서비스를 중단한 사람. 또는 그런 무리.,¶유통업체들은 구독료 인상에 따른 {탈쿠팡족을} 잡기 위해서 구독료를 할인하는 마케팅을 펼치고 있다.,32
2024,탈팡족,(脫←Coupang族),접미 파생,전문어,『사회 일반』,〔인간〕,‘탈쿠팡족’의 준말.,"¶{탈팡족이} 적은 이유는 요금 인상을 고려해도 무료 반품, 무료 배달 등 멤버십 혜택이 더 크기 때문으로 보인다.",33
2024,탈핑크타이드,(脫<영>pink tide),,전문어,『정치』,〔정치와 행정〕,"남아메리카에서 1990년대 말부터 20여 년간 온건 사회주의 정당이 연속해서 집권한 정치적 흐름에서 벗어나, 보수 정권이 집권하게 되는 흐름.",¶중남미에서의 {탈핑크 타이드} 흐름이 내년에도 계속해서 거세질 수 있을지에 대해서 관심이 쏠리고 있다.,2
2024,테무차단법,(Temu遮斷法),,전문어,『법률』,〔정치와 행정〕,"‘테무’와 ‘알리익스프레스’ 등 중국의 전자 상거래 플랫폼의 가품 판매, 성인용품 노출, 마약성 의약품 같은 불법 제품 유입 등의 부작용을 막기 위해 미국, 영국, 프랑스에서 도입을 논의 중인 법안.","¶테무에 의해 세계의 유통이 초토화되자, 미국, 영국, 프랑스에서는 {테무 차단법} 도입을 고려하고 있다.",3
2024,토마토뿔나방,(<영>tomato뿔나방),합성,전문어,『동물』,〔동식물〕,"뿔나방과의 곤충. 성충의 몸길이는 7mm 정도이며, 회색 비늘에 날개 앞면에 검은 점이 있다. 잎, 줄기, 꽃, 과일 등을 먹고 산다.",¶친환경 농업을 하는 농가의 경우 {토마토뿔나방} 때문에 작년에 비해 토마토의 수확량이 80%나 줄었다고 한다.,133
2024,통공매,(통公賣),합성,전문어,『법률』,〔정치와 행정〕,법률에 의해서 공공 기관이 강제적으로 아파트 단지나 상가 따위의 전체를 처분하여 돈으로 변환하는 일.,"¶아파트 건축 시행사는 대출금 2,800억 원의 만기를 만기 연장했지만 100억 원대 이자를 갚지 못하며 아파트가 {통공매가} 될 상황이 되었다.",4
2024,투어플레이션,(<영>tourflation),차용,전문어,『경제』,〔경제생활〕,"유명 가수들의 콘서트 투어로 인해 해당 지역의 호텔, 식당 등의 수요가 급증해 물가가 치솟는 현상.",¶미국 팝스타들의 월드 투어 콘서트가 물가 상승을 부추긴다는 {투어플레이션} 논란이 커지고 있다.,23
2024,틱톡강제매각법,(Tiktok?制賣却法),,전문어,『법률』,〔정치와 행정〕,"중국계 기업에서 소유한 틱톡의 미국 내에서의 서비스 유지 조건으로 270일 이내에 미국 사업권을 매각하도록 강제하고, 이를 이행하지 않을 경우 미국 내에서의 틱톡의 유통 및 업데이트가 전면 금지된다는 내용을 담은 법률. 2024년 4월 24일 조 바이든 미국 대통령의 서명 및 공포로 정식 법률로 확정되었다.",¶미국 하원이 안보 위협을 이유로 {틱톡 강제 매각법을} 통과시킨 가운데 서방 주요국에서도 중국 기업에 대한 규제 강도를 높이고 있다.,258
2024,평화누리특별자치도,(平和누리特別自治道),합성,전문어,『지명』,〔정치와 행정〕,공모를 통해 선정된 ‘경기북부특별자치도’의 명칭.,"¶출범 예정인 경기북부특별자치도의 새 이름이 {평화누리특별자치도로} 정해지자, 경기도 북부에 거주하는 사람들 사이에서는 엇갈린 반응이 나오고 있다.",564
2024,포괄소득화,(包括所得化),,전문어,『경제』,〔경제생활〕,실제 벌어들인 소득뿐만 아니라 귀속 임대료 등과 같은 암묵적인 소득을 포함함.,"¶{포괄 소득화를} 했을 때 2017년 기준 우리나라의 노인 빈곤율은 34.8%로 독일, 영국, 미국 등 주요 8개국 중에서 가장 높았다.",22
2024,표준학급수,(標準學級數),,전문어,『교육』,〔교육〕,학급 당 교부금을 균등하게 산정하기 위해 실제 학급의 수가 아니라 학생의 수를 기준으로 하여 학급의 수를 계산하는 방식.,"¶OO 교수는 도시권과 비도시권 학급 간의 학생 수 차이가 큰 만큼, 전국적으로 동일한 {표준 학급 수} 개념을 만들어 교부금을 산정해야 한다고 말했다.",1
2024,푸드큐아르,(<영>food QR),,전문어,『정보ㆍ통신』,〔정보·기술〕,식품에 대한 자세한 정보가 담긴 큐아르 코드. 식품을 고유하게 구분하기 위한 상품 식별 코드와 해당 식품에 관한 다양한 정보로 연결되는 인터넷 주소가 포함되어 있다. =푸드 큐아르 코드.,¶식품 안전 의약처에서 포장지에 표시된 정보 이외의 종합 정보를 간편하게 확인할 수 있는 {푸드 큐아르} 정보 시스템을 구축했다.,0
2024,푸드큐아르코드,(<영>food QR code),,전문어,『정보ㆍ통신』,〔정보·기술〕,식품에 대한 자세한 정보가 담긴 큐아르 코드. 식품을 고유하게 구분하기 위한 상품 식별 코드와 해당 식품에 관한 다양한 정보로 연결되는 인터넷 주소가 포함되어 있다. =푸드 큐아르.,¶OO은 {푸드 큐아르 코드} 국제 표준화 추진을 위한 업무 협약을 체결했다.,0
2024,푹스디스트로피,(Fuchs<영>dystrophy),,전문어,『의학』,〔보건·의학〕,각막 내피세포의 점진적인 손상 및 감소로 각막 부종과 시력 손실을 유발하는 유전성 안과 질환.,¶질병 관리청이 {푹스 디스트로피} 등을 포함한 83개 질환을 국가 관리 대상 희귀 질환으로 지정했다고 밝혔다.,16
2024,푼타데바카스잎귀쥐,(Punta de Vacas잎귀쥐),합성,전문어,『동물』,〔동식물〕,"쥣과의 하나. 해발 고도 6,000미터 이상의 고도에서 서식하여 현재 발견된 포유류 중 가장 높은 고도에서 서식하는 포유류이다.","¶미국 연구 팀이 남아메리카 안데스산맥 해발 고도 6,000미터 이상 고산 지대에서 살았던 것으로 추정되는 {푸나데바카스잎귀쥐의} 미라를 발굴했다.",2
2024,플러그엔비,(<영>pluggnb),차용,전문어,『음악』,〔문화〕,힙합의 하위 장르인 플러그와 아르 엔 비가 결합한 음악 장르. 몽환적인 음악 스타일이 특징이다.,¶OO은 {플러그엔비와} 하우스를 결합한 음원으로 빌보드 입성에 성공했다.,82
2024,플레우로시스티티드,(<라>pleurocystitid),차용,전문어,『동물』,〔동식물〕,"극피동물문에 속하는 해저 동물. 크기는 10㎝ 정도이며, 약 4억 5천만 년 전 바다 밑바닥에서 서식하였다.","¶미국 OO대 연구진은 4억 5,000만 년 전 바다 밑바닥을 기어다녔던 동물인 {플레우로시스티티드를} 로봇으로 만들어 재현하는 데 성공했다고 밝혔다.",2
2024,피코플레어,(<영>picoflare),합성,전문어,『천문』,〔자연〕,태양에서 발생하는 가장 큰 플레어의 약 1조분의 1만큼의 에너지를 가진 플레어. 피코는 약 10의 12승(1조)을 의미하는 단위이다.,¶{피코플레어는} 에너지는 작지만 그 수가 많아 1분만 활동해도 거대한 태양풍에 플라스마를 제공할 수 있다.,3
2024,피코플레어제트,(<영>picoflare jet),,전문어,『천문』,〔자연〕,태양에서 발생하는 가장 큰 플레어에 비해 에너지가 약 1조분의 1에 불과한 소규모 플레어에서 나오는 제트 기류. 피코는 약 10의 12승(1조)을 의미하는 단위이다.,"¶연구 팀은 {피코플레어 제트와} 같은 작은 가스 분출 현상으로 인해 태양 외부로 물질들이 분출되고, 우주로 밀어낸 많은 수의 입자가 강력한 태양풍을 일으킨다고 추정하고 있다.",2
2024,필수의료유지명령,(必須醫療維持命令),,전문어,『행정』,〔정치와 행정〕,"국민의 생명권과 건강 보호를 위해, 정부가 의료 기관에 필수 진료를 중단하지 않도록 강제하는 행정 명령. 2024년 의과 대학 입학 정원 확대에 반발하여 전공의들이 집단 연가를 신청하자 발령되었다.","¶정부는 전공의 복귀를 유도하기 위해 {필수 의료 유지 명령과} 업무 개시 명령, 사직서 수리 금지 명령을 내렸다.",599
2024,필수의료패키지,(必須醫療<영>package),,전문어,『보건 일반』,〔보건·의학〕,"생명과 직결되는 필수 의료에 대한 접근성을 높이기 위해 도입한 네 가지 핵심 과제인 ‘의료 인력 확충, 지역 의료 강화, 의료 사고 안정망 구축, 보상 체계 공정성 확보’를 이르는 말.",¶OO 회장은 자신의 소셜 네트워크 서비스에 정부의 일방적인 의대 증원과 {필수 의료 패키지} 발표에 유감이라는 글을 게시하였다.,2000
2024,학교폭력전담조사관,(學校暴力專擔調査官),,전문어,『교육』,〔교육〕,"학교 폭력 사건을 전담하여 전문적으로 조사하고 처리하는 조사관. 교사의 업무 부담을 줄이고 학생과 학부모의 신뢰를 높이며, 조사 과정의 공정성과 전문성을 확보하는 역할을 한다.",¶OO 의장은 학교 폭력이 발생하면 발생 장소가 학교 안이든 밖이든 {학교 폭력 전담 조사관이} 조사하겠다고 말했다.,2000
2024,학교폭력전담조사관제,(學校暴力專擔調査官制),,전문어,『교육』,〔정치와 행정〕,"학교 폭력 사건을 전문적으로 조사하고 처리하기 위하여 전담 조사관을 두는 제도. 교사의 업무 부담을 줄이고 학생과 학부모의 신뢰를 높이며, 조사 과정의 공정성과 전문성을 확보하기 위하여 도입되었다.",¶{학교 폭력 전담 조사관제가} 도입되면 학교 측은 교육의 기능 강화 및 피해 학생과 가해 학생의 관계 개선에 집중할 수 있다.,456
2024,한우법,(韓牛法),합성,전문어,『법률』,〔정치와 행정〕,"탄소 중립 실현과 기후 변화 대응을 위한 축산 환경의 전환, 한우 산업의 경쟁력 강화를 위해 제정한 법률. 정식 명칭은 ‘탄소 중립에 따른 한우 산업 전환 및 지원에 관한 법률’이다. =한우 사업법.","¶오는 24일, 전국 한우 협회는 국회 의원 회관 대강당에서 지속 가능한 한우 산업을 위한 {한우법} 제정 국회 토론회를 개최한다.",579
2024,한우사업법,(韓牛事業法),,전문어,『법률』,〔정치와 행정〕,"탄소 중립 실현과 기후 변화 대응을 위한 축산 환경의 전환, 한우 산업의 경쟁력 강화를 위해 제정한 법률. 정식 명칭은 ‘탄소 중립에 따른 한우 산업 전환 및 지원에 관한 법률’이다. =한우법.",¶한우 산업 발전을 위해 농가를 지원하는 {한우 사업법과} 농어업인 대표 조직 설립을 위한 농어업 회의소 법이 여당의 반대 속에 처리되었다.,4
2024,합가보류,(合家保留),,전문어,『행정』,〔삶〕,결혼 이후 혼인 신고를 바로 하지 않고 나중으로 미루어 둠.,"¶취득세 강화 정책으로 주택 매수를 감소시키는 데 일부 기여했지만, {합가 보류를} 통해 보유 주택 수를 낮추는 등의 규제 회피 방안으로 인해 그 효과가 반감됐다.",10
2024,항로표지식별장치,(航路標識識別裝置),,전문어,『교통』,〔사회생활〕,배가 항로에 따라 안전하게 항해하도록 돕기 위해 해상이나 육상에 설치된 표식 장치.,"¶항로 표지 관리원은 {항로 표지 식별 장치를} 점검하고, 이상이 발생하면 직접 수리까지 한다.",1
2024,해병대원특검법,(海兵隊員特檢法),,전문어,『법률』,〔정치와 행정〕,해병대 제1사단 소속 일병의 사망 사고와 관련된 수사 과정에서 일어난 수사 방해 또는 은폐 의혹을 해소하기 위해 제정된 특검법. 정식 명칭은 ‘순직 해병 수사 방해 및 사건 은폐 등의 진상 규명을 위한 특별 검사의 임명 등에 관한 법률안’이다.,¶OO당은 국회 임기 마무리 전 {해병대원 특검법의} 본회의 통과를 촉구했다.,2000
2024,해풍법,(海風法),합성,전문어,『법률』,〔정치와 행정〕,해상 풍력 사업 절차를 정부 주도 방식으로 단순화하고 신속히 추진하기 위해 제정된 법안. 정식 명칭은 ‘해상풍력 보급 촉진 및 산업 육성에 관한 특별법’이다.,¶OO 산업 통상 자원부 차관은 {해풍법을} 바탕으로 해당 지역을 집적화 단지로 추진하려 한다고 설명했다.,42
2024,행동후성유전학,(行動後成遺傳學),,전문어,『생명』,〔교육〕,"개인의 행동 및 경험이 유전자 발현을 활성시키거나 패턴을 변화시키고, 이것이 다음 세대로 유전되는 현상을 연구하는 학문.",¶{행동 후성 유전학}은 DNA가 우리를 통치하는 것이 아니라 발달 체계의 일원이라는 것을 알려준다.,9
2024,행정카르텔,(行政<독>Kartell),,전문어,『행정』,〔사회생활〕,행정 기관이 자신들만의 이익을 극대화하기 위하여 서로 협력하는 행위. 또는 그런 집단.,¶OO협회는 문화 체육 관광부의 퇴행적 출판 정책을 비판하며 {행정 카르텔을} 해체하라는 목소리를 냈다.,2
2024,헥사하이드로칸나비헥솔,(<영>hexahydrocannabihexol),차용,전문어,『약학』,〔보건·의학〕,대마초의 주요 향정신성 성분인 테트라하이드로칸나비놀과 구조적으로 유사한 합성 화합물.,¶일본 후생 노동성에 따르면 {헥사히드로칸나비헥솔은} 대마 성분을 포함해서 규제된 유해 성분 ‘THC’와 유사하게 만들어진 합성 화합물이다.,6
2024,호랑무늬딱총새우,(虎狼무늬딱銃새우),합성,전문어,『동물』,〔동식물〕,딱총새웃과의 갑각류. 몸은 5㎝ 정도이며 호랑이 무늬를 연상시키는 얼룩무늬가 있다. 주로 열대 및 아열대 바다에서 서식한다.,¶{호랑무늬딱총새우는} 2018년부터 서귀포 연안에서 발견되었으나 이번에 정확한 종이 확인됐다.,37
2024,호모프롬프트,(<라>homo<영>prompt),,전문어,『정보ㆍ통신』,〔인간〕,생성형 인공 지능과의 상호 작용을 통해 최적의 프롬프트를 생산하는 인간. 라틴어 ‘호모’와 영어 ‘프롬프트’를 결합하여 만든 말이다.,"¶생성형 인공 지능 시대는 새로운 인류인 {호모 프롬프트의} 출현을 알리면서, 이제는 인공 지능에 질문하고 명령하는 기술이 중요해졌다.",328
2024,환형유치율,(換刑留置率),,전문어,『법률』,〔개념〕,벌금이나 과료를 내지 못하는 사람을 노역장에 유치하는 등의 환형이 실행되는 비율.,¶대검찰청에 따르면 벌금형 대상 범죄자 중 노역형으로 전환된 비율인 {환형 유치율이} 지난달 기준 6.76%로 나타났다.,3
2024,회생저항장치,(回生抵抗裝置),,전문어,『전기ㆍ전자』,〔정보·기술〕,전동 시스템에서 발생한 회생 전력을 열로 변환시켜 전력 계통의 손상을 방지하고 시스템의 안정을 확보하는 전력 전자 장치.,¶조사 결과 이번에 일어난 화재는 기계실에 설치된 {회생 저항 장치의} 노후화로 인해 발생하였다.,1
2024,희소비만증,(稀少肥滿症),,전문어,『의학』,〔보건·의학〕,유전적·내분비적 이상 등으로 인해 포만감을 느끼지 못해 식욕이 제어되지 않아 발병하는 비만증.,¶국내 기업이 유전자 결함으로 포만감을 느끼지 못해 식욕이 제어되지 않는 질병인 {희소 비만증을} 치료할 수 있는 신약을 개발하여 임상 실험에 돌입하였다.,8
