source_index,target_term,target_category,distractor_category,answer,option_A,option_B,option_C,option_D,option_E
0,쌉파서블,사회생활,자연,B,국가 기후 비상사태,쌉파서블,플루닛,합성 가뭄 지수,암석 플라스틱
1,아동 돌봄 쿠폰,정치와 행정,인간,E,서오남,설거지남,의노예,누칼협,아동 돌봄 쿠폰
2,아동 양육 쿠폰,정치와 행정,동식물,C,플레우로시스티티드,제주남방밤달팽이,아동 양육 쿠폰,이링기아,익티오티탄 세베르넨시스
3,아베노마스크,정치와 행정,의생활,C,마스크 화장법,코티지코어 룩,아베노마스크,신꾸,어퍼웨어
4,아이 돌봄 쿠폰,정치와 행정,정보·기술,E,비지상 통신망,전자 성능 추적 시스템,비전 언어 모델,생성 에이아이,아이 돌봄 쿠폰
5,아이 돌봄 포인트,정치와 행정,정보·기술,D,생성 에이아이,자석발,온 디바이스 폰,아이 돌봄 포인트,워크넥트
6,안방 요금,경제생활,주생활,B,썩파트,안방 요금,소세권,창툭튀,직락
7,안보 삼각형,정치와 행정,개념,D,스까국,교자성,연체 지속률,안보 삼각형,디지털 헬스 지표
8,안심 가림막,보건·의학,식생활,C,돌밥돌밥,애사비,안심 가림막,해산물주의자,맛그레이드
9,안심 면회,사회생활,정보·기술,C,킥 스테이지,전자 성능 추적 시스템,안심 면회,유스 앱,푸드 큐아르
10,안심 외래 진료소,보건·의학,삶,E,조비이락,돔황챠,냥또,노 주취자 존,안심 외래 진료소
11,애국 테마주,경제생활,삶,A,애국 테마주,근육 옷감,캐시 펍,근테크족,코로나 전쟁
12,애프터 코로나,삶,사회생활,A,애프터 코로나,해글봇,꾸웨액,낀 낀 세대,엔시티피케이션
13,약물 치유 법원,정치와 행정,의생활,C,스키니피케이션,블록코어 룩,약물 치유 법원,꾸안꾸 룩,얼죽크족
14,양압 차량,보건·의학,주생활,D,짜세권,손주턴,호텔 거지,양압 차량,창툭튀
15,양압차,보건·의학,인간,E,디깅족,가속주의자,맑눈,세계뽕,양압차
16,양육 쿠폰,정치와 행정,정보·기술,B,비전 언어 모델,양육 쿠폰,비디오 언어 모델,킥 스테이지,생성 에이아이
17,양자 보안 폰,사회생활,정보·기술,C,생성 에이아이,회생 저항 장치,양자 보안 폰,블랙 키워드,외식 테크
18,어린이 생명 법안,정치와 행정,정보·기술,B,외식 테크,어린이 생명 법안,회생 저항 장치,워크넥트,자기 토커
19,어선원 보험법,정치와 행정,경제생활,D,경제 부스터 샷,펫시터 중개업,소부장 산업,어선원 보험법,명절 테크
20,어퍼웨어,의생활,주생활,B,손주턴,어퍼웨어,통뼈 캐슬,반세권,쿠세권
21,언컨택트,사회생활,문화,A,언컨택트,국현미,풀 더빙 툰,스위프톨로지,랜선 문화
22,언택트 경제,경제생활,삶,E,북켓팅,저니,편텐츠,블세,언택트 경제
23,언택트 러닝,교육,사회생활,E,자가 격리 앱,그레이 그린,민지 세대,언컨택트,언택트 러닝
24,언택트 범죄,정치와 행정,개념,B,광 자력계,언택트 범죄,스까국,배터리 환경성 계수,디지털 헬스 지표
25,언택트 산업,경제생활,정보·기술,D,온 센서 에이아이,양자 비트 플랫폼,범용 일반 인공 지능,언택트 산업,원격 사격 무기 통제 체계
26,언택트 시네마,문화,사회생활,E,인솔 밴드,갓무직,네카엘스크,콜 체크인,언택트 시네마
27,언택트 영업,경제생활,정치와 행정,C,세금 멈춤법,청와대 해체론,언택트 영업,한국 멸시론자,해풍법
28,언택트 존,경제생활,동식물,D,멍감님,유럽 녹색 꽃게,지옥개미,언택트 존,나토베나토르 폴리돈투스
29,언택트주,경제생활,교육,B,온 학교 교육 회복 학습 지원,언택트주,에듀핀,직장인 수능러,메타 물리학
30,에코 프로파일링,정치와 행정,교육,A,에코 프로파일링,교육 회복 추진단,생체 직교 화학,휴먼 트루스,언택트 러닝
31,엔 번 방 사건,정치와 행정,교육,D,열대림 생태학,재택 응시생,비대면 강의,엔 번 방 사건,이 학습터
32,여객 자동차 운송 플랫폼,사회생활,개념,D,통합 수질 지수,체이스퍼,국가 우주 산업 벨트,여객 자동차 운송 플랫폼,쫌쫌따리
33,연관 검색어 정화 운동,사회생활,인간,B,웃안웃,연관 검색어 정화 운동,루빙뽕,크크루삥뽕,지뢰 설치반
34,연락 제한 요청권,정치와 행정,의생활,B,블로케트,연락 제한 요청권,한복 공정,마꾸,대디 핏
35,연령 서열주의,사회생활,자연,A,연령 서열주의,국가 기후 비상사태,녹녹 갈등,피코플레어 제트,합성 가뭄 지수
36,온라인 개학,교육,식생활,E,공공 반납기,퇴식 로봇,현미무스,홈마카세,온라인 개학
37,온라인 노인정,삶,경제생활,C,급식 개미,참스피,온라인 노인정,금융 투자 소득세,삼오더
38,온라인 뷰잉 룸,문화,사회생활,D,숏 챗,무진동 항온 항습 차,랜선 축하,온라인 뷰잉 룸,먹튜브
39,온라인 실버타운,삶,자연,E,피코플레어 제트,유공 유리 분말,국가 기후 비상사태,암석 플라스틱,온라인 실버타운
40,온라인 탑골 공원,삶,인간,B,탄핵 만능주의자,온라인 탑골 공원,혼뛰족,호모 아딕투스,완내스
41,우한 코로나,보건·의학,경제생활,E,로빈 후드 운동,히어로노믹스,코로나 블랙 스완,따상상상,우한 코로나
42,우한 폐렴,보건·의학,교육,E,군졸 교과서,계약 정원제,생재수,언택트 러닝,우한 폐렴
43,워라밸 일자리 장려금,정치와 행정,식생활,B,맛그레이드,워라밸 일자리 장려금,돌밥돌밥,채식 선택제,닭코야키
44,워킹스루,보건·의학,개념,B,통합 수질 지수,워킹스루,옴니 유즈,교자성,스카이코럴
45,워킹스루 진료소,보건·의학,자연,C,피코플레어,녹녹 갈등,워킹스루 진료소,암석 플라스틱,안트로포퀴나스
46,원격 수업 시대,교육,정치와 행정,B,검사 임용 개혁법,원격 수업 시대,엔 번 방 사건,오커스,질병 휴직 심사제
47,위기 아동 경보망,정치와 행정,문화,C,퍼피 시네마,큐레이터 봇,위기 아동 경보망,교양툰,쉽살재빙
48,위기 극복 수당,정치와 행정,보건·의학,A,위기 극복 수당,전정 수도관 확장 증후군,워킹스루,에바스 증후군,생활 치료 시설
49,위기관리 참모 훈련,정치와 행정,주생활,A,위기관리 참모 훈련,쿠세권,재해 취약 주택,통뼈 캐슬,쿠키 컷
50,위드 코로나,삶,개념,D,교자성,퐁퐁 시티,국가 우주 산업 벨트,위드 코로나,연어 핑크색
51,위성 비례 정당,정치와 행정,보건·의학,B,결장 협착증,위성 비례 정당,혼합 검사법,선별 문진 표,뼈말라약
52,위험 유포 지수,경제생활,정보·기술,B,외식 테크,위험 유포 지수,워크넥트,자기 토커,양자 비트 플랫폼
53,위험 행상 지수,경제생활,자연,A,위험 행상 지수,녹녹 갈등,피코플레어 제트,암석 플라스틱,교자성체
54,유튜버셀러,경제생활,사회생활,B,스리가또,유튜버셀러,안심 전세 앱,기근 바이러스,펫 위탁소
55,으뜸 효율 가전,주생활,의생활,E,스키니피케이션,그랜파코어,대디 핏,가상 세계 패션,으뜸 효율 가전
56,음향 집게,경제생활,삶,A,음향 집게,클수저,공스장,합가 보류,브래키톨로지
57,의료 수어 통역사,보건·의학,정치와 행정,E,국폭,중심 지역 관서제,비호감 선거,빵 서기관,의료 수어 통역사
58,이 시국 여행,삶,경제생활,D,편장족,공공 금융 플랫폼,비화이트국,이 시국 여행,세미브리더
59,이 학습터,교육,식생활,B,술피뎀,이 학습터,식후탕,퇴식 로봇,남타커
60,이동 검체 채취,보건·의학,정보·기술,D,비지상 통신망,범용 일반 인공 지능,온 센서 에이아이,이동 검체 채취,푸드 큐아르 코드
61,이동 선별 진료,보건·의학,동식물,C,익티오티탄 세베르넨시스,유럽 녹색 꽃게,이동 선별 진료,가스테란투스 익스팅크투스,화상 벌레
62,이동 선별 진료소,보건·의학,교육,A,이동 선별 진료소,벚꽃 개강,생체 직교 화학,행동 후성 유전학,생재수
63,이링기아,동식물,주생활,A,이링기아,반세권,썩파트,러스틱 라이프,육아 친화 주택
64,인싸 커피,식생활,정치와 행정,B,풍선 갈등,인싸 커피,탈핑크 타이드,멸콩,국민 내일 배움 카드
65,일시 귀국생,교육,보건·의학,B,사전 환자 분류소,일시 귀국생,국가 전임상 시험 지원 센터,티모시 증후군,코로나 블루
66,일탈 계정,사회생활,교육,E,열대림 생태학,재능 사다리,코로나 손실 보상법,교육 회복 추진단,일탈 계정
67,일탈계,사회생활,의생활,B,얼죽크,일탈계,마꾸,킬로 숍,엠 뷰티
68,임금 직무 정보 시스템,정치와 행정,주생활,D,공간 결정론,통뼈 캐슬,썩파트,임금 직무 정보 시스템,이사완박
69,임시 지방 공휴일,사회생활,정치와 행정,B,필수 의료 유지 명령,임시 지방 공휴일,치킨 노조법,수사 심사관,구글 갑질 방지법
70,자가 격리 면제서,정치와 행정,문화,B,국현미,자가 격리 면제서,쉽살재빙,온라인 뷰잉 룸,명언돌
71,자가 격리 앱,사회생활,주생활,D,육아 친화 주택,손주턴,러스틱 라이프,자가 격리 앱,직락
72,자본 심화 지수,경제생활,교육,D,책임 등교,계약 정원제,생체 직교 화학,자본 심화 지수,학교 폭력 전담 조사관
73,자유 계약 점포,경제생활,사회생활,A,자유 계약 점포,좋댓구알,레이블링 게임,어라로브스터,많관부
74,자율 공급망,경제생활,주생활,D,내 집 마련 리츠 주택,으뜸 효율 가전,쿠세권,자율 공급망,졸리 컷
75,작아 격리,인간,자연,C,플루닛,지구 열대화,작아 격리,교자성체,암석 플라스틱
76,잔돈 계좌 적립 서비스,경제생활,문화,A,잔돈 계좌 적립 서비스,웨장센,돌친자,프로토니즘 이론,게이밍 숍
77,재난 구조 수당,정치와 행정,정보·기술,E,회생 저항 장치,푸드 큐아르 코드,유스 앱,비전 파운데이션 모델,재난 구조 수당
78,재난 극복 수당,정치와 행정,의생활,C,슈즈 코드,가상 세계 패션,재난 극복 수당,팬티 코딩,대디 핏
79,재난 기본 소득,정치와 행정,경제생활,E,디토 소비,브러싱 스캠,실질 신용 갭률,알테쉬,재난 기본 소득
80,재난 기본 소득제,정치와 행정,인간,D,김모족,폭룡적,너또다,재난 기본 소득제,크크루삥뽕
81,재난 긴급 생활 지원금,정치와 행정,경제생활,A,재난 긴급 생활 지원금,예금 테크족,명절 테크,숏케팅,바이미식스
82,재난 긴급 생활비,정치와 행정,의생활,B,얼죽크,재난 긴급 생활비,비둘기 룩,그랜파코어 룩,신꾸
83,재난 긴급 소득 지원 제도,정치와 행정,주생활,A,재난 긴급 소득 지원 제도,쿠세권,썩파트,육아 친화 주택,재해 취약 주택
84,재난 생계 소득,정치와 행정,보건·의학,A,재난 생계 소득,낙수과,스텔스 오미크론,워킹스루 진료소,신종 코로나 감염증
85,재난 생계 수당,정치와 행정,보건·의학,D,비말 차단 마스크,췌도 부전증,양압 차량,재난 생계 수당,비말 차단용 마스크
86,재난 생계 지원금,정치와 행정,삶,D,기후 영향 사업,조비이락,노 썸바디 존,재난 생계 지원금,웹 시집
87,재난 생계비,정치와 행정,동식물,A,재난 생계비,댕쪽이,도너견,나토베나토르 폴리돈투스,토마토뿔나방
88,재난 생활 안정 자금,정치와 행정,보건·의학,D,국가 돌봄 병원,생활 치료 시설,비말 마스크,재난 생활 안정 자금,델타크론
89,재난 생활 지원금,정치와 행정,보건·의학,A,재난 생활 지원금,환절통,약제 배송 로봇,신속 방문 검사,혼합 검체 기법
90,재난 생활비,정치와 행정,경제생활,C,리퀴드 소비,비백색 국가,재난 생활비,벼락거지,펀 커머스
91,재난 소득 기금,정치와 행정,문화,C,국립 뮤지컬 진흥원,탑골 가요,재난 소득 기금,온세뉴,큐레이터 봇
92,재난 수당,정치와 행정,의생활,D,개리야스,그랜파코어 룩,무게 샵,재난 수당,데스크 패션
93,재량 간주 시간 근로제,정치와 행정,경제생활,D,플랫폼 운수 사업자,돈쭐,빵플레이션,재량 간주 시간 근로제,쉬세션
94,재미 슬쩍꾼,인간,정치와 행정,E,도심 복합 개발 지원법,한국 멸시론자,긴급 고용 유지 지원금,코로나 공조,재미 슬쩍꾼
95,재양성자,보건·의학,정치와 행정,B,레지던스 트랙,재양성자,건폭 수사,백신 휴가 제도,성범죄 백서
96,전자 보석 제도,정치와 행정,의생활,E,오피스코어 룩,킬로 숍,마스크 프루프,할미 룩,전자 보석 제도
97,전자 수행 추적 시스템,삶,의생활,B,코티지코어 룩,전자 수행 추적 시스템,워크 레저 패션,마꾸,어퍼웨어
98,정보 감염증,삶,동식물,B,지옥개미,정보 감염증,유럽 녹색 꽃게,호랑무늬딱총새우,토마토뿔나방
99,종합 지급 결제 사업,경제생활,삶,C,롤코 라이프,학폭 세탁,종합 지급 결제 사업,짬 처리론,자퇴 각
100,종합 지급 결제 사업자,경제생활,동식물,D,호랑무늬딱총새우,플레우로시스티티드,토마토뿔나방,종합 지급 결제 사업자,푼타데바카스잎귀쥐
101,종합 지급 결제업,경제생활,정보·기술,C,비지상 통신망,블랙 키워드,종합 지급 결제업,워크넥트,외식 테크
102,종합 지급 결제업자,경제생활,삶,D,전자 수행 추적 시스템,하체털기,무피장타,종합 지급 결제업자,공스장
103,줌폭탄,사회생활,인간,C,딩콰드,잼민이,줌폭탄,치팅범,미식주의자
104,집중 감염원,보건·의학,자연,B,녹녹 갈등,집중 감염원,새똥광,암석 플라스틱,피코플레어 제트
105,집중 사냥 지역,정치와 행정,주생활,A,집중 사냥 지역,짜세권,순살 아파트,레이어드 홈,남산 프레스티지 벨트
106,집콕 시대,삶,주생활,E,러스틱 라이프,삼대 이모님,통뼈 캐슬,반세권,집콕 시대
107,집콕 요리,식생활,경제생활,C,마코인,클릭코노미,집콕 요리,시간 가중 평균 환율,안방 요금
108,집콕 운동,삶,의생활,D,스키코어 룩,블록코어 룩,오피스코어 룩,집콕 운동,뉴 머니 룩
109,집터 파크,삶,의생활,E,얼죽크족,개리야스,데스크 패션,뉴 머니 룩,집터 파크
110,차령 공제율,정치와 행정,자연,C,유공 유리 분말,국가 기후 비상사태,차령 공제율,피코플레어,플루닛
111,채식 선택제,식생활,주생활,E,쿠키 컷,호텔 거지,러스틱 라이프,육아 친화 주택,채식 선택제
112,책값 반환제,정치와 행정,식생활,C,배민맛,크룽지,책값 반환제,맛그레이드,당모치
113,청년 긴급 수당,정치와 행정,식생활,C,오저치고,공기단백질,청년 긴급 수당,장포족,쫀복이
114,청포족,경제생활,정치와 행정,C,공정 벌금,주죽야스,청포족,학교 폭력 전담 조사관제,긴급 청년 수당
115,취합 검사 기법,보건·의학,정보·기술,A,취합 검사 기법,온 센서 에이아이,원격 사격 무기 통제 체계,푸드 큐아르,비디오 언어 모델
116,취합 검사법,보건·의학,사회생활,A,취합 검사법,엔시트화,알빠임,대팔대사,에프와이피
117,친환경 집밥,식생활,동식물,B,원형 알엔에이,친환경 집밥,화상 벌레,이형 두릅,냥퀴벌레
118,카피방,사회생활,식생활,D,닭코야키,슈붕,채식 선택제,카피방,소식좌
119,케이 방역,보건·의학,의생활,D,젠더 플루이드 패션,어퍼웨어,마꾸,케이 방역,얼죽크
120,케이 진단 키트,보건·의학,사회생활,B,디토 사회,케이 진단 키트,앱만추,방방봐,쿠팡 세대
121,코로나 공조,정치와 행정,의생활,D,마스크 메이크업,오피스코어 룩,데스크 패션,코로나 공조,워크 레저 패션
122,코로나 대출,경제생활,정치와 행정,C,로켓 정산법,사전 위탁 보호 제도,코로나 대출,종합 방탄 세트,달파멸콩
123,코로나 베이비,인간,보건·의학,C,생활 방역 수칙,근육 적금,코로나 베이비,취합 검사 기법,공동 격리자
124,코로나 베이비 붐,삶,인간,B,킹받드라쉬,코로나 베이비 붐,찐줌마,치팅범,호모 마스크쿠스
125,코로나 보릿고개,경제생활,식생활,A,코로나 보릿고개,끼니 노동,쫀복이,닭코야키,장포족
126,코로나 블랙,보건·의학,자연,D,국가 기후 비상사태,새똥광,피코플레어,코로나 블랙,플루닛
127,코로나 블랙 스완,경제생활,인간,C,디깅족,촌므파탈,코로나 블랙 스완,탈쿠팡족,누칼협
128,코로나 블랙홀,삶,주생활,A,코로나 블랙홀,내 집 마련 리츠 주택,재해 우려 주택,호텔 거지,공간 결정론
129,코로나 블루,보건·의학,정보·기술,D,비디오 언어 모델,푸드 큐아르,비지상 통신망,코로나 블루,자기 토커
130,코로나 비만,삶,인간,B,관음충,코로나 비만,작먼귀,휴식뇌,쌉극혐
131,코로나 사피엔스,인간,의생활,E,오피스코어 룩,할미 룩,마스크 프루프,얼죽크족,코로나 사피엔스
132,코로나 세대,사회생활,인간,C,경육남,유덜트,코로나 세대,설거지론,킹받는
133,코로나 쇼크,경제생활,동식물,A,코로나 쇼크,푼타데바카스잎귀쥐,익티오티탄 세베르넨시스,제주남방밤달팽이,댕쪽이
134,코로나 수능,교육,정치와 행정,E,기업 구호 긴급 자금,세종 지법 설치법,지방 분권 균형 발전법,긴급 재난금,코로나 수능
135,코로나 수당,정치와 행정,정보·기술,D,워크넥트,비지상 통신망,범용 일반 인공 지능,코로나 수당,푸드 큐아르
136,코로나 신데렐라,경제생활,보건·의학,A,코로나 신데렐라,환절통,근원 환자,델타크론,수정체낭 절개술
137,코로나 안개,삶,경제생활,B,상거래 신용 등급,코로나 안개,자유 계약 점포,자이낸스,테무 지옥
138,코로나 앱,보건·의학,자연,D,암석 플라스틱,지구 열대화,국가 기후 비상사태,코로나 앱,새똥광
139,코로나 우울감,보건·의학,개념,A,코로나 우울감,체이스퍼,퐁퐁 시티,통합 수질 지수,교자성
140,코로나 우울증,보건·의학,사회생활,B,랜선 초대장,코로나 우울증,귀가팟,우버 파킹,관계 포비아
141,코로나 이혼,삶,정보·기술,D,온 디바이스 폰,비전 파운데이션 모델,범용 일반 인공 지능,코로나 이혼,갈고리즘
142,코로나 전쟁,삶,의생활,C,스키니피케이션,엠 뷰티,코로나 전쟁,워터밤 룩,발레코어
143,코로나 정치,정치와 행정,경제생활,C,음향 집게,코로나 채권,코로나 정치,금융 안정 특별 대출 제도,알리 지옥
144,코로나 정치,정치와 행정,경제생활,C,기안 기금 채권,상업 지역 총량제,코로나 정치,귀가 안심 보험,현금 바인더
145,코로나 채권,경제생활,보건·의학,D,국가 돌봄 병원,희소 비만증,아재 백신,코로나 채권,정자 공여 시술
146,코로나 총선,정치와 행정,교육,D,을평성대,언택트 러닝,직장인 수능러,코로나 총선,빵공족
147,코로나 특수,경제생활,개념,E,스카이코럴,연체 지속률,광 자력계,퐁퐁 시티,코로나 특수
148,코로나 팬데믹,보건·의학,의생활,D,개리야스,동탄 룩,할미 룩,코로나 팬데믹,블로케트
149,코로나 포비아,보건·의학,식생활,B,에소바,코로나 포비아,집콕 요리,멍스킨라빈스,친환경 집밥
150,코로나 피싱,정치와 행정,삶,C,홈터 파크,포스트 코로나,코로나 피싱,클수저,공스장
151,코로나돌이,정치와 행정,문화,A,코로나돌이,새드 팝,플러그엔비,케이인니팝,온세뉴
152,코로나둥이,인간,경제생활,A,코로나둥이,테무깡,세컨슈머,소상공인 긴급 금융 구조안,기안 기금 채권
153,코로나 일구,보건·의학,주생활,E,졸리 컷,남산 프레스티지 벨트,러스틱 라이프,공간 결정론,코로나 일구
154,코로나바이러스 감염증 일구,보건·의학,자연,E,국가 기후 비상사태,녹녹 갈등,유공 유리 분말,새똥광,코로나바이러스 감염증 일구
155,코로나케이션,교육,삶,E,한계 근로 빈곤층,조비이락,유튜버 공화국,블세,코로나케이션
156,코로노미 쇼크,경제생활,삶,B,코로나 비만,코로노미 쇼크,폰꾸,괌옥,소득 동질혼
157,코로니얼 세대,사회생활,인간,C,홈마카세족,현기까,코로니얼 세대,김모족,자기 공감력
158,코비드 일구,보건·의학,주생활,B,통뼈 캐슬,코비드 일구,호텔 거지,반세권,롤링 바스켓
159,코비디보스,삶,인간,A,코비디보스,쏠드족,현기까,킹받드라쉬,디시 브레인
160,코비디엇,인간,개념,D,통합 수질 지수,광 자력계,엑사전자볼트,코비디엇,국가 우주 산업 벨트
161,큐레이터 봇,문화,삶,A,큐레이터 봇,혼놀로그,아끼똥,건식 세차장,나확행
162,탑골 가요,문화,정치와 행정,B,코로나 공조,탑골 가요,코돌이,재난 긴급 생활비,문화 워싱
163,탑골 스타,문화,자연,A,탑골 스타,국가 기후 비상사태,암석 플라스틱,안트로포퀴나스,새똥광
164,택배 없는 날,사회생활,동식물,E,원형 알엔에이,익티오티탄 세베르넨시스,댕쪽이,체조견,택배 없는 날
165,퇴사 플래너,사회생활,의생활,D,가상 세계 패션,스핏 후드,꾸안꾸 룩,퇴사 플래너,스키니피케이션
166,퇴식 로봇,식생활,문화,D,국립 뮤지컬 진흥원,랜선 문화,국가 민속 유산,퇴식 로봇,게이밍 숍
167,투게더 앳 홈,사회생활,정보·기술,A,투게더 앳 홈,생성형 에이아이,회생 저항 장치,양자 비트 플랫폼,비지상 통신망
168,트래블 버블,정치와 행정,경제생활,D,유튜버셀러,코로나 보릿고개,금스크,트래블 버블,엘에이치로남불
169,파생 포비아,경제생활,인간,E,탈쿠팡족,웃안웃,안티 인스타,내비남공,파생 포비아
170,팬티 코딩,의생활,교육,D,생체 직교 화학,이음 연령,코로나 수능,팬티 코딩,고등 직업 교육 거점 지구 지원 사업
171,펫시터 중개업,경제생활,인간,C,호모 마스크쿠스,어다행다,펫시터 중개업,악깡버,말따행따
172,포스트 코로나,삶,정치와 행정,E,달파멸콩,집중 사냥 지역,대장동 게이트,비호감 선거,포스트 코로나
173,플랫폼 운송 면허,경제생활,정보·기술,C,생성 에이아이,범용 일반 인공 지능,플랫폼 운송 면허,생성형 에이아이,킥 스테이지
174,플랫폼 운송 중개 사업,경제생활,인간,A,플랫폼 운송 중개 사업,자기 공감력,헬스테리어족,콰이어트퀴팅족,호모 마스쿠스
175,플랫폼 운수 사업,경제생활,자연,B,녹녹 갈등,플랫폼 운수 사업,피코플레어 제트,교자성체,지구 열대화
176,플랫폼 운수 사업자,경제생활,식생활,D,노 단체 존,비건 헬스,고짠,플랫폼 운수 사업자,애사비
177,플루닛,자연,문화,C,음튜버,큐레이터 봇,플루닛,탑골 가요,궁케팅
178,핀셋 방역,보건·의학,인간,D,김모족,삼미남,의마스,핀셋 방역,힙스티지
179,학부모 안심 학년,교육,사회생활,E,전관 용역,신바벨 시대,보복 회식,딥페이크물,학부모 안심 학년
180,학부모 안심 학년제,정치와 행정,식생활,B,에소바,학부모 안심 학년제,완냉족,달고나커피,채식 선택제
181,호프 테이프,삶,보건·의학,D,델타 변이,근육 적금,백신 사절단,호프 테이프,사스 코로나바이러스 이
182,혼합 검사법,보건·의학,경제생활,B,득템력,혼합 검사법,교권 보험,셀프 세일,자본주의 키즈
183,혼합 검체 기법,보건·의학,사회생활,B,공민지,혼합 검체 기법,꾸밈 노동 파업,쿠팡 세대,눕코노미
184,홈터 파크,삶,문화,D,신파 포비아,온세뉴,쉽살재빙,홈터 파크,게이밍 숍
185,화상 벌레,동식물,의생활,B,가상 세계 패션,화상 벌레,키드코어,팬티 코딩,블록코어 룩
186,확찐자,인간,동식물,E,지옥개미,깃깔따구속,호랑무늬딱총새우,토마토뿔나방,확찐자
187,사이버 레커,사회생활,정치와 행정,C,코돌이,재산 비례 벌금제,사이버 레커,생활 방역 체계,검핵관
188,사전 위탁 보호 제도,정치와 행정,자연,A,사전 위탁 보호 제도,녹녹 갈등,플루닛,안트로포퀴나스,새똥광
189,사전 위탁 보호제,정치와 행정,정보·기술,A,사전 위탁 보호제,범용 일반 인공 지능,비디오 언어 모델,온 디바이스 폰,워크넥트
190,삼대 이모님,주생활,삶,C,연못 뷰,스프링깅,삼대 이모님,뱀서라이크,뇌꾸
191,상생 소비 지원금,정치와 행정,주생활,D,재해 취약 주택,창툭튀,내 집 마련 리츠 주택,상생 소비 지원금,삼대 이모님
192,상폐 빔,경제생활,보건·의학,B,트윈데믹,상폐 빔,비말 마스크,코로나 우울감,더블링 확진
193,생떼탕,사회생활,동식물,E,원형 알엔에이,유럽 녹색 꽃게,댕쪽이,이링기아,생떼탕
194,서학 개미,경제생활,문화,E,실감 문화 공간,쉽살재빙,랜선 음악회,유교 패치,서학 개미
195,서학 개미 운동,경제생활,정치와 행정,A,서학 개미 운동,기간산업 안정 자금,전월세 금지법,주폭 방지법,임금 직무 정보 시스템
196,세계 백신 면역 개발 연합,정치와 행정,삶,A,세계 백신 면역 개발 연합,위드 코로나,홈터 파크,건강 보정 기대 수명,온라인 노인정
197,세금 멈춤법,정치와 행정,경제생활,E,업토버,소득 감소 진술서,브러싱 스캠,배배 테크,세금 멈춤법
198,손민수하여,삶,경제생활,E,알리 지옥,비추템,에피슈머,벼락빚거지,손민수하여
199,수정체낭 절개술,보건·의학,문화,C,신파 프레임,언택트 시네마,수정체낭 절개술,플러그엔비,국현미
200,쉬세션,경제생활,의생활,D,동탄 미시 룩,워크 레저 패션,블록코어 룩,쉬세션,비둘기 룩
201,스강 신청,식생활,개념,E,연어 핑크색,엑사전자볼트,코스피 이백 위클리 커버드 콜 에이티엠 지수,스카이코럴,스강 신청
202,스펜데믹,경제생활,문화,E,게이밍 숍,퍼피 시네마,신파 포비아,케이인니팝,스펜데믹
203,스핏 후드,의생활,주생활,B,창툭튀,스핏 후드,짜세권,통뼈 캐슬,문쿵
204,시기상조회,사회생활,정치와 행정,D,재난 생활 안정 자금,유금무죄 무금유죄,전략 장거리포,시기상조회,호주 런
205,신속 진단 검사 센터,보건·의학,개념,A,신속 진단 검사 센터,대기 정체 지수,옴니 유즈,배터리 환경성 계수,통합 수질 지수
206,쏠드족,인간,문화,E,국립 뮤지컬 진흥원,신파 프레임,큐레이터 봇,도슨트 북,쏠드족
207,아동 돌봄 특별 지원,정치와 행정,정보·기술,C,온 디바이스 폰,비전 파운데이션 모델,아동 돌봄 특별 지원,양자 비트 플랫폼,비지상 통신망
208,아동 특별 돌봄 지원,정치와 행정,자연,E,녹녹 갈등,새똥광,국가 기후 비상사태,피코플레어,아동 특별 돌봄 지원
209,아동 특별 돌봄 지원금,정치와 행정,의생활,E,데스크 패션,비둘기 룩,키드코어,릴렉스 코지 룩,아동 특별 돌봄 지원금
210,아동 특별 돌봄 지원비,정치와 행정,문화,B,교양툰,아동 특별 돌봄 지원비,궁케팅,풀 더빙 툰,국현미
211,아동 특별 돌봄비,정치와 행정,자연,E,안트로포퀴나스,녹녹 갈등,교자성체,국가 기후 비상사태,아동 특별 돌봄비
212,아재 백신,보건·의학,사회생활,E,낀 낀 세대,택배 없는 날,숏 챗,마스크 없무새,아재 백신
213,알몸 김치,식생활,정치와 행정,D,지민완박,비례 연합당,비례 위성당,알몸 김치,소부장 특별법
214,알파 변이,보건·의학,자연,E,피코플레어 제트,지구 열대화,녹녹 갈등,새똥광,알파 변이
215,액화 수소 열차,사회생활,삶,E,짬 처리론,멍쉼터,도한 놀이,피캉스,액화 수소 열차
216,양자 난수 생성 기술,경제생활,의생활,A,양자 난수 생성 기술,홈 오피스 웨어,개리야스,마스크 프루프,킬로 숍
217,에브리싱 랠리,경제생활,문화,C,게이밍 숍,궁케팅,에브리싱 랠리,탑골 스타,프로토니즘 이론
218,엔차 신상,경제생활,자연,C,녹녹 갈등,피코플레어,엔차 신상,교자성체,암석 플라스틱
219,엠 뷰티,의생활,정치와 행정,C,농어민 기본 소득 지원금,조력 존엄사법,엠 뷰티,육아 기본 소득,비례 연합당
220,여행 안전 권역,정치와 행정,개념,B,옴니 유즈,여행 안전 권역,환형 유치율,스카이코럴,엑사전자볼트
221,연금 개미,경제생활,교육,B,비대면 시험,연금 개미,닭 피 부모,벚꽃 개강,빵공
222,영끌러,경제생활,동식물,C,냥퀴벌레,유럽 녹색 꽃게,영끌러,지옥개미,푼타데바카스잎귀쥐
223,영끌 매수,경제생활,정치와 행정,E,대깨족,재난 생계 소득,기후 인지 예산제,재난 시기 상가 임대료 감면법,영끌 매수
224,영끌족,경제생활,동식물,D,익티오티탄 세베르넨시스,댕쪽이,냥퀴벌레,영끌족,나토베나토르 폴리돈투스
225,오륙남,인간,자연,D,피코플레어,유공 유리 분말,국가 기후 비상사태,오륙남,지구 열대화
226,우먼 버핏,경제생활,인간,B,올콘족,우먼 버핏,찐줌마,자기 공감력,현기까
227,워크 레저 패션,의생활,주생활,B,소세권,워크 레저 패션,쿠세권,으뜸 효율 가전,삼대 이모님
228,유도 슈트,경제생활,정치와 행정,E,언수처,부모 돌봄법,공정 벌금제,검핵관,유도 슈트
229,육아 기본 소득,정치와 행정,인간,C,골플루언서,웃안웃,육아 기본 소득,가족 돌봄 청소년,예스족
230,육아 전문 관리사,사회생활,교육,B,생체 직교 화학,육아 전문 관리사,빵공,메타 물리학,군졸 교과서
231,음토토,인간,보건·의학,D,아재 백신,방역 신뢰국,세계 보건 안전 지수,음토토,거점 전담 병원 의무 지정 기한
232,의무 공공 기여,정치와 행정,삶,D,근테크족,도한 놀이,편텐츠,의무 공공 기여,웜 뱅크
233,인플루언서블 세대,사회생활,삶,C,혼놀로그,건식 세차장,인플루언서블 세대,도한 놀이,냥또
234,일 가구 일 주택법,정치와 행정,삶,D,브래키톨로지,봄 자살,코로나칼립스,일 가구 일 주택법,노 탕후루 존
235,임대료 멈춤법,정치와 행정,식생활,D,닭코야키,멍미노피자,공유 식기,임대료 멈춤법,달고나커피
236,자본주의 키즈,경제생활,식생활,B,돼지게이터,자본주의 키즈,에소바,젤리쌈,맛그레이드
237,자율 방역 로봇,보건·의학,주생활,A,자율 방역 로봇,손주턴,호텔 거지,썩파트,남산 프레스티지 벨트
238,재난 시기 상가 임대료 감면법,정치와 행정,개념,C,대기 정체 지수,엑사전자볼트,재난 시기 상가 임대료 감면법,통합 수질 지수,국가 우주 산업 벨트
239,재산 비례 벌금제,정치와 행정,식생활,D,고짠,홈마카세,팥붕,재산 비례 벌금제,배민맛
240,잼민이,인간,사회생활,B,낀 낀 세대,잼민이,주불,꼬이직,알만추
241,전 국민 재난 지원 패키지,정치와 행정,개념,C,통합 수질 지수,광 자력계,전 국민 재난 지원 패키지,엑사전자볼트,배터리 환경성 계수
242,전략 장거리포,정치와 행정,보건·의학,A,전략 장거리포,세계 보건 안전 지수,면역 대리 지표,트윈데믹,생활 방역 시스템
243,전월세 금지법,정치와 행정,자연,B,교자성체,전월세 금지법,새똥광,플루닛,국가 기후 비상사태
244,전자 예방 접종 증명서,보건·의학,삶,B,전자 수행 추적 시스템,전자 예방 접종 증명서,웹 시집,향기멍,코로나칼립스
245,젊치인,정치와 행정,의생활,C,그랜파코어 룩,코티지코어 룩,젊치인,동탄 미시 룩,오피스코어 룩
246,점심시간 일괄 휴식제,정치와 행정,개념,C,디지털 헬스 지표,퐁퐁 시티,점심시간 일괄 휴식제,쫌쫌따리,대기 정체 지수
247,정자 공여 시술,보건·의학,정보·기술,D,갈고리즘,유스 앱,양자 비트 플랫폼,정자 공여 시술,외식 테크
248,정책형 뉴딜 펀드,경제생활,의생활,B,그랜파코어,정책형 뉴딜 펀드,킬로 숍,릴렉스 코지 룩,그랜파코어 룩
249,정치 신인 트랙,정치와 행정,삶,C,연쇄 흡연,폰꾸,정치 신인 트랙,자퇴 각,아끼똥
250,주가 꿈 비율,경제생활,보건·의학,A,주가 꿈 비율,재택 치료 키트,생활 방역 시스템,에바스 증후군,사전 환자 분류소
251,주포원,사회생활,의생활,A,주포원,데스크 패션,마스크 화장법,홈 오피스 웨어,대디 핏
252,주폭 방지법,정치와 행정,정보·기술,E,푸드 큐아르 코드,자석발,생성형 에이아이,비디오 언어 모델,주폭 방지법
253,줌피로,인간,정보·기술,C,온 센서 에이아이,워크넥트,줌피로,갈고리즘,블랙 키워드
254,줌술족,사회생활,인간,B,가족 돌봄 청소년,줌술족,가족 돌봄 청년,월천 도사,집착 광공
255,중수청,정치와 행정,개념,D,퐁퐁 시티,스카이코럴,연체 지속률,중수청,배터리 환경성 계수
256,중수청법,정치와 행정,개념,B,환형 유치율,중수청법,국가 우주 산업 벨트,배터리 환경성 계수,연체 지속률
257,중수청장,정치와 행정,정보·기술,E,킥 스테이지,자석발,비전 언어 모델,비디오 언어 모델,중수청장
258,중앙 예방 접종 센터,보건·의학,교육,A,중앙 예방 접종 센터,닭 피 부모,재택 수강생,메타 물리학,원격 수업 시대
259,지역 재생 잠재력 지수,경제생활,개념,A,지역 재생 잠재력 지수,퐁퐁 시티,쫌쫌따리,옴니 유즈,교자성
260,지옥개미,동식물,교육,E,등원 수업,코내기,재택 응시생,생체 직교 화학,지옥개미
261,집단 면역 가설,보건·의학,자연,C,녹녹 갈등,플루닛,집단 면역 가설,국가 기후 비상사태,유공 유리 분말
262,집착 광공,인간,주생활,D,남산 프레스티지 벨트,방꾸,쿠세권,집착 광공,레이어드 홈
263,쩝쩝박사,인간,삶,A,쩝쩝박사,도한 놀이,겟생,공스장,온라인 노인정
264,쫌쫌따리,개념,사회생활,D,완졸,기절 근무표,연관 검색어 정화 운동,쫌쫌따리,먹튜브
265,쫌쫌따리,개념,식생활,B,비건 헬스,쫌쫌따리,군싹,해산물주의자,커피카세
266,책임 등교,교육,자연,B,녹녹 갈등,책임 등교,교자성체,합성 가뭄 지수,국가 기후 비상사태
267,청년 특별 구직 지원금,정치와 행정,삶,C,재렉스,헬시플레저,청년 특별 구직 지원금,블세,역응원
268,청산 가정 반환율,경제생활,의생활,D,개리야스,동탄 미시 룩,블록코어 룩,청산 가정 반환율,워크 레저 패션
269,코로나 레드,인간,의생활,C,비둘기 룩,젠더 플루이드 패션,코로나 레드,코티지코어 룩,릴렉스 코지 룩
270,코로나 피로도,인간,정보·기술,D,온 센서 에이아이,외식 테크,원격 사격 무기 통제 체계,코로나 피로도,전자 성능 추적 시스템
271,코로나 학번,인간,식생활,A,코로나 학번,당모치,멍미노피자,곱게팅,친환경 집밥
272,코로나 손실 보상법,교육,정보·기술,D,비지상 통신망,자기 토커,블랙 키워드,코로나 손실 보상법,갈고리즘
273,코로나 앵그리,정치와 행정,보건·의학,D,케이 진단 키트,희소 비만증,케이 방역,코로나 앵그리,취합 검사법
274,코비디오 파티,사회생활,교육,A,코비디오 파티,학교 폭력 전담 조사관,책임 등교,고등 직업 교육 거점 지구 지원 사업,메타 물리학
275,코인 민심,경제생활,교육,D,책임 등교,협수용강,사탐 런,코인 민심,행동 후성 유전학
276,콜 체크인,사회생활,의생활,A,콜 체크인,얼죽크족,팬티 코딩,어퍼웨어,꾸안꾸 룩
277,쿠세권,주생활,식생활,C,달고나커피,오저치고,쿠세권,키슐랭,끼니 노동
278,크크루삥뽕,인간,동식물,C,원형 알엔에이,화상 벌레,크크루삥뽕,이링기아,체조견
279,탄소 조정세,정치와 행정,의생활,D,스키코어,개리야스,엠 뷰티,탄소 조정세,스핏 후드
280,태그니티 마케팅,경제생활,문화,C,탑골 가요,노년돌,태그니티 마케팅,랜선 문화,게이밍 숍
281,턱스크족,보건·의학,인간,A,턱스크족,마스크네,루빙뽕,골플루언서,인류뽕
282,테슬람,인간,문화,C,온세뉴,탑골 가요,테슬람,뉴트로 국악,케이인니팝
283,토지 임대부 기본 주택 공급 촉진 특별법,정치와 행정,인간,C,맘시생,활성뇌,토지 임대부 기본 주택 공급 촉진 특별법,마드름,말따행따
284,통합 수질 지수,개념,삶,B,기후 영향 사업,통합 수질 지수,웹 시집,영프스이,랜선 호캉스
285,트윈데믹,보건·의학,정치와 행정,B,재난 생계 수당,트윈데믹,검사 임용 개혁법,고용 평등 임금 공시제,농촌 소멸 기금
286,풀멍,삶,문화,D,랜선 문화,유교 패치,궁케팅,풀멍,신파 포비아
287,핀플루언서,경제생활,개념,E,통합 수질 지수,연체 지속률,엑사전자볼트,연어 핑크색,핀플루언서
288,하체털기,삶,식생활,D,공유 식기,공공 반납처,쫀복이,하체털기,이분 도체육
289,학대 정책계,정치와 행정,자연,A,학대 정책계,교자성체,새똥광,암석 플라스틱,합성 가뭄 지수
290,한계 근로 빈곤층,삶,정치와 행정,A,한계 근로 빈곤층,고준위 특별법,기간산업 기금,고특 회계,성범죄 백서
291,한국 여행 놀이,삶,의생활,A,한국 여행 놀이,그랜파코어 룩,할미 룩,뉴 머니 룩,얼죽크
292,한복 공정,의생활,사회생활,B,일탈계,한복 공정,인플루언서블 세대,노 마스크족,개인 경계선
293,할미 룩,의생활,동식물,A,할미 룩,플레우로시스티티드,냥퀴벌레,나토베나토르 폴리돈투스,도너견
294,호모 마스쿠스,인간,정보·기술,C,회생 저항 장치,온 디바이스 폰,호모 마스쿠스,킥 스테이지,온 센서 에이아이
295,호모 마스크쿠스,인간,교육,E,사탐 런,이 학습터,학교 폭력 전담 조사관,벚꽃 개강,호모 마스크쿠스
296,호텔 거지,주생활,정보·기술,D,킥 스테이지,생성형 에이아이,양자 비트 플랫폼,호텔 거지,자기 토커
297,홈 오피스 웨어,의생활,개념,E,국가 우주 산업 벨트,대기 정체 지수,코스피 이백 위클리 커버드 콜 에이티엠 지수,옴니 유즈,홈 오피스 웨어
298,확장 가상 세계,사회생활,개념,A,확장 가상 세계,쫌쫌따리,환형 유치율,연체 지속률,체이스퍼
299,뮨파,정치와 행정,개념,E,국가 우주 산업 벨트,연체 지속률,통합 수질 지수,코스피 이백 위클리 커버드 콜 에이티엠 지수,뮨파
300,방심 패스,보건·의학,인간,D,디시 브레인,디깅족,말따행따,방심 패스,캐해
301,방역 패스,보건·의학,식생활,D,곱게팅,케꾸,끼니 노동,방역 패스,달고나커피
302,배꼽 착륙,사회생활,경제생활,D,오케팅,테무깡,상추 테크,배꼽 착륙,상대적 불평등 지수
303,백신 국가 책임제,정치와 행정,자연,D,유공 유리 분말,새똥광,안트로포퀴나스,백신 국가 책임제,암석 플라스틱
304,백신 패스제,정치와 행정,동식물,E,이형 두릅,떠돌이쉬파리,푼타데바카스잎귀쥐,멍감님,백신 패스제
305,법카 농단,사회생활,의생활,E,키드코어,릴렉스 코지 룩,스핏 후드,대디 핏,법카 농단
306,벼락빚거지,경제생활,정치와 행정,B,신속 전액 보증,벼락빚거지,집중 사냥 지역,채상병법,찐윤무사
307,볕멍,삶,인간,D,시심비,삼미남,바이털뽕,볕멍,서육남
308,보복 회식,사회생활,개념,E,코스피 이백 위클리 커버드 콜 에이티엠 지수,퐁퐁 시티,디지털 헬스 지표,연체 지속률,보복 회식
309,분식주의자,식생활,정치와 행정,C,위기 아동 경보망,긴급 재난 생계비,분식주의자,교육 재난 지원금,달파멸콩
310,비말 환자,보건·의학,의생활,D,블로케트,슈즈 코드,신꾸,비말 환자,키드코어
311,비호감 선거,정치와 행정,정보·기술,B,블랙 키워드,비호감 선거,푸드 큐아르 코드,전자 성능 추적 시스템,범용 일반 인공 지능
312,뼈말라족,인간,정보·기술,E,비전 파운데이션 모델,비전 언어 모델,비지상 통신망,생성 에이아이,뼈말라족
313,삶포자,삶,보건·의학,A,삶포자,코로나바이러스 감염증 일구,코로나 우울증,아재 백신,비말 마스크
314,선학 개미,경제생활,교육,E,빵공족,생재수,온라인 개학,코로나 수능,선학 개미
315,설거지남,인간,문화,A,설거지남,유교 패치,쉽살재빙,온세뉴,제당슈만
316,설거지론,인간,교육,D,등원 수업,에듀핀,비대면 시험,설거지론,책임 등교
317,소상공인 긴급 금융 구조안,경제생활,보건·의학,C,펨케어,백신 패스,소상공인 긴급 금융 구조안,코로나 블루,생활 방역 시스템
318,소상공인 방역 지원금,정치와 행정,의생활,C,얼죽크,할미 룩,소상공인 방역 지원금,키드코어 룩,스키코어 룩
319,소식좌,식생활,보건·의학,A,소식좌,신종 코로나바이러스 감염증,가정 대기자,단풍 방역,국가 전임상 시험 지원 센터
320,소주 런,경제생활,인간,A,소주 런,콰이어트퀴팅족,혈당 다이어트,암룡적,마기꾼
321,손주턴,주생활,의생활,C,마스크 메이크업,마스크 화장법,손주턴,릴렉스 코지 룩,슈즈 코드
322,슈퍼 면역자,보건·의학,인간,A,슈퍼 면역자,킹받드라쉬,확찐자,서오남,서오녀
323,스까국,개념,주생활,C,쿠세권,순살 아파트,스까국,소세권,문쿵
324,스텔스 오미크론,보건·의학,동식물,E,도너견,멍감님,깃깔따구속,원형 알엔에이,스텔스 오미크론
325,식테크족,경제생활,인간,D,맵도르핀,김모족,어다행다,식테크족,농친자
326,신윤핵관,정치와 행정,경제생활,E,주식 가치 연동 현금,길티 팁,수출 우대국,전세왕,신윤핵관
327,신뢰 가치 사슬,정치와 행정,경제생활,A,신뢰 가치 사슬,주가 꿈 비율,갭코노미,언택트 존,동학 개미 운동
328,신속 방문 검사,보건·의학,삶,D,학폭 세탁,뇌꾸,반려책,신속 방문 검사,홀인투
329,신호 처리 박스,사회생활,문화,A,신호 처리 박스,프로토니즘 이론,제당슈만,공정 신호등,유교 패치
330,실재감 테크,사회생활,정치와 행정,D,몰수 보호 시설,개발 워싱,해치 펫트롤,실재감 테크,국가 첨단 전략 산업 경쟁력 강화 및 보호에 관한 특별 조치법
331,실질 신용 갭률,경제생활,사회생활,E,안티 워크,재가 요양 복지사,육아 전문 관리사,국평오,실질 신용 갭률
332,아동 거부 업소,삶,자연,A,아동 거부 업소,합성 가뭄 지수,피코플레어,유공 유리 분말,피코플레어 제트
333,아세틸글리신,보건·의학,식생활,A,아세틸글리신,군싹,슬림 다이닝,애사비,끼니 노동
334,아키테이너,인간,사회생활,D,코로니얼 세대,분초 사회,넷술족,아키테이너,신바벨 시대
335,안티 워크,사회생활,동식물,A,안티 워크,지옥개미,푼타데바카스잎귀쥐,멍감님,체조견
336,약자 감별사,인간,동식물,A,약자 감별사,유럽 녹색 꽃게,멍감님,체조견,이형 두릅
337,약제 배송 로봇,보건·의학,인간,B,술쓰,약제 배송 로봇,차박튀,저쩔티비,월천 도사
338,어쩔티비,인간,주생활,D,강서용송,도장필,순살 아파트,어쩔티비,그린 스테이
339,업토버,경제생활,사회생활,B,지피팅,업토버,좋반,대퇴직 시대,춘등투
340,에스비엔,사회생활,의생활,B,마꾸,에스비엔,슈즈 코드,스키코어,얼죽크족
341,영끌거지,경제생활,식생활,A,영끌거지,위꾸,케꾸,쫀복이,애사비
342,영문 음성 확인서,보건·의학,교육,E,군졸 교과서,재택 수강생,이음 연령,수리 감염 역학,영문 음성 확인서
343,영털족,경제생활,동식물,A,영털족,떠돌이쉬파리,도너견,익티오티탄 세베르넨시스,제주남방밤달팽이
344,예측 범죄 지도,사회생활,삶,D,노 썸바디 존,클수저,국제 초청 결혼,예측 범죄 지도,손민수하여
345,오미크론 부스터 샷,보건·의학,개념,B,연어 핑크색,오미크론 부스터 샷,디지털 헬스 지표,스까국,교자성
346,오커스,정치와 행정,의생활,D,비둘기 룩,홈 오피스 웨어,마스크 화장법,오커스,블록코어 룩
347,온 학교 교육 회복 학습 지원,교육,의생활,C,할미 룩,워터밤 룩,온 학교 교육 회복 학습 지원,신꾸,킬로 숍
348,왝플레이션,경제생활,보건·의학,A,왝플레이션,국가 전임상 시험 지원 센터,코로나 우울증,혼합 검체 기법,거점 접종 센터
349,웃수저,인간,주생활,C,창툭튀,직락,웃수저,남산 프레스티지 벨트,순살 아파트
350,유교 패치,문화,정치와 행정,A,유교 패치,고특법,미세 먼지 점검단,재난 생계 지원금,반도체 산업 강화법
351,인체 인터넷,사회생활,문화,C,국가 유산 기본법,퍼피 시네마,인체 인터넷,미드퀄,웨장센
352,일자리 도약 장려금,정치와 행정,주생활,C,손주턴,순살 아파트,일자리 도약 장려금,소세권,창툭튀
353,자금 이동 추적 시스템,경제생활,주생활,C,통뼈 캐슬,재해 우려 주택,자금 이동 추적 시스템,강서용송,문쿵
354,자기 공명 탄성 검사,보건·의학,자연,E,암석 플라스틱,안트로포퀴나스,피코플레어 제트,새똥광,자기 공명 탄성 검사
355,장포족,식생활,정보·기술,D,비전 파운데이션 모델,온 센서 에이아이,온 디바이스 폰,장포족,비전 언어 모델
356,재택 수강생,교육,정보·기술,D,푸드 큐아르,온 디바이스 폰,푸드 큐아르 코드,재택 수강생,킥 스테이지
357,재택 응시생,교육,문화,B,명언돌,재택 응시생,국현미,국가 유산 기본법,랜선 문화
358,재택 치료 키트,보건·의학,인간,E,의주빈,완내스,줌피로,집착 광공,재택 치료 키트
359,재택 키트,보건·의학,주생활,B,쿠키 컷,재택 키트,러스틱 라이프,짜세권,으뜸 효율 가전
360,저짤래미,인간,자연,C,피코플레어 제트,국가 기후 비상사태,저짤래미,암석 플라스틱,유공 유리 분말
361,저쩔티비,인간,자연,B,안트로포퀴나스,저쩔티비,플루닛,지구 열대화,유공 유리 분말
362,전력 시장 긴급 정산 상한 가격 제도,정치와 행정,자연,E,합성 가뭄 지수,새똥광,플루닛,암석 플라스틱,전력 시장 긴급 정산 상한 가격 제도
363,제로 코로나,보건·의학,의생활,B,어퍼웨어,제로 코로나,홈 오피스 웨어,개리야스,무게 샵
364,종합 부동산 벌금,정치와 행정,동식물,B,체조견,종합 부동산 벌금,도너견,푼타데바카스잎귀쥐,지옥개미
365,주간 수술 유닛,보건·의학,삶,D,제로 칼로리 캠퍼스,코비디보스,코인 사진관,주간 수술 유닛,연못 뷰
366,지뢰 설치반,인간,삶,C,촌캉스,근육 옷감,지뢰 설치반,학폭 세탁,펫플로깅
367,지방 소멸 대응 기금,정치와 행정,경제생활,B,센타고,지방 소멸 대응 기금,코비드플레이션,순금 챌린지,영끌거지
368,지사 찬스,사회생활,동식물,B,멍감님,지사 찬스,나토베나토르 폴리돈투스,지옥개미,제주남방밤달팽이
369,지역 산업 위기 대응법,정치와 행정,주생활,A,지역 산업 위기 대응법,썩파트,강서용송,그린 스테이,소세권
370,지역 소멸 대응 기금,정치와 행정,문화,E,밀보드 차트,쉽살재빙,명언돌,탑골 가요,지역 소멸 대응 기금
371,직관팸,사회생활,의생활,B,블록코어 룩,직관팸,어퍼웨어,얼죽크족,릴렉스 코지 룩
372,집놀이족,인간,정치와 행정,D,우유 관리관,공직 후보자 역량 자격시험,재량 간주 시간 근로제,집놀이족,어린이 생명 법안
373,짜세권,주생활,동식물,A,짜세권,익티오티탄 세베르넨시스,화상 벌레,도너견,호랑무늬딱총새우
374,짠 내 사업가,경제생활,교육,D,코로나 손실 보상법,이음 연령,표준 학급 수,짠 내 사업가,사탐 런
375,짬 처리론,삶,의생활,D,릴렉스 코지 룩,젠더 플루이드 패션,킬로 숍,짬 처리론,비둘기 룩
376,첫 만남 지원금,정치와 행정,자연,D,플루닛,암석 플라스틱,합성 가뭄 지수,첫 만남 지원금,피코플레어 제트
377,청년 내일 저축 계좌,경제생활,보건·의학,E,자율 방역 로봇,혼합 검체 기법,양압차,비말 환자,청년 내일 저축 계좌
378,청년 도약 계좌,경제생활,의생활,B,블록코어 룩,청년 도약 계좌,코티지코어 룩,마스크 프루프,동탄 미시 룩
379,청와대 해체론,정치와 행정,정보·기술,D,비전 언어 모델,양자 비트 플랫폼,자기 토커,청와대 해체론,블랙 키워드
380,카카오 방지법,정치와 행정,삶,B,디토하게,카카오 방지법,코로나 안개,나확행,깊꾸
381,카풀팸,사회생활,문화,D,퍼피 시네마,웨장센,프로토니즘 이론,카풀팸,랜선 음악회
382,카플레이션,경제생활,문화,C,돌친자,실감 문화 공간,카플레이션,쉽살재빙,큐레이터 봇
383,커팅족,삶,동식물,D,원형 알엔에이,냥퀴벌레,호랑무늬딱총새우,커팅족,나토베나토르 폴리돈투스
384,코로나 극복 국민 참여 방역 운동 본부,정치와 행정,경제생활,D,코로나 특수,컴프테크,이마롯쿠,코로나 극복 국민 참여 방역 운동 본부,베어마겟돈
385,코비드플레이션,경제생활,식생활,C,남타커,이분 도체육,코비드플레이션,식후탕,백슬로핑
386,쿠팡 세대,사회생활,개념,A,쿠팡 세대,체이스퍼,교자성,스카이코럴,대기 정체 지수
387,킹노잼,인간,의생활,D,키드코어 룩,비둘기 룩,마스크 메이크업,킹노잼,뉴 머니 룩
388,킹받는,인간,동식물,E,냥퀴벌레,제주남방밤달팽이,댕쪽이,이링기아,킹받는
389,탄소 중립 시민 회의,사회생활,경제생활,D,나체 추심,공감 소비 운동,껄무새,탄소 중립 시민 회의,소득 감소 진술서
390,탄소 중립 직불제,정치와 행정,경제생활,B,코로나 블랙 스완,탄소 중립 직불제,코로노미,햄스피,사골차
391,탕핑족,사회생활,인간,D,아키테이너,탈쿠팡족,김모족,탕핑족,퐁퐁남
392,파이브 지 위성 다중 연결망,사회생활,삶,A,파이브 지 위성 다중 연결망,유튜버 공화국,겟생,등린이,결송하다
393,퍼피 시네마,문화,사회생활,B,다중 궤도 위성,퍼피 시네마,댕댕 버스,지사 찬스,신스파이스 루트
394,포켓몬 런,경제생활,동식물,C,푼타데바카스잎귀쥐,체조견,포켓몬 런,유럽 녹색 꽃게,가스테란투스 익스팅크투스
395,퐁퐁 시티,개념,정치와 행정,D,약자 동행 지수,고용 평등 임금 공시제,긴급 돌봄 제도,퐁퐁 시티,비격리 여행 권역
396,퐁퐁남,인간,정치와 행정,D,긴급 고용 유지 지원금,법맥 경화,청정 경제 협정,퐁퐁남,종합 방탄 세트
397,퐁퐁단,사회생활,교육,D,빵공족,코로나 수능,직장인 수능러,퐁퐁단,닭 피 부모
398,푸틴플레이션,경제생활,보건·의학,C,워킹스루 진료소,백시케이션,푸틴플레이션,비말 환자,더블링 확진
399,프렌드 쇼어링,경제생활,교육,C,학부모 안심 학년,언택트 러닝,프렌드 쇼어링,이 학습터,책임 등교
400,프로토니즘 이론,문화,사회생활,E,줌폭탄,지사 찬스,군중 유체화,탕핑족,프로토니즘 이론
401,플랫폼 분쟁 조정위,정치와 행정,정보·기술,E,생성형 에이아이,전자 성능 추적 시스템,생성 에이아이,비전 언어 모델,플랫폼 분쟁 조정위
402,피해 회복 국가 책임제,정치와 행정,의생활,C,스키니피케이션,신꾸,피해 회복 국가 책임제,팬티 코딩,뉴 머니 룩
403,해 오름권 광역 자족 거점,정치와 행정,동식물,D,유럽 녹색 꽃게,플레우로시스티티드,멍감님,해 오름권 광역 자족 거점,가스테란투스 익스팅크투스
404,해산물주의자,식생활,자연,D,새똥광,국가 기후 비상사태,피코플레어,해산물주의자,안트로포퀴나스
405,해치 펫트롤,정치와 행정,사회생활,D,노가더,귀가팟,한일믹스어,해치 펫트롤,메타 모빌리티
406,호모 미그라티오,주생활,삶,A,호모 미그라티오,오하운,자퇴 각,내세가불,책태기
407,홀리몰리 과카몰리,인간,교육,E,의준생,온라인 개학,재능 사다리,수리 감염 역학,홀리몰리 과카몰리
408,알고스피크,사회생활,의생활,E,꾸안꾸 룩,코티지코어 룩,블로케트,발레코어,알고스피크
409,암석 플라스틱,자연,문화,C,노년돌,웨장센,암석 플라스틱,탑골 가요,랜선 음악회
410,압축 소멸,경제생활,문화,B,신파 프레임,압축 소멸,온라인 뷰잉 룸,케이인니팝,새드 팝
411,야간 공화국,사회생활,주생활,B,반세권,야간 공화국,내 집 마련 리츠 주택,도장필,썩파트
412,약자 동행 지수,정치와 행정,경제생활,E,상거래 신용 등급,파생 포비아,동학 개미,알테쉬톡,약자 동행 지수
413,양곡 공산화법,정치와 행정,의생활,D,키드코어 룩,키드코어,무게 샵,양곡 공산화법,얼죽크족
414,양곡 처리법,정치와 행정,의생활,E,블록코어 룩,젠더 플루이드 패션,동탄 미시 룩,홈 오피스 웨어,양곡 처리법
415,얼리 케어족,인간,의생활,A,얼리 케어족,가상 세계 패션,무게 샵,릴렉스 코지 룩,할미 룩
416,얼죽크족,의생활,정치와 행정,C,긴급 생존 자금,표미새,얼죽크족,국가 첨단 전략 산업법,언수처
417,에바스 증후군,보건·의학,삶,E,코로나칼립스,랜선 여행족,산린이,웜셰어,에바스 증후군
418,엔극화,사회생활,교육,D,수리 감염 역학,이음 연령,의준생,엔극화,재능 사다리
419,엔테크족,경제생활,사회생활,D,나이토그래피,네카라쿠배당토직야,대사직 시대,엔테크족,직관팸
420,열대림 생태학,교육,식생활,E,공유 식기,달고나커피,인싸 커피,댕댕이 피자,열대림 생태학
421,영끌 푸어족,경제생활,정보·기술,A,영끌 푸어족,자석발,온 디바이스 폰,자기 토커,비지상 통신망
422,예금 테크족,경제생활,삶,C,자퇴 각,한국 여행 놀이,예금 테크족,촌캉스,삼캉스
423,예테크족,경제생활,교육,D,수리 감염 역학,원격 수업 시대,온라인 개학,예테크족,비대면 강의
424,완냉족,식생활,교육,E,생재수,교육 회복 추진단,일시 귀국생,온 학교 교육 회복 학습 지원,완냉족
425,왓어바우티즘,사회생활,정보·기술,C,자기 토커,양자 비트 플랫폼,왓어바우티즘,킥 스테이지,회생 저항 장치
426,우버 파킹,사회생활,경제생활,A,우버 파킹,디깅소비,팁 피로,공감 소비 운동,젊집사
427,우주 항공 기금,경제생활,보건·의학,C,티모시 증후군,코로나 포비아,우주 항공 기금,재양성자,면역 대리 지표
428,워드 맵,사회생활,보건·의학,C,안심 가림막,간호 인력 인권법,워드 맵,코로나 우울증,생활 방역 수칙
429,원두 대란,경제생활,개념,D,통합 수질 지수,국가 우주 산업 벨트,대기 정체 지수,원두 대란,교자성
430,월급 채굴,경제생활,식생활,E,집가락,빵스킹,댕댕이 피자,집마카세,월급 채굴
431,웜 뱅크,삶,사회생활,A,웜 뱅크,육아 전문 관리사,시보완박,스패무플라주,쌉에이블
432,웜셰어,삶,동식물,E,화상 벌레,멍감님,푼타데바카스잎귀쥐,깃깔따구속,웜셰어
433,유공 유리 분말,자연,정치와 행정,D,영아 피난 제도,검사 임용 개혁법,아기 기후 소송,유공 유리 분말,글로벌 스톡테이크
434,유급 휴재,사회생활,의생활,E,그랜파코어 룩,가상 세계 패션,대디 핏,마스크 메이크업,유급 휴재
435,유급 휴재권,사회생활,의생활,E,대디 핏,동탄 미시 룩,젠더 플루이드 패션,스키코어 룩,유급 휴재권
436,유리 세대,인간,동식물,E,떠돌이쉬파리,깃깔따구속,원형 알엔에이,화상 벌레,유리 세대
437,유튜버 공화국,삶,주생활,E,레이어드 홈,재해 취약 주택,직락,육아 친화 주택,유튜버 공화국
438,이태원 참사 특별법,정치와 행정,식생활,D,약케팅,공공 반납기,식후탕,이태원 참사 특별법,배민맛
439,인포라인,사회생활,경제생활,D,큐코노미,엔테크족,압축 소멸,인포라인,리파운더
440,일로니제이션,사회생활,정치와 행정,A,일로니제이션,기간산업 안정 자금,건강 생활 실천 지원금제,마스크 오부제,관광 워싱
441,일론화,사회생활,인간,C,치팅범,작먼귀,일론화,음토토,보더리스족
442,일저우일저,경제생활,개념,B,쫌쫌따리,일저우일저,엑사전자볼트,배터리 환경성 계수,디지털 헬스 지표
443,입법 독주법,정치와 행정,보건·의학,E,선별 검사 센터,비말 차단용 마스크,초저온 회복 처치기,생활 치료 센터,입법 독주법
444,자기 추앙,인간,정보·기술,D,비전 언어 모델,온 디바이스 폰,블랙 키워드,자기 추앙,양자 비트 플랫폼
445,자기 공감력,인간,동식물,E,이형 두릅,익티오티탄 세베르넨시스,댕쪽이,원형 알엔에이,자기 공감력
446,자기 토커,정보·기술,자연,D,피코플레어,안트로포퀴나스,유공 유리 분말,자기 토커,피코플레어 제트
447,자발적 푸어족,경제생활,주생활,E,문쿵,호모 미그라티오,재해 우려 주택,삼대 이모님,자발적 푸어족
448,자서망,사회생활,정보·기술,B,갈고리즘,자서망,블랙 키워드,비전 파운데이션 모델,온 디바이스 폰
449,자석발,정보·기술,인간,C,가족 돌봄 청년,쏠드족,자석발,뇌로빅,하이볼족
450,자원 안보법,정치와 행정,의생활,E,코티지코어 룩,그랜파코어,마스크 프루프,발레코어,자원 안보법
451,잘파 세대,인간,개념,A,잘파 세대,대기 정체 지수,디지털 헬스 지표,배터리 환경성 계수,국가 우주 산업 벨트
452,재가 요양 복지사,사회생활,의생활,D,어퍼웨어,얼죽크족,그랜파코어 룩,재가 요양 복지사,팬티 코딩
453,재능 사다리,교육,인간,A,재능 사다리,누칼협,딱내스,탈팡족,밀 프렙족
454,재해 우려 주택,주생활,동식물,D,토마토뿔나방,유럽 녹색 꽃게,익티오티탄 세베르넨시스,재해 우려 주택,도너견
455,재해 취약 주택,주생활,식생활,E,돼지게이터,에소바,비건 헬스,백슬로핑,재해 취약 주택
456,전세왕,경제생활,보건·의학,B,드라이브스루 선별 진료소,전세왕,비말 차단 마스크,생활 방역 시스템,신종 코로나 감염증
457,전세 사기 특별법,정치와 행정,개념,E,스카이코럴,배터리 환경성 계수,엑사전자볼트,광 자력계,전세 사기 특별법
458,전자 성능 추적 시스템,정보·기술,사회생활,A,전자 성능 추적 시스템,사이버 레커,고대면 접촉,스킵래깅,즉퇴
459,전정 수도관 확장 증후군,보건·의학,자연,B,피코플레어,전정 수도관 확장 증후군,국가 기후 비상사태,녹녹 갈등,유공 유리 분말
460,접시 뇌,인간,삶,D,랜선 운동,웜셰어,조퇴 런,접시 뇌,겟생
461,정언 공범,정치와 행정,동식물,B,냥퀴벌레,정언 공범,토마토뿔나방,댕쪽이,원형 알엔에이
462,제로 칼로리 캠퍼스,삶,식생활,D,이분 도체육,애사비,친환경 집밥,제로 칼로리 캠퍼스,닭코야키
463,젠더 플루이드 패션,의생활,식생활,B,커피카세,젠더 플루이드 패션,분식주의자,이분 도체육,오저치고
464,젤로 스킨,인간,주생활,C,손주턴,소세권,젤로 스킨,레이어드 홈,호모 미그라티오
465,조력 존엄사,보건·의학,주생활,B,순살 아파트,조력 존엄사,쿠세권,짜세권,통뼈 캐슬
466,조력 존엄사법,정치와 행정,보건·의학,B,더블링 확진,조력 존엄사법,안심 외래 진료소,비말 차단 마스크,취합 검사 기법
467,죄책감 팁,경제생활,식생활,A,죄책감 팁,스강 신청,홈마카세,남타커,노 단체 존
468,중년 핫 딜족,경제생활,삶,E,온라인 노인정,쓴또쓴,텀꾸,댕수욕장,중년 핫 딜족
469,중처법,정치와 행정,개념,E,코스피 이백 위클리 커버드 콜 에이티엠 지수,대기 정체 지수,쫌쫌따리,배터리 환경성 계수,중처법
470,쥐똥금,경제생활,보건·의학,C,아재 백신,더블링 현상,쥐똥금,코로나바이러스 감염증 일구,비침습 연속 혈당 진단기
471,지피팅,사회생활,주생활,B,쿠키 컷,지피팅,삼대 이모님,그린 스테이,러스틱 라이프
472,직방 금지법,정치와 행정,보건·의학,D,초저온 회복 처치기,공동 격리자,방심 패스,직방 금지법,아세틸글리신
473,직장인 수능러,교육,정보·기술,C,갈고리즘,자기 토커,직장인 수능러,생성형 에이아이,원격 사격 무기 통제 체계
474,찍턴족,경제생활,정보·기술,D,킥 스테이지,비지상 통신망,자석발,찍턴족,블랙 키워드
475,찐줌마,인간,자연,E,교자성체,지구 열대화,암석 플라스틱,플루닛,찐줌마
476,차멍,삶,경제생활,D,파산핑,실효 이자 비용,예금 테크족,차멍,증빙 어음
477,참치 지수,경제생활,자연,B,지구 열대화,참치 지수,피코플레어,암석 플라스틱,국가 기후 비상사태
478,청년 도전 준비금,정치와 행정,식생활,E,술피뎀,분식주의자,퇴푸,백슬로핑,청년 도전 준비금
479,체조견,동식물,인간,C,혈당 다이어트,피코질,체조견,디깅력,러키비키
480,초부자 감세,정치와 행정,식생활,C,빵스킹,케꾸,초부자 감세,쫀복이,공유 식기
481,최소 주거 보장법,정치와 행정,개념,E,스까국,체이스퍼,퐁퐁 시티,환형 유치율,최소 주거 보장법
482,춘등투,사회생활,문화,D,랜선 음악회,음튜버,국가 민속 유산,춘등투,국립 뮤지컬 진흥원
483,취뽀왕,사회생활,주생활,B,삼대 이모님,취뽀왕,롤링 바스켓,그린 스테이,소세권
484,층간 소음 사후 인증제,정치와 행정,경제생활,A,층간 소음 사후 인증제,카플레이션,코로나 쇼크,중년 핫 딜족,언택트 영업
485,치팅범,인간,정보·기술,E,회생 저항 장치,비전 파운데이션 모델,전자 성능 추적 시스템,비전 언어 모델,치팅범
486,카타팔케,종교,문화,E,제당슈만,교양툰,돌친자,쉽살재빙,카타팔케
487,컴프테크,경제생활,주생활,A,컴프테크,짜세권,호텔 거지,남산 프레스티지 벨트,육아 친화 주택
488,케이칩스법,정치와 행정,교육,B,교육 회복 추진단,케이칩스법,온라인 개학,빵공족,이음 연령
489,코인 사진관,삶,사회생활,D,슈퍼에이징 시대,신호 처리 박스,기절 근무표,코인 사진관,인플루언서블 세대
490,코인 지옥,경제생활,자연,A,코인 지옥,피코플레어,암석 플라스틱,녹녹 갈등,지구 열대화
491,코티지코어 룩,의생활,자연,D,지구 열대화,피코플레어 제트,안트로포퀴나스,코티지코어 룩,유공 유리 분말
492,콰이어트 퀴팅,사회생활,의생활,C,워크 레저 패션,그랜파코어 룩,콰이어트 퀴팅,뉴 머니 룩,코티지코어 룩
493,콰이어트퀴팅족,인간,문화,C,탑골 가요,미드퀄,콰이어트퀴팅족,온세뉴,랜선 음악회
494,퀸 루블,경제생활,식생활,B,슬림 다이닝,퀸 루블,고짠,스강 신청,곱게팅
495,키드코어,의생활,삶,E,볕멍,위드 코로나,코끝여,펫플로깅,키드코어
496,키드코어 룩,의생활,식생활,B,집마카세,키드코어 룩,팥붕,공유 식기,에소바
497,킬로 숍,의생활,주생활,A,킬로 숍,재해 우려 주택,소세권,러스틱 라이프,레이어드 홈
498,킹받드라쉬,인간,정보·기술,E,범용 일반 인공 지능,푸드 큐아르,온 디바이스 폰,생성 에이아이,킹받드라쉬
499,킹차 킹산직,사회생활,의생활,C,블록코어 룩,스핏 후드,킹차 킹산직,할미 룩,동탄 미시 룩
500,타다 진흥법,정치와 행정,경제생활,E,주가 배터리 비율,강제 중도금,팁 소름,펀세이빙족,타다 진흥법
501,탐욕 인플레이션,경제생활,주생활,E,도장필,호모 미그라티오,레이어드 홈,순살 아파트,탐욕 인플레이션
502,탑멍,삶,정치와 행정,B,검당 유착,탑멍,국폭,백신 휴가 제도,아기 기후 소송
503,택시 통금,사회생활,의생활,B,블로케트,택시 통금,그랜파코어,엠 뷰티,신꾸
504,통합 무기 작전,정치와 행정,자연,B,암석 플라스틱,통합 무기 작전,유공 유리 분말,안트로포퀴나스,녹녹 갈등
505,퇴톡 금지법,정치와 행정,문화,A,퇴톡 금지법,신파 포비아,국립 뮤지컬 진흥원,궁케팅,자콘
506,트랜스매스큘린,인간,주생활,C,소세권,반세권,트랜스매스큘린,순살 아파트,레이어드 홈
507,트러스노믹스,경제생활,인간,B,핫끈한,트러스노믹스,킹받는,이왜진,안티 인스타
508,티모시 증후군,보건·의학,정치와 행정,A,티모시 증후군,미세 먼지떨이식 수사,농촌 소멸 기금,국가 자원 안보 특별법,신속 회생 추진법
509,팁 소름,경제생활,주생활,E,도장필,으뜸 효율 가전,남산 프레스티지 벨트,방꾸,팁 소름
510,팁 피로,경제생활,개념,A,팁 피로,엑사전자볼트,연어 핑크색,대기 정체 지수,통합 수질 지수
511,팁플레이션,경제생활,동식물,E,떠돌이쉬파리,제주남방밤달팽이,화상 벌레,토마토뿔나방,팁플레이션
512,펀 커머스,경제생활,인간,B,서육남,펀 커머스,폭룡적,가마니 전략,스페이스덴티티
513,펀세이빙족,경제생활,삶,E,피캉스,오다망,헬시플레저,전투템,펀세이빙족
514,펫 위탁소,사회생활,동식물,B,나토베나토르 폴리돈투스,펫 위탁소,유럽 녹색 꽃게,플레우로시스티티드,댕쪽이
515,펫얼리케어족,인간,문화,E,뉴트로 국악,궁케팅,미드퀄,탑골 스타,펫얼리케어족
516,편장족,경제생활,보건·의학,E,트윈데믹,깜깜이 감염,부머 리무버,아재 백신,편장족
517,평균 실종,사회생활,개념,A,평균 실종,통합 수질 지수,광 자력계,배터리 환경성 계수,엑사전자볼트
518,평생 학습 휴직제,사회생활,경제생활,D,그린플레이션,동학 개미,히트플레이션,평생 학습 휴직제,탐욕 인플레이션
519,폐교 장려금,정치와 행정,사회생활,A,폐교 장려금,네카라쿠배토당야,개인 경계선,야간 공화국,스리가또
520,포토 프레스 세대,사회생활,문화,D,플러그엔비,랜선 문화,스위프톨로지,포토 프레스 세대,돌친자
521,폴꾸족,인간,삶,D,공스장,노 교수 존,기후 영향 사업,폴꾸족,집터 파크
522,폴리시 피싱,경제생활,의생활,B,팬티 코딩,폴리시 피싱,데스크 패션,동탄 미시 룩,블록코어 룩
523,풍선 갈등,정치와 행정,문화,E,미드퀄,유교 패치,새드 팝,도슨트 북,풍선 갈등
524,프리소팅,사회생활,자연,E,안트로포퀴나스,지구 열대화,합성 가뭄 지수,암석 플라스틱,프리소팅
525,학폭 세탁,삶,자연,C,암석 플라스틱,플루닛,학폭 세탁,지구 열대화,유공 유리 분말
526,한국 멸시론자,정치와 행정,경제생활,E,교권 보험,컴프테크,시니어 상권,코로노미 쇼크,한국 멸시론자
527,한일믹스어,사회생활,삶,E,편텐츠,피캉스,코끝여,사막캉스,한일믹스어
528,합법 파업 보장법,정치와 행정,식생활,E,인싸 커피,퇴푸,에소바,술피뎀,합법 파업 보장법
529,합성 가뭄 지수,자연,보건·의학,D,상상 코로나,코비드 일구,비침습 연속 혈당 진단기,합성 가뭄 지수,생활 치료 센터
530,해글봇,사회생활,삶,C,정보 감염증,웹 시집,해글봇,지팔지꼰,건식 세차장
531,해양 레저 호텔,경제생활,정치와 행정,A,해양 레저 호텔,기업 구호 긴급 자금,기초 연금 확대법,평화누리특별자치도,지국비조
532,헬스 디깅족,인간,개념,E,환형 유치율,쫌쫌따리,광 자력계,퐁퐁 시티,헬스 디깅족
533,혈당 다이어트,인간,문화,C,제당슈만,신파 프레임,혈당 다이어트,미드퀄,랜선 문화
534,호모 아딕투스,인간,의생활,D,홈 오피스 웨어,마스크 프루프,키드코어 룩,호모 아딕투스,키드코어
535,혼뛰족,인간,자연,D,지구 열대화,피코플레어,국가 기후 비상사태,혼뛰족,암석 플라스틱
536,홈마카세족,인간,보건·의학,D,코로나 일구,공동 격리자,티모시 증후군,홈마카세족,신속 진단 검사 센터
537,홈핏족,인간,삶,A,홈핏족,코로나칼립스,향기멍,바프,편텐츠
538,휴먼 트루스,교육,동식물,B,푼타데바카스잎귀쥐,휴먼 트루스,이링기아,냥퀴벌레,나토베나토르 폴리돈투스
539,각자도생주의,삶,자연,A,각자도생주의,교자성체,피코플레어 제트,녹녹 갈등,새똥광
540,감염병 특별 관리 지역,보건·의학,의생활,E,할미 룩,워터밤 룩,스키코어,키드코어,감염병 특별 관리 지역
541,거스름돈 계좌 적립 서비스,경제생활,보건·의학,B,코로나 블루,거스름돈 계좌 적립 서비스,우한 코로나,빗살 모공,워킹스루 진료소
542,건식 세차장,삶,개념,B,체이스퍼,건식 세차장,배터리 환경성 계수,연어 핑크색,환형 유치율
543,게이밍 숍,문화,정치와 행정,B,기본 재난 소득,게이밍 숍,비조지민,한우 사업법,아기 기후 소송
544,격리 생활 시설,보건·의학,삶,B,온라인 실버타운,격리 생활 시설,뇌꾸,내손내잡,기후 영향 사업
545,공감 소비 운동,경제생활,식생활,B,완냉족,공감 소비 운동,집마카세,곱게팅,해산물주의자
546,공공 생활권,삶,동식물,C,지옥개미,멍감님,공공 생활권,이형 두릅,나토베나토르 폴리돈투스
547,공공 선별 진료소,보건·의학,의생활,E,그랜파코어 룩,블록코어 룩,슈즈 코드,얼죽크,공공 선별 진료소
548,공공 재정 환수 제도,정치와 행정,경제생활,A,공공 재정 환수 제도,히어로노믹스,라이크 커머스,햄스피,금융 소송원
549,공기단백질,식생활,보건·의학,A,공기단백질,췌도 부전증,노쇼 백신,국가 돌봄 병원,코로나 블루
550,공동 주택 사육 허가제,정치와 행정,삶,C,차멍,온라인 노인정,공동 주택 사육 허가제,행복 분기점,뇌꾸
551,공유 식기,식생활,의생활,B,마스크 화장법,공유 식기,킬로 숍,젠더 플루이드 패션,워터밤 룩
552,공익 기능 증진 직불금,정치와 행정,인간,B,내비남공,공익 기능 증진 직불금,관음충,저쩔티비,시심비
553,공익 기능 증진 직불제,정치와 행정,의생활,D,팬티 코딩,워터밤 룩,마꾸,공익 기능 증진 직불제,코티지코어 룩
554,공적 마스크,정치와 행정,교육,D,코내기,영탐탐,원격 수업 시대,공적 마스크,표준 학급 수
555,공적 마스크 제도,정치와 행정,교육,E,벚꽃 개강,의준생,영탐탐,닭 피 부모,공적 마스크 제도
556,공적 판매처,정치와 행정,삶,B,돔황챠,공적 판매처,행복 분기점,역응원,동양인 포비아
557,공정 신호등,문화,인간,B,현기까,공정 신호등,젤로 스킨,디깅력,깔끼하다
558,관내 득표,정치와 행정,동식물,E,체조견,깃깔따구속,호랑무늬딱총새우,도너견,관내 득표
559,관외 득표,정치와 행정,주생활,D,손주턴,짜세권,직락,관외 득표,호텔 거지
560,교섭 단체 전권주의,정치와 행정,경제생활,E,소득 이동 통계,기프테크,자금 이동 추적 시스템,알테쉬톡,교섭 단체 전권주의
561,교양툰,문화,사회생활,B,육아 전문 관리사,교양툰,차일드 페널티,분초 사회,그레이 그린
562,교육 재난 지원금,정치와 행정,사회생활,E,다중 궤도 위성,포토 프레스 세대,종북 횡재,가상 근무표,교육 재난 지원금
563,국가 기후 비상사태,자연,문화,E,언택트 시네마,웨장센,도슨트 북,스위프톨로지,국가 기후 비상사태
564,국가 돌봄 병원,보건·의학,정보·기술,A,국가 돌봄 병원,생성 에이아이,양자 비트 플랫폼,비전 파운데이션 모델,비전 언어 모델
565,국가 연구 개발 혁신법,정치와 행정,문화,A,국가 연구 개발 혁신법,노년돌,웨장센,국현미,실감 문화 공간
566,국민 내일 배움 카드,정치와 행정,정보·기술,A,국민 내일 배움 카드,온 센서 에이아이,워크넥트,양자 비트 플랫폼,갈고리즘
567,국민 안심 마스크,정치와 행정,문화,D,자콘,신파 프레임,웨장센,국민 안심 마스크,메타 바이오아트
568,국제 초청 결혼,삶,식생활,B,케꾸,국제 초청 결혼,알몸 김치,해산물주의자,노 단체 존
569,귀가 안심 보험,경제생활,동식물,C,도너견,이링기아,귀가 안심 보험,깃깔따구속,지옥개미
570,그린 스테이,주생활,문화,E,풀 더빙 툰,실감 문화 공간,랜선 음악회,유교 패치,그린 스테이
571,그린 스완,경제생활,정보·기술,C,유스 앱,자석발,그린 스완,킥 스테이지,회생 저항 장치
572,금융 안정 특별 대출 제도,경제생활,주생활,C,도장필,방꾸,금융 안정 특별 대출 제도,강서용송,육아 친화 주택
573,금융 투자 소득세,경제생활,인간,E,음토토,가짜무새,가족 돌봄 청년,찐줌마,금융 투자 소득세
574,기간 안정 산업 기금,정치와 행정,정보·기술,D,원격 사격 무기 통제 체계,푸드 큐아르,비전 파운데이션 모델,기간 안정 산업 기금,비지상 통신망
575,기간산업 기금,정치와 행정,경제생활,B,국고 만능론,기간산업 기금,컨셔슈머,삼쏘공,메타노믹스
576,기간산업 안정 기금,정치와 행정,의생활,E,스키니피케이션,키드코어 룩,대디 핏,얼죽크,기간산업 안정 기금
577,기간산업 안정 자금,정치와 행정,식생활,C,퇴식 로봇,알몸 김치,기간산업 안정 자금,슈붕,팥붕
578,기간산업 지원금,정치와 행정,식생활,A,기간산업 지원금,키슐랭,노 단체 존,댕댕이 피자,곱게팅
579,기본 재난 소득,정치와 행정,정보·기술,D,비전 언어 모델,푸드 큐아르,범용 일반 인공 지능,기본 재난 소득,온 디바이스 폰
580,기본 재난 지원금,정치와 행정,문화,B,탑골 스타,기본 재난 지원금,새드 팝,쉽살재빙,랜선 음악회
581,기부금 특별법,정치와 행정,자연,C,국가 기후 비상사태,암석 플라스틱,기부금 특별법,합성 가뭄 지수,피코플레어 제트
582,기안 기금 채권,경제생활,식생활,C,공공 반납기,공유 식기,기안 기금 채권,단마토,집가락
583,기업 구호 긴급 자금,정치와 행정,삶,C,기후 영향 사업,결송하다,기업 구호 긴급 자금,군집 자살,실버 역세권
584,기후 행동가,인간,주생활,E,롤링 바스켓,직락,손주턴,통뼈 캐슬,기후 행동가
585,긴급 정서 돌봄,정치와 행정,의생활,A,긴급 정서 돌봄,스핏 후드,어퍼웨어,그랜파코어 룩,비둘기 룩
586,긴급 고용 안정 자금,정치와 행정,삶,C,디토하게,멍쉼터,긴급 고용 안정 자금,지팔지꼰,랜선 운동
587,긴급 고용 안정 지원금,정치와 행정,삶,B,집콕 시대,긴급 고용 안정 지원금,오하운,유 키즈 존,뇌꾸
588,긴급 고용 유지 지원금,정치와 행정,자연,E,새똥광,플루닛,녹녹 갈등,피코플레어,긴급 고용 유지 지원금
589,긴급 고용 지원금,정치와 행정,보건·의학,A,긴급 고용 지원금,신속 방문 검사,부머 리무버,드라이브스루 선별 진료소,국가 치료 격리 병상
590,긴급 돌봄 제도,정치와 행정,보건·의학,A,긴급 돌봄 제도,재택 치료 키트,신속 방문 검사,다차원 피로도 척도,베타 변이
591,긴급 돌봄 지원단,정치와 행정,문화,C,뉴트로 국악,웨장센,긴급 돌봄 지원단,궁케팅,게이밍 숍
592,긴급 돌봄 학교,정치와 행정,정보·기술,B,양자 비트 플랫폼,긴급 돌봄 학교,워크넥트,비지상 통신망,범용 일반 인공 지능
593,긴급 민생 지원금,정치와 행정,삶,A,긴급 민생 지원금,혼놀로그,노 탕후루 존,랜선 여행족,온라인 실버타운
594,긴급 생계 수당,정치와 행정,문화,E,탑골 가요,웨장센,자콘,온세뉴,긴급 생계 수당
595,긴급 생존 자금,정치와 행정,주생활,E,창툭튀,재해 취약 주택,내 집 마련 리츠 주택,문쿵,긴급 생존 자금
596,긴급 재난 기본 소득,정치와 행정,문화,E,온세뉴,실감 문화 공간,신파 프레임,국가 민속 유산,긴급 재난 기본 소득
597,긴급 재난 기부금,정치와 행정,주생활,A,긴급 재난 기부금,쿠키 컷,직락,강서용송,호모 미그라티오
598,긴급 재난 생계 지원 자금,정치와 행정,보건·의학,B,코로나 앱,긴급 재난 생계 지원 자금,뼈말라약,얼음 과식증,네버 코비드족
599,긴급 재난 생계 지원금,정치와 행정,주생활,A,긴급 재난 생계 지원금,짜세권,육아 친화 주택,도장필,창툭튀
600,긴급 재난 생계비,정치와 행정,주생활,A,긴급 재난 생계비,짜세권,레이어드 홈,쿠세권,육아 친화 주택
601,긴급 재난 생활 지원금,정치와 행정,자연,A,긴급 재난 생활 지원금,국가 기후 비상사태,피코플레어 제트,교자성체,안트로포퀴나스
602,긴급 재난 생활비,정치와 행정,사회생활,B,택시 통금,긴급 재난 생활비,줌폭탄,실종 아동 주간,불매 유탄
603,긴급 재난 소득,정치와 행정,동식물,E,가스테란투스 익스팅크투스,푼타데바카스잎귀쥐,도너견,체조견,긴급 재난 소득
604,긴급 재난 수당,정치와 행정,개념,C,통합 수질 지수,스까국,긴급 재난 수당,엑사전자볼트,코스피 이백 위클리 커버드 콜 에이티엠 지수
605,긴급 재난 지원 소득,정치와 행정,문화,B,국립 뮤지컬 진흥원,긴급 재난 지원 소득,밀보드 차트,궁케팅,랜선 음악회
606,긴급 재난금,정치와 행정,개념,A,긴급 재난금,통합 수질 지수,스카이코럴,연체 지속률,배터리 환경성 계수
607,긴급 청년 수당,정치와 행정,식생활,A,긴급 청년 수당,위꾸,소식좌,케꾸,고짠
608,깜깜이 감염,보건·의학,의생활,C,비둘기 룩,발레코어,깜깜이 감염,오피스코어 룩,가상 세계 패션
609,꾸밈 노동 파업,사회생활,문화,D,실감 문화 공간,공정 신호등,국가 민속 유산,꾸밈 노동 파업,제당슈만
610,꾸안꾸 룩,의생활,보건·의학,B,코세글자,꾸안꾸 룩,사전 환자 분류소,양압 차량,헥사하이드로칸나비헥솔
611,끼니 노동,식생활,정치와 행정,D,기본 재난 지원금,코돌이,지국비조,끼니 노동,단일 정액제
612,낀 낀 세대,사회생활,동식물,A,낀 낀 세대,호랑무늬딱총새우,제주남방밤달팽이,도너견,원형 알엔에이
613,노 마스크족,사회생활,주생활,A,노 마스크족,쿠세권,재해 우려 주택,공간 결정론,재해 취약 주택
614,노튜버 존,경제생활,보건·의학,E,비말 차단,백신 여권,아세틸글리신,헥사하이드로칸나비헥솔,노튜버 존
615,녹녹 갈등,자연,경제생활,C,캐리오버템,내손내산,녹녹 갈등,골푸어,데이터 담보 대출
616,뉴트로 국악,문화,개념,E,쫌쫌따리,스까국,광 자력계,통합 수질 지수,뉴트로 국악
617,달고나커피,식생활,정보·기술,D,자기 토커,범용 일반 인공 지능,전자 성능 추적 시스템,달고나커피,온 디바이스 폰
618,댕댕이 피자,식생활,보건·의학,D,선별 검사 센터,근육 적금,백신 패스,댕댕이 피자,다차원 피로도 척도
619,덕분에 챌린지,사회생활,주생활,C,삼대 이모님,통뼈 캐슬,덕분에 챌린지,손주턴,쿠키 컷
620,도슨트 북,문화,교육,E,언택트 러닝,휴먼 트루스,교육 회복 추진단,재택 응시생,도슨트 북
621,동양인 포비아,삶,동식물,A,동양인 포비아,떠돌이쉬파리,유럽 녹색 꽃게,화상 벌레,체조견
622,동학 개미,경제생활,자연,D,유공 유리 분말,녹녹 갈등,국가 기후 비상사태,동학 개미,플루닛
623,동학 개미 운동,경제생활,자연,D,합성 가뭄 지수,플루닛,녹녹 갈등,동학 개미 운동,국가 기후 비상사태
624,뒷계정,사회생활,보건·의학,C,혼합 검체 기법,방심 패스,뒷계정,양압차,비말 차단 마스크
625,드라이브스루 선별 진료소,보건·의학,인간,E,의마스,자기 공감력,뇌로빅,보더리스족,드라이브스루 선별 진료소
626,등원 수업,교육,경제생활,E,캐리오버템,플랫폼 운송 면허,패낳괴,리뷰깡,등원 수업
627,딥페이크물,사회생활,정보·기술,A,딥페이크물,온 센서 에이아이,생성형 에이아이,생성 에이아이,워크넥트
628,랜선 놀이,삶,정치와 행정,B,동물 특별 사법 경찰관,랜선 놀이,언택트 범죄,비조지민,청와대 해체론
629,랜선 문화,문화,보건·의학,C,이동 선별 진료,얼음 과식증,랜선 문화,국가 전임상 시험 지원 센터,생활 방역 수칙
630,랜선 생파,사회생활,의생활,C,얼죽크,릴렉스 코지 룩,랜선 생파,발레코어,마스크 화장법
631,랜선 여행족,삶,식생활,C,위꾸,백슬로핑,랜선 여행족,댕댕이 피자,키슐랭
632,랜선 운동,삶,정보·기술,B,자기 토커,랜선 운동,유스 앱,회생 저항 장치,비전 파운데이션 모델
633,랜선 음악회,문화,자연,A,랜선 음악회,피코플레어 제트,안트로포퀴나스,피코플레어,합성 가뭄 지수
634,랜선 초대장,사회생활,보건·의학,D,백신 사절단,승차 진료소,핀셋 방역,랜선 초대장,코로나 포비아
635,랜선 축하,사회생활,교육,D,재택 응시생,에듀핀,코로나케이션,랜선 축하,원격 수업 시대
636,랜선 호캉스,삶,자연,E,새똥광,교자성체,국가 기후 비상사태,피코플레어,랜선 호캉스
637,마스크 메이크업,의생활,개념,E,디지털 헬스 지표,대기 정체 지수,스까국,체이스퍼,마스크 메이크업
638,마스크 없무새,사회생활,주생활,B,롤링 바스켓,마스크 없무새,순살 아파트,도장필,삼대 이모님
639,마스크 프루프,의생활,정보·기술,E,전자 성능 추적 시스템,갈고리즘,비디오 언어 모델,외식 테크,마스크 프루프
640,마스크 화장법,의생활,식생활,A,마스크 화장법,약케팅,공기단백질,집마카세,오저치고
641,마스크 공적 판매처,정치와 행정,자연,C,암석 플라스틱,지구 열대화,마스크 공적 판매처,녹녹 갈등,교자성체
642,마스크 오부제,정치와 행정,정보·기술,A,마스크 오부제,비지상 통신망,외식 테크,회생 저항 장치,워크넥트
643,마스크 의무제,정치와 행정,보건·의학,B,선별 문진 표,마스크 의무제,백신 여권,신종 코로나 감염증,근육 적금
644,몰수 보호 시설,정치와 행정,의생활,A,몰수 보호 시설,슈즈 코드,비둘기 룩,그랜파코어,킬로 숍
645,무인 적조 관측 시스템,삶,사회생활,B,투게더 앳 홈,무인 적조 관측 시스템,무진동 항온 항습 차,쌉파서블,일탈계
646,문고리 드림,사회생활,문화,C,새드 팝,온라인 뷰잉 룸,문고리 드림,랜선 음악회,랜선 문화
647,미세 먼지 점검단,정치와 행정,삶,C,군집 자살,차멍,미세 먼지 점검단,고끝낙온,각자도생주의
648,미세 먼지떨이식 수사,정치와 행정,정보·기술,B,원격 사격 무기 통제 체계,미세 먼지떨이식 수사,전자 성능 추적 시스템,비디오 언어 모델,비지상 통신망
649,미세 먼지 계절 관리제,정치와 행정,자연,D,유공 유리 분말,녹녹 갈등,새똥광,미세 먼지 계절 관리제,지구 열대화
650,배달 거지,사회생활,개념,A,배달 거지,통합 수질 지수,엑사전자볼트,옴니 유즈,스까국
651,베어마겟돈,경제생활,주생활,D,통뼈 캐슬,호텔 거지,소세권,베어마겟돈,재해 우려 주택
652,부머 리무버,보건·의학,개념,B,코스피 이백 위클리 커버드 콜 에이티엠 지수,부머 리무버,통합 수질 지수,교자성,국가 우주 산업 벨트
653,분노 방정식,사회생활,교육,D,협수용강,이 학습터,닭 피 부모,분노 방정식,군졸 교과서
654,불매 유탄,사회생활,문화,E,자콘,신파 포비아,공정 신호등,게이밍 숍,불매 유탄
655,블랙아웃 화요일,사회생활,의생활,C,마스크 프루프,동탄 룩,블랙아웃 화요일,스키니피케이션,한복 공정
656,비화이트국,경제생활,의생활,B,스키니피케이션,비화이트국,뉴 머니 룩,키드코어 룩,워터밤 룩
657,비대면 강의,교육,문화,D,국가 유산 기본법,탑골 스타,국현미,비대면 강의,새드 팝
658,비대면 시험,교육,삶,D,공스장,무인 적조 관측 시스템,내손내잡,비대면 시험,촌캉스
659,비례 신당,정치와 행정,보건·의학,A,비례 신당,국가 전임상 시험 지원 센터,정자 공여 시술,이동 선별 진료소,네버 코비드
660,비례 연합 공천,정치와 행정,교육,B,학부모 안심 학년,비례 연합 공천,이 학습터,코로나 수능,직장인 수능러
661,비례 연합 정당,정치와 행정,보건·의학,E,핀셋 방역,더블링 확진,코세글자,생활 치료 시설,비례 연합 정당
662,비례 연합당,정치와 행정,동식물,B,호랑무늬딱총새우,비례 연합당,익티오티탄 세베르넨시스,제주남방밤달팽이,멍감님
663,비례 위성 정당,정치와 행정,사회생활,A,비례 위성 정당,사이버 술자리,법카 농단,육아 전문 관리사,가상 근무표
664,비례 위성당,정치와 행정,개념,C,옴니 유즈,스까국,비례 위성당,대기 정체 지수,쫌쫌따리
665,비례 자매 정당,정치와 행정,문화,B,쉽살재빙,비례 자매 정당,퍼피 시네마,미드퀄,랜선 음악회
666,비례 전문 정당,정치와 행정,교육,E,코내기,재택 응시생,생체 직교 화학,생재수,비례 전문 정당
667,비말 차단,보건·의학,사회생활,A,비말 차단,랜선 축하,파묘들,임시 지방 공휴일,탈트넘
668,비말 마스크,보건·의학,동식물,D,플레우로시스티티드,익티오티탄 세베르넨시스,멍감님,비말 마스크,화상 벌레
669,비말 차단 마스크,보건·의학,동식물,E,깃깔따구속,호랑무늬딱총새우,냥퀴벌레,도너견,비말 차단 마스크
670,비말 차단용 마스크,보건·의학,삶,B,각자도생주의,비말 차단용 마스크,기후 영향 사업,댕수욕장,커피크닉
671,비백색 국가,경제생활,문화,B,도슨트 북,비백색 국가,노년돌,케이인니팝,게이밍 숍
672,비화이트 리스트,경제생활,삶,E,책태기,탑멍,건식 세차장,홈테인먼트,비화이트 리스트
673,뻥골프,삶,주생활,A,뻥골프,으뜸 효율 가전,썩파트,졸리 컷,손주턴
674,사골차,경제생활,식생활,C,키슐랭,집가락,사골차,편커,현미무스
675,사스 코로나바이러스 이,보건·의학,교육,B,이음 연령,사스 코로나바이러스 이,온라인 개학,재택 수강생,등원 수업
676,사이버 술자리,사회생활,동식물,A,사이버 술자리,이형 두릅,댕쪽이,지옥개미,이링기아
677,사전 환자 분류소,보건·의학,교육,C,빵공,에듀핀,사전 환자 분류소,책임 등교,교육 회복 추진단
678,사회 진입 활동비,정치와 행정,사회생활,C,건생구팽,녹색 해운 항로,사회 진입 활동비,개인 경계선,일탈 계정
679,상거래 신용 등급,경제생활,식생활,C,케꾸,이분 도체육,상거래 신용 등급,빵스킹,술피뎀
680,상상 코로나,보건·의학,삶,D,집터 파크,피캉스,스프링깅,상상 코로나,오운완
681,상생 특별 보증,정치와 행정,삶,B,나확행,상생 특별 보증,집터 파크,노 교수 존,북켓팅
682,생활 지원사,사회생활,의생활,A,생활 지원사,오피스코어 룩,엠 뷰티,동탄 미시 룩,슈즈 코드
683,생활 방역 수칙,보건·의학,문화,D,국립 뮤지컬 진흥원,교양툰,국현미,생활 방역 수칙,음튜버
684,생활 방역 시스템,보건·의학,식생활,D,맛그레이드,에소바,고짠,생활 방역 시스템,스강 신청
685,생활 방역 체계,정치와 행정,사회생활,B,카피방,생활 방역 체계,뚜따,신바벨 시대,건생구팽
686,생활 방역 체제,정치와 행정,삶,E,무피장타,하체털기,공스장,공공 생활권,생활 방역 체제
687,생활 속 거리 두기,삶,자연,A,생활 속 거리 두기,암석 플라스틱,피코플레어,녹녹 갈등,안트로포퀴나스
688,생활 치료 센터,보건·의학,개념,B,광 자력계,생활 치료 센터,배터리 환경성 계수,스까국,국가 우주 산업 벨트
689,생활 치료 시설,보건·의학,삶,D,소득 동질혼,턱스크,탑꾸,생활 치료 시설,코로나칼립스
690,선별 검사 센터,보건·의학,개념,D,디지털 헬스 지표,연어 핑크색,쫌쫌따리,선별 검사 센터,옴니 유즈
691,선별 문진 표,보건·의학,동식물,C,떠돌이쉬파리,푼타데바카스잎귀쥐,선별 문진 표,유럽 녹색 꽃게,이형 두릅
692,성범죄 백서,정치와 행정,동식물,E,호랑무늬딱총새우,멍감님,떠돌이쉬파리,제주남방밤달팽이,성범죄 백서
693,세계 보건 안전 지수,보건·의학,자연,B,유공 유리 분말,세계 보건 안전 지수,녹녹 갈등,플루닛,지구 열대화
694,세대 균형 지표,사회생활,개념,A,세대 균형 지표,스까국,국가 우주 산업 벨트,퐁퐁 시티,연체 지속률
695,세미브리더,경제생활,개념,D,교자성,국가 우주 산업 벨트,스까국,세미브리더,배터리 환경성 계수
696,소득 감소 진술서,경제생활,보건·의학,B,코세글자,소득 감소 진술서,비말 차단 마스크,수정체낭 절개술,알파 변이
697,소방 직무제,정치와 행정,자연,D,플루닛,교자성체,합성 가뭄 지수,소방 직무제,암석 플라스틱
698,소부장 산업,경제생활,삶,C,역사 보행 공간,홈테인먼트,소부장 산업,겟생,펫 파킹
699,소부장 특별법,정치와 행정,식생활,A,소부장 특별법,빵스킹,애사비,슬림 다이닝,퇴푸
700,소액 테크,경제생활,문화,E,음튜버,온라인 뷰잉 룸,프로토니즘 이론,언택트 시네마,소액 테크
701,소재ㆍ부품ㆍ장비 산업 특별법,정치와 행정,사회생활,E,레이블링 게임,눕코노미,에프와이피,인플루언서블 세대,소재ㆍ부품ㆍ장비 산업 특별법
702,손실 배수,경제생활,보건·의학,C,케이 진단 키트,생활 방역 시스템,손실 배수,생활 치료 시설,빗살 모공
703,쇄국 방역,정치와 행정,인간,D,안내스,완내스,악깡버,쇄국 방역,안티알고리즘
704,수리 감염 역학,교육,사회생활,C,짭투리,사이버 레커,수리 감염 역학,자랑질그램,주불
705,수사 심사관,정치와 행정,주생활,D,러스틱 라이프,반세권,썩파트,수사 심사관,레이어드 홈
706,수사 심사관제,정치와 행정,의생활,B,비둘기 룩,수사 심사관제,팬티 코딩,그랜파코어,릴렉스 코지 룩
707,수소 리포머,경제생활,동식물,A,수소 리포머,냥퀴벌레,이링기아,멍감님,도너견
708,수소 사회 형성 법안,정치와 행정,교육,E,비대면 시험,수리 감염 역학,의준생,학부모 안심 학년,수소 사회 형성 법안
709,수출 심사 우대국,경제생활,식생활,A,수출 심사 우대국,돌밥돌밥,고짠,젤리쌈,달고나커피
710,수출 우대국,경제생활,동식물,E,체조견,떠돌이쉬파리,댕쪽이,화상 벌레,수출 우대국
711,스테이 앳 홈 챌린지,사회생활,정치와 행정,A,스테이 앳 홈 챌린지,국가 첨단 전략 산업 경쟁력 강화 및 보호에 관한 특별 조치법,첫 만남 지원금,청년 특별 구직 지원금,기회 발전 특구 특별법
712,스펙 품앗이,사회생활,정치와 행정,C,용산 로펌,정치 신인 트랙,스펙 품앗이,긴급 재난 생계비,학부모 안심 학년제
713,승차 진료소,보건·의학,식생활,E,크룽지,이분 도체육,오저치고,약케팅,승차 진료소
714,시니어 상권,경제생활,자연,E,녹녹 갈등,교자성체,암석 플라스틱,새똥광,시니어 상권
715,시민 애도장,사회생활,개념,A,시민 애도장,배터리 환경성 계수,퐁퐁 시티,대기 정체 지수,교자성
716,식빵 세대,사회생활,정치와 행정,B,이찍남,식빵 세대,아동 특별 돌봄비,교육 재난 지원금,디지털 시장법
717,신속 사용 승인,정치와 행정,개념,A,신속 사용 승인,환형 유치율,퐁퐁 시티,코스피 이백 위클리 커버드 콜 에이티엠 지수,체이스퍼
718,신속 전액 보증,정치와 행정,문화,D,웨장센,국립 뮤지컬 진흥원,밀보드 차트,신속 전액 보증,공정 신호등
719,신속 통로제,정치와 행정,식생활,D,친환경 집밥,고짠,집콕 요리,신속 통로제,소식좌
720,신종 코로나 감염증,보건·의학,개념,A,신종 코로나 감염증,스까국,연체 지속률,엑사전자볼트,환형 유치율
721,신종 코로나바이러스 감염증,보건·의학,문화,C,도슨트 북,유교 패치,신종 코로나바이러스 감염증,신파 포비아,노년돌
722,신중국 공포,정치와 행정,경제생활,C,공공 금융 플랫폼,예테크,신중국 공포,이플레이션,내손내산
723,실버 역세권,삶,보건·의학,C,면역 대리 지표,스텔스 오미크론,실버 역세권,신종 코로나 감염증,신종 코로나바이러스 감염증
724,실종 아동 주간,사회생활,식생활,B,멍스킨라빈스,실종 아동 주간,멍미노피자,단마토,분식주의자
725,실효 이자 비용,경제생활,의생활,E,그랜파코어,할미 룩,릴렉스 코지 룩,스키니피케이션,실효 이자 비용
726,쌉에이블,사회생활,삶,A,쌉에이블,펫플로깅,기후 영향 사업,홈태교,노 교수 존
727,가덕도 신공항 건설을 위한 특별법,정치와 행정,경제생활,B,무지출 챌린지,가덕도 신공항 건설을 위한 특별법,세컨슈머,귀가 안심 보험,스트림플레이션
728,가덕도 특별법,정치와 행정,교육,E,일시 귀국생,에듀핀,행동 후성 유전학,영탐탐,가덕도 특별법
729,가마니 전략,인간,주생활,D,러스틱 라이프,쿠키 컷,짜세권,가마니 전략,그린 스테이
730,가상 출국 여행,사회생활,자연,E,교자성체,안트로포퀴나스,녹녹 갈등,새똥광,가상 출국 여행
731,가상 자산업법,삶,인간,A,가상 자산업법,호모 프롬프트,작아 격리,유리 세대,탄핵 만능주의자
732,가상 전화 면접 방식,정치와 행정,사회생활,A,가상 전화 면접 방식,뒷광고,스패무플라주,네카라쿠배당토,기후 민감 계층
733,가정 대기자,보건·의학,경제생활,B,언택트 영업,가정 대기자,커필레이션,삼쏘공,주식 가치 연동 현금
734,가족 돌봄 휴가 연장법,정치와 행정,보건·의학,D,핀셋 방역,집중 감염원,공동 격리자,가족 돌봄 휴가 연장법,안심 가림막
735,감마 변이,보건·의학,정보·기술,A,감마 변이,비지상 통신망,원격 사격 무기 통제 체계,비전 언어 모델,킥 스테이지
736,감염병 전담 요양 병원,보건·의학,의생활,A,감염병 전담 요양 병원,키드코어,얼죽크족,그랜파코어 룩,킬로 숍
737,강제 중도금,경제생활,동식물,E,깃깔따구속,토마토뿔나방,플레우로시스티티드,이링기아,강제 중도금
738,개인 대주 제도,경제생활,자연,A,개인 대주 제도,안트로포퀴나스,유공 유리 분말,지구 열대화,암석 플라스틱
739,갭코노미,경제생활,인간,A,갭코노미,중꺾허,킹받드라쉬,깔끼하다,누칼협
740,거점 전담 병원 의무 지정 기한,보건·의학,동식물,A,거점 전담 병원 의무 지정 기한,이링기아,이형 두릅,원형 알엔에이,가스테란투스 익스팅크투스
741,거점 접종 센터,보건·의학,개념,B,통합 수질 지수,거점 접종 센터,체이스퍼,스카이코럴,환형 유치율
742,건강 생활 실천 지원금제,정치와 행정,교육,D,등원 수업,벚꽃 개강,생체 직교 화학,건강 생활 실천 지원금제,코로나 수능
743,검사 임용 개혁법,정치와 행정,인간,B,호모 프롬프트,검사 임용 개혁법,호모 마스쿠스,활성뇌,탄핵 만능주의자
744,검체 로봇,보건·의학,사회생활,A,검체 로봇,싫테,연관 검색어 정화 운동,인용 답글,어라로브스터
745,고대면 접촉,사회생활,교육,D,비대면 시험,원격 수업 시대,영탐탐,고대면 접촉,의준생
746,공동 격리자,보건·의학,인간,D,쩝쩝박사,현기까,찐줌마,공동 격리자,어싱족
747,공정 벌금,정치와 행정,경제생활,A,공정 벌금,양자 난수 생성 기술,리뷰 거지,영털족,잼테크
748,공정 벌금제,정치와 행정,문화,A,공정 벌금제,프로토니즘 이론,언택트 시네마,풀 더빙 툰,국가 민속 유산
749,관음충,인간,보건·의학,D,드라이브스루 선별 진료소,티모시 증후군,얼음 과식증,관음충,비말 환자
750,구글 갑질 방지법,정치와 행정,교육,A,구글 갑질 방지법,메타 물리학,코로나 손실 보상법,의준생,에듀핀
751,국가 치료 격리 병상,보건·의학,정보·기술,D,갈고리즘,킥 스테이지,원격 사격 무기 통제 체계,국가 치료 격리 병상,회생 저항 장치
752,국방 유공자 예우법,정치와 행정,정보·기술,A,국방 유공자 예우법,자석발,생성 에이아이,온 디바이스 폰,회생 저항 장치
753,그린 패스,보건·의학,정보·기술,B,범용 일반 인공 지능,그린 패스,워크넥트,푸드 큐아르,비지상 통신망
754,근력 저축 운동,삶,의생활,B,신꾸,근력 저축 운동,개리야스,어퍼웨어,데스크 패션
755,근원 환자,보건·의학,경제생활,A,근원 환자,숏케팅,다산난사,주가 배터리 비율,길티 팁
756,근육 옷감,삶,정치와 행정,B,학부모 안심 학년제,근육 옷감,공동 주택 사육 허가제,신용 상승 격려금,계묘군란
757,근육 적금,보건·의학,정보·기술,B,외식 테크,근육 적금,갈고리즘,푸드 큐아르,원격 사격 무기 통제 체계
758,금융 치료,정치와 행정,인간,E,코로나 사피엔스,코로나 베이비,크크루삥뽕,거르주아,금융 치료
759,금융 복합 기업 집단,정치와 행정,보건·의학,E,주간 수술 유닛,국가 돌봄 병원,사스 코로나바이러스 이,약제 배송 로봇,금융 복합 기업 집단
760,금융 복합 기업 집단법,경제생활,개념,B,퐁퐁 시티,금융 복합 기업 집단법,코스피 이백 위클리 커버드 콜 에이티엠 지수,대기 정체 지수,통합 수질 지수
761,금융 소송원,경제생활,교육,E,생체 직교 화학,휴먼 트루스,재택 수강생,비대면 강의,금융 소송원
762,금융 치료,정치와 행정,자연,E,국가 기후 비상사태,지구 열대화,유공 유리 분말,녹녹 갈등,금융 치료
763,급식 개미,경제생활,삶,C,코로나 이혼,군집 자살,급식 개미,겟생,산스장
764,기근 바이러스,사회생활,동식물,E,이형 두릅,가스테란투스 익스팅크투스,도너견,플레우로시스티티드,기근 바이러스
765,기본 소득 국민운동,사회생활,동식물,E,플레우로시스티티드,체조견,유럽 녹색 꽃게,멍감님,기본 소득 국민운동
766,기본 소득 토지세,정치와 행정,의생활,D,개리야스,뉴 머니 룩,팬티 코딩,기본 소득 토지세,마스크 프루프
767,기초 학술 기본법,정치와 행정,문화,E,웨장센,신파 포비아,공정 신호등,자콘,기초 학술 기본법
768,기후테크,삶,사회생활,D,재택이몽,에스비엔,국가 지도 차량,기후테크,안심 면회
769,기후 민감 계층,사회생활,보건·의학,C,취합 검사 기법,생활 치료 센터,기후 민감 계층,코로나 팬데믹,방역 신뢰국
770,깃깔따구속,동식물,정치와 행정,D,기본 재난 소득,폴리서치,피해 회복 국가 책임제,깃깔따구속,외국환 평형 관리 기금
771,꼬마 개미,경제생활,보건·의학,E,델타 변이,얼음 과식증,코비드 일구,공동 격리자,꼬마 개미
772,넷술족,사회생활,교육,B,재택 응시생,넷술족,을평성대,온라인 개학,원격 수업 시대
773,노가더,사회생활,정치와 행정,C,국가 인재 양성 기본법,용와대,노가더,긴급 돌봄 제도,글로벌 메탄 서약
774,노쇼 백신,보건·의학,사회생활,E,스킵래깅,액화 수소 열차,좋댓구알,확장 가상 세계,노쇼 백신
775,다크 이코노미,경제생활,자연,E,피코플레어,교자성체,유공 유리 분말,합성 가뭄 지수,다크 이코노미
776,단일 정액제,정치와 행정,삶,D,노 교수 존,역응원,코로나 베이비 붐,단일 정액제,위드 코로나
777,단풍 방역,보건·의학,문화,D,퍼피 시네마,음튜버,플러그엔비,단풍 방역,교양툰
778,당근질,경제생활,식생활,E,끼니 노동,슬림 다이닝,술피뎀,돼지게이터,당근질
779,대깨족,정치와 행정,정보·기술,B,비지상 통신망,대깨족,비전 언어 모델,푸드 큐아르,생성 에이아이
780,대북 방송 금지법,정치와 행정,정보·기술,E,원격 사격 무기 통제 체계,회생 저항 장치,자석발,비전 언어 모델,대북 방송 금지법
781,더블링 현상,보건·의학,정치와 행정,B,비호감 선거,더블링 현상,우유 사무관,공정 벌금,비례 전문 정당
782,덧보고,정치와 행정,의생활,C,스핏 후드,얼죽크족,덧보고,할미 룩,오피스코어 룩
783,데스크 패션,의생활,삶,A,데스크 패션,랜선 여행족,홈터 파크,온라인 노인정,풀멍
784,데이터 담보 대출,경제생활,정보·기술,B,갈고리즘,데이터 담보 대출,생성형 에이아이,킥 스테이지,블랙 키워드
785,델타 변이,보건·의학,교육,D,재택 수강생,이음 연령,원격 수업 시대,델타 변이,의준생
786,도보 배달 맨,사회생활,보건·의학,E,티모시 증후군,백신 패스,안심 외래 진료소,약제 배송 로봇,도보 배달 맨
787,도보 배달원,사회생활,주생활,B,반세권,도보 배달원,재해 우려 주택,통뼈 캐슬,방꾸
788,돔황챠,삶,동식물,B,이형 두릅,돔황챠,깃깔따구속,푼타데바카스잎귀쥐,체조견
789,동물 특별 사법 경찰관,정치와 행정,개념,A,동물 특별 사법 경찰관,스카이코럴,대기 정체 지수,체이스퍼,교자성
790,뒷광고,사회생활,개념,E,퐁퐁 시티,스까국,통합 수질 지수,국가 우주 산업 벨트,뒷광고
791,디지털 시장법,정치와 행정,경제생활,C,빗무원,세미브리더,디지털 시장법,싱글노믹스,칩플레이션
792,딴봉띠 집회,사회생활,동식물,C,냥퀴벌레,호랑무늬딱총새우,딴봉띠 집회,나토베나토르 폴리돈투스,체조견
793,라이크 커머스,경제생활,문화,E,탑골 스타,돌친자,명언돌,케이인니팝,라이크 커머스
794,랜선 사원,사회생활,인간,B,뇌로빅,랜선 사원,콰이어트퀴팅족,서육남,중꺾허
795,랜선 코칭,교육,자연,D,피코플레어 제트,합성 가뭄 지수,국가 기후 비상사태,랜선 코칭,녹녹 갈등
796,레이블링 게임,사회생활,문화,C,음튜버,제당슈만,레이블링 게임,프로토니즘 이론,게이밍 숍
797,레이어드 홈,주생활,의생활,C,오피스코어 룩,스키코어 룩,레이어드 홈,코티지코어 룩,대디 핏
798,레지던스 트랙,정치와 행정,주생활,A,레지던스 트랙,내 집 마련 리츠 주택,방꾸,소세권,호모 미그라티오
799,로빈 후드 운동,경제생활,개념,B,국가 우주 산업 벨트,로빈 후드 운동,디지털 헬스 지표,연체 지속률,코스피 이백 위클리 커버드 콜 에이티엠 지수
800,로켓 정산법,정치와 행정,의생활,D,스핏 후드,마꾸,어퍼웨어,로켓 정산법,그랜파코어 룩
801,록다운 세대,사회생활,식생활,C,슬림 다이닝,케꾸,록다운 세대,알몸 김치,키슐랭
802,롤링 바스켓,주생활,식생활,C,인싸 커피,퇴푸,롤링 바스켓,홈마카세,케꾸
803,롤코족,인간,문화,A,롤코족,온라인 뷰잉 룸,돌친자,밀보드 차트,유교 패치
804,롤코 라이프,삶,주생활,A,롤코 라이프,러스틱 라이프,졸리 컷,이사완박,으뜸 효율 가전
805,루빙뽕,인간,교육,E,언택트 러닝,고등 직업 교육 거점 지구 지원 사업,표준 학급 수,생체 직교 화학,루빙뽕
806,리뷰 거지,경제생활,의생활,B,신꾸,리뷰 거지,데스크 패션,스핏 후드,마스크 화장법
807,리뷰 진상,경제생활,인간,E,댕플루언서,코로나 레드,안내스,경육남,리뷰 진상
808,리얼돌방,경제생활,식생활,D,술피뎀,돌밥돌밥,채식 선택제,리얼돌방,완냉족
809,메타노믹스,경제생활,동식물,B,체조견,메타노믹스,나토베나토르 폴리돈투스,냥퀴벌레,제주남방밤달팽이
810,면역 대리 지표,보건·의학,사회생활,E,네카엘스크,노면 컬러 안내선,사불,디지털 플랫폼 재난,면역 대리 지표
811,무인 탐사 헬기,사회생활,식생활,E,맛그레이드,빵스킹,슈붕,약케팅,무인 탐사 헬기
812,문콕족,사회생활,식생활,E,돌밥돌밥,커피카세,슬림 다이닝,술피뎀,문콕족
813,민지 세대,사회생활,경제생활,E,컴프테크,양자 난수 생성 기술,배배 테크,스팸 지수,민지 세대
814,밀보드 차트,문화,정보·기술,E,갈고리즘,외식 테크,생성형 에이아이,온 센서 에이아이,밀보드 차트
815,바이드노믹스,경제생활,식생활,E,단마토,고짠,편커,당모치,바이드노믹스
816,반값 임대료법,정치와 행정,개념,A,반값 임대료법,디지털 헬스 지표,배터리 환경성 계수,코스피 이백 위클리 커버드 콜 에이티엠 지수,대기 정체 지수
817,반백신론자,보건·의학,식생활,A,반백신론자,집마카세,닭코야키,케꾸,약케팅
818,방역 신뢰국,보건·의학,인간,A,방역 신뢰국,딱내스,갓생족,찐줌마,킹받는
819,배민맛,식생활,정치와 행정,C,통공매,미세 먼지떨이식 수사,배민맛,중수청,재난 기본 소득제
820,배배 테크,경제생활,정보·기술,C,회생 저항 장치,비디오 언어 모델,배배 테크,푸드 큐아르 코드,워크넥트
821,백슬로핑,식생활,개념,C,옴니 유즈,코스피 이백 위클리 커버드 콜 에이티엠 지수,백슬로핑,배터리 환경성 계수,광 자력계
822,백시케이션,경제생활,자연,A,백시케이션,지구 열대화,피코플레어 제트,녹녹 갈등,유공 유리 분말
823,백시케이션,보건·의학,경제생활,C,자유 계약 점포,프렌드 쇼어링,백시케이션,이생집망,웨딩플레이션
824,백신 사절단,보건·의학,정보·기술,B,킥 스테이지,백신 사절단,워크넥트,비전 언어 모델,외식 테크
825,백신 여권,보건·의학,정치와 행정,E,도심 복합 개발 특별법,극험지,긴급 재난금,레지던스 트랙,백신 여권
826,백신 장벽,경제생활,자연,A,백신 장벽,암석 플라스틱,플루닛,피코플레어,국가 기후 비상사태
827,백신 절벽,정치와 행정,경제생활,B,파생 포비아,백신 절벽,주가 리튬 비율,동맹 쇼어링,펀 커머스
828,백신 디바이드,보건·의학,개념,A,백신 디바이드,옴니 유즈,연어 핑크색,스까국,환형 유치율
829,백신 패스,보건·의학,인간,C,혼쭐러,인스타그래니,백신 패스,코로나 레드,깔끼하다
830,백신 휴가 제도,정치와 행정,보건·의학,A,백신 휴가 제도,양압차,더블링 현상,사스 코로나바이러스 이,근육 적금
831,베이스 시프트,경제생활,주생활,A,베이스 시프트,쿠세권,반세권,졸리 컷,호모 미그라티오
832,베타 변이,보건·의학,교육,D,계약 정원제,메타 물리학,책임 등교,베타 변이,을평성대
833,벼락거지,경제생활,보건·의학,C,코스크,푹스 디스트로피,벼락거지,가정 대기자,케이 방역
834,부동산 블루,경제생활,삶,C,조비이락,헬시플레저,부동산 블루,노 주취자 존,랜선 놀이
835,부머 쇼퍼,경제생활,주생활,E,내 집 마련 리츠 주택,공간 결정론,반세권,그린 스테이,부머 쇼퍼
836,브러싱 스캠,경제생활,식생활,E,편커,팥붕,멍미노피자,끼니 노동,브러싱 스캠
837,비건 헬스,식생활,문화,B,제당슈만,비건 헬스,프로토니즘 이론,국립 뮤지컬 진흥원,돌친자
838,비격리 여행 권역,정치와 행정,개념,A,비격리 여행 권역,퐁퐁 시티,체이스퍼,연어 핑크색,통합 수질 지수
839,빵공족,교육,인간,E,속튀,보더리스족,쾌룡적,갓생족,빵공족
840,가상 세계 패션,의생활,주생활,B,이사완박,가상 세계 패션,삼대 이모님,짜세권,재해 취약 주택
841,가스테란투스 익스팅크투스,동식물,사회생활,C,완졸,배달 거지,가스테란투스 익스팅크투스,콜 체크인,댕댕 버스
842,가스플레이션,경제생활,보건·의학,D,약제 배송 로봇,연쇄상 구균 독성 쇼크 증후군,코로나 블루,가스플레이션,필수 의료 패키지
843,가입자 퇴직 급여 보장법,정치와 행정,식생활,A,가입자 퇴직 급여 보장법,공공 반납기,키슐랭,식후탕,이분 도체육
844,가족 돌봄 청년,인간,경제생활,E,푸틴플레이션,금융 안정 계정,빗무원,박스깡,가족 돌봄 청년
845,가족 돌봄 청소년,인간,보건·의학,E,감염병 전담 요양 병원,백신 여권,트윈데믹,얼음 과식증,가족 돌봄 청소년
846,간병 이혼,삶,주생활,D,썩파트,도장필,호모 미그라티오,간병 이혼,반세권
847,간호 인력 인권법,보건·의학,경제생활,A,간호 인력 인권법,소주 런,위험 행상 지수,경제완박,짠 내 사업가
848,갈대멍,삶,교육,C,랜선 코칭,벚꽃 개강,갈대멍,의준생,군졸 교과서
849,감동 심해,인간,동식물,C,나토베나토르 폴리돈투스,호랑무늬딱총새우,감동 심해,토마토뿔나방,깃깔따구속
850,개발 이익 국민 환수제,정치와 행정,사회생활,D,자서망,직관팸,칼틀막,개발 이익 국민 환수제,임시 지방 공휴일
851,개인 경계선,사회생활,개념,D,환형 유치율,코스피 이백 위클리 커버드 콜 에이티엠 지수,체이스퍼,개인 경계선,통합 수질 지수
852,검당 유착,정치와 행정,인간,C,아키테이너,집놀이족,검당 유착,인스타그래니,코로나 베이비
853,검역 정보 사전 입력 시스템,보건·의학,개념,C,스까국,연어 핑크색,검역 정보 사전 입력 시스템,교자성,광 자력계
854,검찰 면담제,정치와 행정,식생활,D,곱게팅,알몸 김치,퇴식 로봇,검찰 면담제,키슐랭
855,검찰 정상화법,정치와 행정,자연,E,국가 기후 비상사태,합성 가뭄 지수,유공 유리 분말,피코플레어,검찰 정상화법
856,결송하다,삶,보건·의학,B,스텔스 오미크론,결송하다,신속 방문 검사,코비드 일구,국가 전임상 시험 지원 센터
857,결장 협착증,보건·의학,의생활,E,꾸안꾸 룩,마꾸,릴렉스 코지 룩,홈 오피스 웨어,결장 협착증
858,경제특례시,경제생활,식생활,D,돌밥돌밥,홈마카세,크룽지,경제특례시,백슬로핑
859,경제 부스터 샷,경제생활,식생활,A,경제 부스터 샷,분식주의자,백슬로핑,오저치고,멍미노피자
860,고등 직업 교육 거점 지구 지원 사업,교육,문화,D,국립 뮤지컬 진흥원,제당슈만,국현미,고등 직업 교육 거점 지구 지원 사업,온세뉴
861,고소 절연 작업 차,사회생활,교육,B,언택트 러닝,고소 절연 작업 차,협수용강,코로나케이션,에듀핀
862,고용 평등 임금 공시제,정치와 행정,경제생활,E,안티스티어링,돈쭐,스트림플레이션,푸틴플레이션,고용 평등 임금 공시제
863,고준위 특별법,정치와 행정,동식물,A,고준위 특별법,체조견,떠돌이쉬파리,도너견,냥퀴벌레
864,공간 결정론,주생활,문화,A,공간 결정론,국가 유산 기본법,케이인니팝,신파 프레임,자콘
865,공공 금융 플랫폼,경제생활,동식물,C,유럽 녹색 꽃게,체조견,공공 금융 플랫폼,멍감님,플레우로시스티티드
866,공공 매입 약정 방식,정치와 행정,개념,E,디지털 헬스 지표,통합 수질 지수,스까국,퐁퐁 시티,공공 매입 약정 방식
867,공급망 안정화 기금,정치와 행정,교육,B,이음 연령,공급망 안정화 기금,비대면 시험,코로나케이션,일시 귀국생
868,공직 후보자 역량 자격시험,정치와 행정,문화,D,노년돌,명언돌,국가 민속 유산,공직 후보자 역량 자격시험,미드퀄
869,광 자력계,개념,교육,E,군졸 교과서,교육 회복 추진단,수리 감염 역학,생체 직교 화학,광 자력계
870,교육 회복 추진단,교육,정보·기술,B,생성형 에이아이,교육 회복 추진단,회생 저항 장치,양자 비트 플랫폼,온 센서 에이아이
871,굥정,정치와 행정,의생활,B,뉴 머니 룩,굥정,그랜파코어,대디 핏,비둘기 룩
872,국가 데이터 혁신 지구,정치와 행정,식생활,A,국가 데이터 혁신 지구,친환경 집밥,군싹,댕댕이 피자,빵스킹
873,국가 민속 유산,문화,정치와 행정,D,긴급 재난 기부금,기간산업 안정 기금,재난 생계비,국가 민속 유산,워라밸 일자리 장려금
874,국가 우주 산업 벨트,개념,사회생활,A,국가 우주 산업 벨트,왓어바우티즘,코로나 세대,코끝모,앱만추
875,국가 우주 정책 연구 센터,정치와 행정,보건·의학,D,취합 검사 기법,공공 선별 진료소,티모시 증후군,국가 우주 정책 연구 센터,격리 생활 시설
876,국가 유산 기본법,문화,주생활,E,레이어드 홈,그린 스테이,짜세권,호텔 거지,국가 유산 기본법
877,국가 자원 안보 특별법,정치와 행정,인간,D,댕플루언서,누칼협,농친자,국가 자원 안보 특별법,안티알고리즘
878,국가 전략 기술 육성 특별법,정치와 행정,의생활,B,팬티 코딩,국가 전략 기술 육성 특별법,대디 핏,릴렉스 코지 룩,슈즈 코드
879,국가 전략 기술 제품,경제생활,정치와 행정,A,국가 전략 기술 제품,선원 구하라법,정부완박,사전 위탁 보호 제도,국립 지질 유산 센터
880,국가 전임상 시험 지원 센터,보건·의학,교육,B,계약 정원제,국가 전임상 시험 지원 센터,비대면 시험,고등 직업 교육 거점 지구 지원 사업,이음 연령
881,국가 지도 차량,사회생활,주생활,D,호모 미그라티오,그린 스테이,소세권,국가 지도 차량,반세권
882,국가 지도 통신 차량,사회생활,정치와 행정,D,세월호 참사 지원법,중처법,국특완박,국가 지도 통신 차량,코로나 피싱
883,국가 첨단 전략 기술,경제생활,보건·의학,C,코스크,간호 인력 인권법,국가 첨단 전략 기술,필수 의료 패키지,케이 진단 키트
884,국가 첨단 전략 산업,경제생활,의생활,A,국가 첨단 전략 산업,신꾸,릴렉스 코지 룩,비둘기 룩,가상 세계 패션
885,국가 첨단 전략 산업 경쟁력 강화 및 보호에 관한 특별 조치법,정치와 행정,의생활,E,키드코어,그랜파코어,얼죽크,동탄 룩,국가 첨단 전략 산업 경쟁력 강화 및 보호에 관한 특별 조치법
886,국가 첨단 전략 산업 특별법,정치와 행정,동식물,D,유럽 녹색 꽃게,제주남방밤달팽이,멍감님,국가 첨단 전략 산업 특별법,원형 알엔에이
887,국가 첨단 전략 산업법,정치와 행정,보건·의학,A,국가 첨단 전략 산업법,중앙 예방 접종 센터,반강성 고정술,감염병 특별 관리 지역,정자 공여 시술
888,국립 뮤지컬 진흥원,문화,주생활,A,국립 뮤지컬 진흥원,육아 친화 주택,창툭튀,쿠세권,문쿵
889,국립 지질 유산 센터,정치와 행정,인간,C,루빙뽕,러시스트,국립 지질 유산 센터,접시 뇌,인류뽕
890,국민 안심 지원 제도,정치와 행정,동식물,B,나토베나토르 폴리돈투스,국민 안심 지원 제도,이링기아,유럽 녹색 꽃게,토마토뿔나방
891,국민 우수 제안 협의체,정치와 행정,동식물,B,가스테란투스 익스팅크투스,국민 우수 제안 협의체,깃깔따구속,이링기아,멍감님
892,국제 메탄 서약,정치와 행정,인간,E,코로나 레드,잼민이,코비디엇,의주빈,국제 메탄 서약
893,규제 심판제,정치와 행정,주생활,D,남산 프레스티지 벨트,쿠키 컷,쿠세권,규제 심판제,썩파트
894,그레이 그린,사회생활,동식물,B,익티오티탄 세베르넨시스,그레이 그린,체조견,푼타데바카스잎귀쥐,호랑무늬딱총새우
895,그린플레이션,경제생활,문화,B,풀 더빙 툰,그린플레이션,프로토니즘 이론,새드 팝,신파 포비아
896,글로벌 메탄 서약,정치와 행정,사회생활,A,글로벌 메탄 서약,인포라인,세대 균형 지표,낀 낀 세대,문콕족
897,기회 발전 특구 특별법,정치와 행정,문화,D,명언돌,노년돌,케이인니팝,기회 발전 특구 특별법,탑골 가요
898,기후 영향 사업,삶,식생활,A,기후 영향 사업,배민맛,젤리쌈,달고나커피,커피카세
899,기후 인지 예산제,정치와 행정,주생활,D,그린 스테이,창툭튀,으뜸 효율 가전,기후 인지 예산제,쿠키 컷
900,깐부 쇼어링,경제생활,정보·기술,A,깐부 쇼어링,푸드 큐아르,워크넥트,범용 일반 인공 지능,블랙 키워드
901,남산 프레스티지 벨트,주생활,정보·기술,C,생성 에이아이,푸드 큐아르,남산 프레스티지 벨트,범용 일반 인공 지능,워크넥트
902,내비 실거리제,경제생활,보건·의학,A,내비 실거리제,코로나 팬데믹,티모시 증후군,생활 방역 시스템,생활 치료 센터
903,네버 코비드,보건·의학,정치와 행정,E,가상 전화 면접 방식,외국환 평형 관리 기금,주죽야스,용와대,네버 코비드
904,네버 코비드족,보건·의학,식생활,C,편커,맛그레이드,네버 코비드족,현미무스,당모치
905,노 교수 존,삶,정보·기술,B,비전 파운데이션 모델,노 교수 존,블랙 키워드,외식 테크,전자 성능 추적 시스템
906,노동 전환 지원금,정치와 행정,정보·기술,D,킥 스테이지,회생 저항 장치,온 디바이스 폰,노동 전환 지원금,자석발
907,노숙 런,경제생활,자연,E,교자성체,녹녹 갈등,암석 플라스틱,국가 기후 비상사태,노숙 런
908,녹색 위장 행위,경제생활,주생활,B,도장필,녹색 위장 행위,직락,남산 프레스티지 벨트,강서용송
909,농 접근권,정치와 행정,문화,D,새드 팝,케이인니팝,국립 뮤지컬 진흥원,농 접근권,뉴트로 국악
910,농어민 기본 소득 지원금,정치와 행정,교육,E,닭 피 부모,영탐탐,교육 회복 추진단,재능 사다리,농어민 기본 소득 지원금
911,다누리호,사회생활,경제생활,E,죄책감 팁,베케플레이션,편장족,금융 소송원,다누리호
912,다중 궤도 위성,사회생활,인간,D,자기 추앙,너또다,설거지남,다중 궤도 위성,갓생족
913,닭 피 부모,교육,정치와 행정,E,인파방스,국제 메탄 서약,청정 경제 협정,가입자 퇴직 급여 보장법,닭 피 부모
914,당평 세대,사회생활,동식물,C,도너견,토마토뿔나방,당평 세대,이형 두릅,멍감님
915,대기 정체 지수,개념,주생활,B,졸리 컷,대기 정체 지수,호모 미그라티오,그린 스테이,강서용송
916,대사직 시대,사회생활,개념,A,대사직 시대,연어 핑크색,환형 유치율,교자성,디지털 헬스 지표
917,대장동 게이트,정치와 행정,경제생활,A,대장동 게이트,노숙 런,이플레이션,언택트 존,청년 내일 저축 계좌
918,대장동 방지법,정치와 행정,자연,E,교자성체,안트로포퀴나스,국가 기후 비상사태,암석 플라스틱,대장동 방지법
919,대퇴직 시대,사회생활,동식물,A,대퇴직 시대,이링기아,이형 두릅,화상 벌레,댕쪽이
920,더블링 확진,보건·의학,자연,B,유공 유리 분말,더블링 확진,피코플레어,녹녹 갈등,플루닛
921,델타크론,보건·의학,의생활,E,얼죽크족,뉴 머니 룩,얼죽크,무게 샵,델타크론
922,도그 폰,사회생활,교육,A,도그 폰,학부모 안심 학년,원격 수업 시대,수리 감염 역학,휴먼 트루스
923,도제 담낭,보건·의학,삶,A,도제 담낭,군집 자살,피캉스,뱀서라이크,북켓팅
924,도한 놀이,삶,정치와 행정,D,중수청장,긴급 벌채 제도,계묘늑약,도한 놀이,필수 의료 유지 명령
925,동맹 쇼어링,경제생활,개념,A,동맹 쇼어링,통합 수질 지수,환형 유치율,디지털 헬스 지표,국가 우주 산업 벨트
926,득템력,경제생활,삶,A,득템력,클수저,짬 처리론,집터 파크,노 아줌마 존
927,디깅소비,경제생활,교육,C,코로나 수능,빵공족,디깅소비,학부모 안심 학년,코로나 손실 보상법
928,디깅족,인간,정보·기술,B,원격 사격 무기 통제 체계,디깅족,블랙 키워드,외식 테크,푸드 큐아르
929,디지털 자산 기본법,경제생활,의생활,B,워크 레저 패션,디지털 자산 기본법,키드코어,마꾸,대디 핏
930,디지털 자산 통합 거래소,경제생활,사회생활,D,탈트넘,콰이어트 퀴팅,코로나 세대,디지털 자산 통합 거래소,무진동 항온 항습 차
931,디지털 헬스 지표,개념,경제생활,D,꾸자사모,경제완박,엔차 신상,디지털 헬스 지표,바이미식스
932,떠돌이쉬파리,동식물,자연,D,녹녹 갈등,유공 유리 분말,새똥광,떠돌이쉬파리,교자성체
933,러스틱 라이프,주생활,보건·의학,C,취합 검사 기법,코로나 팬데믹,러스틱 라이프,코로나 블랙,단풍 방역
934,러시스트,인간,정치와 행정,A,러시스트,코로나 정치,언택트 범죄,필수 의료 유지 명령,신속 통로제
935,런치플레이션,경제생활,보건·의학,B,집단 면역 가설,런치플레이션,초저온 회복 처치기,혼합 검체 기법,생활 방역 시스템
936,리뷰깡,경제생활,사회생활,A,리뷰깡,쇼트폴리오,왓어바우티즘,파묘들,노가더
937,리핑력,사회생활,인간,A,리핑력,누칼협,설거지론,인류뽕,너또다
938,릴렉스 코지 룩,의생활,경제생활,B,케이크플레이션,릴렉스 코지 룩,무지출 챌린지,소확수,코로나 대출
939,메타 보이스,사회생활,문화,C,돌친자,유교 패치,메타 보이스,음튜버,국현미
940,메타 사피엔스,사회생활,주생활,D,재해 우려 주택,남산 프레스티지 벨트,방꾸,메타 사피엔스,그린 스테이
941,메타 모빌리티,사회생활,개념,E,대기 정체 지수,코스피 이백 위클리 커버드 콜 에이티엠 지수,퐁퐁 시티,연체 지속률,메타 모빌리티
942,메타 물리학,교육,사회생활,C,쿠팡 세대,재가 요양 복지사,메타 물리학,가상 근무표,일탈계
943,메타 바이오아트,문화,개념,A,메타 바이오아트,스까국,연체 지속률,교자성,국가 우주 산업 벨트
944,메타 소셜 네트워크,사회생활,인간,D,트랜스매스큘린,홈마카세족,완내스,메타 소셜 네트워크,디깅력
945,메타버시안,사회생활,주생활,E,호텔 거지,남산 프레스티지 벨트,강서용송,반세권,메타버시안
946,무피장타,삶,개념,A,무피장타,체이스퍼,국가 우주 산업 벨트,스카이코럴,옴니 유즈
947,무지출 챌린지,경제생활,정보·기술,E,비지상 통신망,푸드 큐아르 코드,비디오 언어 모델,푸드 큐아르,무지출 챌린지
948,가상 근무표,사회생활,동식물,B,플레우로시스티티드,가상 근무표,이링기아,떠돌이쉬파리,체조견
949,감사완박법,정치와 행정,인간,D,쾌룡적,속튀,맵파민,감사완박법,가족 돌봄 청년
950,감형 스펙,정치와 행정,교육,A,감형 스펙,온라인 개학,계약 정원제,학부모 안심 학년,빵공
951,갓생족,인간,삶,A,갓생족,이 시국 여행,편텐츠,향기멍,역응원
952,강제 매수법,정치와 행정,개념,A,강제 매수법,쫌쫌따리,배터리 환경성 계수,환형 유치율,퐁퐁 시티
953,개발 워싱,정치와 행정,개념,C,체이스퍼,엑사전자볼트,개발 워싱,환형 유치율,연어 핑크색
954,개인 채무자 보호법,경제생활,의생활,D,대디 핏,신꾸,팬티 코딩,개인 채무자 보호법,릴렉스 코지 룩
955,건강 보정 기대 수명,삶,식생활,A,건강 보정 기대 수명,분식주의자,에소바,술피뎀,빵스킹
956,건폭 몰이,사회생활,개념,C,국가 우주 산업 벨트,디지털 헬스 지표,건폭 몰이,대기 정체 지수,교자성
957,건폭 수사,정치와 행정,의생활,A,건폭 수사,얼죽크족,무게 샵,얼죽크,스키코어
958,검수원복법,정치와 행정,정보·기술,D,유스 앱,온 센서 에이아이,갈고리즘,검수원복법,회생 저항 장치
959,검주 국가,정치와 행정,교육,D,의준생,재택 응시생,재택 수강생,검주 국가,온 학교 교육 회복 학습 지원
960,겟생,삶,문화,E,탑골 가요,온세뉴,밀보드 차트,랜선 문화,겟생
961,계묘국치,정치와 행정,인간,E,감속주의자,오륙남,잘파 세대,치팅범,계묘국치
962,계약 정원제,교육,인간,A,계약 정원제,가마니 전략,관음충,지뢰 설치반,스페이스덴티티
963,고등 평생 교육 특별 회계,정치와 행정,정보·기술,D,자석발,블랙 키워드,워크넥트,고등 평생 교육 특별 회계,생성형 에이아이
964,고특법,정치와 행정,삶,D,노 타투 존,삶포자,아동 거부 업소,고특법,볕멍
965,고특 회계,정치와 행정,교육,A,고특 회계,고등 직업 교육 거점 지구 지원 사업,열대림 생태학,학부모 안심 학년,표준 학급 수
966,공공 반납기,식생활,정치와 행정,B,비조지민,공공 반납기,학부모 안심 학년제,글로벌 메탄 서약,농 접근권
967,공공 반납처,식생활,경제생활,A,공공 반납처,이말올,언택트 산업,큐코노미,해양 레저 호텔
968,관광 워싱,정치와 행정,식생활,B,해산물주의자,관광 워싱,돌밥돌밥,스강 신청,배민맛
969,교육 자유 특구법,정치와 행정,교육,A,교육 자유 특구법,메타 물리학,벚꽃 개강,책임 등교,재능 사다리
970,국가 인재 양성 기본법,정치와 행정,주생활,E,방꾸,도장필,롤링 바스켓,강서용송,국가 인재 양성 기본법
971,군졸 교과서,교육,정보·기술,C,전자 성능 추적 시스템,비지상 통신망,군졸 교과서,비전 언어 모델,외식 테크
972,군중 유체화,사회생활,정치와 행정,D,언시처,위성 비례 정당,두더집,군중 유체화,중수청장
973,군집 자살,삶,사회생활,E,상세오 노선,가피단,기변기추,온택트,군집 자살
974,그리드플레이션,경제생활,정보·기술,A,그리드플레이션,비지상 통신망,온 디바이스 폰,킥 스테이지,갈고리즘
975,근로자 밥값 지원법,경제생활,정치와 행정,C,유금무죄 무금유죄,가덕도 특별법,근로자 밥값 지원법,표미새,장관 런
976,근테크족,삶,의생활,C,무게 샵,얼죽크족,근테크족,슈즈 코드,동탄 미시 룩
977,글로벌 스톡테이크,정치와 행정,식생활,D,비건 헬스,공공 반납처,약케팅,글로벌 스톡테이크,팥붕
978,금리 폭리 방지법,경제생활,문화,E,프로토니즘 이론,미드퀄,메타 바이오아트,국현미,금리 폭리 방지법
979,금안 계정,경제생활,교육,D,학부모 안심 학년,군졸 교과서,이 학습터,금안 계정,학교 폭력 전담 조사관
980,금융 교육 진흥법,정치와 행정,동식물,B,제주남방밤달팽이,금융 교육 진흥법,푼타데바카스잎귀쥐,나토베나토르 폴리돈투스,호랑무늬딱총새우
981,금융 안정 계정,경제생활,정보·기술,A,금융 안정 계정,생성 에이아이,범용 일반 인공 지능,비지상 통신망,외식 테크
982,기절 근무표,사회생활,경제생활,E,라할살,청무피사,압축 소멸,엔차 신상,기절 근무표
983,기초 연금 확대법,정치와 행정,삶,A,기초 연금 확대법,근육 옷감,탑꾸,호프 테이프,별다꾸
984,기회 발전 특구법,정치와 행정,주생활,A,기회 발전 특구법,재해 취약 주택,이사완박,창툭튀,내 집 마련 리츠 주택
985,기후 기술 허브,정치와 행정,자연,A,기후 기술 허브,피코플레어,유공 유리 분말,지구 열대화,안트로포퀴나스
986,기후 배상,정치와 행정,교육,C,코내기,벚꽃 개강,기후 배상,열대림 생태학,학부모 안심 학년
987,기후 보상금,정치와 행정,식생활,D,쫀복이,돌밥돌밥,돼지게이터,기후 보상금,분식주의자
988,기후 행동 지수,사회생활,인간,E,자기 공감력,러키비키,안티 인스타,잼민이,기후 행동 지수
989,긴급 벌채 제도,정치와 행정,문화,C,명언돌,공정 신호등,긴급 벌채 제도,온라인 뷰잉 룸,국립 뮤지컬 진흥원
990,길티 팁,경제생활,보건·의학,E,제로 코로나,초저온 회복 처치기,안심 가림막,스텔스 오미크론,길티 팁
991,깡통 전세 공공 매입 특별법,정치와 행정,사회생활,B,차일드 페널티,깡통 전세 공공 매입 특별법,공민지,좋댓구알,신스파이스 루트
992,꾸웨액,사회생활,정치와 행정,C,노동 전환 지원금,전월세 금지법,꾸웨액,검찰 면담제,대깨좌
993,나토베나토르 폴리돈투스,동식물,경제생활,B,투어플레이션,나토베나토르 폴리돈투스,상거래 신용 등급,젊집사,솔리드 소비
994,내 집 마련 리츠 주택,주생활,인간,D,폭룡적,설거지남,소뇌력,내 집 마련 리츠 주택,욕로남불
995,노 주취자 존,삶,의생활,D,한복 공정,그랜파코어,홈 오피스 웨어,노 주취자 존,워터밤 룩
996,노면 컬러 안내선,사회생활,정치와 행정,C,기후 인지 예산제,어선원 보험법,노면 컬러 안내선,국가 데이터 혁신 지구,여행 안전 권역
997,노조 방탄법,정치와 행정,정보·기술,D,원격 사격 무기 통제 체계,갈고리즘,범용 일반 인공 지능,노조 방탄법,푸드 큐아르 코드
998,녹색 항로,사회생활,삶,C,이 시국 여행,홀인투,녹색 항로,노 썸바디 존,코로나 베이비 붐
999,녹색 해운 항로,사회생활,개념,E,코스피 이백 위클리 커버드 콜 에이티엠 지수,배터리 환경성 계수,엑사전자볼트,광 자력계,녹색 해운 항로
1000,농촌 소멸 기금,정치와 행정,문화,B,국가 민속 유산,농촌 소멸 기금,유교 패치,뉴트로 국악,공정 신호등
1001,댕댕 버스,사회생활,개념,E,쫌쫌따리,스카이코럴,배터리 환경성 계수,국가 우주 산업 벨트,댕댕 버스
1002,댕댕 존,삶,보건·의학,D,전자 예방 접종 증명서,백신 여권,드라이브스루 선별 진료소,댕댕 존,승차 진료소
1003,댕댕 크루즈,사회생활,동식물,C,푼타데바카스잎귀쥐,플레우로시스티티드,댕댕 크루즈,나토베나토르 폴리돈투스,이형 두릅
1004,도심 복합 개발 지원법,정치와 행정,개념,D,옴니 유즈,통합 수질 지수,배터리 환경성 계수,도심 복합 개발 지원법,연체 지속률
1005,도심 복합 개발 특별법,정치와 행정,개념,A,도심 복합 개발 특별법,퐁퐁 시티,디지털 헬스 지표,연어 핑크색,엑사전자볼트
1006,드링크플레이션,경제생활,식생활,B,식후탕,드링크플레이션,애사비,슈붕,스강 신청
1007,디깅력,인간,정치와 행정,D,교육 자유 특구법,폐교 장려금,긴급 벌채 제도,디깅력,금융 치료
1008,디시 브레인,인간,주생활,E,창툭튀,그린 스테이,직락,짜세권,디시 브레인
1009,디지털 플랫폼 재난,사회생활,인간,C,탄핵 만능주의,차박튀,디지털 플랫폼 재난,맘시생,디깅족
1010,런플루언서,사회생활,정보·기술,E,워크넥트,비디오 언어 모델,원격 사격 무기 통제 체계,전자 성능 추적 시스템,런플루언서
1011,리셀러꾼,경제생활,주생활,A,리셀러꾼,재해 취약 주택,졸리 컷,손주턴,반세권
1012,리퀴드 소비,경제생활,자연,A,리퀴드 소비,국가 기후 비상사태,새똥광,녹녹 갈등,지구 열대화
1013,마스크 키핑족,인간,보건·의학,D,신종 코로나바이러스 감염증,우한 코로나,도제 담낭,마스크 키핑족,재택 치료 키트
1014,맞폭,사회생활,개념,B,쫌쫌따리,맞폭,국가 우주 산업 벨트,연어 핑크색,연체 지속률
1015,멍쉼터,삶,정치와 행정,E,표미새,교육 자유 특구법,감사완박,집중 사냥 지역,멍쉼터
1016,명절 테크,경제생활,사회생활,E,즉퇴,언취완박,알빠노,스테이 앳 홈 챌린지,명절 테크
1017,명품 테크족,경제생활,문화,C,궁케팅,랜선 음악회,명품 테크족,온라인 뷰잉 룸,언택트 시네마
1018,무떡밥,사회생활,주생활,A,무떡밥,창툭튀,그린 스테이,도장필,직락
1019,무게 샵,의생활,개념,C,체이스퍼,쫌쫌따리,무게 샵,대기 정체 지수,연어 핑크색
1020,무진동 항온 항습 차,사회생활,인간,C,찐줌마,현생 공감,무진동 항온 항습 차,세계뽕,감속주의자
1021,문화 워싱,정치와 행정,자연,C,암석 플라스틱,국가 기후 비상사태,문화 워싱,유공 유리 분말,합성 가뭄 지수
1022,밀 프렙족,인간,정보·기술,C,워크넥트,푸드 큐아르,밀 프렙족,유스 앱,블랙 키워드
1023,바지 임대인,경제생활,자연,B,피코플레어 제트,바지 임대인,지구 열대화,녹녹 갈등,플루닛
1024,반강성 고정술,보건·의학,자연,D,피코플레어,지구 열대화,새똥광,반강성 고정술,녹녹 갈등
1025,반도체 산업 강화법,정치와 행정,개념,E,연체 지속률,연어 핑크색,국가 우주 산업 벨트,옴니 유즈,반도체 산업 강화법
1026,발레코어,의생활,경제생활,E,비화이트국,자유 계약 점포,따상상상,바이브세션,발레코어
1027,뱀서라이크,삶,보건·의학,C,케이 방역,선별 검사 센터,뱀서라이크,워킹스루 진료소,코로나 포비아
1028,뱅보드 차트,경제생활,주생활,C,호텔 거지,내 집 마련 리츠 주택,뱅보드 차트,재해 우려 주택,재해 취약 주택
1029,뱅크데믹,경제생활,의생활,D,스키코어 룩,마스크 메이크업,워크 레저 패션,뱅크데믹,스키코어
1030,버거플레이션,경제생활,인간,B,집놀이족,버거플레이션,오륙남,뼈말라족,코로나 피로도
1031,부모 돌봄법,정치와 행정,정보·기술,C,생성형 에이아이,자석발,부모 돌봄법,온 디바이스 폰,비디오 언어 모델
1032,부분 근로자 대표제,사회생활,자연,C,피코플레어,플루닛,부분 근로자 대표제,국가 기후 비상사태,피코플레어 제트
1033,불법 일임 투자,경제생활,문화,B,플러그엔비,불법 일임 투자,풀 더빙 툰,음튜버,언택트 시네마
1034,불법 파업 보장법,정치와 행정,보건·의학,C,췌도 부전증,델타크론,불법 파업 보장법,워킹스루,신종 코로나바이러스 감염증
1035,불법 파업 조장법,정치와 행정,개념,A,불법 파업 조장법,광 자력계,스까국,대기 정체 지수,배터리 환경성 계수
1036,블록코어 룩,의생활,삶,E,랜선 호캉스,클수저,노 교수 존,차멍,블록코어 룩
1037,빅테크족,경제생활,인간,C,피코질,핫끈한,빅테크족,속튀,댕플루언서
1038,사이버 도화살,사회생활,문화,E,국립 뮤지컬 진흥원,신파 포비아,실감 문화 공간,풀 더빙 툰,사이버 도화살
1039,사회 서비스 진흥법,정치와 행정,식생활,E,맛그레이드,식후탕,키슐랭,팥붕,사회 서비스 진흥법
1040,산업 평화 보장법,정치와 행정,동식물,A,산업 평화 보장법,냥퀴벌레,떠돌이쉬파리,지옥개미,호랑무늬딱총새우
1041,상대적 불평등 지수,경제생활,인간,A,상대적 불평등 지수,슬로 에이징족,시심비,올콘족,안내스
1042,상추 테크,경제생활,동식물,D,이형 두릅,화상 벌레,유럽 녹색 꽃게,상추 테크,체조견
1043,새드 팝,문화,정보·기술,A,새드 팝,갈고리즘,온 디바이스 폰,유스 앱,범용 일반 인공 지능
1044,생성 에이아이,정보·기술,정치와 행정,D,생활 방역 체계,해치 펫트롤,신속 통로제,생성 에이아이,서이초 특별법
1045,생성형 에이아이,정보·기술,경제생활,B,간판템,생성형 에이아이,소상공인 긴급 금융 구조안,종합 지급 결제 사업,리셀러꾼
1046,생체 직교 화학,교육,자연,B,녹녹 갈등,생체 직교 화학,플루닛,피코플레어 제트,교자성체
1047,세계 구매자 지수,경제생활,문화,C,신파 포비아,뉴트로 국악,세계 구매자 지수,온세뉴,국가 민속 유산
1048,센타고,경제생활,동식물,D,체조견,깃깔따구속,멍감님,센타고,이링기아
1049,셀프 세일,경제생활,보건·의학,B,근육 적금,셀프 세일,감염병 특별 관리 지역,근원 환자,델타크론
1050,소뇌력,인간,경제생활,A,소뇌력,푸틴플레이션,자금 이동 추적 시스템,팁 피로,팁플레이션
1051,소득 동질혼,삶,보건·의학,C,이동 선별 진료소,간호 인력 인권법,소득 동질혼,격리 생활 시설,아세틸글리신
1052,솔리드 소비,경제생활,문화,C,탑골 가요,국가 유산 기본법,솔리드 소비,게이밍 숍,미드퀄
1053,숄칭,인간,정치와 행정,E,검수완박법,법사완박,주죽야스,공급망 안정화 기금,숄칭
1054,순환 경제 기본 계획,정치와 행정,정보·기술,C,외식 테크,킥 스테이지,순환 경제 기본 계획,비전 파운데이션 모델,온 센서 에이아이
1055,쉴금,사회생활,정보·기술,A,쉴금,외식 테크,비전 파운데이션 모델,온 센서 에이아이,푸드 큐아르 코드
1056,슈거플레이션,경제생활,자연,B,지구 열대화,슈거플레이션,플루닛,합성 가뭄 지수,교자성체
1057,슈즈 코드,의생활,사회생활,A,슈즈 코드,좋반,노가완,문콕족,알빠임
1058,스키니피케이션,의생활,식생활,C,스강 신청,백슬로핑,스키니피케이션,소식좌,홈마카세
1059,스팸 지수,경제생활,식생활,A,스팸 지수,술피뎀,슈붕,이모카세,공공 반납처
1060,신속 회생 추진법,정치와 행정,보건·의학,E,세계 보건 안전 지수,단풍 방역,비말 마스크,다차원 피로도 척도,신속 회생 추진법
1061,신용 상승 격려금,정치와 행정,문화,D,신파 프레임,유교 패치,탑골 스타,신용 상승 격려금,국립 뮤지컬 진흥원
1062,신파 포비아,문화,경제생활,B,서학 개미 운동,신파 포비아,리퀴드 소비,식테크족,청포족
1063,신파 프레임,문화,자연,A,신파 프레임,지구 열대화,국가 기후 비상사태,교자성체,녹녹 갈등
1064,실감 문화 공간,문화,개념,B,교자성,실감 문화 공간,환형 유치율,엑사전자볼트,스카이코럴
1065,심야 호출비,사회생활,식생활,C,장포족,슈붕,심야 호출비,에소바,홈마카세
1066,쌀값 정상화법,정치와 행정,삶,B,북켓팅,쌀값 정상화법,갈대멍,전투템,홀인투
1067,쌉극혐,인간,보건·의학,B,아세틸글리신,쌉극혐,간호 인력 인권법,재택 치료 키트,백신 디바이드
1068,썰 스포츠,사회생활,보건·의학,B,양압 차량,썰 스포츠,자율 방역 로봇,신속 진단 검사 센터,생활 치료 시설
1069,아기 기후 소송,정치와 행정,사회생활,D,노가완,국평오,스리가또,아기 기후 소송,랜친실안
1070,아빠 찬스 위원회,정치와 행정,교육,B,랜선 코칭,아빠 찬스 위원회,코로나 손실 보상법,영탐탐,표준 학급 수
1071,아트 테크족,경제생활,삶,D,무인 적조 관측 시스템,연쇄 흡연,코로나 전쟁,아트 테크족,쓴또쓴
1072,안심 거래 존,정치와 행정,인간,C,설거지론,찐줌마,안심 거래 존,골플루언서,어쩔티비
1073,안심 임대인 인증서,정치와 행정,개념,C,국가 우주 산업 벨트,옴니 유즈,안심 임대인 인증서,대기 정체 지수,스까국
1074,안심 전세 앱,사회생활,문화,D,탑골 가요,스위프톨로지,음튜버,안심 전세 앱,탑골 스타
1075,안심 전세 포털,사회생활,주생활,E,짜세권,공간 결정론,남산 프레스티지 벨트,육아 친화 주택,안심 전세 포털
1076,안트로포퀴나스,자연,삶,A,안트로포퀴나스,가상 자산업법,유튜버 공화국,오다망,코비디보스
1077,안티 인스타,인간,교육,B,영탐탐,안티 인스타,을평성대,비대면 시험,의준생
1078,안티스티어링,경제생활,개념,A,안티스티어링,연체 지속률,옴니 유즈,광 자력계,스까국
1079,국평오,사회생활,인간,E,힙스티지,퀴어슬람,하이볼족,온천 지도사,국평오
1080,금스크,경제생활,사회생활,A,금스크,세대 균형 지표,킹산직,관계 포비아,안심 전세 포털
1081,내돈내산,경제생활,식생활,D,쫀복이,집마카세,오저치고,내돈내산,완냉족
1082,단마토,식생활,동식물,E,토마토뿔나방,멍감님,제주남방밤달팽이,가스테란투스 익스팅크투스,단마토
1083,돈쭐,경제생활,정치와 행정,E,집중 사냥 지역,비례 자매 정당,기후 보상금,육아 기본 소득,돈쭐
1084,돌밥돌밥,식생활,교육,D,열대림 생태학,휴먼 트루스,원격 수업 시대,돌밥돌밥,코내기
1085,등린이,삶,사회생활,E,빈대믹,기본 소득 국민운동,할밍아웃,디토 사회,등린이
1086,마코인,경제생활,정보·기술,C,생성형 에이아이,비전 언어 모델,마코인,온 디바이스 폰,푸드 큐아르
1087,먹튜브,사회생활,의생활,C,얼죽크족,그랜파코어 룩,먹튜브,마스크 메이크업,개리야스
1088,멘탈데믹,보건·의학,인간,C,약자 감별사,콰이어트퀴팅족,멘탈데믹,유덜트,집놀이족
1089,산린이,삶,자연,C,플루닛,유공 유리 분말,산린이,지구 열대화,국가 기후 비상사태
1090,오저치고,식생활,정보·기술,D,자석발,갈고리즘,푸드 큐아르,오저치고,워크넥트
1091,오케팅,경제생활,삶,E,코로나칼립스,클수저,온라인 노인정,코로나 비만,오케팅
1092,온택트,사회생활,보건·의학,D,오미크론 부스터 샷,감염병 특별 관리 지역,우한 코로나,온택트,코로나 팬데믹
1093,요린이,삶,주생활,E,쿠세권,재해 우려 주택,강서용송,호모 미그라티오,요린이
1094,유덜트,인간,개념,B,연체 지속률,유덜트,퐁퐁 시티,환형 유치율,코스피 이백 위클리 커버드 콜 에이티엠 지수
1095,이생집망,경제생활,인간,E,악깡버,바이털뽕,맑눈광,혼뛰족,이생집망
1096,젊집사,경제생활,사회생활,D,상세오 노선,일탈 계정,뚜따,젊집사,생활 지원사
1097,좋반,사회생활,식생활,C,끼니 노동,집마카세,좋반,키슐랭,퇴식 로봇
1098,청무피사,경제생활,문화,E,메타 바이오아트,명언돌,풀 더빙 툰,제당슈만,청무피사
1099,촌므파탈,인간,의생활,A,촌므파탈,슈즈 코드,얼죽크족,릴렉스 코지 룩,오피스코어 룩
1100,캠린이,삶,주생활,E,내 집 마련 리츠 주택,레이어드 홈,강서용송,쿠세권,캠린이
1101,코돌이,정치와 행정,식생활,E,크룽지,인싸 커피,닭코야키,끼니 노동,코돌이
1102,코로나칼립스,삶,정보·기술,E,전자 성능 추적 시스템,범용 일반 인공 지능,유스 앱,양자 비트 플랫폼,코로나칼립스
1103,코로노미,경제생활,보건·의학,E,자기 공명 탄성 검사,노쇼 백신,중앙 예방 접종 센터,오미크론 부스터 샷,코로노미
1104,큐코노미,경제생활,정보·기술,E,킥 스테이지,비전 언어 모델,생성형 에이아이,블랙 키워드,큐코노미
1105,턱스크,삶,정치와 행정,C,엔 번 방 사건,틱톡 강제 매각법,턱스크,비조지민,청년 도전 준비금
1106,포켓팅,경제생활,의생활,C,스키코어,엠 뷰티,포켓팅,마스크 메이크업,꾸안꾸 룩
1107,피캉스,삶,자연,D,지구 열대화,새똥광,암석 플라스틱,피캉스,플루닛
1108,홈테인먼트,삶,동식물,B,가스테란투스 익스팅크투스,홈테인먼트,지옥개미,제주남방밤달팽이,깃깔따구속
1109,가불구취,사회생활,삶,C,생활 속 거리 두기,턱스크,가불구취,국제 초청 결혼,브래키톨로지
1110,검수완박,정치와 행정,문화,C,도슨트 북,국립 뮤지컬 진흥원,검수완박,궁케팅,웨장센
1111,골플루언서,인간,사회생활,C,불매 유탄,알빠임,골플루언서,슈퍼에이징 시대,인증 쇼츠
1112,공민지,사회생활,개념,B,스까국,공민지,환형 유치율,엑사전자볼트,연체 지속률
1113,공스장,삶,문화,C,음튜버,쉽살재빙,공스장,국립 뮤지컬 진흥원,메타 바이오아트
1114,구레니얼,사회생활,교육,E,언택트 러닝,코로나 손실 보상법,빵공,재택 응시생,구레니얼
1115,군싹,식생활,사회생활,D,파묘들,재택이몽,퇴톡,군싹,알만추
1116,기변기추,사회생활,경제생활,A,기변기추,셀프 세일,펀 커머스,디토 소비,일저우일저
1117,껄무새,경제생활,의생활,B,뉴 머니 룩,껄무새,오피스코어 룩,엠 뷰티,블록코어 룩
1118,냥또,삶,동식물,A,냥또,이링기아,댕쪽이,화상 벌레,이형 두릅
1119,네카라쿠배,사회생활,자연,E,국가 기후 비상사태,유공 유리 분말,합성 가뭄 지수,피코플레어 제트,네카라쿠배
1120,네카라쿠배당토,사회생활,삶,A,네카라쿠배당토,홈터 파크,무인 적조 관측 시스템,홀인투,북켓팅
1121,네카라쿠배당토직야,사회생활,정보·기술,A,네카라쿠배당토직야,비디오 언어 모델,푸드 큐아르,외식 테크,워크넥트
1122,당모치,식생활,정치와 행정,C,세금 멈춤법,규제 책임관제,당모치,코로나 정치,대깨좌
1123,대네수엘라,정치와 행정,자연,C,플루닛,안트로포퀴나스,대네수엘라,국가 기후 비상사태,합성 가뭄 지수
1124,대팔대사,사회생활,경제생활,B,헬스피,대팔대사,배배 테크,세컨슈머,포켓팅
1125,따상상,경제생활,정보·기술,D,갈고리즘,온 센서 에이아이,생성형 에이아이,따상상,회생 저항 장치
1126,따상상상,경제생활,동식물,B,호랑무늬딱총새우,따상상상,떠돌이쉬파리,가스테란투스 익스팅크투스,화상 벌레
1127,딱내스,인간,주생활,E,짜세권,창툭튀,그린 스테이,쿠세권,딱내스
1128,뚜따,사회생활,경제생활,B,개인 채무자 보호법,뚜따,종합 지급 결제 사업,세미브리더,상세오
1129,뚝년배,인간,개념,D,통합 수질 지수,연어 핑크색,쫌쫌따리,뚝년배,배터리 환경성 계수
1130,라할살,경제생활,의생활,A,라할살,동탄 미시 룩,어퍼웨어,스키코어,슈즈 코드
1131,랜친실안,사회생활,인간,A,랜친실안,완내스,너또다,맑눈광,영털
1132,마기꾼,인간,사회생활,E,워드 맵,배꼽 착륙,언자완박,싫테,마기꾼
1133,마꾸,의생활,정보·기술,B,생성형 에이아이,마꾸,유스 앱,자기 토커,생성 에이아이
1134,마드름,인간,보건·의학,D,연쇄상 구균 독성 쇼크 증후군,백신 여권,코스크,마드름,더블링 확진
1135,마스크네,인간,개념,A,마스크네,체이스퍼,통합 수질 지수,스카이코럴,배터리 환경성 계수
1136,많관부,사회생활,삶,E,촌캉스,웹 시집,홈터 파크,댕수욕장,많관부
1137,먹노매,인간,정보·기술,D,외식 테크,생성형 에이아이,원격 사격 무기 통제 체계,먹노매,푸드 큐아르 코드
1138,뭐하회,경제생활,정치와 행정,C,긴급 고용 안정 지원금,코로나 수당,뭐하회,초일 가점,인파방스
1139,바프,삶,경제생활,B,소액 테크,바프,소득 이동 통계,손실 배수,기프테크
1140,방꾸,주생활,경제생활,C,동맹 쇼어링,쌀먹,방꾸,잔돈 계좌 적립 서비스,월급 채굴
1141,방방봐,사회생활,자연,C,지구 열대화,새똥광,방방봐,암석 플라스틱,유공 유리 분말
1142,부패완판,정치와 행정,주생활,D,이사완박,재해 우려 주택,육아 친화 주택,부패완판,통뼈 캐슬
1143,브이노믹스,경제생활,삶,C,워터퐁,갈대멍,브이노믹스,조퇴 런,스프링깅
1144,빵공,교육,경제생활,D,무지출 챌린지,싱글노믹스,영끌족,빵공,선학 개미
1145,산스장,삶,교육,D,수리 감염 역학,영탐탐,언택트 러닝,산스장,교육 회복 추진단
1146,세컨슈머,경제생활,주생활,B,레이어드 홈,세컨슈머,통뼈 캐슬,공간 결정론,남산 프레스티지 벨트
1147,숏케팅,경제생활,교육,B,생체 직교 화학,숏케팅,사탐 런,닭 피 부모,언택트 러닝
1148,쉽살재빙,문화,식생활,B,장포족,쉽살재빙,돼지게이터,커피카세,멍미노피자
1149,스가노믹스,정치와 행정,의생활,B,릴렉스 코지 룩,스가노믹스,홈 오피스 웨어,동탄 룩,가상 세계 패션
1150,시심비,인간,삶,B,코로나 이혼,시심비,삼캉스,산스장,등린이
1151,식집사,삶,정보·기술,C,비지상 통신망,온 센서 에이아이,식집사,자석발,회생 저항 장치
1152,신꾸,의생활,보건·의학,D,면역 대리 지표,베타 변이,코스크,신꾸,거점 접종 센터
1153,싫테,사회생활,문화,B,퍼피 시네마,싫테,자콘,온세뉴,도슨트 북
1154,쌀먹,경제생활,주생활,A,쌀먹,순살 아파트,그린 스테이,러스틱 라이프,육아 친화 주택
1155,아끼똥,삶,문화,D,공정 신호등,도슨트 북,언택트 시네마,아끼똥,랜선 문화
1156,안내스,인간,사회생활,C,리퀴드폴리탄,왓어바우티즘,안내스,확장 가상 세계,블랙아웃 화요일
1157,에프와이피,사회생활,경제생활,C,쌀먹,리뷰깡,에프와이피,싱글노믹스,클릭코노미
1158,엘에이치로남불,경제생활,교육,A,엘에이치로남불,에듀핀,닭 피 부모,직장인 수능러,비대면 시험
1159,영털,인간,정치와 행정,E,국폭,언틀막,중심 지역 관서제,이찍남,영털
1160,오하운,삶,문화,E,실감 문화 공간,궁케팅,언택트 시네마,프로토니즘 이론,오하운
1161,완내스,인간,자연,B,피코플레어,완내스,지구 열대화,합성 가뭄 지수,플루닛
1162,이말올,경제생활,정치와 행정,B,안심 거래 존,이말올,국가 첨단 전략 산업 경쟁력 강화 및 보호에 관한 특별 조치법,전력 시장 긴급 정산 상한 가격 제도,소부장 특별법
1163,이모카세,식생활,경제생활,D,탐욕 인플레이션,플랫폼 운수 사업,녹색 위장 행위,이모카세,삼오더
1164,이왜진,인간,경제생활,D,영끌거지,상세오,삼오더,이왜진,편픽
1165,자콘,문화,개념,E,배터리 환경성 계수,통합 수질 지수,옴니 유즈,환형 유치율,자콘
1166,재텔근무,사회생활,자연,E,암석 플라스틱,유공 유리 분말,피코플레어,국가 기후 비상사태,재텔근무
1167,제당슈만,문화,사회생활,D,쌉파서블,사이버 술자리,메타 모빌리티,제당슈만,네카엘스크
1168,좋댓구알,사회생활,자연,B,피코플레어,좋댓구알,유공 유리 분말,지구 열대화,새똥광
1169,주불,사회생활,정보·기술,E,푸드 큐아르,자석발,범용 일반 인공 지능,생성 에이아이,주불
1170,차박튀,인간,주생활,A,차박튀,쿠키 컷,호모 미그라티오,문쿵,손주턴
1171,천스닥,경제생활,보건·의학,B,신속 진단 검사 센터,천스닥,깜깜이 감염,코로나 블루,베타 변이
1172,청무구사,경제생활,삶,C,손민수하여,건강 보정 기대 수명,청무구사,괌옥,나확행
1173,촌캉스,삶,자연,B,지구 열대화,촌캉스,합성 가뭄 지수,피코플레어 제트,녹녹 갈등
1174,칩플레이션,경제생활,사회생활,E,상세오 라인,코로나 세대,메타 사피엔스,앱만추,칩플레이션
1175,캐해,인간,자연,E,녹녹 갈등,암석 플라스틱,피코플레어,안트로포퀴나스,캐해
1176,코끝모,사회생활,교육,B,등원 수업,코끝모,코로나케이션,재능 사다리,언택트 러닝
1177,코세글자,보건·의학,정치와 행정,C,규제 책임관제,의무 공공 기여,코세글자,검주 국가,신뢰 가치 사슬
1178,코스크,보건·의학,정보·기술,D,원격 사격 무기 통제 체계,비디오 언어 모델,워크넥트,코스크,블랙 키워드
1179,코파라치,정치와 행정,보건·의학,B,스텔스 오미크론,코파라치,델타 변이,거점 전담 병원 의무 지정 기한,헥사하이드로칸나비헥솔
1180,포택트,경제생활,보건·의학,A,포택트,신속 진단 검사 센터,연쇄상 구균 독성 쇼크 증후군,집단 면역 가설,양압 차량
1181,폰꾸,삶,개념,A,폰꾸,디지털 헬스 지표,환형 유치율,스카이코럴,연체 지속률
1182,피코질,인간,정치와 행정,B,기후 인지 예산제,피코질,국민 내일 배움 카드,공공 매입 약정 방식,기간산업 안정 자금
1183,할밍아웃,사회생활,문화,D,탑골 스타,새드 팝,유교 패치,할밍아웃,제당슈만
1184,힙화점,경제생활,교육,A,힙화점,생재수,언택트 러닝,비대면 강의,에듀핀
1185,가짜무새,인간,식생활,E,커피카세,젤리쌈,케꾸,위꾸,가짜무새
1186,가피단,사회생활,주생활,C,졸리 컷,순살 아파트,가피단,으뜸 효율 가전,남산 프레스티지 벨트
1187,감트코인,경제생활,인간,D,찐줌마,말따행따,가마니 전략,감트코인,운친자
1188,개리야스,의생활,식생활,B,친환경 집밥,개리야스,빵스킹,단마토,이모카세
1189,검수단박,정치와 행정,보건·의학,A,검수단박,상상 코로나,공공 선별 진료소,혼합 검체 기법,희소 비만증
1190,검수더박,정치와 행정,동식물,D,도너견,떠돌이쉬파리,이링기아,검수더박,푼타데바카스잎귀쥐
1191,검수덜박,정치와 행정,개념,C,스카이코럴,옴니 유즈,검수덜박,국가 우주 산업 벨트,쫌쫌따리
1192,검수완박법,정치와 행정,보건·의학,E,방역 신뢰국,양압 차량,신속 방문 검사,검체 로봇,검수완박법
1193,검월완박,정치와 행정,경제생활,E,구독플레이션,클릭코노미,청무피사,예금 테크족,검월완박
1194,검핵관,정치와 행정,정보·기술,A,검핵관,온 센서 에이아이,푸드 큐아르,블랙 키워드,범용 일반 인공 지능
1195,경수완박,정치와 행정,사회생활,C,녹색 항로,숏 챗,경수완박,식빵 세대,일로니제이션
1196,경육남,인간,정보·기술,D,자기 토커,푸드 큐아르 코드,비전 파운데이션 모델,경육남,양자 비트 플랫폼
1197,고끝낙온,삶,개념,D,광 자력계,스카이코럴,연체 지속률,고끝낙온,엑사전자볼트
1198,고짠,식생활,삶,B,근테크족,고짠,커팅족,혼놀로그,노 썸바디 존
1199,골푸어,경제생활,사회생활,E,빈대믹,징무원,평생 학습 휴직제,일론화,골푸어
1200,공수완박,정치와 행정,보건·의학,B,비침습 연속 혈당 진단기,공수완박,집중 감염원,티모시 증후군,양압차
1201,국특완박,정치와 행정,사회생활,E,짭투리,쉴금,킹무직,무떡밥,국특완박
1202,국현미,문화,정보·기술,E,외식 테크,블랙 키워드,범용 일반 인공 지능,회생 저항 장치,국현미
1203,굿힘당,정치와 행정,인간,C,보더리스족,헬스 디깅족,굿힘당,맑눈광,어쩔티비
1204,궁케팅,문화,동식물,C,화상 벌레,도너견,궁케팅,체조견,깃깔따구속
1205,깊꾸,삶,개념,B,대기 정체 지수,깊꾸,환형 유치율,스까국,통합 수질 지수
1206,꼼수완박,정치와 행정,동식물,B,냥퀴벌레,꼼수완박,원형 알엔에이,이형 두릅,화상 벌레
1207,꾸자사모,경제생활,보건·의학,C,비말 차단용 마스크,핀셋 방역,꾸자사모,그린 패스,비말 차단
1208,나이토그래피,사회생활,개념,A,나이토그래피,체이스퍼,쫌쫌따리,국가 우주 산업 벨트,통합 수질 지수
1209,내검남네,정치와 행정,문화,A,내검남네,뉴트로 국악,풀 더빙 툰,국현미,퍼피 시네마
1210,내돈내받,정치와 행정,문화,A,내돈내받,언택트 시네마,온세뉴,퍼피 시네마,프로토니즘 이론
1211,내손내산,경제생활,정보·기술,C,유스 앱,비전 파운데이션 모델,내손내산,외식 테크,원격 사격 무기 통제 체계
1212,내손내잡,삶,경제생활,E,태그니티 마케팅,피드 블록,자금 이동 추적 시스템,알테쉬톡,내손내잡
1213,너또다,인간,동식물,A,너또다,지옥개미,유럽 녹색 꽃게,체조견,제주남방밤달팽이
1214,네카라쿠배토당야,사회생활,정치와 행정,E,고특 회계,국뽕 외교,청년 특별 구직 지원금,피해 회복 국가 책임제,네카라쿠배토당야
1215,뇌로빅,인간,식생활,A,뇌로빅,집가락,크룽지,댕댕이 피자,젤리쌈
1216,눕코노미,사회생활,자연,B,피코플레어 제트,눕코노미,암석 플라스틱,지구 열대화,안트로포퀴나스
1217,닉코노미,경제생활,동식물,E,플레우로시스티티드,깃깔따구속,멍감님,토마토뿔나방,닉코노미
1218,달파멸콩,정치와 행정,자연,E,교자성체,새똥광,피코플레어,안트로포퀴나스,달파멸콩
1219,대깨좌,정치와 행정,식생활,C,군싹,돼지게이터,대깨좌,남타커,오저치고
1220,맘따남,인간,교육,A,맘따남,영탐탐,열대림 생태학,을평성대,언택트 러닝
1221,맘시생,인간,문화,E,국가 유산 기본법,국립 뮤지컬 진흥원,온세뉴,랜선 음악회,맘시생
1222,멍미노피자,식생활,의생활,C,스핏 후드,오피스코어 룩,멍미노피자,데스크 패션,마스크 메이크업
1223,멍스킨라빈스,식생활,주생활,D,삼대 이모님,재해 우려 주택,창툭튀,멍스킨라빈스,도장필
1224,멸콩,정치와 행정,인간,B,인스타그래니,멸콩,먹노매,너또다,뼈말라족
1225,바이미식스,경제생활,삶,A,바이미식스,코로나 안개,온라인 실버타운,산린이,냥또
1226,백케팅,보건·의학,교육,D,사탐 런,휴먼 트루스,온라인 개학,백케팅,행동 후성 유전학
1227,베케플레이션,경제생활,자연,C,지구 열대화,피코플레어,베케플레이션,교자성체,국가 기후 비상사태
1228,별다꾸,삶,문화,A,별다꾸,공정 신호등,케이인니팝,랜선 문화,자콘
1229,블세,삶,보건·의학,C,낙수과,백케팅,블세,코로나 팬데믹,정자 공여 시술
1230,빵스킹,식생활,동식물,E,푼타데바카스잎귀쥐,가스테란투스 익스팅크투스,토마토뿔나방,이형 두릅,빵스킹
1231,사불,사회생활,주생활,E,강서용송,직락,호모 미그라티오,공간 결정론,사불
1232,삼미남,인간,동식물,D,익티오티탄 세베르넨시스,체조견,도너견,삼미남,유럽 녹색 꽃게
1233,삼캉스,삶,사회생활,E,일론화,자가 격리 앱,연령 서열주의,재택이몽,삼캉스
1234,삼현에엘,사회생활,문화,B,공정 신호등,삼현에엘,언택트 시네마,풀 더빙 툰,퍼피 시네마
1235,새똥광,자연,동식물,A,새똥광,푼타데바카스잎귀쥐,유럽 녹색 꽃게,이형 두릅,깃깔따구속
1236,서육남,인간,교육,D,직장인 수능러,이 학습터,사탐 런,서육남,등원 수업
1237,소확수,경제생활,교육,C,코내기,비대면 강의,소확수,사탐 런,코로나케이션
1238,술쓰,인간,개념,C,엑사전자볼트,디지털 헬스 지표,술쓰,스까국,연체 지속률
1239,슈붕,식생활,자연,E,암석 플라스틱,새똥광,유공 유리 분말,피코플레어 제트,슈붕
1240,스프링깅,삶,보건·의학,E,코로나 블루,혼합 검체 기법,가정 대기자,국가 치료 격리 병상,스프링깅
1241,쓴또쓴,삶,교육,C,벚꽃 개강,의준생,쓴또쓴,랜선 코칭,계약 정원제
1242,악깡버,인간,의생활,B,마스크 화장법,악깡버,데스크 패션,발레코어,할미 룩
1243,약케팅,식생활,정치와 행정,C,중수청법,육아 몰입 기간,약케팅,해풍법,아동 양육 쿠폰
1244,어다행다,인간,삶,C,텀꾸,펫 파킹,어다행다,코비디보스,아동 거부 업소
1245,언수처,정치와 행정,보건·의학,A,언수처,검체 로봇,신속 진단 검사 센터,더블링 현상,스텔스 오미크론
1246,언시처,정치와 행정,자연,A,언시처,교자성체,유공 유리 분말,녹녹 갈등,안트로포퀴나스
1247,언자완박,사회생활,의생활,E,비둘기 룩,슈즈 코드,뉴 머니 룩,꾸안꾸 룩,언자완박
1248,언취완박,사회생활,정보·기술,D,비전 파운데이션 모델,범용 일반 인공 지능,자기 토커,언취완박,전자 성능 추적 시스템
1249,에듀핀,교육,동식물,B,댕쪽이,에듀핀,푼타데바카스잎귀쥐,화상 벌레,체조견
1250,예테크,경제생활,주생활,C,육아 친화 주택,반세권,예테크,남산 프레스티지 벨트,소세권
1251,오다망,삶,정보·기술,E,생성 에이아이,비지상 통신망,생성형 에이아이,푸드 큐아르 코드,오다망
1252,오운완,삶,정보·기술,C,전자 성능 추적 시스템,푸드 큐아르,오운완,생성 에이아이,원격 사격 무기 통제 체계
1253,와이노믹스,경제생활,사회생활,E,꾸밈 노동 파업,카풀팸,직관팸,메타 보이스,와이노믹스
1254,완졸,사회생활,식생활,A,완졸,케꾸,편커,약케팅,소식좌
1255,용와대,정치와 행정,삶,E,온라인 탑골 공원,아동 거부 업소,소득 동질혼,각자도생주의,용와대
1256,웃안웃,인간,식생활,A,웃안웃,해산물주의자,인싸 커피,맛그레이드,군싹
1257,위꾸,식생활,인간,C,관음충,누칼협,위꾸,딱내스,감속주의자
1258,음튜버,문화,교육,C,이 학습터,닭 피 부모,음튜버,이음 연령,열대림 생태학
1259,이플레이션,경제생활,주생활,C,순살 아파트,러스틱 라이프,이플레이션,레이어드 홈,내 집 마련 리츠 주택
1260,자이낸스,경제생활,정치와 행정,D,사회 진입 활동비,카카오 방지법,금융 복합 기업 집단,자이낸스,폴리서치
1261,지민완박,정치와 행정,보건·의학,D,사스 코로나바이러스 이,워킹스루 진료소,감염병 특별 관리 지역,지민완박,가정 대기자
1262,지팔지꼰,삶,인간,D,뚝년배,세계뽕,펫얼리케어족,지팔지꼰,코로나 베이비
1263,짜짜빡빡,인간,경제생활,D,디토 소비,맥마카세,댈토,짜짜빡빡,코로나 블랙 스완
1264,캘박,삶,경제생활,A,캘박,언택트 영업,리얼돌방,공공 금융 플랫폼,드링크플레이션
1265,코끝여,삶,정보·기술,E,푸드 큐아르 코드,푸드 큐아르,비전 파운데이션 모델,생성형 에이아이,코끝여
1266,코내기,교육,의생활,D,팬티 코딩,슈즈 코드,젠더 플루이드 패션,코내기,블로케트
1267,코림픽,삶,교육,E,코로나 수능,생체 직교 화학,표준 학급 수,협수용강,코림픽
1268,파산핑,경제생활,정치와 행정,B,기회 발전 특구 특별법,파산핑,개 식용 종식 특별법,학대 정책계,감형 스펙
1269,팥붕,식생활,보건·의학,C,이동 선별 진료,국가 치료 격리 병상,팥붕,상상 코로나,검역 정보 사전 입력 시스템
1270,펫플로깅,삶,교육,E,표준 학급 수,코로나케이션,에듀핀,영탐탐,펫플로깅
1271,폴리서치,정치와 행정,삶,C,동양인 포비아,피캉스,폴리서치,한계 근로 빈곤층,나확행
1272,표미새,정치와 행정,의생활,A,표미새,발레코어,워크 레저 패션,한복 공정,블록코어 룩
1273,프로틴플레이션,경제생활,보건·의학,E,얼음 과식증,수정체낭 절개술,네버 코비드,자율 방역 로봇,프로틴플레이션
1274,헬시플레저,삶,사회생활,D,꼬이직,평균 실종,기변기추,헬시플레저,슈퍼에이징 시대
1275,호드백,사회생활,의생활,E,스핏 후드,스키코어 룩,마스크 프루프,개리야스,호드백
1276,혼놀로그,삶,교육,C,코로나케이션,비대면 강의,혼놀로그,교육 회복 추진단,온 학교 교육 회복 학습 지원
1277,회슬라,경제생활,삶,C,반려책,하체털기,회슬라,브래키톨로지,촌캉스
1278,감사완박,정치와 행정,교육,C,재택 응시생,코로나케이션,감사완박,닭 피 부모,계약 정원제
1279,갓산직,사회생활,보건·의학,C,얼음 과식증,혼합 검사법,갓산직,코스크,재택 키트
1280,거르주아,인간,삶,E,근육 옷감,탑멍,캐시 펍,홈테인먼트,거르주아
1281,검수원복,정치와 행정,정보·기술,D,갈고리즘,자석발,온 센서 에이아이,검수원복,양자 비트 플랫폼
1282,경제완박,경제생활,보건·의학,E,코로나 우울감,전자 예방 접종 증명서,국가 돌봄 병원,슈퍼 면역자,경제완박
1283,계묘군란,정치와 행정,문화,C,스위프톨로지,랜선 문화,계묘군란,궁케팅,제당슈만
1284,계묘늑약,정치와 행정,사회생활,A,계묘늑약,넷술족,할밍아웃,분노 방정식,안심 전세 포털
1285,곱게팅,식생활,의생활,D,코티지코어 룩,대디 핏,신꾸,곱게팅,발레코어
1286,괌옥,삶,경제생활,D,노숙 런,빗무원,프렌드 쇼어링,괌옥,채소 런
1287,국폭,정치와 행정,교육,B,에듀핀,국폭,협수용강,수리 감염 역학,학부모 안심 학년
1288,국폭,정치와 행정,삶,E,합가 보류,한계 근로 빈곤층,편텐츠,웜셰어,국폭
1289,기프테크,경제생활,삶,C,삼캉스,기후테크,기프테크,자퇴 각,국제 초청 결혼
1290,기후플레이션,경제생활,사회생활,D,먹튜브,갓산직,일탈계,기후플레이션,가불구취
1291,깊털,경제생활,자연,A,깊털,새똥광,녹녹 갈등,지구 열대화,안트로포퀴나스
1292,꼬이직,사회생활,경제생활,A,꼬이직,브이노믹스,닉코노미,불법 일임 투자,참치 지수
1293,내비남공,인간,사회생활,E,무진동 항온 항습 차,우버 파킹,센극기,파이브 지 위성 다중 연결망,내비남공
1294,농친자,인간,의생활,D,뉴 머니 룩,마꾸,할미 룩,농친자,스키코어 룩
1295,누칼협,인간,식생활,C,닭코야키,집마카세,누칼협,채식 선택제,슬림 다이닝
1296,닭코야키,식생활,정치와 행정,C,기후 배상,아동 특별 돌봄 지원금,닭코야키,소방 직무제,가입자 퇴직 급여 보장법
1297,댕수욕장,삶,정치와 행정,D,검사 임용 개혁법,지민완박,고용 평등 임금 공시제,댕수욕장,채상병법
1298,돌친자,문화,의생활,C,마스크 화장법,가상 세계 패션,돌친자,데스크 패션,마스크 프루프
1299,돼지게이터,식생활,개념,B,광 자력계,돼지게이터,쫌쫌따리,엑사전자볼트,환형 유치율
1300,두더집,정치와 행정,의생활,C,마스크 메이크업,스키니피케이션,두더집,그랜파코어,신꾸
1301,맑눈광,인간,교육,B,닭 피 부모,맑눈광,재택 수강생,표준 학급 수,교육 회복 추진단
1302,멍감님,동식물,경제생활,A,멍감님,영털족,잼테크,식테크족,흔싸귀비
1303,면플레이션,경제생활,주생활,D,레이어드 홈,짜세권,쿠키 컷,면플레이션,반세권
1304,문구카세,경제생활,삶,D,각자도생주의,온라인 실버타운,홈태교,문구카세,정보 감염증
1305,반세권,주생활,개념,B,옴니 유즈,반세권,스카이코럴,스까국,광 자력계
1306,법사완박,정치와 행정,식생활,B,맛그레이드,법사완박,남타커,달고나커피,퇴푸
1307,벤버지,인간,문화,E,공정 신호등,온라인 뷰잉 룸,유교 패치,케이인니팝,벤버지
1308,빵플레이션,경제생활,교육,E,휴먼 트루스,비대면 강의,코로나 손실 보상법,재택 수강생,빵플레이션
1309,사막캉스,삶,주생활,E,공간 결정론,호모 미그라티오,내 집 마련 리츠 주택,호텔 거지,사막캉스
1310,선가후고,경제생활,자연,C,암석 플라스틱,교자성체,선가후고,안트로포퀴나스,합성 가뭄 지수
1311,센타백,경제생활,보건·의학,B,의료 수어 통역사,센타백,양압 차량,혼합 검체 기법,슈퍼 면역자
1312,속튀,인간,교육,D,벚꽃 개강,학부모 안심 학년,휴먼 트루스,속튀,재택 응시생
1313,쇼트폴리오,사회생활,의생활,E,젠더 플루이드 패션,킬로 숍,블록코어 룩,동탄 룩,쇼트폴리오
1314,술플레이션,경제생활,동식물,C,나토베나토르 폴리돈투스,멍감님,술플레이션,깃깔따구속,지옥개미
1315,술피뎀,식생활,보건·의학,C,멘탈데믹,생활 방역 수칙,술피뎀,낙수과,결장 협착증
1316,시보완박,사회생활,교육,E,재택 응시생,등원 수업,닭 피 부모,협수용강,시보완박
1317,알줍,사회생활,정보·기술,B,온 센서 에이아이,알줍,온 디바이스 폰,유스 앱,양자 비트 플랫폼
1318,알만추,사회생활,인간,B,삼미남,알만추,혈당 다이어트,안티알고리즘,맑눈광
1319,알빠노,사회생활,식생활,A,알빠노,슈붕,해산물주의자,채식 선택제,젤리쌈
1320,알빠임,사회생활,삶,B,짬 처리론,알빠임,공스장,정보 감염증,랜선 운동
1321,애사비,식생활,경제생활,E,버거플레이션,프렌드 쇼어링,기안 기금 채권,국가 첨단 전략 기술,애사비
1322,앱만추,사회생활,정보·기술,B,온 디바이스 폰,앱만추,원격 사격 무기 통제 체계,비전 언어 모델,갈고리즘
1323,어통령,정치와 행정,사회생활,B,무진동 항온 항습 차,어통령,문콕족,레이블링 게임,유급 휴재
1324,억빠,사회생활,인간,C,속튀,마드름,억빠,폭룡적,농친자
1325,얼죽크,의생활,정치와 행정,D,글로벌 메탄 서약,국민 우수 제안 협의체,국가 연구 개발 혁신법,얼죽크,재난 기본 소득
1326,에소바,식생활,교육,D,수리 감염 역학,을평성대,교육 회복 추진단,에소바,의준생
1327,에이지빌리티,인간,자연,C,국가 기후 비상사태,플루닛,에이지빌리티,새똥광,교자성체
1328,에피슈머,경제생활,사회생활,A,에피슈머,엔극화,일탈계,에스비엔,인용 답글
1329,연개특위,정치와 행정,정보·기술,B,비전 파운데이션 모델,연개특위,워크넥트,전자 성능 추적 시스템,비지상 통신망
1330,욕로남불,인간,사회생활,D,안심 전세 포털,콰이어트 퀴팅,한토컴,욕로남불,어라로브스터
1331,용피셜,정치와 행정,개념,C,국가 우주 산업 벨트,광 자력계,용피셜,쫌쫌따리,퐁퐁 시티
1332,운친자,인간,동식물,D,댕쪽이,화상 벌레,이링기아,운친자,제주남방밤달팽이
1333,워터퐁,삶,문화,B,탑골 스타,워터퐁,플러그엔비,국가 민속 유산,신파 포비아
1334,웨딩플레이션,경제생활,동식물,A,웨딩플레이션,체조견,깃깔따구속,푼타데바카스잎귀쥐,유럽 녹색 꽃게
1335,이마롯쿠,경제생활,자연,A,이마롯쿠,암석 플라스틱,지구 열대화,새똥광,피코플레어
1336,이사완박,주생활,인간,D,마스크네,소뇌력,예스족,이사완박,하이볼족
1337,이찍남,정치와 행정,자연,D,녹녹 갈등,합성 가뭄 지수,피코플레어,이찍남,암석 플라스틱
1338,인파방스,정치와 행정,개념,B,쫌쫌따리,인파방스,디지털 헬스 지표,대기 정체 지수,환형 유치율
1339,재택이몽,사회생활,보건·의학,B,재택 치료 키트,재택이몽,선별 문진 표,연쇄상 구균 독성 쇼크 증후군,필수 의료 패키지
1340,잼테크,경제생활,주생활,A,잼테크,육아 친화 주택,손주턴,호텔 거지,방꾸
1341,저니,삶,주생활,C,방꾸,통뼈 캐슬,저니,직락,호모 미그라티오
1342,절싫중떠,사회생활,삶,C,볕멍,코로나칼립스,절싫중떠,펫 파킹,국제 초청 결혼
1343,정부완박,정치와 행정,동식물,E,멍감님,이링기아,유럽 녹색 꽃게,가스테란투스 익스팅크투스,정부완박
1344,중꺾마,인간,보건·의학,C,혼합 검체 기법,검체 로봇,중꺾마,부머 리무버,코로나 우울감
1345,중꺾허,인간,식생활,B,친환경 집밥,중꺾허,이모카세,슈붕,공공 반납처
1346,즉퇴,사회생활,개념,C,연체 지속률,광 자력계,즉퇴,대기 정체 지수,엑사전자볼트
1347,직락,주생활,식생활,E,돼지게이터,약케팅,빵스킹,이모카세,직락
1348,집마카세,식생활,경제생활,C,동학 개미,코로노미 쇼크,집마카세,소상공인 긴급 금융 구조안,종합 지급 결제업자
1349,징무원,사회생활,의생활,B,마스크 화장법,징무원,할미 룩,스키코어 룩,꾸안꾸 룩
1350,참스피,경제생활,문화,A,참스피,교양툰,랜선 문화,명언돌,국가 유산 기본법
1351,창툭튀,주생활,자연,A,창툭튀,암석 플라스틱,국가 기후 비상사태,플루닛,교자성체
1352,체리슈머,경제생활,주생활,D,육아 친화 주택,짜세권,재해 우려 주택,체리슈머,순살 아파트
1353,커피카세,식생활,보건·의학,C,델타크론,코스크,커피카세,전자 예방 접종 증명서,양압차
1354,커필레이션,경제생활,보건·의학,D,방역 패스,검체 로봇,코로나 블루,커필레이션,양압 차량
1355,케꾸,식생활,삶,B,위드 코로나,케꾸,캐시 펍,아동 거부 업소,코로나 베이비 붐
1356,케이크플레이션,경제생활,정치와 행정,A,케이크플레이션,코로나돌이,중수청,사전 위탁 보호 제도,위기 임신 보호 출산법
1357,코사공팽,정치와 행정,자연,B,국가 기후 비상사태,코사공팽,녹녹 갈등,새똥광,피코플레어
1358,퀴어슬람,인간,주생활,C,그린 스테이,롤링 바스켓,퀴어슬람,순살 아파트,레이어드 홈
1359,크룽지,식생활,자연,B,유공 유리 분말,크룽지,지구 열대화,피코플레어,플루닛
1360,클릭코노미,경제생활,사회생활,B,메타 보이스,클릭코노미,빅 헬퍼,행정 카르텔,택배 없는 날
1361,클수저,삶,동식물,A,클수저,체조견,제주남방밤달팽이,도너견,멍감님
1362,킹산직,사회생활,보건·의학,D,비말 차단 마스크,선별 검사 센터,백신 디바이드,킹산직,면역 대리 지표
1363,탈트넘,사회생활,주생활,B,도장필,탈트넘,직락,호텔 거지,남산 프레스티지 벨트
1364,탐욕플레이션,경제생활,개념,B,배터리 환경성 계수,탐욕플레이션,옴니 유즈,광 자력계,체이스퍼
1365,탑꾸,삶,문화,D,국립 뮤지컬 진흥원,명언돌,언택트 시네마,탑꾸,탑골 스타
1366,퇴톡,사회생활,주생활,D,삼대 이모님,내 집 마련 리츠 주택,이사완박,퇴톡,호텔 거지
1367,퇴푸,식생활,자연,B,플루닛,퇴푸,국가 기후 비상사태,유공 유리 분말,피코플레어 제트
1368,트핵관,정치와 행정,경제생활,D,푸틴플레이션,펀세이빙족,당근질,트핵관,숏케팅
1369,펨케어,보건·의학,개념,B,스카이코럴,펨케어,체이스퍼,엑사전자볼트,디지털 헬스 지표
1370,편커,식생활,문화,B,메타 바이오아트,편커,웨장센,풀 더빙 툰,뉴트로 국악
1371,편텐츠,삶,자연,A,편텐츠,국가 기후 비상사태,유공 유리 분말,합성 가뭄 지수,안트로포퀴나스
1372,편픽,경제생활,교육,A,편픽,영탐탐,표준 학급 수,비대면 시험,생체 직교 화학
1373,햄스피,경제생활,교육,A,햄스피,군졸 교과서,책임 등교,벚꽃 개강,수리 감염 역학
1374,헬스닥,경제생활,삶,E,혼놀로그,펫플로깅,브래키톨로지,반려책,헬스닥
1375,헬스피,경제생활,정치와 행정,C,긴급 고용 안정 지원금,전세 사기 피해자법,헬스피,검수완박법,젊치인
1376,홈마카세,식생활,개념,E,배터리 환경성 계수,엑사전자볼트,광 자력계,환형 유치율,홈마카세
1377,히트플레이션,경제생활,주생활,E,삼대 이모님,문쿵,재해 취약 주택,쿠세권,히트플레이션
1378,힙스티지,인간,주생활,D,그린 스테이,순살 아파트,내 집 마련 리츠 주택,힙스티지,이사완박
1379,가속주의자,인간,정보·기술,C,워크넥트,외식 테크,가속주의자,갈고리즘,생성형 에이아이
1380,강서용송,주생활,문화,D,플러그엔비,언택트 시네마,명언돌,강서용송,메타 바이오아트
1381,계약형 지역 필수 의사 제도,정치와 행정,교육,C,학부모 안심 학년,벚꽃 개강,계약형 지역 필수 의사 제도,코로나케이션,의준생
1382,구독플레이션,경제생활,개념,E,쫌쫌따리,엑사전자볼트,코스피 이백 위클리 커버드 콜 에이티엠 지수,옴니 유즈,구독플레이션
1383,규제 책임관,정치와 행정,교육,D,사탐 런,이음 연령,직장인 수능러,규제 책임관,휴먼 트루스
1384,그랜파코어 룩,의생활,자연,A,그랜파코어 룩,유공 유리 분말,지구 열대화,합성 가뭄 지수,플루닛
1385,나체 추심,경제생활,보건·의학,B,근원 환자,나체 추심,상상 코로나,낙수과,코로나 일구
1386,나확행,삶,식생활,E,이모카세,장포족,당모치,키슐랭,나확행
1387,남타커,식생활,인간,E,코로나 베이비,서육남,골플루언서,올콘족,남타커
1388,노 단체 존,식생활,교육,A,노 단체 존,온 학교 교육 회복 학습 지원,언택트 러닝,생체 직교 화학,등원 수업
1389,노 타투 존,삶,의생활,B,워터밤 룩,노 타투 존,워크 레저 패션,젠더 플루이드 패션,키드코어
1390,뉴 머니 룩,의생활,문화,B,메타 바이오아트,뉴 머니 룩,자콘,돌친자,탑골 스타
1391,다산난사,경제생활,인간,A,다산난사,갓생족,말따행따,현기까,김모족
1392,동탄 룩,의생활,인간,E,크크루삥뽕,웃안웃,줌피로,주저 세대,동탄 룩
1393,동탄 미시 룩,의생활,자연,C,지구 열대화,새똥광,동탄 미시 룩,녹녹 갈등,암석 플라스틱
1394,디토 사회,사회생활,정보·기술,C,비지상 통신망,전자 성능 추적 시스템,디토 사회,양자 비트 플랫폼,자석발
1395,명언돌,문화,주생활,D,통뼈 캐슬,졸리 컷,러스틱 라이프,명언돌,쿠세권
1396,미드퀄,문화,경제생활,C,상대적 불평등 지수,청년 내일 저축 계좌,미드퀄,감트코인,버라이어티 가격 전략
1397,미식주의자,인간,삶,B,실버 역세권,미식주의자,소득 동질혼,롤코 라이프,저니
1398,박스깡,경제생활,교육,E,표준 학급 수,온라인 개학,행동 후성 유전학,을평성대,박스깡
1399,반려책,삶,개념,C,국가 우주 산업 벨트,연체 지속률,반려책,스까국,스카이코럴
1400,방탄 단식,정치와 행정,의생활,C,동탄 룩,발레코어,방탄 단식,그랜파코어 룩,스키코어 룩
1401,법맥 경화,정치와 행정,사회생활,C,알빠노,카풀팸,법맥 경화,예측 범죄 지도,펫 위탁소
1402,보더리스족,인간,삶,E,바프,코로나 비만,유 키즈 존,갈대멍,보더리스족
1403,브래키톨로지,삶,사회생활,E,사이버 도화살,랜선 축하,안티 워크,언취완박,브래키톨로지
1404,비둘기 룩,의생활,사회생활,E,인증 쇼츠,일론화,배꼽 착륙,기후 행동 지수,비둘기 룩
1405,비추템,경제생활,보건·의학,B,자율 방역 로봇,비추템,취합 검사법,가정 대기자,오미크론 부스터 샷
1406,빈대믹,사회생활,동식물,D,화상 벌레,푼타데바카스잎귀쥐,이형 두릅,빈대믹,지옥개미
1407,삼오더,경제생활,의생활,E,얼죽크족,마스크 화장법,그랜파코어 룩,스핏 후드,삼오더
1408,상세오 노선,사회생활,자연,D,국가 기후 비상사태,안트로포퀴나스,새똥광,상세오 노선,녹녹 갈등
1409,선금 특례제,정치와 행정,정보·기술,E,워크넥트,갈고리즘,비지상 통신망,유스 앱,선금 특례제
1410,선원 구하라법,정치와 행정,정보·기술,C,푸드 큐아르 코드,양자 비트 플랫폼,선원 구하라법,비지상 통신망,생성형 에이아이
1411,소득 이동 통계,경제생활,교육,C,이음 연령,재택 응시생,소득 이동 통계,빵공족,고등 직업 교육 거점 지구 지원 사업
1412,순살 아파트,주생활,동식물,D,지옥개미,푼타데바카스잎귀쥐,나토베나토르 폴리돈투스,순살 아파트,이링기아
1413,스리가또,사회생활,주생활,C,손주턴,러스틱 라이프,스리가또,쿠세권,삼대 이모님
1414,스위프톨로지,문화,사회생활,D,메타 보이스,디토 사회,심야 호출비,스위프톨로지,평균 실종
1415,스킵래깅,사회생활,경제생활,A,스킵래깅,센타백,공감 소비 운동,시니어 상권,이 머니 토큰
1416,슬림 다이닝,식생활,보건·의학,D,비말 차단,상상 코로나,푹스 디스트로피,슬림 다이닝,격리 생활 시설
1417,시간 가중 평균 환율,경제생활,삶,B,멍쉼터,시간 가중 평균 환율,홈터 파크,가상 자산업법,내세가불
1418,암룡적,인간,경제생활,C,버거플레이션,포켓몬 런,암룡적,세미브리더,종합 지급 결제업자
1419,언틀막,정치와 행정,삶,C,집콕 시대,홀인투,언틀막,노 주취자 존,멍쉼터
1420,얼음 과식증,보건·의학,문화,B,쉽살재빙,얼음 과식증,플러그엔비,온라인 뷰잉 룸,명언돌
1421,여성 전략 특구,정치와 행정,동식물,D,가스테란투스 익스팅크투스,떠돌이쉬파리,도너견,여성 전략 특구,원형 알엔에이
1422,역응원,삶,개념,B,쫌쫌따리,역응원,환형 유치율,스카이코럴,옴니 유즈
1423,연어 핑크색,개념,정치와 행정,B,긴급 청년 수당,연어 핑크색,워라밸 일자리 장려금,권역 의사 인력 뱅크,초격차 기술 특례 상장
1424,예스족,인간,정치와 행정,A,예스족,국뽕 외교,세금 멈춤법,쇄국 방역,기후 보상금
1425,오송 지하도 참사,사회생활,교육,E,책임 등교,교육 회복 추진단,직장인 수능러,생체 직교 화학,오송 지하도 참사
1426,우유 사무관,정치와 행정,경제생활,C,시간 가중 평균 환율,수출 우대국,우유 사무관,벼락거지,런치플레이션
1427,웹 시집,삶,보건·의학,B,양압차,웹 시집,비말 차단,수정체낭 절개술,국가 돌봄 병원
1428,육아 이행률,정치와 행정,삶,D,온라인 실버타운,위드 코로나,반려책,육아 이행률,저니
1429,의주빈,인간,자연,D,안트로포퀴나스,합성 가뭄 지수,피코플레어,의주빈,플루닛
1430,이 머니 토큰,경제생활,교육,C,군졸 교과서,등원 수업,이 머니 토큰,휴먼 트루스,재택 수강생
1431,인태 대화,정치와 행정,인간,E,주저 세대,유리 세대,헬스테리어족,치팅범,인태 대화
1432,저축템,경제생활,동식물,E,유럽 녹색 꽃게,푼타데바카스잎귀쥐,냥퀴벌레,익티오티탄 세베르넨시스,저축템
1433,젊공,정치와 행정,문화,B,신파 프레임,젊공,노년돌,온라인 뷰잉 룸,큐레이터 봇
1434,존재 지속심,종교,경제생활,E,칩플레이션,선학 개미,커필레이션,참스피,존재 지속심
1435,졸리 컷,주생활,의생활,C,블록코어 룩,워터밤 룩,졸리 컷,마꾸,워크 레저 패션
1436,종합 방탄 세트,정치와 행정,보건·의학,B,국가 치료 격리 병상,종합 방탄 세트,근육 적금,가정 대기자,백신 사절단
1437,증빙 어음,경제생활,동식물,D,댕쪽이,화상 벌레,토마토뿔나방,증빙 어음,깃깔따구속
1438,지국비국,정치와 행정,정보·기술,B,원격 사격 무기 통제 체계,지국비국,푸드 큐아르 코드,비전 언어 모델,외식 테크
1439,지민비정,정치와 행정,인간,E,호모 마스크쿠스,핫끈한,맘시생,자기 추앙,지민비정
1440,지민비조,정치와 행정,식생활,D,식후탕,퇴푸,분식주의자,지민비조,젤리쌈
1441,찐윤무사,정치와 행정,인간,A,찐윤무사,에이지빌리티,마드름,말따행따,러키비키
1442,초저온 회복 처치기,보건·의학,동식물,B,냥퀴벌레,초저온 회복 처치기,플레우로시스티티드,나토베나토르 폴리돈투스,댕쪽이
1443,컨셔슈머,경제생활,정보·기술,E,범용 일반 인공 지능,비전 파운데이션 모델,양자 비트 플랫폼,온 디바이스 폰,컨셔슈머
1444,키슐랭,식생활,보건·의학,B,네버 코비드족,키슐랭,전정 수도관 확장 증후군,백신 패스,펨케어
1445,텀꾸,삶,정치와 행정,A,텀꾸,신용 상승 격려금,어통령,정부완박,가상 전화 면접 방식
1446,테무깡,경제생활,사회생활,A,테무깡,핸들밥,쿠팡 세대,춘등투,그린래시
1447,토마토뿔나방,동식물,자연,D,새똥광,유공 유리 분말,플루닛,토마토뿔나방,합성 가뭄 지수
1448,통뼈 캐슬,주생활,정보·기술,D,푸드 큐아르 코드,온 센서 에이아이,생성 에이아이,통뼈 캐슬,워크넥트
1449,피코플레어,자연,정보·기술,A,피코플레어,전자 성능 추적 시스템,회생 저항 장치,생성형 에이아이,외식 테크
1450,하이볼족,인간,교육,E,직장인 수능러,비대면 강의,닭 피 부모,생재수,하이볼족
1451,한우법,정치와 행정,자연,A,한우법,플루닛,암석 플라스틱,새똥광,녹녹 갈등
1452,핸들밥,사회생활,문화,D,돌친자,게이밍 숍,뉴트로 국악,핸들밥,케이인니팝
1453,행복 분기점,삶,인간,B,중꺾허,행복 분기점,의노예,너또다,핫끈한
1454,현금 바인더,경제생활,의생활,B,꾸안꾸 룩,현금 바인더,블로케트,할미 룩,마스크 화장법
1455,현생 공감,인간,의생활,A,현생 공감,동탄 룩,동탄 미시 룩,신꾸,블로케트
1456,호주 런,정치와 행정,정보·기술,A,호주 런,회생 저항 장치,갈고리즘,생성형 에이아이,자석발
1457,회생 저항 장치,정보·기술,경제생활,A,회생 저항 장치,자발적 푸어족,근로자 밥값 지원법,식테크족,메타노믹스
1458,휴식뇌,인간,동식물,C,체조견,멍감님,휴식뇌,토마토뿔나방,가스테란투스 익스팅크투스
1459,간판템,경제생활,문화,D,온세뉴,교양툰,미드퀄,간판템,온라인 뷰잉 룸
1460,갈고리즘,정보·기술,개념,A,갈고리즘,체이스퍼,퐁퐁 시티,스카이코럴,쫌쫌따리
1461,감속주의자,인간,식생활,E,멍미노피자,맛그레이드,소식좌,백슬로핑,감속주의자
1462,갓무직,사회생활,식생활,D,소식좌,이분 도체육,댕댕이 피자,갓무직,스강 신청
1463,개 식용 종식 특별법,정치와 행정,자연,A,개 식용 종식 특별법,녹녹 갈등,합성 가뭄 지수,암석 플라스틱,유공 유리 분말
1464,건생구팽,사회생활,자연,E,피코플레어,피코플레어 제트,녹녹 갈등,암석 플라스틱,건생구팽
1465,검수저,정치와 행정,동식물,C,나토베나토르 폴리돈투스,화상 벌레,검수저,이링기아,제주남방밤달팽이
1466,관계 포비아,사회생활,문화,C,돌친자,뉴트로 국악,관계 포비아,공정 신호등,명언돌
1467,교권 미투,사회생활,자연,D,피코플레어,플루닛,암석 플라스틱,교권 미투,합성 가뭄 지수
1468,교권 보험,경제생활,정보·기술,B,회생 저항 장치,교권 보험,푸드 큐아르 코드,양자 비트 플랫폼,자석발
1469,교자성,개념,자연,A,교자성,유공 유리 분말,피코플레어,녹녹 갈등,새똥광
1470,교자성체,자연,삶,D,오운완,행복 분기점,자퇴 각,교자성체,고끝낙온
1471,국고 만능론,경제생활,정치와 행정,A,국고 만능론,구글 갑질 방지법,반값 임대료법,오물 풍선,기간산업 지원금
1472,국뽕 경제,경제생활,교육,E,행동 후성 유전학,재택 수강생,수리 감염 역학,생체 직교 화학,국뽕 경제
1473,국뽕 외교,정치와 행정,자연,D,지구 열대화,새똥광,안트로포퀴나스,국뽕 외교,유공 유리 분말
1474,굿짐당,정치와 행정,식생활,D,노 단체 존,공유 식기,젤리쌈,굿짐당,식후탕
1475,권역 의사 인력 뱅크,정치와 행정,문화,B,제당슈만,권역 의사 인력 뱅크,새드 팝,궁케팅,자콘
1476,귀가팟,사회생활,문화,B,큐레이터 봇,귀가팟,명언돌,신파 포비아,랜선 음악회
1477,규제 책임관제,정치와 행정,의생활,E,코티지코어 룩,킬로 숍,오피스코어 룩,비둘기 룩,규제 책임관제
1478,그랜파코어,의생활,정보·기술,B,자기 토커,그랜파코어,전자 성능 추적 시스템,푸드 큐아르 코드,비지상 통신망
1479,그린래시,사회생활,자연,C,피코플레어,합성 가뭄 지수,그린래시,플루닛,녹녹 갈등
1480,극험지,정치와 행정,주생활,A,극험지,그린 스테이,도장필,재해 우려 주택,순살 아파트
1481,김모족,인간,동식물,E,이링기아,제주남방밤달팽이,나토베나토르 폴리돈투스,화상 벌레,김모족
1482,깔끼하다,인간,정치와 행정,D,국가 첨단 전략 산업 특별법,기간산업 기금,탄소 조정세,깔끼하다,재난 구조 수당
1483,낙수과,보건·의학,개념,A,낙수과,배터리 환경성 계수,퐁퐁 시티,연어 핑크색,엑사전자볼트
1484,내세가불,삶,주생활,D,쿠세권,방꾸,순살 아파트,내세가불,졸리 컷
1485,냥퀴벌레,동식물,경제생활,B,펀 커머스,냥퀴벌레,순금 챌린지,완전 전자 주주 총회,스팸 지수
1486,네카엘스크,사회생활,문화,A,네카엘스크,퍼피 시네마,국가 유산 기본법,도슨트 북,음튜버
1487,노가완,사회생활,삶,B,조퇴 런,노가완,하체털기,코림픽,돔황챠
1488,노년돌,문화,삶,D,노 탕후루 존,오운완,위드 코로나,노년돌,블세
1489,노 썸바디 존,삶,인간,B,확찐자,노 썸바디 존,운친자,롤코족,악깡버
1490,노 아줌마 존,삶,자연,E,녹녹 갈등,유공 유리 분말,암석 플라스틱,국가 기후 비상사태,노 아줌마 존
1491,노 탕후루 존,삶,인간,B,감동 심해,노 탕후루 존,뼈말라족,얼리 케어족,웃안웃
1492,뇌꾸,삶,개념,C,광 자력계,연체 지속률,뇌꾸,체이스퍼,연어 핑크색
1493,다차원 피로도 척도,보건·의학,정보·기술,A,다차원 피로도 척도,양자 비트 플랫폼,자기 토커,원격 사격 무기 통제 체계,유스 앱
1494,대디 핏,의생활,식생활,A,대디 핏,빵스킹,달고나커피,에소바,공공 반납기
1495,댈토,경제생활,의생활,E,그랜파코어,한복 공정,신꾸,할미 룩,댈토
1496,댕쪽이,동식물,교육,D,학부모 안심 학년,벚꽃 개강,재택 응시생,댕쪽이,온 학교 교육 회복 학습 지원
1497,댕플루언서,인간,삶,B,역사 보행 공간,댕플루언서,동양인 포비아,내세가불,차멍
1498,도너견,동식물,보건·의학,A,도너견,혼합 검체 기법,생활 방역 수칙,결장 협착증,비말 마스크
1499,도장필,주생활,의생활,A,도장필,젠더 플루이드 패션,코티지코어 룩,워터밤 룩,데스크 패션
1500,도파밍,삶,의생활,B,얼죽크,도파밍,그랜파코어 룩,마스크 프루프,스키코어
1501,디토 소비,경제생활,동식물,C,이형 두릅,냥퀴벌레,디토 소비,익티오티탄 세베르넨시스,이링기아
1502,디토하게,삶,경제생활,E,국가 전략 기술 제품,폴리시 피싱,언택트 경제,팁 소름,디토하게
1503,딩콰드,인간,개념,B,국가 우주 산업 벨트,딩콰드,스까국,옴니 유즈,코스피 이백 위클리 커버드 콜 에이티엠 지수
1504,러키비키,인간,동식물,B,플레우로시스티티드,러키비키,멍감님,원형 알엔에이,토마토뿔나방
1505,리퀴드폴리탄,사회생활,경제생활,B,기안 기금 채권,리퀴드폴리탄,청산 가정 반환율,싱글노믹스,예금 테크족
1506,리파운더,경제생활,동식물,A,리파운더,익티오티탄 세베르넨시스,도너견,푼타데바카스잎귀쥐,냥퀴벌레
1507,말따행따,인간,동식물,E,나토베나토르 폴리돈투스,이링기아,떠돌이쉬파리,가스테란투스 익스팅크투스,말따행따
1508,맑눈,인간,삶,A,맑눈,공스장,코로나 비만,호프 테이프,애프터 코로나
1509,맛그레이드,식생활,보건·의학,A,맛그레이드,비침습 연속 혈당 진단기,생활 치료 센터,혼합 검체 기법,감염병 특별 관리 지역
1510,맥마카세,경제생활,정보·기술,D,온 센서 에이아이,비디오 언어 모델,외식 테크,맥마카세,비전 파운데이션 모델
1511,맵도르핀,인간,교육,A,맵도르핀,등원 수업,표준 학급 수,코로나 손실 보상법,계약 정원제
1512,맵파민,인간,자연,D,안트로포퀴나스,피코플레어,녹녹 갈등,맵파민,암석 플라스틱
1513,문쿵,주생활,정보·기술,A,문쿵,비전 파운데이션 모델,양자 비트 플랫폼,푸드 큐아르,갈고리즘
1514,바이브세션,경제생활,동식물,C,떠돌이쉬파리,유럽 녹색 꽃게,바이브세션,이링기아,댕쪽이
1515,바이털뽕,인간,보건·의학,E,국가 돌봄 병원,코로나 포비아,비침습 연속 혈당 진단기,근원 환자,바이털뽕
1516,배터리 환경성 계수,개념,자연,D,새똥광,플루닛,국가 기후 비상사태,배터리 환경성 계수,안트로포퀴나스
1517,버라이어티 가격 전략,경제생활,주생활,C,육아 친화 주택,순살 아파트,버라이어티 가격 전략,직락,내 집 마련 리츠 주택
1518,범용 일반 인공 지능,정보·기술,자연,D,지구 열대화,암석 플라스틱,플루닛,범용 일반 인공 지능,피코플레어
1519,벚꽃 개강,교육,정보·기술,E,생성형 에이아이,전자 성능 추적 시스템,회생 저항 장치,양자 비트 플랫폼,벚꽃 개강
1520,봄 자살,삶,보건·의학,B,코로나 포비아,봄 자살,약제 배송 로봇,우한 코로나,비말 차단용 마스크
1521,북켓팅,삶,인간,B,경육남,북켓팅,딩콰드,혼쭐러,코로나 사피엔스
1522,분유로이드,삶,경제생활,E,웨딩플레이션,꼬마 개미,압축 소멸,팁플레이션,분유로이드
1523,분초 사회,사회생활,문화,D,미드퀄,도슨트 북,제당슈만,분초 사회,풀 더빙 툰
1524,불꽃주,경제생활,의생활,D,무게 샵,발레코어,홈 오피스 웨어,불꽃주,얼죽크
1525,브러싱캠,경제생활,교육,D,학부모 안심 학년,코로나 수능,재택 수강생,브러싱캠,수리 감염 역학
1526,블랙 키워드,정보·기술,동식물,B,지옥개미,블랙 키워드,유럽 녹색 꽃게,댕쪽이,호랑무늬딱총새우
1527,블로케트,의생활,정보·기술,B,비지상 통신망,블로케트,자석발,생성형 에이아이,비디오 언어 모델
1528,비디오 언어 모델,정보·기술,의생활,C,키드코어 룩,꾸안꾸 룩,비디오 언어 모델,릴렉스 코지 룩,마꾸
1529,비명횡사,정치와 행정,문화,A,비명횡사,유교 패치,궁케팅,명언돌,국가 민속 유산
1530,비전 언어 모델,정보·기술,주생활,E,창툭튀,강서용송,짜세권,문쿵,비전 언어 모델
1531,비전 파운데이션 모델,정보·기술,자연,C,안트로포퀴나스,국가 기후 비상사태,비전 파운데이션 모델,합성 가뭄 지수,녹녹 갈등
1532,비조지민,정치와 행정,문화,E,음튜버,큐레이터 봇,국가 민속 유산,랜선 문화,비조지민
1533,비지상 통신망,정보·기술,삶,D,공스장,책태기,홀인투,비지상 통신망,블세
1534,비침습 연속 혈당 진단기,보건·의학,자연,B,안트로포퀴나스,비침습 연속 혈당 진단기,녹녹 갈등,플루닛,유공 유리 분말
1535,빅 헬퍼,사회생활,교육,C,비대면 시험,온 학교 교육 회복 학습 지원,빅 헬퍼,빵공족,생체 직교 화학
1536,빗무원,경제생활,정치와 행정,B,개발 이익 국민 환수제,빗무원,검월완박,불법 파업 조장법,안심 거래 존
1537,빗살 모공,보건·의학,문화,C,실감 문화 공간,돌친자,빗살 모공,풀 더빙 툰,신파 포비아
1538,빨벌튀,경제생활,정치와 행정,B,농 접근권,빨벌튀,기본 소득 토지세,국방 유공자 예우법,세금 멈춤법
1539,빵 서기관,정치와 행정,교육,B,비대면 시험,빵 서기관,온 학교 교육 회복 학습 지원,코내기,의준생
1540,뼈말라약,보건·의학,교육,A,뼈말라약,코로나 수능,이 학습터,행동 후성 유전학,랜선 코칭
1541,사탐 런,교육,삶,A,사탐 런,노 타투 존,애프터 코로나,탑멍,국제 초청 결혼
1542,사포당,정치와 행정,경제생활,E,세미브리더,거스름돈 계좌 적립 서비스,엘에이치로남불,탐욕 인플레이션,사포당
1543,사회 누리 소통망,사회생활,개념,B,체이스퍼,사회 누리 소통망,국가 우주 산업 벨트,통합 수질 지수,스카이코럴
1544,삼쏘공,경제생활,식생활,D,오저치고,맛그레이드,멍미노피자,삼쏘공,집마카세
1545,상세오,경제생활,사회생활,B,포토 프레스 세대,상세오,빈대믹,무떡밥,많관부
1546,상세오 라인,사회생활,보건·의학,A,상세오 라인,주간 수술 유닛,슈퍼 면역자,워킹스루,초저온 회복 처치기
1547,상업 지역 총량제,경제생활,의생활,E,스키코어 룩,스키코어,스키니피케이션,어퍼웨어,상업 지역 총량제
1548,생재수,교육,문화,E,메타 바이오아트,국현미,큐레이터 봇,랜선 문화,생재수
1549,서오남,인간,사회생활,D,즉퇴,무진동 항온 항습 차,딥페이크물,서오남,구레니얼
1550,서오녀,인간,교육,E,닭 피 부모,온 학교 교육 회복 학습 지원,벚꽃 개강,협수용강,서오녀
1551,서오녀,인간,자연,C,안트로포퀴나스,플루닛,서오녀,암석 플라스틱,피코플레어 제트
1552,서이초 특별법,정치와 행정,인간,C,코로나 베이비,중꺾허,서이초 특별법,헬스테리어족,의주빈
1553,선납후검,정치와 행정,사회생활,A,선납후검,군중 유체화,알줍,지피팅,신바벨 시대
1554,세계뽕,인간,경제생활,E,라할살,다산난사,센타고,컴프테크,세계뽕
1555,세월호 참사 지원법,정치와 행정,자연,B,국가 기후 비상사태,세월호 참사 지원법,교자성체,합성 가뭄 지수,피코플레어
1556,세종 법원법,정치와 행정,삶,C,노 썸바디 존,뱀서라이크,세종 법원법,집터 파크,웜 뱅크
1557,세종 지법 설치법,정치와 행정,문화,C,국립 뮤지컬 진흥원,국현미,세종 지법 설치법,신파 포비아,온라인 뷰잉 룸
1558,센극기,사회생활,보건·의학,D,백신 디바이드,네버 코비드족,신종 코로나 감염증,센극기,우한 코로나
1559,소세권,주생활,보건·의학,D,공공 선별 진료소,반백신론자,헥사하이드로칸나비헥솔,소세권,이동 검체 채취
1560,숏 챗,사회생활,교육,B,에듀핀,숏 챗,코로나 손실 보상법,계약 정원제,표준 학급 수
1561,수포당,정치와 행정,주생활,C,썩파트,문쿵,수포당,육아 친화 주택,졸리 컷
1562,순금 챌린지,경제생활,사회생활,D,워드 맵,생떼탕,알줍,순금 챌린지,덕분에 챌린지
1563,순환 경제 사회법,정치와 행정,사회생활,E,상세오 노선,줌폭탄,건폭 몰이,실종 아동 주간,순환 경제 사회법
1564,슈퍼에이징 시대,사회생활,인간,B,젠새너티,슈퍼에이징 시대,골플루언서,갓생족,댕플루언서
1565,스카이코럴,개념,사회생활,B,댕댕 크루즈,스카이코럴,센극기,무인 탐사 헬기,자랑질그램
1566,스키코어,의생활,인간,E,어다행다,킹받드라쉬,마스크 키핑족,숄칭,스키코어
1567,스키코어 룩,의생활,정치와 행정,A,스키코어 룩,공정 벌금,국가 연구 개발 혁신법,재난 시기 상가 임대료 감면법,계묘늑약
1568,스킵젠,인간,경제생활,D,유튜버셀러,녹색 위장 행위,비화이트국,스킵젠,동학 개미 운동
1569,스트림플레이션,경제생활,정보·기술,A,스트림플레이션,푸드 큐아르 코드,원격 사격 무기 통제 체계,유스 앱,온 디바이스 폰
1570,스팔로미,사회생활,식생활,A,스팔로미,인싸 커피,현미무스,공공 반납처,팥붕
1571,스팔완,사회생활,교육,A,스팔완,에듀핀,사탐 런,열대림 생태학,생체 직교 화학
1572,스패무플라주,사회생활,개념,A,스패무플라주,스카이코럴,통합 수질 지수,체이스퍼,스까국
1573,스페이스덴티티,인간,정치와 행정,E,정부완박,공공 매입 약정 방식,비격리 여행 권역,긴급 생계 수당,스페이스덴티티
1574,슬로 에이징족,인간,의생활,E,마꾸,발레코어,신꾸,대디 핏,슬로 에이징족
1575,슬직생,사회생활,동식물,D,제주남방밤달팽이,도너견,깃깔따구속,슬직생,호랑무늬딱총새우
1576,식후탕,식생활,동식물,A,식후탕,푼타데바카스잎귀쥐,체조견,토마토뿔나방,떠돌이쉬파리
1577,신바벨 시대,사회생활,의생활,B,킬로 숍,신바벨 시대,마꾸,스키코어,발레코어
1578,신스파이스 루트,사회생활,자연,C,피코플레어 제트,지구 열대화,신스파이스 루트,녹녹 갈등,피코플레어
1579,싱글노믹스,경제생활,식생활,C,멍미노피자,키슐랭,싱글노믹스,홈마카세,백슬로핑
1580,썩파트,주생활,문화,D,신파 포비아,노년돌,음튜버,썩파트,언택트 시네마
1581,안러경중,정치와 행정,사회생활,D,코로니얼 세대,고소 절연 작업 차,가상 출국 여행,안러경중,갓무직
1582,안티알고리즘,인간,개념,D,디지털 헬스 지표,교자성,배터리 환경성 계수,안티알고리즘,국가 우주 산업 벨트
1583,알리깡,경제생활,정보·기술,C,킥 스테이지,비지상 통신망,알리깡,유스 앱,워크넥트
1584,알리 지옥,경제생활,사회생활,B,노가더,알리 지옥,인증 쇼츠,대퇴직 시대,세대 균형 지표
1585,알테무,경제생활,개념,C,대기 정체 지수,옴니 유즈,알테무,코스피 이백 위클리 커버드 콜 에이티엠 지수,퐁퐁 시티
1586,알테쉬,경제생활,식생활,C,슈붕,분식주의자,알테쉬,에소바,슬림 다이닝
1587,알테쉬톡,경제생활,식생활,E,편커,퇴푸,퇴식 로봇,인싸 커피,알테쉬톡
1588,양자 비트 플랫폼,정보·기술,주생활,D,공간 결정론,도장필,남산 프레스티지 벨트,양자 비트 플랫폼,쿠세권
1589,어라로브스터,사회생활,식생활,B,멍스킨라빈스,어라로브스터,친환경 집밥,퇴푸,키슐랭
1590,어싱족,인간,보건·의학,E,뼈말라약,방역 신뢰국,국가 전임상 시험 지원 센터,간호 인력 인권법,어싱족
1591,엑사전자볼트,개념,정치와 행정,E,중간선론,산업 평화 보장법,안러경중,철도 지하화 통합 개발법,엑사전자볼트
1592,엔시트화,사회생활,자연,C,합성 가뭄 지수,새똥광,엔시트화,유공 유리 분말,녹녹 갈등
1593,엔시티피케이션,사회생활,자연,A,엔시티피케이션,새똥광,교자성체,암석 플라스틱,피코플레어 제트
1594,역사 보행 공간,삶,정보·기술,B,온 디바이스 폰,역사 보행 공간,푸드 큐아르 코드,비전 언어 모델,블랙 키워드
1595,역슈링크,경제생활,정치와 행정,E,기간산업 지원금,중수청,건폭 수사,젊치인,역슈링크
1596,연못 뷰,삶,정보·기술,A,연못 뷰,비디오 언어 모델,원격 사격 무기 통제 체계,회생 저항 장치,푸드 큐아르 코드
1597,연쇄상 구균 독성 쇼크 증후군,보건·의학,자연,A,연쇄상 구균 독성 쇼크 증후군,지구 열대화,국가 기후 비상사태,유공 유리 분말,교자성체
1598,연쇄 흡연,삶,자연,D,피코플레어 제트,플루닛,국가 기후 비상사태,연쇄 흡연,합성 가뭄 지수
1599,연체 지속률,개념,정보·기술,B,유스 앱,연체 지속률,온 센서 에이아이,비지상 통신망,외식 테크
1600,영아 피난제,정치와 행정,의생활,B,동탄 룩,영아 피난제,릴렉스 코지 룩,블록코어 룩,동탄 미시 룩
1601,영아 피난 제도,정치와 행정,주생활,D,방꾸,썩파트,내 집 마련 리츠 주택,영아 피난 제도,짜세권
1602,영탐탐,교육,사회생활,B,고소 절연 작업 차,영탐탐,뒷광고,공민지,국가 지도 차량
1603,영프스이,삶,자연,D,합성 가뭄 지수,새똥광,녹녹 갈등,영프스이,교자성체
1604,예산 탄핵,정치와 행정,자연,E,합성 가뭄 지수,안트로포퀴나스,플루닛,녹녹 갈등,예산 탄핵
1605,예술 활동 준비금,정치와 행정,문화,C,노년돌,탑골 가요,예술 활동 준비금,온세뉴,유교 패치
1606,예타완박법,정치와 행정,정보·기술,C,범용 일반 인공 지능,푸드 큐아르 코드,예타완박법,킥 스테이지,회생 저항 장치
1607,오물 풍선,정치와 행정,의생활,E,키드코어 룩,한복 공정,그랜파코어,마스크 화장법,오물 풍선
1608,오송 참사,사회생활,개념,B,디지털 헬스 지표,오송 참사,대기 정체 지수,코스피 이백 위클리 커버드 콜 에이티엠 지수,교자성
1609,오피스코어 룩,의생활,식생활,E,노 단체 존,공공 반납기,친환경 집밥,젤리쌈,오피스코어 룩
1610,온 디바이스 폰,정보·기술,삶,A,온 디바이스 폰,생활 속 거리 두기,웹 시집,손민수하여,한국 여행 놀이
1611,온세뉴,문화,보건·의학,C,검역 정보 사전 입력 시스템,네버 코비드,온세뉴,핀셋 방역,양압 차량
1612,온 센서 에이아이,정보·기술,정치와 행정,A,온 센서 에이아이,국민 우수 제안 협의체,교섭 단체 전권주의,대네수엘라,가상 전화 면접 방식
1613,온천 지도사,인간,식생활,A,온천 지도사,에소바,비건 헬스,백슬로핑,댕댕이 피자
1614,올콘족,인간,자연,E,피코플레어 제트,새똥광,국가 기후 비상사태,피코플레어,올콘족
1615,옴니 유즈,개념,사회생활,E,스펙 품앗이,인용 답글,항로 표지 식별 장치,배달 거지,옴니 유즈
1616,완전 전자 주주 총회,경제생활,교육,C,표준 학급 수,랜선 코칭,완전 전자 주주 총회,군졸 교과서,협수용강
1617,외국환 평형 관리 기금,정치와 행정,정보·기술,A,외국환 평형 관리 기금,범용 일반 인공 지능,비디오 언어 모델,외식 테크,갈고리즘
1618,외식 테크,정보·기술,경제생활,C,바이브세션,그린 스완,외식 테크,주가 배터리 비율,부머 쇼퍼
1619,용산 로펌,정치와 행정,정보·기술,A,용산 로펌,푸드 큐아르,유스 앱,회생 저항 장치,비지상 통신망
1620,우유 관리관,정치와 행정,인간,A,우유 관리관,관음충,의마스,디시 브레인,내비남공
1621,우유 서기관,정치와 행정,교육,A,우유 서기관,수리 감염 역학,비대면 시험,랜선 코칭,빵공족
1622,워크넥트,정보·기술,정치와 행정,E,아베노마스크,가덕도 신공항 건설을 위한 특별법,공정 벌금제,예타완박법,워크넥트
1623,워터밤 룩,의생활,삶,B,실버 역세권,워터밤 룩,댕댕 존,근력 저축 운동,위드 코로나
1624,원격 사격 무기 통제 체계,정보·기술,보건·의학,B,단풍 방역,원격 사격 무기 통제 체계,오미크론 부스터 샷,신종 코로나 감염증,간호 인력 인권법
1625,원영적 사고,인간,경제생활,C,월급 채굴,손실 배수,원영적 사고,녹색 위장 행위,경제완박
1626,원형 알엔에이,동식물,정보·기술,C,푸드 큐아르 코드,온 센서 에이아이,원형 알엔에이,범용 일반 인공 지능,블랙 키워드
1627,월천 도사,인간,개념,D,디지털 헬스 지표,스카이코럴,배터리 환경성 계수,월천 도사,연어 핑크색
1628,웨장센,문화,정보·기술,B,생성형 에이아이,웨장센,양자 비트 플랫폼,비전 언어 모델,전자 성능 추적 시스템
1629,위기 임신 보호 출산법,정치와 행정,식생활,A,위기 임신 보호 출산법,스강 신청,달고나커피,고짠,공공 반납기
1630,유금무죄 무금유죄,정치와 행정,자연,B,플루닛,유금무죄 무금유죄,녹녹 갈등,암석 플라스틱,유공 유리 분말
1631,유럽 녹색 꽃게,동식물,교육,A,유럽 녹색 꽃게,재능 사다리,고등 직업 교육 거점 지구 지원 사업,수리 감염 역학,생체 직교 화학
1632,유스 앱,정보·기술,문화,A,유스 앱,온라인 뷰잉 룸,풀 더빙 툰,프로토니즘 이론,게이밍 숍
1633,유 키즈 존,삶,정치와 행정,C,계묘국치,재난 기본 소득제,유 키즈 존,초광역 특별시,재난 생계 지원금
1634,육아 몰입 기간,정치와 행정,개념,B,코스피 이백 위클리 커버드 콜 에이티엠 지수,육아 몰입 기간,체이스퍼,배터리 환경성 계수,광 자력계
1635,육아 친화 주택,주생활,자연,E,피코플레어 제트,피코플레어,교자성체,암석 플라스틱,육아 친화 주택
1636,을평성대,교육,인간,E,펫얼리케어족,잔수박,가속주의자,핫끈한,을평성대
1637,의노예,인간,삶,A,의노예,포스트 코로나,학폭 세탁,바프,랜선 운동
1638,의마스,인간,개념,D,엑사전자볼트,교자성,코스피 이백 위클리 커버드 콜 에이티엠 지수,의마스,쫌쫌따리
1639,의전 노동,사회생활,보건·의학,A,의전 노동,간호 인력 인권법,드라이브스루 선별 진료소,중앙 예방 접종 센터,에바스 증후군
1640,의준생,교육,자연,C,교자성체,합성 가뭄 지수,의준생,지구 열대화,녹녹 갈등
1641,의한민국,사회생활,동식물,D,가스테란투스 익스팅크투스,토마토뿔나방,체조견,의한민국,이링기아
1642,이분 도체육,식생활,경제생활,C,비화이트 리스트,귀가 안심 보험,이분 도체육,국가 첨단 전략 산업,동맹 쇼어링
1643,이음 연령,교육,보건·의학,C,제로 코로나,워킹스루,이음 연령,검체 로봇,조력 존엄사
1644,이채양명주,사회생활,개념,B,대기 정체 지수,이채양명주,옴니 유즈,쫌쫌따리,엑사전자볼트
1645,이형 두릅,동식물,문화,D,유교 패치,케이인니팝,프로토니즘 이론,이형 두릅,쉽살재빙
1646,익티오티탄 세베르넨시스,동식물,경제생활,C,그린플레이션,역슈링크,익티오티탄 세베르넨시스,문구카세,리셀러꾼
1647,인류뽕,인간,정치와 행정,D,비례 연합 정당,국가 우주 정책 연구 센터,농 접근권,인류뽕,공동 주택 사육 허가제
1648,인솔 밴드,사회생활,개념,E,코스피 이백 위클리 커버드 콜 에이티엠 지수,환형 유치율,엑사전자볼트,연체 지속률,인솔 밴드
1649,인스타그래니,인간,주생활,B,쿠키 컷,인스타그래니,소세권,쿠세권,남산 프레스티지 벨트
1650,인용 답글,사회생활,자연,C,지구 열대화,새똥광,인용 답글,플루닛,안트로포퀴나스
1651,인증 쇼츠,사회생활,주생활,C,짜세권,이사완박,인증 쇼츠,으뜸 효율 가전,재해 우려 주택
1652,임차인 등록제,정치와 행정,정보·기술,A,임차인 등록제,자석발,갈고리즘,푸드 큐아르,유스 앱
1653,자랑질그램,사회생활,주생활,B,남산 프레스티지 벨트,자랑질그램,육아 친화 주택,방꾸,짜세권
1654,자퇴 각,삶,정치와 행정,A,자퇴 각,뮨파,해 오름권 광역 자족 거점,규제 심판제,위기 아동 경보망
1655,작먼귀,인간,주생활,E,레이어드 홈,재해 취약 주택,으뜸 효율 가전,직락,작먼귀
1656,잔수박,인간,개념,C,연어 핑크색,연체 지속률,잔수박,광 자력계,통합 수질 지수
1657,장관 런,정치와 행정,개념,E,스까국,디지털 헬스 지표,스카이코럴,대기 정체 지수,장관 런
1658,재렉스,삶,사회생활,B,포토 프레스 세대,재렉스,슈퍼에이징 시대,구레니얼,쌉파서블
1659,저출생세,정치와 행정,보건·의학,C,백케팅,그린 패스,저출생세,희소 비만증,코로나 포비아
1660,전관 용역,사회생활,의생활,E,젠더 플루이드 패션,한복 공정,얼죽크족,꾸안꾸 룩,전관 용역
1661,전세 사기 피해자법,정치와 행정,동식물,A,전세 사기 피해자법,나토베나토르 폴리돈투스,토마토뿔나방,가스테란투스 익스팅크투스,멍감님
1662,전투템,삶,정치와 행정,D,금융 치료,상생 특별 보증,긴급 재난 생계비,전투템,재산 비례 벌금제
1663,제닌그라드,정치와 행정,인간,D,코로나 사피엔스,헬스 디깅족,킹받드라쉬,제닌그라드,집착 광공
1664,제주남방밤달팽이,동식물,삶,C,행복 분기점,공스장,제주남방밤달팽이,온라인 실버타운,커피크닉
1665,젠새너티,인간,삶,D,자퇴 각,근육 옷감,나확행,젠새너티,군집 자살
1666,젤리쌈,식생활,자연,A,젤리쌈,지구 열대화,피코플레어,유공 유리 분말,녹녹 갈등
1667,조비이락,삶,자연,D,녹녹 갈등,피코플레어,암석 플라스틱,조비이락,지구 열대화
1668,조퇴 런,삶,자연,C,암석 플라스틱,피코플레어,조퇴 런,유공 유리 분말,플루닛
1669,종북 횡재,사회생활,의생활,B,데스크 패션,종북 횡재,얼죽크족,가상 세계 패션,발레코어
1670,주가 리튬 비율,경제생활,주생활,C,공간 결정론,짜세권,주가 리튬 비율,방꾸,문쿵
1671,주가 배터리 비율,경제생활,정치와 행정,B,비조지민,주가 배터리 비율,세종 법원법,어린이 생명 법안,탄소 중립 직불제
1672,주식 가치 연동 현금,경제생활,정치와 행정,B,비례 연합당,주식 가치 연동 현금,국가 인재 양성 기본법,고특법,청년 도전 준비금
1673,주저 세대,인간,경제생활,C,히어로노믹스,비화이트국,주저 세대,캐리오버템,자발적 푸어족
1674,주죽야스,정치와 행정,개념,A,주죽야스,교자성,엑사전자볼트,환형 유치율,옴니 유즈
1675,중간선론,정치와 행정,보건·의학,C,알파 변이,안심 가림막,중간선론,코로나 블루,생활 방역 시스템
1676,중대 범죄 신상 정보법,정치와 행정,개념,B,광 자력계,중대 범죄 신상 정보법,코스피 이백 위클리 커버드 콜 에이티엠 지수,디지털 헬스 지표,연체 지속률
1677,중심 지역 관서제,정치와 행정,인간,C,폴꾸족,의노예,중심 지역 관서제,술쓰,농친자
1678,지갑비,경제생활,보건·의학,C,방역 신뢰국,중앙 예방 접종 센터,지갑비,수정체낭 절개술,자율 방역 로봇
1679,지구 열대화,자연,정치와 행정,B,긴급 재난 생계비,지구 열대화,멸콩,안보 삼각형,아동 특별 돌봄비
1680,지국비조,정치와 행정,정보·기술,C,범용 일반 인공 지능,킥 스테이지,지국비조,유스 앱,온 센서 에이아이
1681,지기비소,정치와 행정,교육,C,원격 수업 시대,일시 귀국생,지기비소,랜선 코칭,등원 수업
1682,지민비민,정치와 행정,사회생활,D,트리플벌이,블랙아웃 화요일,심야 호출비,지민비민,국가 지도 차량
1683,지방 분권 균형 발전법,정치와 행정,동식물,E,화상 벌레,이형 두릅,플레우로시스티티드,원형 알엔에이,지방 분권 균형 발전법
1684,지역 필수 의사제,정치와 행정,문화,D,미드퀄,국가 민속 유산,제당슈만,지역 필수 의사제,신파 포비아
1685,지역 필수 의사 제도,정치와 행정,자연,A,지역 필수 의사 제도,피코플레어 제트,합성 가뭄 지수,교자성체,새똥광
1686,지차비소,정치와 행정,경제생활,C,면플레이션,국뽕 경제,지차비소,디토 소비,완전 전자 주주 총회
1687,질병 휴직 심사제,정치와 행정,의생활,A,질병 휴직 심사제,홈 오피스 웨어,대디 핏,할미 룩,워터밤 룩
1688,집가락,식생활,주생활,B,삼대 이모님,집가락,공간 결정론,졸리 컷,순살 아파트
1689,집단 항명 수괴죄,정치와 행정,사회생활,E,무인 탐사 헬기,사회 누리 소통망,시민 애도장,코로나 세대,집단 항명 수괴죄
1690,집단 항명죄,정치와 행정,사회생활,C,메타버시안,코로니얼 세대,집단 항명죄,언취완박,엔시트화
1691,짭투리,사회생활,식생활,C,멍미노피자,공공 반납기,짭투리,노 단체 존,친환경 집밥
1692,쫀복이,식생활,정보·기술,E,회생 저항 장치,온 센서 에이아이,비지상 통신망,비전 파운데이션 모델,쫀복이
1693,찐명일색,정치와 행정,보건·의학,B,생활 치료 시설,찐명일색,백시케이션,코로나 팬데믹,코로나 일구
1694,찐명횡재,정치와 행정,정보·기술,A,찐명횡재,푸드 큐아르 코드,비지상 통신망,갈고리즘,블랙 키워드
1695,차일드 페널티,사회생활,보건·의학,E,우한 코로나,승차 진료소,방역 패스,턱스크족,차일드 페널티
1696,채상병법,정치와 행정,식생활,B,에소바,채상병법,팥붕,케꾸,백슬로핑
1697,채상병 특검법,정치와 행정,동식물,A,채상병 특검법,멍감님,도너견,호랑무늬딱총새우,지옥개미
1698,채소 런,경제생활,삶,D,쓴또쓴,볕멍,제로 칼로리 캠퍼스,채소 런,산린이
1699,책태기,삶,식생활,C,달고나커피,팥붕,책태기,채식 선택제,키슐랭
1700,철도 지하화 통합 개발법,정치와 행정,동식물,C,호랑무늬딱총새우,플레우로시스티티드,철도 지하화 통합 개발법,유럽 녹색 꽃게,나토베나토르 폴리돈투스
1701,청정 경제 협정,정치와 행정,동식물,B,플레우로시스티티드,청정 경제 협정,유럽 녹색 꽃게,이링기아,이형 두릅
1702,체이스퍼,개념,주생활,A,체이스퍼,방꾸,이사완박,공간 결정론,창툭튀
1703,초격차 기술 특례 상장,정치와 행정,자연,A,초격차 기술 특례 상장,피코플레어 제트,안트로포퀴나스,녹녹 갈등,국가 기후 비상사태
1704,초광역 특별시,정치와 행정,경제생활,C,내비 실거리제,수출 심사 우대국,초광역 특별시,청년 내일 저축 계좌,삼오더
1705,초일 가점,정치와 행정,식생활,A,초일 가점,슬림 다이닝,알몸 김치,공공 반납기,키슐랭
1706,추구미,인간,정보·기술,B,푸드 큐아르 코드,추구미,범용 일반 인공 지능,킥 스테이지,워크넥트
1707,췌도 부전증,보건·의학,식생활,D,술피뎀,고짠,닭코야키,췌도 부전증,빵스킹
1708,치킨 노조법,정치와 행정,식생활,B,고짠,치킨 노조법,친환경 집밥,에소바,팥붕
1709,칼틀막,사회생활,경제생활,D,로빈 후드 운동,길티 팁,맥마카세,칼틀막,플랫폼 운수 사업자
1710,캐리오버템,경제생활,삶,B,기후테크,캐리오버템,제로 칼로리 캠퍼스,편텐츠,지팔지꼰
1711,캐시 펍,삶,인간,C,깔끼하다,얼리 케어족,캐시 펍,짜짜빡빡,바이털뽕
1712,커피크닉,삶,정보·기술,D,생성 에이아이,비전 파운데이션 모델,원격 사격 무기 통제 체계,커피크닉,전자 성능 추적 시스템
1713,케이인니팝,문화,정보·기술,C,갈고리즘,범용 일반 인공 지능,케이인니팝,유스 앱,회생 저항 장치
1714,코스피 이백 위클리 커버드 콜 에이티엠 지수,개념,정보·기술,A,코스피 이백 위클리 커버드 콜 에이티엠 지수,비전 언어 모델,생성 에이아이,전자 성능 추적 시스템,비지상 통신망
1715,쾌룡적,인간,정보·기술,E,비전 언어 모델,회생 저항 장치,온 센서 에이아이,생성형 에이아이,쾌룡적
1716,쿠키 컷,주생활,자연,B,새똥광,쿠키 컷,암석 플라스틱,국가 기후 비상사태,안트로포퀴나스
1717,클린 임대인 제도,정치와 행정,동식물,E,댕쪽이,냥퀴벌레,유럽 녹색 꽃게,지옥개미,클린 임대인 제도
1718,클린 임대제,정치와 행정,식생활,D,알몸 김치,돌밥돌밥,커피카세,클린 임대제,친환경 집밥
1719,킥 스테이지,정보·기술,개념,C,배터리 환경성 계수,교자성,킥 스테이지,엑사전자볼트,쫌쫌따리
1720,킹무직,사회생활,동식물,B,플레우로시스티티드,킹무직,이형 두릅,호랑무늬딱총새우,가스테란투스 익스팅크투스
1721,탄핵 만능주의,인간,주생활,B,직락,탄핵 만능주의,손주턴,강서용송,육아 친화 주택
1722,탄핵 만능주의자,인간,식생활,D,장포족,고짠,키슐랭,탄핵 만능주의자,집콕 요리
1723,탈쿠팡족,인간,정치와 행정,C,기본 재난 지원금,세금 멈춤법,탈쿠팡족,몰수 보호 시설,긴급 돌봄 학교
1724,탈팡족,인간,동식물,B,깃깔따구속,탈팡족,플레우로시스티티드,냥퀴벌레,유럽 녹색 꽃게
1725,탈핑크 타이드,정치와 행정,인간,C,감동 심해,영털,탈핑크 타이드,세계뽕,코로나 학번
1726,테무 지옥,경제생활,문화,D,자콘,탑골 가요,큐레이터 봇,테무 지옥,신파 프레임
1727,테무 차단법,정치와 행정,인간,B,헬스테리어족,테무 차단법,마스크네,말따행따,슬로 에이징족
1728,통공매,정치와 행정,문화,A,통공매,도슨트 북,새드 팝,궁케팅,게이밍 숍
1729,통꾸,경제생활,삶,A,통꾸,손민수하여,볕멍,전자 수행 추적 시스템,노 썸바디 존
1730,투어플레이션,경제생활,보건·의학,E,사전 환자 분류소,취합 검사 기법,필수 의료 패키지,다차원 피로도 척도,투어플레이션
1731,트리플벌이,사회생활,인간,D,어싱족,치팅범,탈팡족,트리플벌이,바이털뽕
1732,틱톡 강제 매각법,정치와 행정,개념,D,대기 정체 지수,교자성,엑사전자볼트,틱톡 강제 매각법,국가 우주 산업 벨트
1733,파묘들,사회생활,정보·기술,E,회생 저항 장치,비전 파운데이션 모델,푸드 큐아르,외식 테크,파묘들
1734,파틀막,사회생활,교육,B,열대림 생태학,파틀막,수리 감염 역학,재능 사다리,일시 귀국생
1735,패낳괴,경제생활,개념,D,옴니 유즈,엑사전자볼트,퐁퐁 시티,패낳괴,대기 정체 지수
1736,펫 파킹,삶,교육,E,고등 직업 교육 거점 지구 지원 사업,재능 사다리,닭 피 부모,교육 회복 추진단,펫 파킹
1737,편법 휴진,보건·의학,인간,A,편법 휴진,누칼협,어싱족,활성뇌,갓생족
1738,평화누리특별자치도,정치와 행정,사회생활,A,평화누리특별자치도,알빠임,건생구팽,연관 검색어 정화 운동,관계 포비아
1739,포괄 소득화,경제생활,인간,B,잼민이,포괄 소득화,쾌룡적,코로나 베이비,악깡버
1740,폭룡적,인간,경제생활,E,문구카세,원두 대란,소주 런,소상공인 긴급 금융 구조안,폭룡적
1741,표준 학급 수,교육,동식물,A,표준 학급 수,멍감님,토마토뿔나방,제주남방밤달팽이,도너견
1742,표틀막,정치와 행정,경제생활,C,실질 신용 갭률,안티스티어링,표틀막,해양 레저 호텔,영끌 매수
1743,푸드 큐아르,정보·기술,식생활,D,멍스킨라빈스,알몸 김치,분식주의자,푸드 큐아르,채식 선택제
1744,푸드 큐아르 코드,정보·기술,경제생활,B,상폐 빔,푸드 큐아르 코드,채소 런,엘에이치로남불,소액 테크
1745,푹스 디스트로피,보건·의학,식생활,C,남타커,채식 선택제,푹스 디스트로피,돼지게이터,집마카세
1746,푼타데바카스잎귀쥐,동식물,개념,A,푼타데바카스잎귀쥐,연체 지속률,배터리 환경성 계수,쫌쫌따리,광 자력계
1747,풀 더빙 툰,문화,동식물,B,푼타데바카스잎귀쥐,풀 더빙 툰,도너견,화상 벌레,호랑무늬딱총새우
1748,플러그엔비,문화,동식물,E,가스테란투스 익스팅크투스,떠돌이쉬파리,유럽 녹색 꽃게,냥퀴벌레,플러그엔비
1749,플레우로시스티티드,동식물,인간,C,접시 뇌,스킵젠,플레우로시스티티드,쌉극혐,맑눈
1750,피드 블록,경제생활,자연,E,교자성체,피코플레어,안트로포퀴나스,암석 플라스틱,피드 블록
1751,피코플레어 제트,자연,보건·의학,E,이동 검체 채취,전자 예방 접종 증명서,조력 존엄사,코로나바이러스 감염증 일구,피코플레어 제트
1752,필수 의료 유지 명령,정치와 행정,주생활,D,호텔 거지,이사완박,통뼈 캐슬,필수 의료 유지 명령,공간 결정론
1753,필수 의료 패키지,보건·의학,개념,B,엑사전자볼트,필수 의료 패키지,체이스퍼,교자성,배터리 환경성 계수
1754,학교 폭력 전담 조사관,교육,자연,C,교자성체,새똥광,학교 폭력 전담 조사관,녹녹 갈등,국가 기후 비상사태
1755,학교 폭력 전담 조사관제,정치와 행정,식생활,A,학교 폭력 전담 조사관제,장포족,끼니 노동,젤리쌈,돌밥돌밥
1756,한우 사업법,정치와 행정,교육,D,계약 정원제,온라인 개학,비대면 시험,한우 사업법,고등 직업 교육 거점 지구 지원 사업
1757,한토컴,사회생활,정보·기술,A,한토컴,생성형 에이아이,비지상 통신망,워크넥트,범용 일반 인공 지능
1758,합가 보류,삶,사회생활,A,합가 보류,즉퇴,오송 참사,신스파이스 루트,스팔완
1759,핫끈한,인간,자연,B,피코플레어,핫끈한,유공 유리 분말,합성 가뭄 지수,안트로포퀴나스
1760,항로 표지 식별 장치,사회생활,인간,A,항로 표지 식별 장치,현기까,폴꾸족,경육남,주저 세대
1761,해밑섬,정치와 행정,동식물,A,해밑섬,깃깔따구속,도너견,이형 두릅,체조견
1762,해병대원 특검법,정치와 행정,개념,A,해병대원 특검법,연어 핑크색,환형 유치율,배터리 환경성 계수,대기 정체 지수
1763,해풍법,정치와 행정,교육,B,온라인 개학,해풍법,열대림 생태학,군졸 교과서,교육 회복 추진단
1764,행동 후성 유전학,교육,자연,B,유공 유리 분말,행동 후성 유전학,안트로포퀴나스,교자성체,합성 가뭄 지수
1765,행정 카르텔,사회생활,주생활,B,졸리 컷,행정 카르텔,육아 친화 주택,손주턴,통뼈 캐슬
1766,향기멍,삶,자연,E,피코플레어 제트,지구 열대화,암석 플라스틱,플루닛,향기멍
1767,헥사하이드로칸나비헥솔,보건·의학,사회생활,D,딥페이크물,록다운 세대,언자완박,헥사하이드로칸나비헥솔,도보 배달 맨
1768,헬스테리어족,인간,의생활,C,개리야스,무게 샵,헬스테리어족,키드코어,그랜파코어 룩
1769,현기까,인간,교육,C,메타 물리학,온 학교 교육 회복 학습 지원,현기까,학부모 안심 학년,사탐 런
1770,현미무스,식생활,정보·기술,C,생성 에이아이,푸드 큐아르 코드,현미무스,범용 일반 인공 지능,블랙 키워드
1771,혐오 밈,사회생활,교육,B,온 학교 교육 회복 학습 지원,혐오 밈,교육 회복 추진단,빵공,온라인 개학
1772,협수용강,교육,식생활,B,빵스킹,협수용강,집가락,집콕 요리,집마카세
1773,협틀막,정치와 행정,보건·의학,C,생활 방역 시스템,슈퍼 면역자,협틀막,케이 진단 키트,알파 변이
1774,호랑무늬딱총새우,동식물,자연,C,국가 기후 비상사태,녹녹 갈등,호랑무늬딱총새우,암석 플라스틱,피코플레어 제트
1775,호모 프롬프트,인간,교육,D,재택 응시생,코내기,고등 직업 교육 거점 지구 지원 사업,호모 프롬프트,휴먼 트루스
1776,혼쭐러,인간,교육,A,혼쭐러,비대면 시험,이 학습터,직장인 수능러,학교 폭력 전담 조사관
1777,홀인투,삶,개념,D,연어 핑크색,옴니 유즈,스까국,홀인투,국가 우주 산업 벨트
1778,홈태교,삶,정보·기술,A,홈태교,자기 토커,비지상 통신망,비디오 언어 모델,원격 사격 무기 통제 체계
1779,환절통,보건·의학,개념,A,환절통,엑사전자볼트,연어 핑크색,배터리 환경성 계수,국가 우주 산업 벨트
1780,환형 유치율,개념,동식물,B,떠돌이쉬파리,환형 유치율,댕쪽이,멍감님,제주남방밤달팽이
1781,활성뇌,인간,삶,E,디토하게,홈테인먼트,짬 처리론,손민수하여,활성뇌
1782,흔싸귀비,경제생활,교육,C,일시 귀국생,고등 직업 교육 거점 지구 지원 사업,흔싸귀비,재택 수강생,코로나 손실 보상법
1783,희소 비만증,보건·의학,개념,A,희소 비만증,쫌쫌따리,배터리 환경성 계수,스까국,체이스퍼
1784,히어로노믹스,경제생활,정치와 행정,E,검수덜박,세계 백신 면역 개발 연합,육아 기본 소득,어통령,히어로노믹스
